sifa_body_id,partner_body_id,weight,weightHP,partner_type,partner_instance,partner_hemibrainType,partner_class,partner_subclass,partner_superclass,partner_somaSide,partner_rootSide,direction,dataset,group,side
699031185,294424196,1,1,SLP315,SLP315_R,,,,,,,SIFa_to_target,hemibrain:v1.2.1,other,R
699031185,294428266,1,1,SLP363,SLP363_R,,,,,,,SIFa_to_target,hemibrain:v1.2.1,other,R
699031185,294783216,1,1,SLP403,SLP403_R,,,,,,,SIFa_to_target,hemibrain:v1.2.1,other,R
699031185,294787849,1,1,LHPV5e2,LHPV5e2_R,,,,,,,SIFa_to_target,hemibrain:v1.2.1,other,R
699031185,295136965,2,2,FB1E_b,FB1E_b_R,,,,,,,SIFa_to_target,hemibrain:v1.2.1,other,R
699031185,296358430,1,1,,,,,,,,,SIFa_to_target,hemibrain:v1.2.1,other,R
699031185,296509709,1,1,SMP499,SMP499_R,,,,,,,SIFa_to_target,hemibrain:v1.2.1,other,R
699031185,296543992,1,1,SLP385,SLP385_R,,,,,,,SIFa_to_target,hemibrain:v1.2.1,other,R
699031185,297230760,1,1,5-HTPMPD01,5-HTPMPD01_R,,,,,,,SIFa_to_target,hemibrain:v1.2.1,other,R
699031185,297580512,1,1,SMP486_a,SMP486_a_R,,,,,,,SIFa_to_target,hemibrain:v1.2.1,other,R
699031185,297588775,1,1,SMP481,SMP481_R,,,,,,,SIFa_to_target,hemibrain:v1.2.1,other,R
699031185,297860964,1,1,,,,,,,,,SIFa_to_target,hemibrain:v1.2.1,other,R
699031185,298214577,1,1,SLP244,SLP244_R,,,,,,,SIFa_to_target,hemibrain:v1.2.1,other,R
699031185,298254380,2,2,SMP484,SMP484_R,,,,,,,SIFa_to_target,hemibrain:v1.2.1,other,R
699031185,298262408,1,1,,(MBDLaxon1),,,,,,,SIFa_to_target,hemibrain:v1.2.1,other,R
699031185,298275356,1,1,SMP545,SMP545_R,,,,,,,SIFa_to_target,hemibrain:v1.2.1,other,R
699031185,298542439,1,1,SIP082,SIP082_R,,,,,,,SIFa_to_target,hemibrain:v1.2.1,other,R
699031185,298616761,1,1,SMP095,SMP095_R,,,,,,,SIFa_to_target,hemibrain:v1.2.1,other,R
699031185,299083134,1,1,,(PDM05)_L,,,,,,,SIFa_to_target,hemibrain:v1.2.1,other,R
699031185,300972942,2,1,MBON14,MBON14(a3)_R,,,,,,,SIFa_to_target,hemibrain:v1.2.1,MBON,R
699031185,301314154,1,1,KCab-c,KCab-c_R,,,,,,,SIFa_to_target,hemibrain:v1.2.1,KC_alpha_beta,R
699031185,326119769,2,1,SLP457,SLP457(SCB013)_R,,,,,,,SIFa_to_target,hemibrain:v1.2.1,other,R
699031185,327499164,1,1,LHCENT2,LHCENT2_R,,,,,,,SIFa_to_target,hemibrain:v1.2.1,other,R
699031185,327506825,1,1,LHPV6a11_a,LHPV6a11_a_R,,,,,,,SIFa_to_target,hemibrain:v1.2.1,other,R
699031185,327592562,1,1,SMP582,SMP582_R,,,,,,,SIFa_to_target,hemibrain:v1.2.1,other,R
699031185,327596420,1,1,SMP484,SMP484_R,,,,,,,SIFa_to_target,hemibrain:v1.2.1,other,R
699031185,327881747,1,1,SLP421,SLP421_R,,,,,,,SIFa_to_target,hemibrain:v1.2.1,other,R
699031185,327937506,2,2,,(MBDLaxon1),,,,,,,SIFa_to_target,hemibrain:v1.2.1,other,R
699031185,328291093,1,1,SMP487,SMP487_R,,,,,,,SIFa_to_target,hemibrain:v1.2.1,other,R
699031185,328519904,1,1,LHAV3a6,LHAV3a6_R,,,,,,,SIFa_to_target,hemibrain:v1.2.1,other,R
699031185,328611004,1,1,LHPV5e1,LHPV5e1_R,,,,,,,SIFa_to_target,hemibrain:v1.2.1,other,R
699031185,328744210,1,1,FB5G,FB5G_L,,,,,,,SIFa_to_target,hemibrain:v1.2.1,other,R
699031185,328861282,1,1,LHCENT1,LHCENT1_R,,,,,,,SIFa_to_target,hemibrain:v1.2.1,other,R
699031185,329566174,1,1,OA-VPM3,OA-VPM3(NO2/NO3)_R,,,,,,,SIFa_to_target,hemibrain:v1.2.1,other,R
699031185,330319977,1,1,SIP047,SIP047_R,,,,,,,SIFa_to_target,hemibrain:v1.2.1,other,R
699031185,331662710,2,1,PPL106,PPL106(a3)_R,,,,,,,SIFa_to_target,hemibrain:v1.2.1,DAN,R
699031185,332003895,1,1,KCab-m,KCab-m_R,,,,,,,SIFa_to_target,hemibrain:v1.2.1,KC_alpha_beta,R
699031185,332685594,2,2,KCab-c,KCab-c_R,,,,,,,SIFa_to_target,hemibrain:v1.2.1,KC_alpha_beta,R
699031185,358251878,1,1,FB1B,FB1B_R,,,,,,,SIFa_to_target,hemibrain:v1.2.1,other,R
699031185,359594119,1,1,SIP079,SIP079_R,,,,,,,SIFa_to_target,hemibrain:v1.2.1,other,R
699031185,359749513,2,2,,(PDM15)_L,,,,,,,SIFa_to_target,hemibrain:v1.2.1,other,R
699031185,363030024,1,1,KCab-m,KCab-m_R,,,,,,,SIFa_to_target,hemibrain:v1.2.1,KC_alpha_beta,R
699031185,363034174,2,1,KCab-m,KCab-m_R,,,,,,,SIFa_to_target,hemibrain:v1.2.1,KC_alpha_beta,R
699031185,363370708,1,1,KCab-c,KCab-c_R,,,,,,,SIFa_to_target,hemibrain:v1.2.1,KC_alpha_beta,R
699031185,363725201,1,1,KCab-m,KCab-m_R,,,,,,,SIFa_to_target,hemibrain:v1.2.1,KC_alpha_beta,R
699031185,364407023,1,1,KCab-m,KCab-m_R,,,,,,,SIFa_to_target,hemibrain:v1.2.1,KC_alpha_beta,R
699031185,386834269,1,1,DN1pB,DN1pB_R,,,,,,,SIFa_to_target,hemibrain:v1.2.1,other,R
699031185,387364605,1,1,EPG,EPG(PB08)_L3,,,,,,,SIFa_to_target,hemibrain:v1.2.1,other,R
699031185,388629465,2,1,SLP407,SLP407_R,,,,,,,SIFa_to_target,hemibrain:v1.2.1,other,R
699031185,389316722,1,1,,(aDT6c)(MBDLaxon1),,,,,,,SIFa_to_target,hemibrain:v1.2.1,other,R
699031185,390378650,1,1,SMP534,SMP534_R,,,,,,,SIFa_to_target,hemibrain:v1.2.1,other,R
699031185,391631218,1,1,LHAV6b4,LHAV6b4_R,,,,,,,SIFa_to_target,hemibrain:v1.2.1,other,R
699031185,393383025,1,1,KCab-s,KCab-s_R,,,,,,,SIFa_to_target,hemibrain:v1.2.1,KC_alpha_beta,R
699031185,394414724,1,1,KCab-m,KCab-m_R,,,,,,,SIFa_to_target,hemibrain:v1.2.1,KC_alpha_beta,R
699031185,394759626,1,1,KCab-c,KCab-c_R,,,,,,,SIFa_to_target,hemibrain:v1.2.1,KC_alpha_beta,R
699031185,416189410,1,1,KCg-m,KCg-m_R,,,,,,,SIFa_to_target,hemibrain:v1.2.1,KC_gamma,R
699031185,417186612,1,1,LHPD3a5,LHPD3a5_R,,,,,,,SIFa_to_target,hemibrain:v1.2.1,other,R
699031185,418224293,1,1,LHPV6h1_a,LHPV6h1_a_R,,,,,,,SIFa_to_target,hemibrain:v1.2.1,other,R
699031185,419548541,2,1,LHAV4g17,LHAV4g17_R,,,,,,,SIFa_to_target,hemibrain:v1.2.1,other,R
699031185,420799910,2,2,,(PDM09)_L,,,,,,,SIFa_to_target,hemibrain:v1.2.1,other,R
699031185,421184151,1,1,FB1E_a,FB1E_a_L,,,,,,,SIFa_to_target,hemibrain:v1.2.1,other,R
699031185,421477870,1,1,,,,,,,,,SIFa_to_target,hemibrain:v1.2.1,other,R
699031185,423748579,3,2,LHPV10d1,LHPV10d1_R,,,,,,,SIFa_to_target,hemibrain:v1.2.1,other,R
699031185,423774471,1,1,MBON19,MBON19(a2p3p)_R,,,,,,,SIFa_to_target,hemibrain:v1.2.1,MBON,R
699031185,424793122,1,1,SMP504,SMP504_R,,,,,,,SIFa_to_target,hemibrain:v1.2.1,other,R
699031185,425104113,1,1,KCab-m,KCab-m_R,,,,,,,SIFa_to_target,hemibrain:v1.2.1,KC_alpha_beta,R
699031185,425121959,1,1,LHAD1c2,LHAD1c2_R,,,,,,,SIFa_to_target,hemibrain:v1.2.1,other,R
699031185,425126008,1,1,SIP028,SIP028_R,,,,,,,SIFa_to_target,hemibrain:v1.2.1,other,R
699031185,425276848,1,1,DPM,DPM_L,,,,,,,SIFa_to_target,hemibrain:v1.2.1,DPM,R
699031185,425790257,12,10,APL,APL_R,,,,,,,SIFa_to_target,hemibrain:v1.2.1,APL,R
699031185,448515267,1,1,SMP221,SMP221_R,,,,,,,SIFa_to_target,hemibrain:v1.2.1,other,R
699031185,449438847,1,1,EPG,EPG(PB08)_L3,,,,,,,SIFa_to_target,hemibrain:v1.2.1,other,R
699031185,449568848,3,3,LHPV6h2,LHPV6h2_R,,,,,,,SIFa_to_target,hemibrain:v1.2.1,other,R
699031185,450838163,1,1,,,,,,,,,SIFa_to_target,hemibrain:v1.2.1,other,R
699031185,452103083,2,2,SMP487,SMP487_R,,,,,,,SIFa_to_target,hemibrain:v1.2.1,other,R
699031185,455033548,1,1,LHAV2c1,LHAV2c1_R,,,,,,,SIFa_to_target,hemibrain:v1.2.1,other,R
699031185,455793621,1,1,KCab-s,KCab-s_R,,,,,,,SIFa_to_target,hemibrain:v1.2.1,KC_alpha_beta,R
699031185,456121649,2,2,KCab-s,KCab-s_R,,,,,,,SIFa_to_target,hemibrain:v1.2.1,KC_alpha_beta,R
699031185,456156825,1,1,SMP195_b,SMP195_b_R,,,,,,,SIFa_to_target,hemibrain:v1.2.1,other,R
699031185,456847092,1,1,,(aDT6c)(MBDLaxon1),,,,,,,SIFa_to_target,hemibrain:v1.2.1,other,R
699031185,477262101,1,1,KCab-c,KCab-c_R,,,,,,,SIFa_to_target,hemibrain:v1.2.1,KC_alpha_beta,R
699031185,478613576,2,2,LHPD5c1,LHPD5c1_R,,,,,,,SIFa_to_target,hemibrain:v1.2.1,other,R
699031185,479935033,1,1,LHPV3c1,LHPV3c1_R,,,,,,,SIFa_to_target,hemibrain:v1.2.1,other,R
699031185,480581806,1,1,LHPD3a1,LHPD3a1_R,,,,,,,SIFa_to_target,hemibrain:v1.2.1,other,R
699031185,480590566,11,9,LHPV12a1,LHPV12a1(PVM10)_R,,,,,,,SIFa_to_target,hemibrain:v1.2.1,other,R
699031185,486073599,1,1,LHAV2k5,LHAV2k5_R,,,,,,,SIFa_to_target,hemibrain:v1.2.1,other,R
699031185,486315287,2,2,FB5H,FB5H_L,,,,,,,SIFa_to_target,hemibrain:v1.2.1,other,R
699031185,486841797,1,1,SIP040,SIP040_R,,,,,,,SIFa_to_target,hemibrain:v1.2.1,other,R
699031185,486880919,1,1,SMP012,SMP012_R,,,,,,,SIFa_to_target,hemibrain:v1.2.1,other,R
699031185,487143497,1,1,MBON24,MBON24(B2y5)_R,,,,,,,SIFa_to_target,hemibrain:v1.2.1,MBON,R
699031185,487144598,2,2,LHCENT3,LHCENT3_R,,,,,,,SIFa_to_target,hemibrain:v1.2.1,other,R
699031185,487187476,2,2,SIP087,SIP087_R,,,,,,,SIFa_to_target,hemibrain:v1.2.1,other,R
699031185,487925037,1,1,MBON03,MBON03(B'2mp)_R,,,,,,,SIFa_to_target,hemibrain:v1.2.1,MBON,R
699031185,488188560,1,1,KCab-s,KCab-s_R,,,,,,,SIFa_to_target,hemibrain:v1.2.1,KC_alpha_beta,R
699031185,509626405,7,7,VP1l+_lvPN,VP1l+_lvPN_R,,,,,,,SIFa_to_target,hemibrain:v1.2.1,other,R
699031185,510317265,1,1,LHPD4d1,LHPD4d1_R,,,,,,,SIFa_to_target,hemibrain:v1.2.1,other,R
699031185,511271574,2,1,LHCENT8,LHCENT8_R,,,,,,,SIFa_to_target,hemibrain:v1.2.1,other,R
699031185,511685955,1,1,LHPV7a2,LHPV7a2_R,,,,,,,SIFa_to_target,hemibrain:v1.2.1,other,R
699031185,511970945,1,1,LHAV2i1,LHAV2i1_R,,,,,,,SIFa_to_target,hemibrain:v1.2.1,other,R
699031185,513323340,3,3,LHPV4b3,LHPV4b3_R,,,,,,,SIFa_to_target,hemibrain:v1.2.1,other,R
699031185,513551342,1,1,,,,,,,,,SIFa_to_target,hemibrain:v1.2.1,other,R
699031185,513681077,1,1,,,,,,,,,SIFa_to_target,hemibrain:v1.2.1,other,R
699031185,515247194,1,1,,,,,,,,,SIFa_to_target,hemibrain:v1.2.1,other,R
699031185,517506265,1,1,LHCENT4,LHCENT4_R,,,,,,,SIFa_to_target,hemibrain:v1.2.1,other,R
699031185,517850316,1,1,KCa'b'-ap2,KCa'b'-ap2_R,,,,,,,SIFa_to_target,hemibrain:v1.2.1,KC_alpha_prime_beta_prime,R
699031185,518183562,1,1,SIP016,SIP016_R,,,,,,,SIFa_to_target,hemibrain:v1.2.1,other,R
699031185,518476551,1,1,LHAV2c1,LHAV2c1_R,,,,,,,SIFa_to_target,hemibrain:v1.2.1,other,R
699031185,541127846,3,3,ExR5,ExR5(ring)_L,,,,,,,SIFa_to_target,hemibrain:v1.2.1,other,R
699031185,541870397,1,1,EPG,EPG(PB08)_L6,,,,,,,SIFa_to_target,hemibrain:v1.2.1,other,R
699031185,542634818,3,2,DM1_lPN,DM1_lPN_R,,,,,,,SIFa_to_target,hemibrain:v1.2.1,other,R
699031185,542656552,1,1,LHPD4a1,LHPD4a1_R,,,,,,,SIFa_to_target,hemibrain:v1.2.1,other,R
699031185,542665377,2,2,M_vPNml79,M_vPNml79_R,,,,,,,SIFa_to_target,hemibrain:v1.2.1,other,R
699031185,543010474,1,1,VP4+_vPN,VP4+_vPN(mlALT)_R,,,,,,,SIFa_to_target,hemibrain:v1.2.1,other,R
699031185,543333530,1,1,LHAV4b6,LHAV4b6_R,,,,,,,SIFa_to_target,hemibrain:v1.2.1,other,R
699031185,544021095,1,1,DA4l_adPN,DA4l_adPN_R,,,,,,,SIFa_to_target,hemibrain:v1.2.1,other,R
699031185,544699051,1,1,LHAV3g1,LHAV3g1_R,,,,,,,SIFa_to_target,hemibrain:v1.2.1,other,R
699031185,546316478,2,2,,(PDM15)_L,,,,,,,SIFa_to_target,hemibrain:v1.2.1,other,R
699031185,548878145,1,1,SIP027,SIP027_R,,,,,,,SIFa_to_target,hemibrain:v1.2.1,other,R
699031185,548898403,1,1,KCa'b'-m,KCa'b'-m_R,,,,,,,SIFa_to_target,hemibrain:v1.2.1,KC_alpha_prime_beta_prime,R
699031185,549192526,1,1,SLP115,SLP115_R,,,,,,,SIFa_to_target,hemibrain:v1.2.1,other,R
699031185,549252548,1,1,SMP247,SMP247_R,,,,,,,SIFa_to_target,hemibrain:v1.2.1,other,R
699031185,549521047,1,1,LHAV2k2,LHAV2k2_R,,,,,,,SIFa_to_target,hemibrain:v1.2.1,other,R
699031185,549572017,1,1,KCab-m,KCab-m_R,,,,,,,SIFa_to_target,hemibrain:v1.2.1,KC_alpha_beta,R
699031185,550275952,1,1,SMP115,SMP115_L,,,,,,,SIFa_to_target,hemibrain:v1.2.1,other,R
699031185,550617370,1,1,SMP247,SMP247_R,,,,,,,SIFa_to_target,hemibrain:v1.2.1,other,R
699031185,569313277,1,1,KCab-m,KCab-m_R,,,,,,,SIFa_to_target,hemibrain:v1.2.1,KC_alpha_beta,R
699031185,569615641,2,2,KCab-s,KCab-s_R,,,,,,,SIFa_to_target,hemibrain:v1.2.1,KC_alpha_beta,R
699031185,570288900,1,1,KCab-m,KCab-m_R,,,,,,,SIFa_to_target,hemibrain:v1.2.1,KC_alpha_beta,R
699031185,572663539,1,1,M_vPNml87,M_vPNml87_R,,,,,,,SIFa_to_target,hemibrain:v1.2.1,other,R
699031185,572870540,4,4,EPG,EPG(PB08)_L1,,,,,,,SIFa_to_target,hemibrain:v1.2.1,other,R
699031185,573333835,3,1,DM4_adPN,DM4_adPN_R,,,,,,,SIFa_to_target,hemibrain:v1.2.1,other,R
699031185,573350770,2,2,LHPV2b5_b,LHPV2b5_b_R,,,,,,,SIFa_to_target,hemibrain:v1.2.1,other,R
699031185,573354832,1,1,LHPD4a1,LHPD4a1_R,,,,,,,SIFa_to_target,hemibrain:v1.2.1,other,R
699031185,574028395,2,1,LHPD4a1,LHPD4a1_R,,,,,,,SIFa_to_target,hemibrain:v1.2.1,other,R
699031185,574377845,1,1,LHAV3f1,LHAV3f1_R,,,,,,,SIFa_to_target,hemibrain:v1.2.1,other,R
699031185,574688051,1,1,LHPV12a1,LHPV12a1_L,,,,,,,SIFa_to_target,hemibrain:v1.2.1,other,R
699031185,579268807,2,1,FB1C,FB1C(NO1/NO3)_R,,,,,,,SIFa_to_target,hemibrain:v1.2.1,other,R
699031185,601557317,1,1,PFNv,PFNv(PB05)_L6_C5,,,,,,,SIFa_to_target,hemibrain:v1.2.1,other,R
699031185,604709727,1,1,LHPV10b1,LHPV10b1_R,,,,,,,SIFa_to_target,hemibrain:v1.2.1,other,R
699031185,604726283,1,1,M_vPNml77,M_vPNml77_R,,,,,,,SIFa_to_target,hemibrain:v1.2.1,other,R
699031185,604735824,2,1,LHPV2b4,LHPV2b4_R,,,,,,,SIFa_to_target,hemibrain:v1.2.1,other,R
699031185,605046401,1,1,LHAD1c3,LHAD1c3_R,,,,,,,SIFa_to_target,hemibrain:v1.2.1,other,R
699031185,605723658,1,1,LHAV4g18,LHAV4g18_R,,,,,,,SIFa_to_target,hemibrain:v1.2.1,other,R
699031185,605740410,1,1,LHPV4a8,LHPV4a8_R,,,,,,,SIFa_to_target,hemibrain:v1.2.1,other,R
699031185,606090268,2,1,VC1_lPN,VC1_lPN_R,,,,,,,SIFa_to_target,hemibrain:v1.2.1,other,R
699031185,609993550,1,1,SMP092,SMP092_R,,,,,,,SIFa_to_target,hemibrain:v1.2.1,other,R
699031185,610274046,2,1,M_vPNml50,M_vPNml50_R,,,,,,,SIFa_to_target,hemibrain:v1.2.1,other,R
699031185,630373425,1,1,KCab-c,KCab-c_R,,,,,,,SIFa_to_target,hemibrain:v1.2.1,KC_alpha_beta,R
699031185,630714299,1,1,DM2_lPN,DM2_lPN_R,,,,,,,SIFa_to_target,hemibrain:v1.2.1,other,R
699031185,632544268,1,1,EPG,EPG(PB08)_R2,,,,,,,SIFa_to_target,hemibrain:v1.2.1,other,R
699031185,633097828,1,1,LHAV3q1,LHAV3q1_R,,,,,,,SIFa_to_target,hemibrain:v1.2.1,other,R
699031185,633546217,1,1,EPG,EPG(PB08)_R4,,,,,,,SIFa_to_target,hemibrain:v1.2.1,other,R
699031185,634707780,1,1,M_vPNml58,M_vPNml58_R,,,,,,,SIFa_to_target,hemibrain:v1.2.1,other,R
699031185,635062078,3,2,DP1m_adPN,DP1m_adPN_R,,,,,,,SIFa_to_target,hemibrain:v1.2.1,other,R
699031185,636042004,3,3,,,,,,,,,SIFa_to_target,hemibrain:v1.2.1,other,R
699031185,636789080,2,1,VC5_adPN,VC5_adPN_R,,,,,,,SIFa_to_target,hemibrain:v1.2.1,other,R
699031185,637673241,1,1,,(PDM15)_L,,,,,,,SIFa_to_target,hemibrain:v1.2.1,other,R
699031185,640963556,1,1,LHPD2a1,LHPD2a1_R,,,,,,,SIFa_to_target,hemibrain:v1.2.1,other,R
699031185,641291034,1,1,LHAD3d1,LHAD3d1_R,,,,,,,SIFa_to_target,hemibrain:v1.2.1,other,R
699031185,641645610,1,1,SMP195_a,SMP195_a_R,,,,,,,SIFa_to_target,hemibrain:v1.2.1,other,R
699031185,642689607,1,1,KCab-m,KCab-m_R,,,,,,,SIFa_to_target,hemibrain:v1.2.1,KC_alpha_beta,R
699031185,661084049,1,1,KCg-m,KCg-m_R,,,,,,,SIFa_to_target,hemibrain:v1.2.1,KC_gamma,R
699031185,662081640,1,1,KCg-m,KCg-m_R,,,,,,,SIFa_to_target,hemibrain:v1.2.1,KC_gamma,R
699031185,662776660,1,1,VC3m_lvPN,VC3m_lvPN_R,,,,,,,SIFa_to_target,hemibrain:v1.2.1,other,R
699031185,663558074,1,1,PFNa,PFNa(PB03)_R5_C6,,,,,,,SIFa_to_target,hemibrain:v1.2.1,other,R
699031185,664473327,2,2,,,,,,,,,SIFa_to_target,hemibrain:v1.2.1,other,R
699031185,666451615,1,1,LHAV4g8,LHAV4g8_R,,,,,,,SIFa_to_target,hemibrain:v1.2.1,other,R
699031185,667141710,1,1,LHAV4g8,LHAV4g8_R,,,,,,,SIFa_to_target,hemibrain:v1.2.1,other,R
699031185,667474054,3,3,LHAV4a7,LHAV4a7_R,,,,,,,SIFa_to_target,hemibrain:v1.2.1,other,R
699031185,667486204,2,2,LHPV4j2,LHPV4j2_R,,,,,,,SIFa_to_target,hemibrain:v1.2.1,other,R
699031185,668148078,4,4,LHAV4g8,LHAV4g8_R,,,,,,,SIFa_to_target,hemibrain:v1.2.1,other,R
699031185,669171261,1,1,LHAV4d1,LHAV4d1_R,,,,,,,SIFa_to_target,hemibrain:v1.2.1,other,R
699031185,673715784,1,1,KCab-m,KCab-m_R,,,,,,,SIFa_to_target,hemibrain:v1.2.1,KC_alpha_beta,R
699031185,674001478,1,1,LHAV2a2,LHAV2a2_R,,,,,,,SIFa_to_target,hemibrain:v1.2.1,other,R
699031185,691760950,1,1,KCab-m,KCab-m_R,,,,,,,SIFa_to_target,hemibrain:v1.2.1,KC_alpha_beta,R
699031185,693125078,1,1,VC3l_adPN,VC3l_adPN_R,,,,,,,SIFa_to_target,hemibrain:v1.2.1,other,R
699031185,693479072,5,3,VM7v_adPN,VM7v_adPN_R,,,,,,,SIFa_to_target,hemibrain:v1.2.1,other,R
699031185,693483018,19,12,DL5_adPN,DL5_adPN_R,,,,,,,SIFa_to_target,hemibrain:v1.2.1,other,R
699031185,693655791,1,1,vDeltaK,vDeltaK_C6,,,,,,,SIFa_to_target,hemibrain:v1.2.1,other,R
699031185,694472338,1,1,LHPV4c1_b,LHPV4c1_b_R,,,,,,,SIFa_to_target,hemibrain:v1.2.1,other,R
699031185,694834412,2,1,VM4_adPN,VM4_adPN_R,,,,,,,SIFa_to_target,hemibrain:v1.2.1,other,R
699031185,695124651,9,8,aMe3,aMe3,,,,,,,SIFa_to_target,hemibrain:v1.2.1,other,R
699031185,695154667,3,3,SMP244,SMP244_R,,,,,,,SIFa_to_target,hemibrain:v1.2.1,other,R
699031185,697001770,1,1,EPG,EPG(PB08)_L2,,,,,,,SIFa_to_target,hemibrain:v1.2.1,other,R
699031185,697355826,2,1,vDeltaA_b,vDeltaA_b_C2,,,,,,,SIFa_to_target,hemibrain:v1.2.1,other,R
699031185,697485362,1,1,DM5_lPN,DM5_lPN_R,,,,,,,SIFa_to_target,hemibrain:v1.2.1,other,R
699031185,698194389,6,5,LHPV2b5_a,LHPV2b5_a_R,,,,,,,SIFa_to_target,hemibrain:v1.2.1,other,R
699031185,698508565,1,1,V_ilPN,V_ilPN,,,,,,,SIFa_to_target,hemibrain:v1.2.1,other,R
699031185,698829728,2,2,LHAV4g13,LHAV4g13_R,,,,,,,SIFa_to_target,hemibrain:v1.2.1,other,R
699031185,700991872,1,1,SMP197,SMP197_R,,,,,,,SIFa_to_target,hemibrain:v1.2.1,other,R
699031185,702708540,1,1,CRE089,CRE089_R,,,,,,,SIFa_to_target,hemibrain:v1.2.1,other,R
699031185,704367157,1,1,,(dMS6)(MBDLaxon1),,,,,,,SIFa_to_target,hemibrain:v1.2.1,other,R
699031185,704750673,1,1,KCab-m,KCab-m_R,,,,,,,SIFa_to_target,hemibrain:v1.2.1,KC_alpha_beta,R
699031185,704750766,1,1,KCab-m,KCab-m_R,,,,,,,SIFa_to_target,hemibrain:v1.2.1,KC_alpha_beta,R
699031185,724134138,1,1,KCab-m,KCab-m_R,,,,,,,SIFa_to_target,hemibrain:v1.2.1,KC_alpha_beta,R
699031185,724138359,1,1,,KC part due to gap,,,,,,,SIFa_to_target,hemibrain:v1.2.1,other,R
699031185,724816115,3,2,DP1l_adPN,DP1l_adPN_R,,,,,,,SIFa_to_target,hemibrain:v1.2.1,other,R
699031185,725174424,1,1,KCab-m,KCab-m_R,,,,,,,SIFa_to_target,hemibrain:v1.2.1,KC_alpha_beta,R
699031185,727260771,2,2,,,,,,,,,SIFa_to_target,hemibrain:v1.2.1,other,R
699031185,729211483,2,2,LHAV4b1_a,LHAV4b1_a_R,,,,,,,SIFa_to_target,hemibrain:v1.2.1,other,R
699031185,730252777,1,1,M_lvPNm41,M_lvPNm41_R,,,,,,,SIFa_to_target,hemibrain:v1.2.1,other,R
699031185,733182574,1,1,SMP162,SMP162(AVL23)_L,,,,,,,SIFa_to_target,hemibrain:v1.2.1,other,R
699031185,733316908,1,1,DA1_vPN,DA1_vPN_R,,,,,,,SIFa_to_target,hemibrain:v1.2.1,other,R
699031185,735941543,1,1,FB2C,FB2C_L,,,,,,,SIFa_to_target,hemibrain:v1.2.1,other,R
699031185,753489951,1,1,KCab-c,KCab-c_R,,,,,,,SIFa_to_target,hemibrain:v1.2.1,KC_alpha_beta,R
699031185,754854077,3,2,VC4_adPN,VC4_adPN_R,,,,,,,SIFa_to_target,hemibrain:v1.2.1,other,R
699031185,755518957,10,8,DM3_adPN,DM3_adPN_R,,,,,,,SIFa_to_target,hemibrain:v1.2.1,other,R
699031185,756601858,1,1,KCg-d,KCg-d_R,,,,,,,SIFa_to_target,hemibrain:v1.2.1,KC_gamma,R
699031185,757569579,1,1,M_lvPNm44,M_lvPNm44_R,,,,,,,SIFa_to_target,hemibrain:v1.2.1,other,R
699031185,758065781,1,1,PFNd,PFNd(PB04)_L2_C1,,,,,,,SIFa_to_target,hemibrain:v1.2.1,other,R
699031185,758320421,1,1,SMP296,SMP296_R,,,,,,,SIFa_to_target,hemibrain:v1.2.1,other,R
699031185,758419409,2,1,EPG,EPG(PB08)_L3,,,,,,,SIFa_to_target,hemibrain:v1.2.1,other,R
699031185,759810119,9,5,CSD,CSD(5HT1)(AVM03)_L,,,,,,,SIFa_to_target,hemibrain:v1.2.1,other,R
699031185,759888294,1,1,LHPV4j1_a,LHPV4j1_a_R,,,,,,,SIFa_to_target,hemibrain:v1.2.1,other,R
699031185,760798618,4,3,,(MBDLaxon1),,,,,,,SIFa_to_target,hemibrain:v1.2.1,other,R
699031185,761096077,4,4,,(MBDLaxon1),,,,,,,SIFa_to_target,hemibrain:v1.2.1,other,R
699031185,761229983,1,1,LHAV4g8,LHAV4g8_R,,,,,,,SIFa_to_target,hemibrain:v1.2.1,other,R
699031185,761580655,3,3,LHAV4a7,LHAV4a7_R,,,,,,,SIFa_to_target,hemibrain:v1.2.1,other,R
699031185,766863785,1,1,FB5J,FB5J_R,,,,,,,SIFa_to_target,hemibrain:v1.2.1,other,R
699031185,768224139,1,1,FB4O,FB4O_R,,,,,,,SIFa_to_target,hemibrain:v1.2.1,other,R
699031185,785918963,1,1,KCg-t,KCg-t_R,,,,,,,SIFa_to_target,hemibrain:v1.2.1,KC_gamma,R
699031185,786221078,1,1,KCab-m,KCab-m_R,,,,,,,SIFa_to_target,hemibrain:v1.2.1,KC_alpha_beta,R
699031185,788648194,3,1,DL2d_adPN,DL2d_adPN_R,,,,,,,SIFa_to_target,hemibrain:v1.2.1,other,R
699031185,789126422,1,1,hDeltaA,hDeltaA_12_C10,,,,,,,SIFa_to_target,hemibrain:v1.2.1,other,R
699031185,790417325,1,1,,(MBDLaxon1),,,,,,,SIFa_to_target,hemibrain:v1.2.1,other,R
699031185,791457874,11,6,,(MBDLaxon1),,,,,,,SIFa_to_target,hemibrain:v1.2.1,other,R
699031185,791527493,1,1,5-HTPMPV03,5-HTPMPV03_L,,,,,,,SIFa_to_target,hemibrain:v1.2.1,other,R
699031185,792576047,1,1,,(PDM09)_L,,,,,,,SIFa_to_target,hemibrain:v1.2.1,other,R
699031185,793298641,1,1,LHAV4e3,LHAV4e3_R,,,,,,,SIFa_to_target,hemibrain:v1.2.1,other,R
699031185,793992755,1,1,LHPV2b2_b,LHPV2b2_b_R,,,,,,,SIFa_to_target,hemibrain:v1.2.1,other,R
699031185,798002859,1,1,FB5E,FB5E_L,,,,,,,SIFa_to_target,hemibrain:v1.2.1,other,R
699031185,798196454,1,1,KCab-m,KCab-m_R,,,,,,,SIFa_to_target,hemibrain:v1.2.1,KC_alpha_beta,R
699031185,798537392,1,1,KCab-c,KCab-c_R,,,,,,,SIFa_to_target,hemibrain:v1.2.1,KC_alpha_beta,R
699031185,799560834,1,1,KCa'b'-m,KCa'b'-m_R,,,,,,,SIFa_to_target,hemibrain:v1.2.1,KC_alpha_prime_beta_prime,R
699031185,799906141,1,1,KCa'b'-ap2,KCa'b'-ap2_R,,,,,,,SIFa_to_target,hemibrain:v1.2.1,KC_alpha_prime_beta_prime,R
699031185,817993932,1,1,KCab-s,KCab-s_R,,,,,,,SIFa_to_target,hemibrain:v1.2.1,KC_alpha_beta,R
699031185,820480583,1,1,,(PDM14)_L,,,,,,,SIFa_to_target,hemibrain:v1.2.1,other,R
699031185,821272765,1,1,LHPV4g1,LHPV4g1_R,,,,,,,SIFa_to_target,hemibrain:v1.2.1,other,R
699031185,821306235,1,1,LHAV4g3,LHAV4g3_R,,,,,,,SIFa_to_target,hemibrain:v1.2.1,other,R
699031185,821344462,2,2,OA-ASM2,OA-ASM2_R,,,,,,,SIFa_to_target,hemibrain:v1.2.1,other,R
699031185,823037476,1,1,M_vPNml52,M_vPNml52_R,,,,,,,SIFa_to_target,hemibrain:v1.2.1,other,R
699031185,823874214,2,2,,,,,,,,,SIFa_to_target,hemibrain:v1.2.1,other,R
699031185,823879266,11,10,,(MBDLaxon1),,,,,,,SIFa_to_target,hemibrain:v1.2.1,other,R
699031185,823988254,4,3,LHAV4a7,LHAV4a7_R,,,,,,,SIFa_to_target,hemibrain:v1.2.1,other,R
699031185,829572451,1,1,KCab-c,KCab-c_R,,,,,,,SIFa_to_target,hemibrain:v1.2.1,KC_alpha_beta,R
699031185,846952683,2,2,KCab-m,KCab-m_R,,,,,,,SIFa_to_target,hemibrain:v1.2.1,KC_alpha_beta,R
699031185,847989021,1,1,KCab-m,KCab-m_R,,,,,,,SIFa_to_target,hemibrain:v1.2.1,KC_alpha_beta,R
699031185,848316930,1,1,KCab-c,KCab-c_R,,,,,,,SIFa_to_target,hemibrain:v1.2.1,KC_alpha_beta,R
699031185,848330091,1,1,KCab-s,KCab-s_R,,,,,,,SIFa_to_target,hemibrain:v1.2.1,KC_alpha_beta,R
699031185,851309562,1,1,LHAV4b4,LHAV4b4_R,,,,,,,SIFa_to_target,hemibrain:v1.2.1,other,R
699031185,851317951,1,1,LHAV4a3_a,LHAV4a3_a_R,,,,,,,SIFa_to_target,hemibrain:v1.2.1,other,R
699031185,851459972,3,3,CSD,CSD(5HT1)_R,,,,,,,SIFa_to_target,hemibrain:v1.2.1,other,R
699031185,860265987,1,1,KCab-m,KCab-m_R,,,,,,,SIFa_to_target,hemibrain:v1.2.1,KC_alpha_beta,R
699031185,860266377,1,1,KCab-c,KCab-c_R,,,,,,,SIFa_to_target,hemibrain:v1.2.1,KC_alpha_beta,R
699031185,864073833,1,1,FB5V,FB5V_R,,,,,,,SIFa_to_target,hemibrain:v1.2.1,other,R
699031185,877318574,1,1,KCab-m,KCab-m_R,,,,,,,SIFa_to_target,hemibrain:v1.2.1,KC_alpha_beta,R
699031185,878324222,1,1,KCab-c,KCab-c_R,,,,,,,SIFa_to_target,hemibrain:v1.2.1,KC_alpha_beta,R
699031185,880526308,1,1,PFNp_d,PFNp_d(PB01a)_L_C3_irreg,,,,,,,SIFa_to_target,hemibrain:v1.2.1,other,R
699031185,880811120,1,1,vDeltaA_b,vDeltaA_b_C9,,,,,,,SIFa_to_target,hemibrain:v1.2.1,other,R
699031185,880875736,3,3,Delta7,Delta7(PB15)_L5R4_L,,,,,,,SIFa_to_target,hemibrain:v1.2.1,other,R
699031185,880880259,1,1,Delta7,Delta7(PB15)_L4R5_R,,,,,,,SIFa_to_target,hemibrain:v1.2.1,other,R
699031185,881152299,3,2,vDeltaA_b,vDeltaA_b_C8,,,,,,,SIFa_to_target,hemibrain:v1.2.1,other,R
699031185,881217171,5,4,LPsP,LPsP(PB13)_R,,,,,,,SIFa_to_target,hemibrain:v1.2.1,other,R
699031185,882201151,3,2,,(PDM14)_L,,,,,,,SIFa_to_target,hemibrain:v1.2.1,other,R
699031185,882555004,2,1,,(PDM14)_L,,,,,,,SIFa_to_target,hemibrain:v1.2.1,other,R
699031185,883018168,1,1,LHAV1a3,LHAV1a3_R,,,,,,,SIFa_to_target,hemibrain:v1.2.1,other,R
699031185,885603391,1,1,vDeltaA_b,vDeltaA_b_C6,,,,,,,SIFa_to_target,hemibrain:v1.2.1,other,R
699031185,885603529,1,1,vDeltaB,vDeltaB_C5,,,,,,,SIFa_to_target,hemibrain:v1.2.1,other,R
699031185,886281051,1,1,SAF,SAF(FB9)_L,,,,,,,SIFa_to_target,hemibrain:v1.2.1,other,R
699031185,886622166,2,2,vDeltaA_a,vDeltaA_a(AB)_C6,,,,,,,SIFa_to_target,hemibrain:v1.2.1,other,R
699031185,887433630,1,1,LHAV4e2_b,LHAV4e2_b_R,,,,,,,SIFa_to_target,hemibrain:v1.2.1,other,R
699031185,891642345,1,1,KCab-c,KCab-c_R,,,,,,,SIFa_to_target,hemibrain:v1.2.1,KC_alpha_beta,R
699031185,909026561,1,1,KCab-m,KCab-m_R,,,,,,,SIFa_to_target,hemibrain:v1.2.1,KC_alpha_beta,R
699031185,909372586,1,1,KCab-m,KCab-m_R,,,,,,,SIFa_to_target,hemibrain:v1.2.1,KC_alpha_beta,R
699031185,909730907,2,1,KCab-s,KCab-s_R,,,,,,,SIFa_to_target,hemibrain:v1.2.1,KC_alpha_beta,R
699031185,910438331,1,1,EPG,EPG(PB08)_R6,,,,,,,SIFa_to_target,hemibrain:v1.2.1,other,R
699031185,910442723,2,2,Delta7,Delta7(PB15)_L4R5_R,,,,,,,SIFa_to_target,hemibrain:v1.2.1,other,R
699031185,910442752,2,2,Delta7,Delta7(PB15)_L8R1R9_L,,,,,,,SIFa_to_target,hemibrain:v1.2.1,other,R
699031185,910783961,1,1,Delta7,Delta7(PB15)_L3R6_R,,,,,,,SIFa_to_target,hemibrain:v1.2.1,other,R
699031185,910796989,1,1,Delta7,Delta7(PB15)_L5R4_L,,,,,,,SIFa_to_target,hemibrain:v1.2.1,other,R
699031185,910801332,1,1,Delta7,Delta7(PB15)_L5R4_L,,,,,,,SIFa_to_target,hemibrain:v1.2.1,other,R
699031185,911094343,1,1,KCab-m,KCab-m_R,,,,,,,SIFa_to_target,hemibrain:v1.2.1,KC_alpha_beta,R
699031185,911129339,1,1,Delta7,Delta7(PB15)_L4R5_R,,,,,,,SIFa_to_target,hemibrain:v1.2.1,other,R
699031185,911134009,1,1,Delta7,Delta7(PB15)_L4R5_R,,,,,,,SIFa_to_target,hemibrain:v1.2.1,other,R
699031185,911332304,3,2,aMe12,aMe12(lVLPT9)_R,,,,,,,SIFa_to_target,hemibrain:v1.2.1,other,R
699031185,911565419,2,1,Delta7,Delta7(PB15)_L3R6_R,,,,,,,SIFa_to_target,hemibrain:v1.2.1,other,R
699031185,911574261,1,1,Delta7,Delta7(PB15)_L1L9R8_R,,,,,,,SIFa_to_target,hemibrain:v1.2.1,other,R
699031185,911578041,1,1,hDeltaK,hDeltaK_12_C10,,,,,,,SIFa_to_target,hemibrain:v1.2.1,other,R
699031185,911578595,1,1,Delta7,Delta7(PB15)_L8R1R9_L,,,,,,,SIFa_to_target,hemibrain:v1.2.1,other,R
699031185,911901802,2,2,Delta7,Delta7(PB15)_L4R6_R,,,,,,,SIFa_to_target,hemibrain:v1.2.1,other,R
699031185,911919044,1,1,Delta7,Delta7(PB15)_L6R3_L,,,,,,,SIFa_to_target,hemibrain:v1.2.1,other,R
699031185,912186993,1,1,vDeltaM,vDeltaM_C9,,,,,,,SIFa_to_target,hemibrain:v1.2.1,other,R
699031185,912488890,1,1,PFL3,PFL3(PB12c)_R3_C5,,,,,,,SIFa_to_target,hemibrain:v1.2.1,other,R
699031185,913231631,1,1,,(PDM14)_L,,,,,,,SIFa_to_target,hemibrain:v1.2.1,other,R
699031185,916310074,2,1,FS4B,FS4B(FQ12)_C7_L,,,,,,,SIFa_to_target,hemibrain:v1.2.1,other,R
699031185,916543308,1,1,,,,,,,,,SIFa_to_target,hemibrain:v1.2.1,other,R
699031185,917086906,1,1,LHAV4a3_b,LHAV4a3_b_R,,,,,,,SIFa_to_target,hemibrain:v1.2.1,other,R
699031185,918123297,1,1,LHAV4a4,LHAV4a4_R,,,,,,,SIFa_to_target,hemibrain:v1.2.1,other,R
699031185,923053355,1,1,,,,,,,,,SIFa_to_target,hemibrain:v1.2.1,other,R
699031185,939733452,1,1,KCab-s,KCab-s_R,,,,,,,SIFa_to_target,hemibrain:v1.2.1,KC_alpha_beta,R
699031185,940083749,1,1,KCab-c,KCab-c_R,,,,,,,SIFa_to_target,hemibrain:v1.2.1,KC_alpha_beta,R
699031185,941102504,1,1,KCab-m,KCab-m_R,,,,,,,SIFa_to_target,hemibrain:v1.2.1,KC_alpha_beta,R
699031185,941469087,3,3,Delta7,Delta7(PB15)_L3R6_R,,,,,,,SIFa_to_target,hemibrain:v1.2.1,other,R
699031185,941810314,1,1,Delta7,Delta7(PB15)_L7R3_L,,,,,,,SIFa_to_target,hemibrain:v1.2.1,other,R
699031185,942522378,1,1,Delta7,Delta7(PB15)_L2R7_R,,,,,,,SIFa_to_target,hemibrain:v1.2.1,other,R
699031185,943921248,1,1,PFNa,PFNa(PB03)_L2_C1,,,,,,,SIFa_to_target,hemibrain:v1.2.1,other,R
699031185,944270786,1,1,,(PDM14)_L,,,,,,,SIFa_to_target,hemibrain:v1.2.1,other,R
699031185,946632402,1,1,,,,,,,,,SIFa_to_target,hemibrain:v1.2.1,other,R
699031185,946814479,1,1,LHPV2b5_a,LHPV2b5_a_R,,,,,,,SIFa_to_target,hemibrain:v1.2.1,other,R
699031185,948017897,1,1,vDeltaB,vDeltaB_C7,,,,,,,SIFa_to_target,hemibrain:v1.2.1,other,R
699031185,949054716,1,1,hDeltaF,hDeltaF_10_C5b,,,,,,,SIFa_to_target,hemibrain:v1.2.1,other,R
699031185,974606403,1,1,,(PDM14)_R,,,,,,,SIFa_to_target,hemibrain:v1.2.1,other,R
699031185,975289165,1,1,SAD077,SAD077_R,,,,,,,SIFa_to_target,hemibrain:v1.2.1,other,R
699031185,989228019,1,1,FB5V,FB5V_R,,,,,,,SIFa_to_target,hemibrain:v1.2.1,other,R
699031185,1002658094,1,1,FR2,FR2(FQ4)_C7_L_small,,,,,,,SIFa_to_target,hemibrain:v1.2.1,other,R
699031185,1003318634,2,2,PFNd,PFNd(PB04)_L7_C6,,,,,,,SIFa_to_target,hemibrain:v1.2.1,other,R
699031185,1004700437,2,2,PFL3,PFL3(PB12c)_L7_C9,,,,,,,SIFa_to_target,hemibrain:v1.2.1,other,R
699031185,1008024276,1,1,FB5N,FB5N_R,,,,,,,SIFa_to_target,hemibrain:v1.2.1,other,R
699031185,1008378448,1,1,FB4Y,FB4Y(EB/NO1)_R,,,,,,,SIFa_to_target,hemibrain:v1.2.1,other,R
699031185,1009043211,1,1,hDeltaK,hDeltaK_13_C11,,,,,,,SIFa_to_target,hemibrain:v1.2.1,other,R
699031185,1034219901,1,1,EPG,EPG(PB08)_R7,,,,,,,SIFa_to_target,hemibrain:v1.2.1,other,R
699031185,1035045015,2,1,EPG,EPG(PB08)_L7,,,,,,,SIFa_to_target,hemibrain:v1.2.1,other,R
699031185,1039093891,1,1,IB059,IB059(PVL20)_L,,,,,,,SIFa_to_target,hemibrain:v1.2.1,other,R
699031185,1043151516,3,3,,,,,,,,,SIFa_to_target,hemibrain:v1.2.1,other,R
699031185,1065410141,1,1,EPG,EPG(PB08)_L8,,,,,,,SIFa_to_target,hemibrain:v1.2.1,other,R
699031185,1070426862,1,1,FB5M,FB5M_R,,,,,,,SIFa_to_target,hemibrain:v1.2.1,other,R
699031185,1070784934,1,1,hDeltaA,hDeltaA_14_C12,,,,,,,SIFa_to_target,hemibrain:v1.2.1,other,R
699031185,1072533980,1,1,FS3,FS3(FQ11)_C7_L,,,,,,,SIFa_to_target,hemibrain:v1.2.1,other,R
699031185,1073457310,1,1,FS4A,FS4A(AB)(FQ12)_C2_R,,,,,,,SIFa_to_target,hemibrain:v1.2.1,other,R
699031185,1073457379,1,1,vDeltaA_a,vDeltaA_a(AB)_C1,,,,,,,SIFa_to_target,hemibrain:v1.2.1,other,R
699031185,1075598224,1,1,FS1B,FS1B(FQ9)_C2_R,,,,,,,SIFa_to_target,hemibrain:v1.2.1,other,R
699031185,1078534091,1,1,KCab-s,KCab-s_R,,,,,,,SIFa_to_target,hemibrain:v1.2.1,KC_alpha_beta,R
699031185,1095275456,3,3,LPsP,LPsP(PB13)_L,,,,,,,SIFa_to_target,hemibrain:v1.2.1,other,R
699031185,1100792636,1,1,FB4Y,FB4Y(EB/NO1)_L,,,,,,,SIFa_to_target,hemibrain:v1.2.1,other,R
699031185,1101474458,2,2,FB4P_a,FB4P_a_R,,,,,,,SIFa_to_target,hemibrain:v1.2.1,other,R
699031185,1104155523,1,1,vDeltaC,vDeltaC_C0,,,,,,,SIFa_to_target,hemibrain:v1.2.1,other,R
699031185,1104159537,3,3,vDeltaB,vDeltaB_C0,,,,,,,SIFa_to_target,hemibrain:v1.2.1,other,R
699031185,1104595988,1,1,FS3,FS3(FQ11)_C8_L,,,,,,,SIFa_to_target,hemibrain:v1.2.1,other,R
699031185,1104832963,2,2,hDeltaD,hDeltaD_01_C1,,,,,,,SIFa_to_target,hemibrain:v1.2.1,other,R
699031185,1104841576,1,1,vDeltaB,vDeltaB_C0,,,,,,,SIFa_to_target,hemibrain:v1.2.1,other,R
699031185,1128088594,1,1,PEG,PEG(PB07)_L1,,,,,,,SIFa_to_target,hemibrain:v1.2.1,other,R
699031185,1131805857,1,1,,,,,,,,,SIFa_to_target,hemibrain:v1.2.1,other,R
699031185,1131827390,1,1,FB4M,FB4M(PPM3-FB3/4-NO-DAN)_R,,,,,,,SIFa_to_target,hemibrain:v1.2.1,DAN,R
699031185,1132150724,1,1,hDeltaB,hDeltaB_13_C11,,,,,,,SIFa_to_target,hemibrain:v1.2.1,other,R
699031185,1132846376,1,1,FB5M,FB5M_L,,,,,,,SIFa_to_target,hemibrain:v1.2.1,other,R
699031185,1134503860,1,1,vDeltaC,vDeltaC_C0,,,,,,,SIFa_to_target,hemibrain:v1.2.1,other,R
699031185,1136213460,1,1,vDeltaC,vDeltaC_C1,,,,,,,SIFa_to_target,hemibrain:v1.2.1,other,R
699031185,1137590785,6,5,SIFa,SIFa(PDM34),,,,,,,SIFa_to_target,hemibrain:v1.2.1,other,R
699031185,1138696627,1,1,FR2,FR2(FQ4)_C8_L_small,,,,,,,SIFa_to_target,hemibrain:v1.2.1,other,R
699031185,1158994954,2,2,aMe4,aMe4(lVLPT9)_R,,,,,,,SIFa_to_target,hemibrain:v1.2.1,other,R
699031185,1162063500,1,1,KCab-m,KCab-m_R,,,,,,,SIFa_to_target,hemibrain:v1.2.1,KC_alpha_beta,R
699031185,1163898298,2,2,FB5V,FB5V_R,,,,,,,SIFa_to_target,hemibrain:v1.2.1,other,R
699031185,1167235720,1,1,FS3,FS3(FQ10)_C1_R,,,,,,,SIFa_to_target,hemibrain:v1.2.1,other,R
699031185,1167969148,1,1,FC3,FC3(FQ8)_C2_R,,,,,,,SIFa_to_target,hemibrain:v1.2.1,other,R
699031185,1167995070,1,1,EPG,EPG(PB08)_L8,,,,,,,SIFa_to_target,hemibrain:v1.2.1,other,R
699031185,1170606692,1,1,KCab-s,KCab-s_R,,,,,,,SIFa_to_target,hemibrain:v1.2.1,KC_alpha_beta,R
699031185,1172713521,1,1,KCg-s1,KCg-s1(super)_R,,,,,,,SIFa_to_target,hemibrain:v1.2.1,KC_gamma,R
699031185,1188509405,5,2,vDeltaK,vDeltaK_C0,,,,,,,SIFa_to_target,hemibrain:v1.2.1,other,R
699031185,1196367733,1,1,,(PVM09)_L,,,,,,,SIFa_to_target,hemibrain:v1.2.1,other,R
699031185,1197243068,1,1,vDeltaA_a,vDeltaA_a(AB)_C2,,,,,,,SIFa_to_target,hemibrain:v1.2.1,other,R
699031185,1199181443,1,1,LHAV2g4,LHAV2g4_R,,,,,,,SIFa_to_target,hemibrain:v1.2.1,other,R
699031185,1204443547,1,1,KCg-m,KCg-m_R,,,,,,,SIFa_to_target,hemibrain:v1.2.1,KC_gamma,R
699031185,1224254199,1,1,FB1E_a,FB1E_a_R,,,,,,,SIFa_to_target,hemibrain:v1.2.1,other,R
699031185,1224936588,1,1,PFNa,PFNa(PB03)_L6_C5,,,,,,,SIFa_to_target,hemibrain:v1.2.1,other,R
699031185,1236816635,1,1,KCg-m,KCg-m_R,,,,,,,SIFa_to_target,hemibrain:v1.2.1,KC_gamma,R
699031185,1250592284,1,1,,,,,,,,,SIFa_to_target,hemibrain:v1.2.1,other,R
699031185,1254947903,1,1,FB1F,FB1F_L,,,,,,,SIFa_to_target,hemibrain:v1.2.1,other,R
699031185,1257357395,1,1,vDeltaL,vDeltaL_C6,,,,,,,SIFa_to_target,hemibrain:v1.2.1,other,R
699031185,1258065751,1,1,vDeltaK,vDeltaK_C7,,,,,,,SIFa_to_target,hemibrain:v1.2.1,other,R
699031185,1265399790,2,2,,,,,,,,,SIFa_to_target,hemibrain:v1.2.1,other,R
699031185,1282097987,1,1,,,,,,,,,SIFa_to_target,hemibrain:v1.2.1,other,R
699031185,1283600055,1,1,,,,,,,,,SIFa_to_target,hemibrain:v1.2.1,other,R
699031185,1321745141,1,1,vDeltaE,vDeltaE_C0,,,,,,,SIFa_to_target,hemibrain:v1.2.1,other,R
699031185,1321749057,1,1,vDeltaF,vDeltaF_C0,,,,,,,SIFa_to_target,hemibrain:v1.2.1,other,R
699031185,1344082025,1,1,WED068,WED068_R,,,,,,,SIFa_to_target,hemibrain:v1.2.1,other,R
699031185,1346278943,1,1,,,,,,,,,SIFa_to_target,hemibrain:v1.2.1,other,R
699031185,1348057533,9,5,FB1C,FB1C(NO1/NO3)_L,,,,,,,SIFa_to_target,hemibrain:v1.2.1,other,R
699031185,1348773541,1,1,vDeltaA_a,vDeltaA_a(AB)_C3,,,,,,,SIFa_to_target,hemibrain:v1.2.1,other,R
699031185,1378212488,1,1,aMe1,aMe1_R,,,,,,,SIFa_to_target,hemibrain:v1.2.1,other,R
699031185,1384277275,1,1,hDeltaB,hDeltaB_06_C6,,,,,,,SIFa_to_target,hemibrain:v1.2.1,other,R
699031185,1385291666,1,1,vDeltaC,vDeltaC_C9,,,,,,,SIFa_to_target,hemibrain:v1.2.1,other,R
699031185,1385291703,1,1,vDeltaA_b,vDeltaA_b_C9,,,,,,,SIFa_to_target,hemibrain:v1.2.1,other,R
699031185,1386577828,1,1,,,,,,,,,SIFa_to_target,hemibrain:v1.2.1,other,R
699031185,1410127303,1,1,PFNp_c,PFNp_c(PB01c)_L6_C5,,,,,,,SIFa_to_target,hemibrain:v1.2.1,other,R
699031185,1411314129,1,1,WED047,WED047_R,,,,,,,SIFa_to_target,hemibrain:v1.2.1,other,R
699031185,1414875691,1,1,,,,,,,,,SIFa_to_target,hemibrain:v1.2.1,other,R
699031185,1418618235,16,14,SIFa,SIFa(PDM34),,,,,,,SIFa_to_target,hemibrain:v1.2.1,other,R
699031185,1446204202,2,2,vDeltaA_a,vDeltaA_a(AB)_C1,,,,,,,SIFa_to_target,hemibrain:v1.2.1,other,R
699031185,1447576662,3,3,EPG,EPG(PB08)_L1,,,,,,,SIFa_to_target,hemibrain:v1.2.1,other,R
699031185,1466485353,1,1,DCH,DCH LPTC_L,,,,,,,SIFa_to_target,hemibrain:v1.2.1,other,R
699031185,1467694023,2,1,,(AVM09)_L,,,,,,,SIFa_to_target,hemibrain:v1.2.1,other,R
699031185,1471881706,1,1,,,,,,,,,SIFa_to_target,hemibrain:v1.2.1,other,R
699031185,1475883403,2,1,vDeltaL,vDeltaL_C1,,,,,,,SIFa_to_target,hemibrain:v1.2.1,other,R
699031185,1502700841,1,1,,,,,,,,,SIFa_to_target,hemibrain:v1.2.1,other,R
699031185,1530196161,1,1,,,,,,,,,SIFa_to_target,hemibrain:v1.2.1,other,R
699031185,1535212969,2,1,,(aDT7),,,,,,,SIFa_to_target,hemibrain:v1.2.1,other,R
699031185,1535626467,1,1,vDeltaA_a,vDeltaA_a(AB)_C4,,,,,,,SIFa_to_target,hemibrain:v1.2.1,other,R
699031185,1536986927,1,1,SA3,SA3_bilateral_L,,,,,,,SIFa_to_target,hemibrain:v1.2.1,other,R
699031185,1537331894,1,1,vDeltaA_a,vDeltaA_a(AB)_C2,,,,,,,SIFa_to_target,hemibrain:v1.2.1,other,R
699031185,1537634396,1,1,PFNa,PFNa(PB03)_L3_C2,,,,,,,SIFa_to_target,hemibrain:v1.2.1,other,R
699031185,1539758131,2,1,vDeltaA_b,vDeltaA_b(AB)_C0,,,,,,,SIFa_to_target,hemibrain:v1.2.1,other,R
699031185,1563929167,3,3,aMe14a,aMe14a,,,,,,,SIFa_to_target,hemibrain:v1.2.1,other,R
699031185,1563933354,1,1,,,,,,,,,SIFa_to_target,hemibrain:v1.2.1,other,R
699031185,1566744035,1,1,,,,,,,,,SIFa_to_target,hemibrain:v1.2.1,other,R
699031185,1568729235,1,1,vDeltaA_b,vDeltaA_b_C8,,,,,,,SIFa_to_target,hemibrain:v1.2.1,other,R
699031185,1578826464,1,1,lLN1_c,lLN1_c_R,,,,,,,SIFa_to_target,hemibrain:v1.2.1,other,R
699031185,1605190603,3,1,ORN_DM3,ORN_DM3_L,,,,,,,SIFa_to_target,hemibrain:v1.2.1,other,R
699031185,1605190615,1,1,ORN_DM3,ORN_DM3_L,,,,,,,SIFa_to_target,hemibrain:v1.2.1,other,R
699031185,1636238887,1,1,ORN_DM3,ORN_DM3_R,,,,,,,SIFa_to_target,hemibrain:v1.2.1,other,R
699031185,1637568633,1,1,ORN_DP1m,ORN_DP1m_L,,,,,,,SIFa_to_target,hemibrain:v1.2.1,other,R
699031185,1639886198,18,9,lLN2P_c,lLN2P_c(Patchy)_R,,,,,,,SIFa_to_target,hemibrain:v1.2.1,other,R
699031185,1640555311,12,9,lLN2P_c,lLN2P_c(Patchy)_R,,,,,,,SIFa_to_target,hemibrain:v1.2.1,other,R
699031185,1640568102,1,1,DL3_lPN,DL3_lPN_R,,,,,,,SIFa_to_target,hemibrain:v1.2.1,other,R
699031185,1640572741,1,1,lLN2T_b,lLN2T_b(Tortuous)_R,,,,,,,SIFa_to_target,hemibrain:v1.2.1,other,R
699031185,1640909284,14,7,lLN2F_b,lLN2F_b(Full)_R,,,,,,,SIFa_to_target,hemibrain:v1.2.1,other,R
699031185,1640922516,15,11,lLN2T_e,lLN2T_e(Tortuous)_R,,,,,,,SIFa_to_target,hemibrain:v1.2.1,other,R
699031185,1642623277,2,1,lLN1_b,lLN1_b_R,,,,,,,SIFa_to_target,hemibrain:v1.2.1,other,R
699031185,1666578629,1,1,ORN_DM4,ORN_DM4_R,,,,,,,SIFa_to_target,hemibrain:v1.2.1,other,R
699031185,1666910636,1,1,ORN_DP1m,ORN_DP1m_R,,,,,,,SIFa_to_target,hemibrain:v1.2.1,other,R
699031185,1666915286,2,1,ORN_DP1m,ORN_DP1m_R,,,,,,,SIFa_to_target,hemibrain:v1.2.1,other,R
699031185,1666923551,1,1,ORN_DM4,ORN_DM4_R,,,,,,,SIFa_to_target,hemibrain:v1.2.1,other,R
699031185,1666923720,2,1,ORN_DC4,ORN_DC4_L,,,,,,,SIFa_to_target,hemibrain:v1.2.1,other,R
699031185,1667251683,16,11,lLN2T_d,lLN2T_d(Tortuous)_R,,,,,,,SIFa_to_target,hemibrain:v1.2.1,other,R
699031185,1669716934,1,1,ORN_DL5,ORN_DL5_L,,,,,,,SIFa_to_target,hemibrain:v1.2.1,other,R
699031185,1669924220,20,16,lLN2T_d,lLN2T_d(Tortuous)_R,,,,,,,SIFa_to_target,hemibrain:v1.2.1,other,R
699031185,1670265016,1,1,OA-VUMa2,OA-VUMa2_R,,,,,,,SIFa_to_target,hemibrain:v1.2.1,other,R
699031185,1670287030,6,3,lLN2F_a,lLN2F_a(Full)_R,,,,,,,SIFa_to_target,hemibrain:v1.2.1,other,R
699031185,1670597454,2,1,M_lvPNm35,M_lvPNm35_R,,,,,,,SIFa_to_target,hemibrain:v1.2.1,other,R
699031185,1670597533,1,1,lLN1_a,lLN1_a_R,,,,,,,SIFa_to_target,hemibrain:v1.2.1,other,R
699031185,1670627928,3,2,lLN2S,lLN2S(Star)_R,,,,,,,SIFa_to_target,hemibrain:v1.2.1,other,R
699031185,1670916819,11,9,lLN2P_a,lLN2P_a(Patchy)_R,,,,,,,SIFa_to_target,hemibrain:v1.2.1,other,R
699031185,1670969318,3,2,ALBN1,ALBN1_R,,,,,,,SIFa_to_target,hemibrain:v1.2.1,other,R
699031185,1671257931,12,5,lLN2P_b,lLN2P_b(Patchy)_R,,,,,,,SIFa_to_target,hemibrain:v1.2.1,other,R
699031185,1671292719,31,22,lLN2T_c,lLN2T_c(Tortuous)_R,,,,,,,SIFa_to_target,hemibrain:v1.2.1,other,R
699031185,1671620613,2,2,v2LN30,v2LN30_R,,,,,,,SIFa_to_target,hemibrain:v1.2.1,other,R
699031185,1672320134,1,1,lLN2T_a,lLN2T_a(Tortuous)_R,,,,,,,SIFa_to_target,hemibrain:v1.2.1,other,R
699031185,1697285165,1,1,ORN_DP1m,ORN_DP1m_R,,,,,,,SIFa_to_target,hemibrain:v1.2.1,other,R
699031185,1697285610,1,1,ORN_DM4,ORN_DM4_L,,,,,,,SIFa_to_target,hemibrain:v1.2.1,other,R
699031185,1697621641,1,1,ORN_DM4,ORN_DM4_L,,,,,,,SIFa_to_target,hemibrain:v1.2.1,other,R
699031185,1697988867,2,1,ORN_DM1,ORN_DM1_R,,,,,,,SIFa_to_target,hemibrain:v1.2.1,other,R
699031185,1698334367,1,1,ORN_DM4,ORN_DM4_L,,,,,,,SIFa_to_target,hemibrain:v1.2.1,other,R
699031185,1698338840,1,1,ORN_DM4,ORN_DM4_L,,,,,,,SIFa_to_target,hemibrain:v1.2.1,other,R
699031185,1698679708,2,2,,LN_L,,,,,,,SIFa_to_target,hemibrain:v1.2.1,other,R
699031185,1699637626,1,1,ORN_DM1,ORN_DM1_R,,,,,,,SIFa_to_target,hemibrain:v1.2.1,other,R
699031185,1699715276,1,1,ORN_DC4,ORN_DC4_L,,,,,,,SIFa_to_target,hemibrain:v1.2.1,other,R
699031185,1699962188,1,1,ORN_DC4,ORN_DC4_L,,,,,,,SIFa_to_target,hemibrain:v1.2.1,other,R
699031185,1699974843,13,4,lLN2T_e,lLN2T_e(Tortuous)_R,,,,,,,SIFa_to_target,hemibrain:v1.2.1,other,R
699031185,1700307582,1,1,M_l2PNl21,M_l2PNl21_R,,,,,,,SIFa_to_target,hemibrain:v1.2.1,other,R
699031185,1700639720,1,1,ORN_DC4,ORN_DC4_R,,,,,,,SIFa_to_target,hemibrain:v1.2.1,other,R
699031185,1700644008,1,1,v2LN3A,v2LN3a_R,,,,,,,SIFa_to_target,hemibrain:v1.2.1,other,R
699031185,1700937093,1,1,DL1_adPN,DL1_adPN_R,,,,,,,SIFa_to_target,hemibrain:v1.2.1,other,R
699031185,1700980626,1,1,ORN_DC4,ORN_DC4_R,,,,,,,SIFa_to_target,hemibrain:v1.2.1,other,R
699031185,1701343239,1,1,ORN_D,ORN_D,,,,,,,SIFa_to_target,hemibrain:v1.2.1,other,R
699031185,1701947337,12,10,lLN2P_b,lLN2P_b(Patchy)_R,,,,,,,SIFa_to_target,hemibrain:v1.2.1,other,R
699031185,1702305987,2,2,lLN2R_b,lLN2R_b(Regional)_R,,,,,,,SIFa_to_target,hemibrain:v1.2.1,other,R
699031185,1702306047,1,1,M_ilPN8t91,M_ilPN8t91_R,,,,,,,SIFa_to_target,hemibrain:v1.2.1,other,R
699031185,1702668580,3,1,,LN,,,,,,,SIFa_to_target,hemibrain:v1.2.1,other,R
699031185,1704347707,40,27,lLN2T_c,lLN2T_c(Tortuous)_R,,,,,,,SIFa_to_target,hemibrain:v1.2.1,other,R
699031185,1728311554,1,1,ORN_DM4,ORN_DM4_R,,,,,,,SIFa_to_target,hemibrain:v1.2.1,other,R
699031185,1729995287,1,1,,,,,,,,,SIFa_to_target,hemibrain:v1.2.1,other,R
699031185,1730327790,3,2,lLN2T_a,lLN2T_a(Tortuous)_R,,,,,,,SIFa_to_target,hemibrain:v1.2.1,other,R
699031185,1730608428,1,1,ExR4,ExR4(ring)_R,,,,,,,SIFa_to_target,hemibrain:v1.2.1,other,R
699031185,1731325118,1,1,ORN_DP1m,ORN_DP1m_R,,,,,,,SIFa_to_target,hemibrain:v1.2.1,other,R
699031185,1734372986,2,1,,,,,,,,,SIFa_to_target,hemibrain:v1.2.1,other,R
699031185,1744966885,2,1,,,,,,,,,SIFa_to_target,hemibrain:v1.2.1,other,R
699031185,1746300363,1,1,,,,,,,,,SIFa_to_target,hemibrain:v1.2.1,other,R
699031185,1760002865,1,1,,,,,,,,,SIFa_to_target,hemibrain:v1.2.1,other,R
699031185,1760684911,1,1,,,,,,,,,SIFa_to_target,hemibrain:v1.2.1,other,R
699031185,1762354941,5,2,lLN2T_a,lLN2T_a(Tortuous)_R,,,,,,,SIFa_to_target,hemibrain:v1.2.1,other,R
699031185,1762704980,13,6,lLN2P_c,lLN2P_c(Patchy)_R,,,,,,,SIFa_to_target,hemibrain:v1.2.1,other,R
699031185,1764168474,1,1,ORN_DC1,ORN_DC1_L,,,,,,,SIFa_to_target,hemibrain:v1.2.1,other,R
699031185,1788300760,1,1,VA1v_adPN,VA1v_adPN_R,,,,,,,SIFa_to_target,hemibrain:v1.2.1,other,R
699031185,1793014716,2,1,DL2d_adPN,DL2d_adPN_R,,,,,,,SIFa_to_target,hemibrain:v1.2.1,other,R
699031185,1793351401,1,1,DL2d_adPN,DL2d_adPN_R,,,,,,,SIFa_to_target,hemibrain:v1.2.1,other,R
699031185,1793355832,3,3,,,,,,,,,SIFa_to_target,hemibrain:v1.2.1,other,R
699031185,1793424565,1,1,,,,,,,,,SIFa_to_target,hemibrain:v1.2.1,other,R
699031185,1793718545,3,1,,,,,,,,,SIFa_to_target,hemibrain:v1.2.1,other,R
699031185,1796818119,1,1,DA2_lPN,DA2_lPN_R,,,,,,,SIFa_to_target,hemibrain:v1.2.1,other,R
699031185,1808430432,1,1,,,,,,,,,SIFa_to_target,hemibrain:v1.2.1,other,R
699031185,1822060683,1,1,ORN_DP1l,ORN_DP1l_L,,,,,,,SIFa_to_target,hemibrain:v1.2.1,other,R
699031185,1823060634,1,1,,,,,,,,,SIFa_to_target,hemibrain:v1.2.1,other,R
699031185,1824425390,1,1,,,,,,,,,SIFa_to_target,hemibrain:v1.2.1,other,R
699031185,1825085656,1,1,M_lPNm11D,M_lPNm11D_R,,,,,,,SIFa_to_target,hemibrain:v1.2.1,other,R
699031185,1826825128,1,1,lLN13,lLN13_R,,,,,,,SIFa_to_target,hemibrain:v1.2.1,other,R
699031185,1828530446,1,1,,,,,,,,,SIFa_to_target,hemibrain:v1.2.1,other,R
699031185,1840419884,1,1,PS077,PS077_R,,,,,,,SIFa_to_target,hemibrain:v1.2.1,other,R
699031185,1850024931,2,1,VM4_lvPN,VM4_lvPN_R,,,,,,,SIFa_to_target,hemibrain:v1.2.1,other,R
699031185,1850711304,1,1,VM1_lPN,VM1_lPN_R,,,,,,,SIFa_to_target,hemibrain:v1.2.1,other,R
699031185,1851389175,1,1,VM3_adPN,VM3_adPN_R,,,,,,,SIFa_to_target,hemibrain:v1.2.1,other,R
699031185,1851393805,1,1,VM7d_adPN,VM7d_adPN_R,,,,,,,SIFa_to_target,hemibrain:v1.2.1,other,R
699031185,1854031434,2,2,AVLP103,AVLP103_R,,,,,,,SIFa_to_target,hemibrain:v1.2.1,other,R
699031185,1857799548,14,9,lLN2P_a,lLN2P_a(Patchy)_R,,,,,,,SIFa_to_target,hemibrain:v1.2.1,other,R
699031185,1858171556,11,8,lLN2P_c,lLN2P_c(Patchy)_R,,,,,,,SIFa_to_target,hemibrain:v1.2.1,other,R
699031185,1859224808,1,1,,,,,,,,,SIFa_to_target,hemibrain:v1.2.1,other,R
699031185,1873972045,1,1,,,,,,,,,SIFa_to_target,hemibrain:v1.2.1,other,R
699031185,1881193508,1,1,,,,,,,,,SIFa_to_target,hemibrain:v1.2.1,other,R
699031185,1884625521,4,4,l-LNv,l-LNv,,,,,,,SIFa_to_target,hemibrain:v1.2.1,PDF_positive_LNv,R
699031185,1886132855,3,2,M_adPNm7,M_adPNm7_R,,,,,,,SIFa_to_target,hemibrain:v1.2.1,other,R
699031185,1886456058,1,1,,,,,,,,,SIFa_to_target,hemibrain:v1.2.1,other,R
699031185,1887872301,1,1,M_adPNm4,M_adPNm4_R,,,,,,,SIFa_to_target,hemibrain:v1.2.1,other,R
699031185,1888199872,2,2,v2LN3B,v2LN3b_R,,,,,,,SIFa_to_target,hemibrain:v1.2.1,other,R
699031185,1889253763,2,1,VM7v_adPN,VM7v_adPN_R,,,,,,,SIFa_to_target,hemibrain:v1.2.1,other,R
699031185,1890604495,1,1,,,,,,,,,SIFa_to_target,hemibrain:v1.2.1,other,R
699031185,1899441465,1,1,,,,,,,,,SIFa_to_target,hemibrain:v1.2.1,other,R
699031185,1899765492,1,1,,,,,,,,,SIFa_to_target,hemibrain:v1.2.1,other,R
699031185,1904670033,2,2,,,,,,,,,SIFa_to_target,hemibrain:v1.2.1,other,R
699031185,1914823414,3,2,VM5d_adPN,VM5d_adPN_R,,,,,,,SIFa_to_target,hemibrain:v1.2.1,other,R
699031185,1920590638,2,2,v2LN3B,v2LN3b_R,,,,,,,SIFa_to_target,hemibrain:v1.2.1,other,R
699031185,1930472180,1,1,,,,,,,,,SIFa_to_target,hemibrain:v1.2.1,other,R
699031185,1933563873,1,1,PS072,PS072_R,,,,,,,SIFa_to_target,hemibrain:v1.2.1,other,R
699031185,1933904658,4,1,PS072,PS072_R,,,,,,,SIFa_to_target,hemibrain:v1.2.1,other,R
699031185,1944507292,4,3,VL2p_adPN,VL2p_adPN_R,,,,,,,SIFa_to_target,hemibrain:v1.2.1,other,R
699031185,1946178096,16,12,lLN2P_b,lLN2P_b(Patchy)_R,,,,,,,SIFa_to_target,hemibrain:v1.2.1,other,R
699031185,1948512982,1,1,ORN_VL2p,ORN_VL2p_R,,,,,,,SIFa_to_target,hemibrain:v1.2.1,other,R
699031185,1948513200,1,1,ORN_VL2p,ORN_VL2p_R,,,,,,,SIFa_to_target,hemibrain:v1.2.1,other,R
699031185,1965552537,1,1,,,,,,,,,SIFa_to_target,hemibrain:v1.2.1,other,R
699031185,1974846717,1,1,MZ_lvPN,MZ_lvPN(multiAL+SEZ)_R,,,,,,,SIFa_to_target,hemibrain:v1.2.1,other,R
699031185,1975347348,1,1,s-LNv,s-LNv,,,,,,,SIFa_to_target,hemibrain:v1.2.1,PDF_positive_LNv,R
699031185,2010246433,1,1,ORN_VL2p,ORN_VL2p_L,,,,,,,SIFa_to_target,hemibrain:v1.2.1,other,R
699031185,2010937101,1,1,ORN_VL2p,ORN_VL2p_R,,,,,,,SIFa_to_target,hemibrain:v1.2.1,other,R
699031185,2024561313,1,1,,,,,,,,,SIFa_to_target,hemibrain:v1.2.1,other,R
699031185,2025584558,2,1,,,,,,,,,SIFa_to_target,hemibrain:v1.2.1,other,R
699031185,2041621893,15,12,lLN2P_a,lLN2P_a(Patchy)_R,,,,,,,SIFa_to_target,hemibrain:v1.2.1,other,R
699031185,2055932897,1,1,,,,,,,,,SIFa_to_target,hemibrain:v1.2.1,other,R
699031185,2057996241,2,2,,(PVM09)_L,,,,,,,SIFa_to_target,hemibrain:v1.2.1,other,R
699031185,2065745704,3,3,l-LNv,l-LNv,,,,,,,SIFa_to_target,hemibrain:v1.2.1,PDF_positive_LNv,R
699031185,2069652905,1,1,OA-VUMa5,OA-VUMa5_R,,,,,,,SIFa_to_target,hemibrain:v1.2.1,other,R
699031185,2099146512,1,1,,,,,,,,,SIFa_to_target,hemibrain:v1.2.1,other,R
699031185,2101015643,2,2,v2LN41,v2LN41_R,,,,,,,SIFa_to_target,hemibrain:v1.2.1,other,R
699031185,2105086391,9,6,lLN2P_c,lLN2P_c(Patchy)_R,,,,,,,SIFa_to_target,hemibrain:v1.2.1,other,R
699031185,2121382771,1,1,,,,,,,,,SIFa_to_target,hemibrain:v1.2.1,other,R
699031185,2135408892,33,19,lLN2P_a,lLN2P_a(Patchy)_R,,,,,,,SIFa_to_target,hemibrain:v1.2.1,other,R
699031185,2154122802,1,1,,,,,,,,,SIFa_to_target,hemibrain:v1.2.1,other,R
699031185,2155478189,2,2,,,,,,,,,SIFa_to_target,hemibrain:v1.2.1,other,R
699031185,2191892465,3,3,,,,,,,,,SIFa_to_target,hemibrain:v1.2.1,other,R
699031185,2371497342,6,6,,,,,,,,,SIFa_to_target,hemibrain:v1.2.1,other,R
699031185,5812979048,2,2,aMe6a,aMe6a,,,,,,,SIFa_to_target,hemibrain:v1.2.1,other,R
699031185,5812980045,1,1,,,,,,,,,SIFa_to_target,hemibrain:v1.2.1,other,R
699031185,5812980142,1,1,SMP508,SMP508_R,,,,,,,SIFa_to_target,hemibrain:v1.2.1,other,R
699031185,5812980408,1,1,KCab-s,KCab-s_R,,,,,,,SIFa_to_target,hemibrain:v1.2.1,KC_alpha_beta,R
699031185,5812980414,1,1,KCab-m,KCab-m_R,,,,,,,SIFa_to_target,hemibrain:v1.2.1,KC_alpha_beta,R
699031185,5812980426,1,1,KCab-s,KCab-s_R,,,,,,,SIFa_to_target,hemibrain:v1.2.1,KC_alpha_beta,R
699031185,5812980555,1,1,KCab-s,KCab-s_R,,,,,,,SIFa_to_target,hemibrain:v1.2.1,KC_alpha_beta,R
699031185,5812980594,1,1,KCab-c,KCab-c_R,,,,,,,SIFa_to_target,hemibrain:v1.2.1,KC_alpha_beta,R
699031185,5812980599,1,1,KCab-m,KCab-m_R,,,,,,,SIFa_to_target,hemibrain:v1.2.1,KC_alpha_beta,R
699031185,5812980600,1,1,KCab-c,KCab-c_R,,,,,,,SIFa_to_target,hemibrain:v1.2.1,KC_alpha_beta,R
699031185,5812980615,1,1,KCab-m,KCab-m_R,,,,,,,SIFa_to_target,hemibrain:v1.2.1,KC_alpha_beta,R
699031185,5812980746,3,3,SIP087,SIP087(PDM22)_L,,,,,,,SIFa_to_target,hemibrain:v1.2.1,other,R
699031185,5812980824,1,1,LHAV2c1,LHAV2c1_R,,,,,,,SIFa_to_target,hemibrain:v1.2.1,other,R
699031185,5812981127,1,1,KCab-m,KCab-m_R,,,,,,,SIFa_to_target,hemibrain:v1.2.1,KC_alpha_beta,R
699031185,5812981153,2,2,KCg-m,KCg-m_R,,,,,,,SIFa_to_target,hemibrain:v1.2.1,KC_gamma,R
699031185,5812981390,1,1,KCab-m,KCab-m_R,,,,,,,SIFa_to_target,hemibrain:v1.2.1,KC_alpha_beta,R
699031185,5812981667,1,1,KCab-m,KCab-m_R,,,,,,,SIFa_to_target,hemibrain:v1.2.1,KC_alpha_beta,R
699031185,5812981669,1,1,KCab-m,KCab-m_R,,,,,,,SIFa_to_target,hemibrain:v1.2.1,KC_alpha_beta,R
699031185,5812981676,1,1,KCab-s,KCab-s_R,,,,,,,SIFa_to_target,hemibrain:v1.2.1,KC_alpha_beta,R
699031185,5812981753,1,1,LHPV1c1,LHPV1c1_R,,,,,,,SIFa_to_target,hemibrain:v1.2.1,other,R
699031185,5812982252,1,1,KCg-m,KCg-m_R,,,,,,,SIFa_to_target,hemibrain:v1.2.1,KC_gamma,R
699031185,5812982403,1,1,KCg-m,KCg-m_R,,,,,,,SIFa_to_target,hemibrain:v1.2.1,KC_gamma,R
699031185,5812982420,1,1,KCg-m,KCg-m_R,,,,,,,SIFa_to_target,hemibrain:v1.2.1,KC_gamma,R
699031185,5812983131,2,2,KCab-m,KCab-m_R,,,,,,,SIFa_to_target,hemibrain:v1.2.1,KC_alpha_beta,R
699031185,5812983174,1,1,KCa'b'-m,KCa'b'-m_R,,,,,,,SIFa_to_target,hemibrain:v1.2.1,KC_alpha_prime_beta_prime,R
699031185,5812983303,1,1,KCab-s,KCab-s_R,,,,,,,SIFa_to_target,hemibrain:v1.2.1,KC_alpha_beta,R
699031185,5812983346,1,1,KCab-m,KCab-m_R,,,,,,,SIFa_to_target,hemibrain:v1.2.1,KC_alpha_beta,R
699031185,5812983427,1,1,KCab-c,KCab-c_R,,,,,,,SIFa_to_target,hemibrain:v1.2.1,KC_alpha_beta,R
699031185,5812986772,1,1,FS4A,FS4A(AB)(FQ12)_C2_R,,,,,,,SIFa_to_target,hemibrain:v1.2.1,other,R
699031185,5812995298,3,3,M_lvPNm35,M_lvPNm35_R,,,,,,,SIFa_to_target,hemibrain:v1.2.1,other,R
699031185,5812996810,1,1,ORN_DC4,ORN_DC4_L,,,,,,,SIFa_to_target,hemibrain:v1.2.1,other,R
699031185,5813001741,1,1,l-LNv,l-LNv,,,,,,,SIFa_to_target,hemibrain:v1.2.1,PDF_positive_LNv,R
699031185,5813004600,1,1,ORN_VL1,ORN_VL1_R,,,,,,,SIFa_to_target,hemibrain:v1.2.1,other,R
699031185,5813009424,1,1,SMP095,SMP095(ADM04)_L,,,,,,,SIFa_to_target,hemibrain:v1.2.1,other,R
699031185,5813009651,2,2,SMP480,SMP480_R,,,,,,,SIFa_to_target,hemibrain:v1.2.1,other,R
699031185,5813009740,1,1,SIP047,SIP047_R,,,,,,,SIFa_to_target,hemibrain:v1.2.1,other,R
699031185,5813009800,1,1,LHPV6a9_a,LHPV6a9_a_R,,,,,,,SIFa_to_target,hemibrain:v1.2.1,other,R
699031185,5813010148,1,1,FB1F,FB1F_R,,,,,,,SIFa_to_target,hemibrain:v1.2.1,other,R
699031185,5813010525,1,1,LHAV4d4,LHAV4d4_R,,,,,,,SIFa_to_target,hemibrain:v1.2.1,other,R
699031185,5813011840,2,1,CRE055,CRE055_R,,,,,,,SIFa_to_target,hemibrain:v1.2.1,other,R
699031185,5813012048,1,1,LHPV6l1,LHPV6l1_R,,,,,,,SIFa_to_target,hemibrain:v1.2.1,other,R
699031185,5813013792,1,1,LHAV2a3,LHAV2a3_R,,,,,,,SIFa_to_target,hemibrain:v1.2.1,other,R
699031185,5813014242,1,1,,,,,,,,,SIFa_to_target,hemibrain:v1.2.1,other,R
699031185,5813014873,2,1,EPG,EPG(PB08)_R1,,,,,,,SIFa_to_target,hemibrain:v1.2.1,other,R
699031185,5813018460,1,1,il3LN6,il3LN6_R,,,,,,,SIFa_to_target,hemibrain:v1.2.1,other,R
699031185,5813019607,2,2,PPL106,PPL106(a3)(PDL05)_L,,,,,,,SIFa_to_target,hemibrain:v1.2.1,DAN,R
699031185,5813020673,1,1,SMP252,SMP252_R,,,,,,,SIFa_to_target,hemibrain:v1.2.1,other,R
699031185,5813020828,1,1,MBON18,MBON18(a2sc)_R,,,,,,,SIFa_to_target,hemibrain:v1.2.1,MBON,R
699031185,5813020996,1,1,SMP384,SMP384(PDM09)_L,,,,,,,SIFa_to_target,hemibrain:v1.2.1,other,R
699031185,5813021263,1,1,KCab-s,KCab-s_R,,,,,,,SIFa_to_target,hemibrain:v1.2.1,KC_alpha_beta,R
699031185,5813021291,2,2,MB-C1,MB-C1_R,,,,,,,SIFa_to_target,hemibrain:v1.2.1,other,R
699031185,5813021314,1,1,KCab-m,KCab-m_R,,,,,,,SIFa_to_target,hemibrain:v1.2.1,KC_alpha_beta,R
699031185,5813021449,3,3,KCab-m,KCab-m_R,,,,,,,SIFa_to_target,hemibrain:v1.2.1,KC_alpha_beta,R
699031185,5813021465,1,1,KCab-m,KCab-m_R,,,,,,,SIFa_to_target,hemibrain:v1.2.1,KC_alpha_beta,R
699031185,5813021806,1,1,KCa'b'-ap2,KCa'b'-ap2_R,,,,,,,SIFa_to_target,hemibrain:v1.2.1,KC_alpha_prime_beta_prime,R
699031185,5813022042,2,2,KCab-c,KCab-c_R,,,,,,,SIFa_to_target,hemibrain:v1.2.1,KC_alpha_beta,R
699031185,5813022617,2,2,PS072,PS072_R,,,,,,,SIFa_to_target,hemibrain:v1.2.1,other,R
699031185,5813024601,2,2,VA1v_adPN,VA1v_adPN_R,,,,,,,SIFa_to_target,hemibrain:v1.2.1,other,R
699031185,5813024692,1,1,M_adPNm3,M_adPNm3_R,,,,,,,SIFa_to_target,hemibrain:v1.2.1,other,R
699031185,5813024698,12,7,lLN2F_b,lLN2F_b(Full)_R,,,,,,,SIFa_to_target,hemibrain:v1.2.1,other,R
699031185,5813024710,3,3,DL2d_adPN,DL2d_adPN_R,,,,,,,SIFa_to_target,hemibrain:v1.2.1,other,R
699031185,5813025323,1,1,,,,,,,,,SIFa_to_target,hemibrain:v1.2.1,other,R
699031185,5813025654,1,1,ORN_VL1,ORN_VL1_R,,,,,,,SIFa_to_target,hemibrain:v1.2.1,other,R
699031185,5813026773,3,2,l-LNv,l-LNv,,,,,,,SIFa_to_target,hemibrain:v1.2.1,PDF_positive_LNv,R
699031185,5813027016,2,2,FB4Y,FB4Y(EB/NO1)_R,,,,,,,SIFa_to_target,hemibrain:v1.2.1,other,R
699031185,5813032595,2,2,lLN2T_a,lLN2T_a(Tortuous)_R,,,,,,,SIFa_to_target,hemibrain:v1.2.1,other,R
699031185,5813032734,1,1,KCab-m,KCab-m_R,,,,,,,SIFa_to_target,hemibrain:v1.2.1,KC_alpha_beta,R
699031185,5813033277,1,1,KCab-m,KCab-m_R,,,,,,,SIFa_to_target,hemibrain:v1.2.1,KC_alpha_beta,R
699031185,5813033279,1,1,aMe14b,aMe14b(aDT7)_R,,,,,,,SIFa_to_target,hemibrain:v1.2.1,other,R
699031185,5813034306,1,1,v2LN34B,v2LN34b_R,,,,,,,SIFa_to_target,hemibrain:v1.2.1,other,R
699031185,5813034469,3,2,PS072,PS072_R,,,,,,,SIFa_to_target,hemibrain:v1.2.1,other,R
699031185,5813034493,3,2,lLN2T_b,lLN2T_b(Tortuous)_R,,,,,,,SIFa_to_target,hemibrain:v1.2.1,other,R
699031185,5813034531,2,2,lLN2R_a,lLN2R_a(Regional)_R,,,,,,,SIFa_to_target,hemibrain:v1.2.1,other,R
699031185,5813034689,1,1,ORN_VL1,ORN_VL1_R,,,,,,,SIFa_to_target,hemibrain:v1.2.1,other,R
699031185,5813035858,1,1,,(PDM14)_L,,,,,,,SIFa_to_target,hemibrain:v1.2.1,other,R
699031185,5813038793,1,1,DL2v_adPN,DL2v_adPN_R,,,,,,,SIFa_to_target,hemibrain:v1.2.1,other,R
699031185,5813039309,25,14,lLN2P_b,lLN2P_b(Patchy)_R,,,,,,,SIFa_to_target,hemibrain:v1.2.1,other,R
699031185,5813039465,7,5,DL2v_adPN,DL2v_adPN_R,,,,,,,SIFa_to_target,hemibrain:v1.2.1,other,R
699031185,5813044712,1,1,FB4Z,FB4Z_L,,,,,,,SIFa_to_target,hemibrain:v1.2.1,other,R
699031185,5813045696,1,1,M_vPNml86,M_vPNml86_R,,,,,,,SIFa_to_target,hemibrain:v1.2.1,other,R
699031185,5813047192,1,1,LHAV1d2_b,LHAV1d2_b_R,,,,,,,SIFa_to_target,hemibrain:v1.2.1,other,R
699031185,5813047221,1,1,KCa'b'-m,KCa'b'-m_R,,,,,,,SIFa_to_target,hemibrain:v1.2.1,KC_alpha_prime_beta_prime,R
699031185,5813047647,1,1,ER2_c,ER2_c(ring)_R,,,,,,,SIFa_to_target,hemibrain:v1.2.1,other,R
699031185,5813047683,2,2,LHPV6q1,LHPV6q1_R,,,,,,,SIFa_to_target,hemibrain:v1.2.1,other,R
699031185,5813047739,1,1,SMP367,SMP367_R,,,,,,,SIFa_to_target,hemibrain:v1.2.1,other,R
699031185,5813047811,1,1,,,,,,,,,SIFa_to_target,hemibrain:v1.2.1,other,R
699031185,5813048042,3,3,Delta7,Delta7(PB15)_L5R4_L,,,,,,,SIFa_to_target,hemibrain:v1.2.1,other,R
699031185,5813048182,1,1,hDeltaB,hDeltaB_07_C6,,,,,,,SIFa_to_target,hemibrain:v1.2.1,other,R
699031185,5813049380,2,2,SIP029,SIP029_R,,,,,,,SIFa_to_target,hemibrain:v1.2.1,other,R
699031185,5813049920,1,1,LHPV6g1,LHPV6g1_R,,,,,,,SIFa_to_target,hemibrain:v1.2.1,other,R
699031185,5813050359,1,1,,,,,,,,,SIFa_to_target,hemibrain:v1.2.1,other,R
699031185,5813050727,1,1,VM7d_adPN,VM7d_adPN_R,,,,,,,SIFa_to_target,hemibrain:v1.2.1,other,R
699031185,5813050818,1,1,KCab-m,KCab-m_R,,,,,,,SIFa_to_target,hemibrain:v1.2.1,KC_alpha_beta,R
699031185,5813054173,1,1,vDeltaB,vDeltaB_C9,,,,,,,SIFa_to_target,hemibrain:v1.2.1,other,R
699031185,5813054342,1,1,KCab-s,KCab-s_R,,,,,,,SIFa_to_target,hemibrain:v1.2.1,KC_alpha_beta,R
699031185,5813054622,3,2,lLN1_b,lLN1_b_R,,,,,,,SIFa_to_target,hemibrain:v1.2.1,other,R
699031185,5813054726,1,1,lLN2T_a,lLN2T_a(Tortuous)_R,,,,,,,SIFa_to_target,hemibrain:v1.2.1,other,R
699031185,5813054777,2,1,lLN1_b,lLN1_b_R,,,,,,,SIFa_to_target,hemibrain:v1.2.1,other,R
699031185,5813054961,1,1,WED049,WED049_R,,,,,,,SIFa_to_target,hemibrain:v1.2.1,other,R
699031185,5813055184,1,1,D_adPN,D_adPN_R,,,,,,,SIFa_to_target,hemibrain:v1.2.1,other,R
699031185,5813055277,4,2,lLN2T_a,lLN2T_a(Tortuous)_R,,,,,,,SIFa_to_target,hemibrain:v1.2.1,other,R
699031185,5813055820,1,1,,,,,,,,,SIFa_to_target,hemibrain:v1.2.1,other,R
699031185,5813055865,4,4,LHAD1f2,LHAD1f2_R,,,,,,,SIFa_to_target,hemibrain:v1.2.1,other,R
699031185,5813055913,4,3,FB1C,FB1C(NO1/NO3)_R,,,,,,,SIFa_to_target,hemibrain:v1.2.1,other,R
699031185,5813056012,1,1,PFNp_b,PFNp_b(PB01b)_L7_C6,,,,,,,SIFa_to_target,hemibrain:v1.2.1,other,R
699031185,5813056028,1,1,SLP438,SLP438_R,,,,,,,SIFa_to_target,hemibrain:v1.2.1,other,R
699031185,5813056327,1,1,KCa'b'-m,KCa'b'-m_R,,,,,,,SIFa_to_target,hemibrain:v1.2.1,KC_alpha_prime_beta_prime,R
699031185,5813056596,4,2,DC4_adPN,DC4_adPN_R,,,,,,,SIFa_to_target,hemibrain:v1.2.1,other,R
699031185,5813056598,3,3,lLN2T_a,lLN2T_a(Tortuous)_R,,,,,,,SIFa_to_target,hemibrain:v1.2.1,other,R
699031185,5813056759,5,5,,,,,,,,,SIFa_to_target,hemibrain:v1.2.1,other,R
699031185,5813057274,3,2,FB4Y,FB4Y(EB/NO1)_L,,,,,,,SIFa_to_target,hemibrain:v1.2.1,other,R
699031185,5813057573,1,1,KCab-c,KCab-c_R,,,,,,,SIFa_to_target,hemibrain:v1.2.1,KC_alpha_beta,R
699031185,5813057637,4,2,,LN,,,,,,,SIFa_to_target,hemibrain:v1.2.1,other,R
699031185,5813057738,1,1,FB5X,FB5X_L,,,,,,,SIFa_to_target,hemibrain:v1.2.1,other,R
699031185,5813058258,1,1,AVLP473,AVLP473(PDL18)_L,,,,,,,SIFa_to_target,hemibrain:v1.2.1,other,R
699031185,5813060726,2,2,ExR5,ExR5(ring)_R,,,,,,,SIFa_to_target,hemibrain:v1.2.1,other,R
699031185,5813061383,1,1,Delta7,Delta7(PB15)_L1L9R8_R,,,,,,,SIFa_to_target,hemibrain:v1.2.1,other,R
699031185,5813061530,2,2,LHAV4a5,LHAV4a5_R,,,,,,,SIFa_to_target,hemibrain:v1.2.1,other,R
699031185,5813062199,3,3,lLN1_c,lLN1_c_R,,,,,,,SIFa_to_target,hemibrain:v1.2.1,other,R
699031185,5813062592,1,1,FB5V,FB5V_L,,,,,,,SIFa_to_target,hemibrain:v1.2.1,other,R
699031185,5813062866,11,10,SIFa,SIFa(PDM34),,,,,,,SIFa_to_target,hemibrain:v1.2.1,other,R
699031185,5813065443,2,1,KCab-s,KCab-s_R,,,,,,,SIFa_to_target,hemibrain:v1.2.1,KC_alpha_beta,R
699031185,5813067488,1,1,,CB(PDM08)_L,,,,,,,SIFa_to_target,hemibrain:v1.2.1,other,R
699031185,5813068690,1,1,KCa'b'-m,KCa'b'-m_R,,,,,,,SIFa_to_target,hemibrain:v1.2.1,KC_alpha_prime_beta_prime,R
699031185,5813068729,4,4,MBON14,MBON14(a3)_R,,,,,,,SIFa_to_target,hemibrain:v1.2.1,MBON,R
699031185,5813068976,1,1,,LPTC contra4 LO/LOP?,,,,,,,SIFa_to_target,hemibrain:v1.2.1,other,R
699031185,5813069055,3,2,lLN1_b,lLN1_b_R,,,,,,,SIFa_to_target,hemibrain:v1.2.1,other,R
699031185,5813069085,1,1,lLN2S,lLN2S(Star)_R,,,,,,,SIFa_to_target,hemibrain:v1.2.1,other,R
699031185,5813069089,5,2,VL2a_adPN,VL2a_adPN_R,,,,,,,SIFa_to_target,hemibrain:v1.2.1,other,R
699031185,5813070872,2,1,DM6_adPN,DM6_adPN_R,,,,,,,SIFa_to_target,hemibrain:v1.2.1,other,R
699031185,5813075020,1,1,MB-C1,MB-C1_R,,,,,,,SIFa_to_target,hemibrain:v1.2.1,other,R
699031185,5813075715,2,2,aMe6c,aMe6c,,,,,,,SIFa_to_target,hemibrain:v1.2.1,other,R
699031185,5813075728,1,1,vDeltaE,vDeltaE_C6,,,,,,,SIFa_to_target,hemibrain:v1.2.1,other,R
699031185,5813077544,2,1,EPG,EPG(PB08)_R1,,,,,,,SIFa_to_target,hemibrain:v1.2.1,other,R
699031185,5813078241,1,1,,,,,,,,,SIFa_to_target,hemibrain:v1.2.1,other,R
699031185,5813078440,2,2,lLN1_b,lLN1_b_R,,,,,,,SIFa_to_target,hemibrain:v1.2.1,other,R
699031185,5813078507,1,1,KCab-s,KCab-s_R,,,,,,,SIFa_to_target,hemibrain:v1.2.1,KC_alpha_beta,R
699031185,5813078526,1,1,,,,,,,,,SIFa_to_target,hemibrain:v1.2.1,other,R
699031185,5813078552,1,1,KCab-s,KCab-s_R,,,,,,,SIFa_to_target,hemibrain:v1.2.1,KC_alpha_beta,R
699031185,5813079174,1,1,KCab-m,KCab-m_R,,,,,,,SIFa_to_target,hemibrain:v1.2.1,KC_alpha_beta,R
699031185,5813080343,2,2,KCab-m,KCab-m_R,,,,,,,SIFa_to_target,hemibrain:v1.2.1,KC_alpha_beta,R
699031185,5813080838,1,1,EPG,EPG(PB08)_R3,,,,,,,SIFa_to_target,hemibrain:v1.2.1,other,R
699031185,5813083719,1,1,KCab-m,KCab-m_R,,,,,,,SIFa_to_target,hemibrain:v1.2.1,KC_alpha_beta,R
699031185,5813089804,1,1,KCab-m,KCab-m_R,,,,,,,SIFa_to_target,hemibrain:v1.2.1,KC_alpha_beta,R
699031185,5813094916,2,2,SMP221,SMP221_R,,,,,,,SIFa_to_target,hemibrain:v1.2.1,other,R
699031185,5813098080,1,1,LHAV4a1_b,LHAV4a1_b_R,,,,,,,SIFa_to_target,hemibrain:v1.2.1,other,R
699031185,5813104096,1,1,KCg-m,KCg-m_R,,,,,,,SIFa_to_target,hemibrain:v1.2.1,KC_gamma,R
699031185,5813105172,7,7,DPM,DPM_R,,,,,,,SIFa_to_target,hemibrain:v1.2.1,DPM,R
699031185,5813108981,2,2,PS072,PS072_R,,,,,,,SIFa_to_target,hemibrain:v1.2.1,other,R
699031185,5813109120,1,1,,,,,,,,,SIFa_to_target,hemibrain:v1.2.1,other,R
699031185,5813111271,1,1,SMP482,SMP482(PDM15)_L,,,,,,,SIFa_to_target,hemibrain:v1.2.1,other,R
699031185,5813111272,1,1,CL236,CL236(PDM22)_L,,,,,,,SIFa_to_target,hemibrain:v1.2.1,other,R
699031185,5813117385,1,1,MBON27,MBON27(y5d)_R,,,,,,,SIFa_to_target,hemibrain:v1.2.1,MBON,R
699031185,5813128237,1,1,vDeltaA_b,vDeltaA_b_C5,,,,,,,SIFa_to_target,hemibrain:v1.2.1,other,R
699031185,5813128431,1,1,FS4B,FS4B(FQ12)_C7_L,,,,,,,SIFa_to_target,hemibrain:v1.2.1,other,R
699031185,5813128857,1,1,KCab-c,KCab-c_R,,,,,,,SIFa_to_target,hemibrain:v1.2.1,KC_alpha_beta,R
699031185,5813129271,1,1,FC2C,FC2C(FQ7)_C8_L,,,,,,,SIFa_to_target,hemibrain:v1.2.1,other,R
699031185,5813132949,14,12,lLN2P_c,lLN2P_c(Patchy)_R,,,,,,,SIFa_to_target,hemibrain:v1.2.1,other,R
699031185,5813133450,1,1,IB097,IB097_L,,,,,,,SIFa_to_target,hemibrain:v1.2.1,other,R
699031185,5901206553,1,1,il3LN6,il3LN6_L,,,,,,,SIFa_to_target,hemibrain:v1.2.1,other,R
699031185,5901218894,2,1,lLN2F_a,lLN2F_a(Full)_R,,,,,,,SIFa_to_target,hemibrain:v1.2.1,other,R
699031185,5901231246,1,1,,,,,,,,,SIFa_to_target,hemibrain:v1.2.1,other,R
699031185,7112622079,4,4,,,,,,,,,SIFa_to_target,hemibrain:v1.2.1,other,R
1137590785,203594175,1,1,FS4A,FS4A(AB)(FQ12)_C4_R,,,,,,,SIFa_to_target,hemibrain:v1.2.1,other,R
1137590785,203598542,1,1,FS4B,FS4B(FQ12)_C4_R,,,,,,,SIFa_to_target,hemibrain:v1.2.1,other,R
1137590785,296855409,1,1,FB8I,FB8I_R,,,,,,,SIFa_to_target,hemibrain:v1.2.1,other,R
1137590785,327566137,1,1,FS4A,FS4A(FQ12)_C4_L,,,,,,,SIFa_to_target,hemibrain:v1.2.1,other,R
1137590785,328010530,1,1,SMP454,SMP454(PDM12)_L,,,,,,,SIFa_to_target,hemibrain:v1.2.1,other,R
1137590785,358281935,1,1,SMP218,SMP218_R,,,,,,,SIFa_to_target,hemibrain:v1.2.1,other,R
1137590785,387364605,2,1,EPG,EPG(PB08)_L3,,,,,,,SIFa_to_target,hemibrain:v1.2.1,other,R
1137590785,390024952,1,1,SMP261,SMP261_R,,,,,,,SIFa_to_target,hemibrain:v1.2.1,other,R
1137590785,423770604,1,1,FB5I,FB5I_R,,,,,,,SIFa_to_target,hemibrain:v1.2.1,other,R
1137590785,449438847,1,1,EPG,EPG(PB08)_L3,,,,,,,SIFa_to_target,hemibrain:v1.2.1,other,R
1137590785,508793049,2,2,PEN_a(PEN1),PEN_a(PB06a)_L7,,,,,,,SIFa_to_target,hemibrain:v1.2.1,other,R
1137590785,509410587,6,5,PEN_a(PEN1),PEN_a(PB06a)_R4,,,,,,,SIFa_to_target,hemibrain:v1.2.1,other,R
1137590785,517280671,1,1,SMP092,SMP092(ADM04)_L,,,,,,,SIFa_to_target,hemibrain:v1.2.1,other,R
1137590785,541127846,5,4,ExR5,ExR5(ring)_L,,,,,,,SIFa_to_target,hemibrain:v1.2.1,other,R
1137590785,544857657,1,1,,,,,,,,,SIFa_to_target,hemibrain:v1.2.1,other,R
1137590785,545224254,2,2,,,,,,,,,SIFa_to_target,hemibrain:v1.2.1,other,R
1137590785,548993536,2,2,SMP473,SMP473_R,,,,,,,SIFa_to_target,hemibrain:v1.2.1,other,R
1137590785,549347735,1,1,SMP092,SMP092(ADM04)_L,,,,,,,SIFa_to_target,hemibrain:v1.2.1,other,R
1137590785,569395077,1,1,FR2,FR2(FQ4)_C4_R_small,,,,,,,SIFa_to_target,hemibrain:v1.2.1,other,R
1137590785,570461892,1,1,PEN_a(PEN1),PEN_a(PB06a)_R3,,,,,,,SIFa_to_target,hemibrain:v1.2.1,other,R
1137590785,576243061,1,1,,(MBDLaxon1),,,,,,,SIFa_to_target,hemibrain:v1.2.1,other,R
1137590785,604989608,1,1,,(PDM16)_L,,,,,,,SIFa_to_target,hemibrain:v1.2.1,other,R
1137590785,610018976,1,1,,(MBDLaxon1),,,,,,,SIFa_to_target,hemibrain:v1.2.1,other,R
1137590785,611262552,2,1,,(dMS6)(MBDLaxon1),,,,,,,SIFa_to_target,hemibrain:v1.2.1,other,R
1137590785,611814312,1,1,FB4F_a,FB4F_a_L,,,,,,,SIFa_to_target,hemibrain:v1.2.1,other,R
1137590785,632155800,1,1,PFNv,PFNv(PB05)_R6_C5,,,,,,,SIFa_to_target,hemibrain:v1.2.1,other,R
1137590785,634608104,3,1,PEN_a(PEN1),PEN_a(PB06a)_L2,,,,,,,SIFa_to_target,hemibrain:v1.2.1,other,R
1137590785,634962055,1,1,EPG,EPG(PB08)_L4,,,,,,,SIFa_to_target,hemibrain:v1.2.1,other,R
1137590785,635523991,1,1,,,,,,,,,SIFa_to_target,hemibrain:v1.2.1,other,R
1137590785,637923999,1,1,,,,,,,,,SIFa_to_target,hemibrain:v1.2.1,other,R
1137590785,663190769,8,6,PEN_a(PEN1),PEN_a(PB06a)_R6,,,,,,,SIFa_to_target,hemibrain:v1.2.1,other,R
1137590785,664645558,4,4,PEN_a(PEN1),PEN_a(PB06a)_L6,,,,,,,SIFa_to_target,hemibrain:v1.2.1,other,R
1137590785,665314820,1,1,EPG,EPG(PB08)_L4,,,,,,,SIFa_to_target,hemibrain:v1.2.1,other,R
1137590785,667615836,3,2,,,,,,,,,SIFa_to_target,hemibrain:v1.2.1,other,R
1137590785,672598344,3,2,,(MBDLaxon1),,,,,,,SIFa_to_target,hemibrain:v1.2.1,other,R
1137590785,693755250,1,1,PEN_b(PEN2),PEN_b(PB06b)_R7,,,,,,,SIFa_to_target,hemibrain:v1.2.1,other,R
1137590785,694920753,2,1,EPG,EPG(PB08)_R5,,,,,,,SIFa_to_target,hemibrain:v1.2.1,other,R
1137590785,696362840,1,1,EPG,EPG(PB08)_L5,,,,,,,SIFa_to_target,hemibrain:v1.2.1,other,R
1137590785,696682163,1,1,EL,EL(EQ5)_L,,,,,,,SIFa_to_target,hemibrain:v1.2.1,other,R
1137590785,697001770,1,1,EPG,EPG(PB08)_L2,,,,,,,SIFa_to_target,hemibrain:v1.2.1,other,R
1137590785,698785166,1,1,,,,,,,,,SIFa_to_target,hemibrain:v1.2.1,other,R
1137590785,698970725,1,1,WEDPN12,WEDPN12_R,,,,,,,SIFa_to_target,hemibrain:v1.2.1,other,R
1137590785,699031185,8,8,SIFa,SIFa(PDM34),,,,,,,SIFa_to_target,hemibrain:v1.2.1,other,R
1137590785,724280817,1,1,PEN_b(PEN2),PEN_b(PB06b)_R2,,,,,,,SIFa_to_target,hemibrain:v1.2.1,other,R
1137590785,725942718,4,3,EL,EL(EQ5)_R,,,,,,,SIFa_to_target,hemibrain:v1.2.1,other,R
1137590785,725951521,3,1,EPG,EPG(PB08)_R5,,,,,,,SIFa_to_target,hemibrain:v1.2.1,other,R
1137590785,725951660,5,2,EL,EL(EQ5)_R,,,,,,,SIFa_to_target,hemibrain:v1.2.1,other,R
1137590785,730407392,1,1,,,,,,,,,SIFa_to_target,hemibrain:v1.2.1,other,R
1137590785,757055317,2,1,PEN_a(PEN1),PEN_a(PB06a)_L4,,,,,,,SIFa_to_target,hemibrain:v1.2.1,other,R
1137590785,758419409,2,2,EPG,EPG(PB08)_L3,,,,,,,SIFa_to_target,hemibrain:v1.2.1,other,R
1137590785,760798618,4,3,,(MBDLaxon1),,,,,,,SIFa_to_target,hemibrain:v1.2.1,other,R
1137590785,761096077,2,1,,(MBDLaxon1),,,,,,,SIFa_to_target,hemibrain:v1.2.1,other,R
1137590785,765245188,1,1,SMP546,SMP546(PDM27)_L,,,,,,,SIFa_to_target,hemibrain:v1.2.1,other,R
1137590785,787779388,1,1,vDeltaA_b,vDeltaA_b_C5,,,,,,,SIFa_to_target,hemibrain:v1.2.1,other,R
1137590785,788729370,1,1,hDeltaG,hDeltaG_07_C4,,,,,,,SIFa_to_target,hemibrain:v1.2.1,other,R
1137590785,788794171,1,1,EPG,EPG(PB08)_L6,,,,,,,SIFa_to_target,hemibrain:v1.2.1,other,R
1137590785,789765346,1,1,hDeltaL,hDeltaL_08_C7,,,,,,,SIFa_to_target,hemibrain:v1.2.1,other,R
1137590785,791457874,2,1,,(MBDLaxon1),,,,,,,SIFa_to_target,hemibrain:v1.2.1,other,R
1137590785,800286386,1,1,CRE080,CRE080_R,,,,,,,SIFa_to_target,hemibrain:v1.2.1,other,R
1137590785,820144012,3,3,EL,EL(EQ5)_L,,,,,,,SIFa_to_target,hemibrain:v1.2.1,other,R
1137590785,823879266,1,1,,(MBDLaxon1),,,,,,,SIFa_to_target,hemibrain:v1.2.1,other,R
1137590785,826659627,1,1,FS1B,FS1B(FQ9)_C7_L,,,,,,,SIFa_to_target,hemibrain:v1.2.1,other,R
1137590785,847336755,7,5,PEN_a(PEN1),PEN_a(PB06a)_R6,,,,,,,SIFa_to_target,hemibrain:v1.2.1,other,R
1137590785,849059197,1,1,hDeltaK,hDeltaK_03_C3,,,,,,,SIFa_to_target,hemibrain:v1.2.1,other,R
1137590785,849482511,2,1,PEN_a(PEN1),PEN_a(PB06a)_L4,,,,,,,SIFa_to_target,hemibrain:v1.2.1,other,R
1137590785,849745643,1,1,hDeltaH,hDeltaH_03_C2,,,,,,,SIFa_to_target,hemibrain:v1.2.1,other,R
1137590785,850181951,1,1,FS1B,FS1B(FQ9)_C4_L,,,,,,,SIFa_to_target,hemibrain:v1.2.1,other,R
1137590785,850898421,16,13,DM3_adPN,DM3_adPN_L,,,,,,,SIFa_to_target,hemibrain:v1.2.1,other,R
1137590785,858812398,1,1,CL111,CL111_R,,,,,,,SIFa_to_target,hemibrain:v1.2.1,other,R
1137590785,859372751,1,1,FB5A,FB5A_L,,,,,,,SIFa_to_target,hemibrain:v1.2.1,other,R
1137590785,859977121,1,1,FB4Q_a,FB4Q_a_R,,,,,,,SIFa_to_target,hemibrain:v1.2.1,other,R
1137590785,880771722,2,1,hDeltaA,hDeltaA_03_C3,,,,,,,SIFa_to_target,hemibrain:v1.2.1,other,R
1137590785,881217171,2,1,LPsP,LPsP(PB13)_R,,,,,,,SIFa_to_target,hemibrain:v1.2.1,other,R
1137590785,886289222,1,1,vDeltaA_a,vDeltaA_a_C5,,,,,,,SIFa_to_target,hemibrain:v1.2.1,other,R
1137590785,890671753,1,1,FB5D,FB5D_R,,,,,,,SIFa_to_target,hemibrain:v1.2.1,other,R
1137590785,892458340,3,3,,,,,,,,,SIFa_to_target,hemibrain:v1.2.1,other,R
1137590785,893741163,1,1,FB4P_a,FB4P_a_R,,,,,,,SIFa_to_target,hemibrain:v1.2.1,other,R
1137590785,909777910,2,1,PFNa,PFNa(PB03)_R7_C4,,,,,,,SIFa_to_target,hemibrain:v1.2.1,other,R
1137590785,910093235,1,1,FC3,FC3(FQ8)_C4_R,,,,,,,SIFa_to_target,hemibrain:v1.2.1,other,R
1137590785,910438331,2,1,EPG,EPG(PB08)_R6,,,,,,,SIFa_to_target,hemibrain:v1.2.1,other,R
1137590785,910447075,3,1,PEN_a(PEN1),PEN_a(PB06a)_R5,,,,,,,SIFa_to_target,hemibrain:v1.2.1,other,R
1137590785,910787992,1,1,PFL1,PFL1(PB12a)_R5_C4,,,,,,,SIFa_to_target,hemibrain:v1.2.1,other,R
1137590785,911134017,1,1,PFL3,PFL3(PB12c)_R5_C3,,,,,,,SIFa_to_target,hemibrain:v1.2.1,other,R
1137590785,911802614,1,1,PFR_a,PFR_a(PB11a)_R6_C4,,,,,,,SIFa_to_target,hemibrain:v1.2.1,other,R
1137590785,911906936,1,1,Delta7,Delta7(PB15)_L3R6_R,,,,,,,SIFa_to_target,hemibrain:v1.2.1,other,R
1137590785,911911004,1,1,Delta7,Delta7(PB15)_L1L9R8_R,,,,,,,SIFa_to_target,hemibrain:v1.2.1,other,R
1137590785,911919044,2,2,Delta7,Delta7(PB15)_L6R3_L,,,,,,,SIFa_to_target,hemibrain:v1.2.1,other,R
1137590785,912191317,1,1,vDeltaC,vDeltaC_C8,,,,,,,SIFa_to_target,hemibrain:v1.2.1,other,R
1137590785,915273413,1,1,FB6J,FB6J_L,,,,,,,SIFa_to_target,hemibrain:v1.2.1,other,R
1137590785,916288692,1,1,FS2,FS2(FQ10)_C4_L,,,,,,,SIFa_to_target,hemibrain:v1.2.1,other,R
1137590785,917311596,1,1,vDeltaA_a,vDeltaA_a(AB)_C4,,,,,,,SIFa_to_target,hemibrain:v1.2.1,other,R
1137590785,941123943,1,1,PFL1,PFL1(PB12a)_R6_C3,,,,,,,SIFa_to_target,hemibrain:v1.2.1,other,R
1137590785,941132434,3,2,EPG,EPG(PB08)_R6,,,,,,,SIFa_to_target,hemibrain:v1.2.1,other,R
1137590785,941464932,1,1,,,,,,,,,SIFa_to_target,hemibrain:v1.2.1,other,R
1137590785,941482720,1,1,Delta7,Delta7(PB15)_L6R3_L,,,,,,,SIFa_to_target,hemibrain:v1.2.1,other,R
1137590785,942491983,2,2,EPG,EPG(PB08)_R6,,,,,,,SIFa_to_target,hemibrain:v1.2.1,other,R
1137590785,946308462,1,1,FS1A,FS1A(FQ9)_C4_L,,,,,,,SIFa_to_target,hemibrain:v1.2.1,other,R
1137590785,946632402,1,1,,,,,,,,,SIFa_to_target,hemibrain:v1.2.1,other,R
1137590785,949710555,1,1,ExR1,ExR1(ring)_R,,,,,,,SIFa_to_target,hemibrain:v1.2.1,other,R
1137590785,972892437,6,6,PEN_a(PEN1),PEN_a(PB06a)_R2,,,,,,,SIFa_to_target,hemibrain:v1.2.1,other,R
1137590785,973959177,1,1,Delta7,Delta7(PB15)_L6R3_L,,,,,,,SIFa_to_target,hemibrain:v1.2.1,other,R
1137590785,974645472,2,1,PFR_a,PFR_a(PB11a)_L3_C3,,,,,,,SIFa_to_target,hemibrain:v1.2.1,other,R
1137590785,977002560,1,1,FS1B,FS1B(FQ9)_C4_R,,,,,,,SIFa_to_target,hemibrain:v1.2.1,other,R
1137590785,978673646,1,1,FB6M,FB6M_R,,,,,,,SIFa_to_target,hemibrain:v1.2.1,other,R
1137590785,978733459,3,3,ExR5,ExR5(ring)_L,,,,,,,SIFa_to_target,hemibrain:v1.2.1,other,R
1137590785,979709436,1,1,vDeltaA_b,vDeltaA_b_C4,,,,,,,SIFa_to_target,hemibrain:v1.2.1,other,R
1137590785,988909130,1,1,FB5V,FB5V_R,,,,,,,SIFa_to_target,hemibrain:v1.2.1,other,R
1137590785,989228019,2,1,FB5V,FB5V_R,,,,,,,SIFa_to_target,hemibrain:v1.2.1,other,R
1137590785,1002507131,3,2,PEN_a(PEN1),PEN_a(PB06a)_R7,,,,,,,SIFa_to_target,hemibrain:v1.2.1,other,R
1137590785,1002507159,1,1,EPG,EPG(PB08)_R7,,,,,,,SIFa_to_target,hemibrain:v1.2.1,other,R
1137590785,1002852791,2,2,EPG,EPG(PB08)_R7,,,,,,,SIFa_to_target,hemibrain:v1.2.1,other,R
1137590785,1005710800,2,1,ExR7,ExR7(ring)_L,,,,,,,SIFa_to_target,hemibrain:v1.2.1,other,R
1137590785,1006984280,1,1,DNp31,DNp31_R,,,,,,,SIFa_to_target,hemibrain:v1.2.1,other,R
1137590785,1008378448,2,1,FB4Y,FB4Y(EB/NO1)_R,,,,,,,SIFa_to_target,hemibrain:v1.2.1,other,R
1137590785,1012112398,1,1,FB7D,FB7D_R,,,,,,,SIFa_to_target,hemibrain:v1.2.1,other,R
1137590785,1035045015,1,1,EPG,EPG(PB08)_L7,,,,,,,SIFa_to_target,hemibrain:v1.2.1,other,R
1137590785,1041697674,1,1,CL218,CL218_R,,,,,,,SIFa_to_target,hemibrain:v1.2.1,other,R
1137590785,1043113043,1,1,AVLP338,AVLP338_R,,,,,,,SIFa_to_target,hemibrain:v1.2.1,other,R
1137590785,1043151516,1,1,,,,,,,,,SIFa_to_target,hemibrain:v1.2.1,other,R
1137590785,1043518343,1,1,FB4Z,FB4Z_L,,,,,,,SIFa_to_target,hemibrain:v1.2.1,other,R
1137590785,1043825714,2,2,ExR5,ExR5(ring)_R,,,,,,,SIFa_to_target,hemibrain:v1.2.1,other,R
1137590785,1048975307,2,2,FB4P_a,FB4P_a_L,,,,,,,SIFa_to_target,hemibrain:v1.2.1,other,R
1137590785,1068885266,4,3,PVLP151,PVLP151(SCB004)_R,,,,,,,SIFa_to_target,hemibrain:v1.2.1,other,R
1137590785,1070950293,3,2,PVLP151,PVLP151(SCB004)_R,,,,,,,SIFa_to_target,hemibrain:v1.2.1,other,R
1137590785,1074860632,1,1,FB4Z,FB4Z_R,,,,,,,SIFa_to_target,hemibrain:v1.2.1,other,R
1137590785,1095275456,5,2,LPsP,LPsP(PB13)_L,,,,,,,SIFa_to_target,hemibrain:v1.2.1,other,R
1137590785,1100792636,7,5,FB4Y,FB4Y(EB/NO1)_L,,,,,,,SIFa_to_target,hemibrain:v1.2.1,other,R
1137590785,1101142279,2,2,FB4P_a,FB4P_a_L,,,,,,,SIFa_to_target,hemibrain:v1.2.1,other,R
1137590785,1101470303,2,2,vDeltaJ,vDeltaJ_C4,,,,,,,SIFa_to_target,hemibrain:v1.2.1,other,R
1137590785,1101474458,2,2,FB4P_a,FB4P_a_R,,,,,,,SIFa_to_target,hemibrain:v1.2.1,other,R
1137590785,1104790425,1,1,AVLP497,AVLP497_R,,,,,,,SIFa_to_target,hemibrain:v1.2.1,other,R
1137590785,1105886434,1,1,FB4Z,FB4Z_R,,,,,,,SIFa_to_target,hemibrain:v1.2.1,other,R
1137590785,1112090340,1,1,FB4E,FB4E_L,,,,,,,SIFa_to_target,hemibrain:v1.2.1,other,R
1137590785,1125964630,6,6,PEN_a(PEN1),PEN_a(PB06a)_R8,,,,,,,SIFa_to_target,hemibrain:v1.2.1,other,R
1137590785,1127423887,1,1,,(PDM26)_L,,,,,,,SIFa_to_target,hemibrain:v1.2.1,other,R
1137590785,1127471692,3,3,PEN_a(PEN1),PEN_a(PB06a)_L8,,,,,,,SIFa_to_target,hemibrain:v1.2.1,other,R
1137590785,1129042596,1,1,hDeltaI,hDeltaI_04_C4,,,,,,,SIFa_to_target,hemibrain:v1.2.1,other,R
1137590785,1129400917,1,1,hDeltaA,hDeltaA_04_C4,,,,,,,SIFa_to_target,hemibrain:v1.2.1,other,R
1137590785,1131831702,1,1,FB4K,FB4K_R,,,,,,,SIFa_to_target,hemibrain:v1.2.1,other,R
1137590785,1131840673,1,1,FB4R,FB4R_R,,,,,,,SIFa_to_target,hemibrain:v1.2.1,other,R
1137590785,1132163803,1,1,FC3,FC3(FQ8)_C4_L,,,,,,,SIFa_to_target,hemibrain:v1.2.1,other,R
1137590785,1132168616,1,1,FB4Q_b,FB4Q_b_R,,,,,,,SIFa_to_target,hemibrain:v1.2.1,other,R
1137590785,1138639954,1,1,,,,,,,,,SIFa_to_target,hemibrain:v1.2.1,other,R
1137590785,1158747783,2,1,Delta7,Delta7(PB15)_L7R2_L,,,,,,,SIFa_to_target,hemibrain:v1.2.1,other,R
1137590785,1159403919,1,1,hDeltaB,hDeltaB_03_C3,,,,,,,SIFa_to_target,hemibrain:v1.2.1,other,R
1137590785,1163185756,2,2,vDeltaK,vDeltaK_C4,,,,,,,SIFa_to_target,hemibrain:v1.2.1,other,R
1137590785,1163185997,1,1,hDeltaA,hDeltaA_13_C11,,,,,,,SIFa_to_target,hemibrain:v1.2.1,other,R
1137590785,1163522330,1,1,hDeltaM,hDeltaM_13_C7,,,,,,,SIFa_to_target,hemibrain:v1.2.1,other,R
1137590785,1165551524,1,1,hDeltaJ,hDeltaJ_11_C9,,,,,,,SIFa_to_target,hemibrain:v1.2.1,other,R
1137590785,1167295856,1,1,ER4d,ER4d(ring)_L,,,,,,,SIFa_to_target,hemibrain:v1.2.1,other,R
1137590785,1167295916,1,1,ER4d,ER4d(ring)_R,,,,,,,SIFa_to_target,hemibrain:v1.2.1,other,R
1137590785,1167563121,1,1,ER2_a,ER2_a(ring)_R,,,,,,,SIFa_to_target,hemibrain:v1.2.1,other,R
1137590785,1167891559,1,1,ER4d,ER4d(ring)_R,,,,,,,SIFa_to_target,hemibrain:v1.2.1,other,R
1137590785,1167896065,1,1,ER2_c,ER2_c(ring)_R,,,,,,,SIFa_to_target,hemibrain:v1.2.1,other,R
1137590785,1192152791,1,1,EL,EL(EQ5)_R,,,,,,,SIFa_to_target,hemibrain:v1.2.1,other,R
1137590785,1193879608,1,1,vDeltaM,vDeltaM_C4,,,,,,,SIFa_to_target,hemibrain:v1.2.1,other,R
1137590785,1196673506,1,1,hDeltaJ,hDeltaJ_04_C4,,,,,,,SIFa_to_target,hemibrain:v1.2.1,other,R
1137590785,1197993940,3,3,PEN_b(PEN2),PEN_b(PB06b)_R6,,,,,,,SIFa_to_target,hemibrain:v1.2.1,other,R
1137590785,1199517654,1,1,AVLP126,AVLP126_R,,,,,,,SIFa_to_target,hemibrain:v1.2.1,other,R
1137590785,1218732640,7,5,PEN_a(PEN1),PEN_a(PB06a)_R9,,,,,,,SIFa_to_target,hemibrain:v1.2.1,other,R
1137590785,1220576923,2,1,PEN_a(PEN1),PEN_a(PB06a)_L9,,,,,,,SIFa_to_target,hemibrain:v1.2.1,other,R
1137590785,1224590738,1,1,FC1F,FC1F(FQ6)_C4_L,,,,,,,SIFa_to_target,hemibrain:v1.2.1,other,R
1137590785,1225946873,1,1,FC1E,FC1E(FQ6)_C4_L,,,,,,,SIFa_to_target,hemibrain:v1.2.1,other,R
1137590785,1226978058,1,1,vDeltaM,vDeltaM_C4,,,,,,,SIFa_to_target,hemibrain:v1.2.1,other,R
1137590785,1227617128,2,2,hDeltaJ,hDeltaJ_11_C9,,,,,,,SIFa_to_target,hemibrain:v1.2.1,other,R
1137590785,1227735330,1,1,vDeltaB,vDeltaB_C8,,,,,,,SIFa_to_target,hemibrain:v1.2.1,other,R
1137590785,1257322613,1,1,vDeltaM,vDeltaM_C4,,,,,,,SIFa_to_target,hemibrain:v1.2.1,other,R
1137590785,1258682411,1,1,vDeltaK,vDeltaK_C3,,,,,,,SIFa_to_target,hemibrain:v1.2.1,other,R
1137590785,1259386264,2,1,ExR7,ExR7(ring)_R,,,,,,,SIFa_to_target,hemibrain:v1.2.1,other,R
1137590785,1265399790,3,3,,,,,,,,,SIFa_to_target,hemibrain:v1.2.1,other,R
1137590785,1283600055,7,7,,,,,,,,,SIFa_to_target,hemibrain:v1.2.1,other,R
1137590785,1292847181,1,1,ER4m,ER4m(ring)_R,,,,,,,SIFa_to_target,hemibrain:v1.2.1,other,R
1137590785,1320044239,1,1,vDeltaK,vDeltaK_C3,,,,,,,SIFa_to_target,hemibrain:v1.2.1,other,R
1137590785,1348057533,2,2,FB1C,FB1C(NO1/NO3)_L,,,,,,,SIFa_to_target,hemibrain:v1.2.1,other,R
1137590785,1353544607,1,1,PEN_b(PEN2),PEN_b(PB06b)_L8,,,,,,,SIFa_to_target,hemibrain:v1.2.1,other,R
1137590785,1380495496,2,1,PEN_a(PEN1),PEN_a(PB06a)_L6,,,,,,,SIFa_to_target,hemibrain:v1.2.1,other,R
1137590785,1380503545,4,4,DC2_adPN,DC2_adPN_L,,,,,,,SIFa_to_target,hemibrain:v1.2.1,other,R
1137590785,1381890038,1,1,,(PDM13)_L,,,,,,,SIFa_to_target,hemibrain:v1.2.1,other,R
1137590785,1387108784,2,2,,,,,,,,,SIFa_to_target,hemibrain:v1.2.1,other,R
1137590785,1416796844,1,1,,Ascending?,,,,,,,SIFa_to_target,hemibrain:v1.2.1,other,R
1137590785,1418618235,5,2,SIFa,SIFa(PDM34),,,,,,,SIFa_to_target,hemibrain:v1.2.1,other,R
1137590785,1437993629,1,1,,,,,,,,,SIFa_to_target,hemibrain:v1.2.1,other,R
1137590785,1440536290,1,1,,,,,,,,,SIFa_to_target,hemibrain:v1.2.1,other,R
1137590785,1442699865,1,1,PVLP039,PVLP039_R,,,,,,,SIFa_to_target,hemibrain:v1.2.1,other,R
1137590785,1443946326,1,1,vDeltaA_a,vDeltaA_a(AB)_C8,,,,,,,SIFa_to_target,hemibrain:v1.2.1,other,R
1137590785,1478487190,1,1,AVLP283,AVLP283_R,,,,,,,SIFa_to_target,hemibrain:v1.2.1,other,R
1137590785,1508334312,3,3,PEN_a(PEN1),PEN_a(PB06a)_L3,,,,,,,SIFa_to_target,hemibrain:v1.2.1,other,R
1137590785,1509098829,2,1,GLNO,GLNO(LAL-NO1)_L,,,,,,,SIFa_to_target,hemibrain:v1.2.1,other,R
1137590785,1539193374,1,1,AVLP152,AVLP152_R,,,,,,,SIFa_to_target,hemibrain:v1.2.1,other,R
1137590785,1539994995,1,1,GLNO,GLNO(LAL-NO1)_R,,,,,,,SIFa_to_target,hemibrain:v1.2.1,other,R
1137590785,1566178485,1,1,PVLP127,PVLP127_R,,,,,,,SIFa_to_target,hemibrain:v1.2.1,other,R
1137590785,1566182902,1,1,PVLP067,PVLP067_R,,,,,,,SIFa_to_target,hemibrain:v1.2.1,other,R
1137590785,1571263529,1,1,AVLP141,AVLP141_R,,,,,,,SIFa_to_target,hemibrain:v1.2.1,other,R
1137590785,1578658131,1,1,VA6_adPN,VA6_adPN_L,,,,,,,SIFa_to_target,hemibrain:v1.2.1,other,R
1137590785,1605194797,1,1,ORN_D,ORN_D,,,,,,,SIFa_to_target,hemibrain:v1.2.1,other,R
1137590785,1628973439,2,2,PVLP151,PVLP151(SCB004)_L,,,,,,,SIFa_to_target,hemibrain:v1.2.1,other,R
1137590785,1629085008,1,1,PFNp_c,PFNp_c(PB01c)_R5_C6,,,,,,,SIFa_to_target,hemibrain:v1.2.1,other,R
1137590785,1636238769,1,1,ORN_D,ORN_D,,,,,,,SIFa_to_target,hemibrain:v1.2.1,other,R
1137590785,1636898862,1,1,ORN_D,ORN_D,,,,,,,SIFa_to_target,hemibrain:v1.2.1,other,R
1137590785,1640059137,1,1,,,,,,,,,SIFa_to_target,hemibrain:v1.2.1,other,R
1137590785,1664367851,1,1,,,,,,,,,SIFa_to_target,hemibrain:v1.2.1,other,R
1137590785,1667251683,1,1,lLN2T_d,lLN2T_d(Tortuous)_R,,,,,,,SIFa_to_target,hemibrain:v1.2.1,other,R
1137590785,1669022248,1,1,,,,,,,,,SIFa_to_target,hemibrain:v1.2.1,other,R
1137590785,1669371911,2,1,,,,,,,,,SIFa_to_target,hemibrain:v1.2.1,other,R
1137590785,1669708692,10,7,,,,,,,,,SIFa_to_target,hemibrain:v1.2.1,other,R
1137590785,1669712657,1,1,,,,,,,,,SIFa_to_target,hemibrain:v1.2.1,other,R
1137590785,1670054341,1,1,,,,,,,,,SIFa_to_target,hemibrain:v1.2.1,other,R
1137590785,1670632284,1,1,ORN_DM3,ORN_DM3_R,,,,,,,SIFa_to_target,hemibrain:v1.2.1,other,R
1137590785,1670632390,2,1,ORN_DM3,ORN_DM3_R,,,,,,,SIFa_to_target,hemibrain:v1.2.1,other,R
1137590785,1670740108,8,6,,,,,,,,,SIFa_to_target,hemibrain:v1.2.1,other,R
1137590785,1671081024,1,1,,,,,,,,,SIFa_to_target,hemibrain:v1.2.1,other,R
1137590785,1671089468,1,1,,,,,,,,,SIFa_to_target,hemibrain:v1.2.1,other,R
1137590785,1671093590,3,1,,,,,,,,,SIFa_to_target,hemibrain:v1.2.1,other,R
1137590785,1671098298,1,1,,,,,,,,,SIFa_to_target,hemibrain:v1.2.1,other,R
1137590785,1671305698,1,1,ORN_D,ORN_D,,,,,,,SIFa_to_target,hemibrain:v1.2.1,other,R
1137590785,1671444112,1,1,,,,,,,,,SIFa_to_target,hemibrain:v1.2.1,other,R
1137590785,1671970762,1,1,ORN_D,ORN_D,,,,,,,SIFa_to_target,hemibrain:v1.2.1,other,R
1137590785,1691303322,2,2,AVLP122,AVLP122_R,,,,,,,SIFa_to_target,hemibrain:v1.2.1,other,R
1137590785,1698347801,1,1,,LN,,,,,,,SIFa_to_target,hemibrain:v1.2.1,other,R
1137590785,1699029767,1,1,,LN,,,,,,,SIFa_to_target,hemibrain:v1.2.1,other,R
1137590785,1700061115,1,1,,,,,,,,,SIFa_to_target,hemibrain:v1.2.1,other,R
1137590785,1700406697,1,1,,,,,,,,,SIFa_to_target,hemibrain:v1.2.1,other,R
1137590785,1700739143,1,1,,,,,,,,,SIFa_to_target,hemibrain:v1.2.1,other,R
1137590785,1701787539,1,1,,,,,,,,,SIFa_to_target,hemibrain:v1.2.1,other,R
1137590785,1702461399,2,1,,,,,,,,,SIFa_to_target,hemibrain:v1.2.1,other,R
1137590785,1702797989,1,1,,,,,,,,,SIFa_to_target,hemibrain:v1.2.1,other,R
1137590785,1703359176,1,1,ORN_D,ORN_D,,,,,,,SIFa_to_target,hemibrain:v1.2.1,other,R
1137590785,1703479954,11,7,DC2_adPN,DC2_adPN_L,,,,,,,SIFa_to_target,hemibrain:v1.2.1,other,R
1137590785,1721141438,1,1,,,,,,,,,SIFa_to_target,hemibrain:v1.2.1,other,R
1137590785,1729382486,1,1,,LN,,,,,,,SIFa_to_target,hemibrain:v1.2.1,other,R
1137590785,1729382594,1,1,,,,,,,,,SIFa_to_target,hemibrain:v1.2.1,other,R
1137590785,1731100059,1,1,,,,,,,,,SIFa_to_target,hemibrain:v1.2.1,other,R
1137590785,1731109418,3,2,,,,,,,,,SIFa_to_target,hemibrain:v1.2.1,other,R
1137590785,1731445581,1,1,,,,,,,,,SIFa_to_target,hemibrain:v1.2.1,other,R
1137590785,1732149440,1,1,,,,,,,,,SIFa_to_target,hemibrain:v1.2.1,other,R
1137590785,1732826994,1,1,,,,,,,,,SIFa_to_target,hemibrain:v1.2.1,other,R
1137590785,1733133826,1,1,,,,,,,,,SIFa_to_target,hemibrain:v1.2.1,other,R
1137590785,1733841337,2,2,,,,,,,,,SIFa_to_target,hemibrain:v1.2.1,other,R
1137590785,1759682777,1,1,,LN_L,,,,,,,SIFa_to_target,hemibrain:v1.2.1,other,R
1137590785,1760416814,1,1,,,,,,,,,SIFa_to_target,hemibrain:v1.2.1,other,R
1137590785,1761107807,1,1,,,,,,,,,SIFa_to_target,hemibrain:v1.2.1,other,R
1137590785,1761781437,2,2,,,,,,,,,SIFa_to_target,hemibrain:v1.2.1,other,R
1137590785,1762480849,1,1,,,,,,,,,SIFa_to_target,hemibrain:v1.2.1,other,R
1137590785,1763486106,1,1,,,,,,,,,SIFa_to_target,hemibrain:v1.2.1,other,R
1137590785,1763490398,1,1,,,,,,,,,SIFa_to_target,hemibrain:v1.2.1,other,R
1137590785,1763503684,2,1,,,,,,,,,SIFa_to_target,hemibrain:v1.2.1,other,R
1137590785,1763504137,1,1,,,,,,,,,SIFa_to_target,hemibrain:v1.2.1,other,R
1137590785,1763508726,2,2,,,,,,,,,SIFa_to_target,hemibrain:v1.2.1,other,R
1137590785,1763512289,1,1,,,,,,,,,SIFa_to_target,hemibrain:v1.2.1,other,R
1137590785,1764177065,1,1,,,,,,,,,SIFa_to_target,hemibrain:v1.2.1,other,R
1137590785,1764868059,1,1,,,,,,,,,SIFa_to_target,hemibrain:v1.2.1,other,R
1137590785,1783910467,2,1,,,,,,,,,SIFa_to_target,hemibrain:v1.2.1,other,R
1137590785,1791797463,3,3,,LN,,,,,,,SIFa_to_target,hemibrain:v1.2.1,other,R
1137590785,1793166240,1,1,,,,,,,,,SIFa_to_target,hemibrain:v1.2.1,other,R
1137590785,1793187485,2,1,,,,,,,,,SIFa_to_target,hemibrain:v1.2.1,other,R
1137590785,1793830263,1,1,,,,,,,,,SIFa_to_target,hemibrain:v1.2.1,other,R
1137590785,1794180118,4,1,,,,,,,,,SIFa_to_target,hemibrain:v1.2.1,other,R
1137590785,1794184464,2,2,,,,,,,,,SIFa_to_target,hemibrain:v1.2.1,other,R
1137590785,1794189491,1,1,,LN_L,,,,,,,SIFa_to_target,hemibrain:v1.2.1,other,R
1137590785,1794534791,1,1,,,,,,,,,SIFa_to_target,hemibrain:v1.2.1,other,R
1137590785,1795216886,1,1,,,,,,,,,SIFa_to_target,hemibrain:v1.2.1,other,R
1137590785,1795552995,2,1,,,,,,,,,SIFa_to_target,hemibrain:v1.2.1,other,R
1137590785,1795557760,1,1,,,,,,,,,SIFa_to_target,hemibrain:v1.2.1,other,R
1137590785,1795734228,1,1,lLN8,lLN8_R,,,,,,,SIFa_to_target,hemibrain:v1.2.1,other,R
1137590785,1795920360,1,1,,,,,,,,,SIFa_to_target,hemibrain:v1.2.1,other,R
1137590785,1825228330,2,1,,,,,,,,,SIFa_to_target,hemibrain:v1.2.1,other,R
1137590785,1825910334,3,3,,,,,,,,,SIFa_to_target,hemibrain:v1.2.1,other,R
1137590785,1826255721,1,1,,,,,,,,,SIFa_to_target,hemibrain:v1.2.1,other,R
1137590785,1826929308,2,1,,,,,,,,,SIFa_to_target,hemibrain:v1.2.1,other,R
1137590785,1854031434,2,2,AVLP103,AVLP103_R,,,,,,,SIFa_to_target,hemibrain:v1.2.1,other,R
1137590785,1854117634,1,1,,LN_L,,,,,,,SIFa_to_target,hemibrain:v1.2.1,other,R
1137590785,1854903512,1,1,,,,,,,,,SIFa_to_target,hemibrain:v1.2.1,other,R
1137590785,1854928808,1,1,,,,,,,,,SIFa_to_target,hemibrain:v1.2.1,other,R
1137590785,1855585325,1,1,,,,,,,,,SIFa_to_target,hemibrain:v1.2.1,other,R
1137590785,1856608488,2,1,,,,,,,,,SIFa_to_target,hemibrain:v1.2.1,other,R
1137590785,1856945375,1,1,,,,,,,,,SIFa_to_target,hemibrain:v1.2.1,other,R
1137590785,1856949106,1,1,,,,,,,,,SIFa_to_target,hemibrain:v1.2.1,other,R
1137590785,1857290503,1,1,,,,,,,,,SIFa_to_target,hemibrain:v1.2.1,other,R
1137590785,1877667406,1,1,VES045,VES045_R,,,,,,,SIFa_to_target,hemibrain:v1.2.1,other,R
1137590785,1887289453,1,1,,,,,,,,,SIFa_to_target,hemibrain:v1.2.1,other,R
1137590785,1887635209,1,1,,,,,,,,,SIFa_to_target,hemibrain:v1.2.1,other,R
1137590785,1887635297,1,1,,,,,,,,,SIFa_to_target,hemibrain:v1.2.1,other,R
1137590785,1888644742,1,1,,,,,,,,,SIFa_to_target,hemibrain:v1.2.1,other,R
1137590785,1889335463,11,7,DC2_adPN,DC2_adPN_L,,,,,,,SIFa_to_target,hemibrain:v1.2.1,other,R
1137590785,1917987797,3,2,,,,,,,,,SIFa_to_target,hemibrain:v1.2.1,other,R
1137590785,1919006444,1,1,,,,,,,,,SIFa_to_target,hemibrain:v1.2.1,other,R
1137590785,1919014873,1,1,,,,,,,,,SIFa_to_target,hemibrain:v1.2.1,other,R
1137590785,1920374950,1,1,,,,,,,,,SIFa_to_target,hemibrain:v1.2.1,other,R
1137590785,1949704190,1,1,,,,,,,,,SIFa_to_target,hemibrain:v1.2.1,other,R
1137590785,1949704927,1,1,,,,,,,,,SIFa_to_target,hemibrain:v1.2.1,other,R
1137590785,1950045302,1,1,,,,,,,,,SIFa_to_target,hemibrain:v1.2.1,other,R
1137590785,1950390955,3,2,,,,,,,,,SIFa_to_target,hemibrain:v1.2.1,other,R
1137590785,1950728223,2,1,,,,,,,,,SIFa_to_target,hemibrain:v1.2.1,other,R
1137590785,1950731879,1,1,,,,,,,,,SIFa_to_target,hemibrain:v1.2.1,other,R
1137590785,1981072129,4,4,,,,,,,,,SIFa_to_target,hemibrain:v1.2.1,other,R
1137590785,1981084656,1,1,,,,,,,,,SIFa_to_target,hemibrain:v1.2.1,other,R
1137590785,1981088737,2,2,,,,,,,,,SIFa_to_target,hemibrain:v1.2.1,other,R
1137590785,1981421362,2,1,,,,,,,,,SIFa_to_target,hemibrain:v1.2.1,other,R
1137590785,1981421452,3,2,,,,,,,,,SIFa_to_target,hemibrain:v1.2.1,other,R
1137590785,1981425952,1,1,,,,,,,,,SIFa_to_target,hemibrain:v1.2.1,other,R
1137590785,1981775784,1,1,,,,,,,,,SIFa_to_target,hemibrain:v1.2.1,other,R
1137590785,2012123810,1,1,,,,,,,,,SIFa_to_target,hemibrain:v1.2.1,other,R
1137590785,5812987027,2,2,,,,,,,,,SIFa_to_target,hemibrain:v1.2.1,other,R
1137590785,5812990301,1,1,,,,,,,,,SIFa_to_target,hemibrain:v1.2.1,other,R
1137590785,5812991204,1,1,PVLP041,PVLP041_R,,,,,,,SIFa_to_target,hemibrain:v1.2.1,other,R
1137590785,5813014062,1,1,PFNd,PFNd(PB04)_R2_C8,,,,,,,SIFa_to_target,hemibrain:v1.2.1,other,R
1137590785,5813014771,1,1,CL343,CL343_L,,,,,,,SIFa_to_target,hemibrain:v1.2.1,other,R
1137590785,5813014882,2,1,PEG,PEG(PB07)_R5,,,,,,,SIFa_to_target,hemibrain:v1.2.1,other,R
1137590785,5813015889,4,2,,LN,,,,,,,SIFa_to_target,hemibrain:v1.2.1,other,R
1137590785,5813016724,2,2,,,,,,,,,SIFa_to_target,hemibrain:v1.2.1,other,R
1137590785,5813021075,1,1,MDN,MDN_R,,,,,,,SIFa_to_target,hemibrain:v1.2.1,other,R
1137590785,5813021090,2,2,,SCL-AVLP_L,,,,,,,SIFa_to_target,hemibrain:v1.2.1,other,R
1137590785,5813021247,3,3,FB5E,FB5E_R,,,,,,,SIFa_to_target,hemibrain:v1.2.1,other,R
1137590785,5813022281,2,2,EPG,EPG(PB08)_L4,,,,,,,SIFa_to_target,hemibrain:v1.2.1,other,R
1137590785,5813026371,1,1,PI1_a,PI1_a,,,,,,,SIFa_to_target,hemibrain:v1.2.1,other,R
1137590785,5813027016,1,1,FB4Y,FB4Y(EB/NO1)_R,,,,,,,SIFa_to_target,hemibrain:v1.2.1,other,R
1137590785,5813027103,1,1,EPG,EPG(PB08)_R5,,,,,,,SIFa_to_target,hemibrain:v1.2.1,other,R
1137590785,5813031878,3,2,,,,,,,,,SIFa_to_target,hemibrain:v1.2.1,other,R
1137590785,5813034199,1,1,,,,,,,,,SIFa_to_target,hemibrain:v1.2.1,other,R
1137590785,5813039148,1,1,PVLP011,PVLP011_R,,,,,,,SIFa_to_target,hemibrain:v1.2.1,other,R
1137590785,5813039231,1,1,,,,,,,,,SIFa_to_target,hemibrain:v1.2.1,other,R
1137590785,5813041180,1,1,FB4L,FB4L(PPM3-FB3/4-DAN)_R,,,,,,,SIFa_to_target,hemibrain:v1.2.1,DAN,R
1137590785,5813047157,2,2,PEN_b(PEN2),PEN_b(PB06b)_L2,,,,,,,SIFa_to_target,hemibrain:v1.2.1,other,R
1137590785,5813047626,1,1,hDeltaK,hDeltaK_03_C3,,,,,,,SIFa_to_target,hemibrain:v1.2.1,other,R
1137590785,5813047994,2,2,,,,,,,,,SIFa_to_target,hemibrain:v1.2.1,other,R
1137590785,5813048127,1,1,CL235,CL235_R,,,,,,,SIFa_to_target,hemibrain:v1.2.1,other,R
1137590785,5813048896,1,1,ER2_c,ER2_c(ring)_R,,,,,,,SIFa_to_target,hemibrain:v1.2.1,other,R
1137590785,5813050362,1,1,,,,,,,,,SIFa_to_target,hemibrain:v1.2.1,other,R
1137590785,5813050455,1,1,DNp32,DNp32_R,,,,,,,SIFa_to_target,hemibrain:v1.2.1,other,R
1137590785,5813054708,8,8,,,,,,,,,SIFa_to_target,hemibrain:v1.2.1,other,R
1137590785,5813054761,3,3,,,,,,,,,SIFa_to_target,hemibrain:v1.2.1,other,R
1137590785,5813054855,1,1,,,,,,,,,SIFa_to_target,hemibrain:v1.2.1,other,R
1137590785,5813055913,2,1,FB1C,FB1C(NO1/NO3)_R,,,,,,,SIFa_to_target,hemibrain:v1.2.1,other,R
1137590785,5813056953,3,2,PEN_a(PEN1),PEN_a(PB06a)_R4,,,,,,,SIFa_to_target,hemibrain:v1.2.1,other,R
1137590785,5813057274,1,1,FB4Y,FB4Y(EB/NO1)_L,,,,,,,SIFa_to_target,hemibrain:v1.2.1,other,R
1137590785,5813057402,1,1,PS167,PS167_R,,,,,,,SIFa_to_target,hemibrain:v1.2.1,other,R
1137590785,5813057637,1,1,,LN,,,,,,,SIFa_to_target,hemibrain:v1.2.1,other,R
1137590785,5813062858,2,1,FB1H,FB1H(NO2/3)_R,,,,,,,SIFa_to_target,hemibrain:v1.2.1,other,R
1137590785,5813062866,11,9,SIFa,SIFa(PDM34),,,,,,,SIFa_to_target,hemibrain:v1.2.1,other,R
1137590785,5813063375,1,1,hDeltaC,hDeltaC_03_C3,,,,,,,SIFa_to_target,hemibrain:v1.2.1,other,R
1137590785,5813069064,4,2,,LN,,,,,,,SIFa_to_target,hemibrain:v1.2.1,other,R
1137590785,5813070465,1,1,PEN_b(PEN2),PEN_b(PB06b)_L3,,,,,,,SIFa_to_target,hemibrain:v1.2.1,other,R
1137590785,5813077544,1,1,EPG,EPG(PB08)_R1,,,,,,,SIFa_to_target,hemibrain:v1.2.1,other,R
1137590785,5813078235,2,2,,,,,,,,,SIFa_to_target,hemibrain:v1.2.1,other,R
1137590785,5813080979,2,1,PEN_a(PEN1),PEN_a(PB06a)_L5,,,,,,,SIFa_to_target,hemibrain:v1.2.1,other,R
1137590785,5813086007,1,1,,LN_L,,,,,,,SIFa_to_target,hemibrain:v1.2.1,other,R
1137590785,5813087622,2,2,,,,,,,,,SIFa_to_target,hemibrain:v1.2.1,other,R
1137590785,5813088707,1,1,hDeltaI,hDeltaI_13_C11,,,,,,,SIFa_to_target,hemibrain:v1.2.1,other,R
1137590785,5813127525,1,1,PFNp_b,PFNp_b(PB01b)_L5_C4,,,,,,,SIFa_to_target,hemibrain:v1.2.1,other,R
1137590785,5813134959,2,2,,,,,,,,,SIFa_to_target,hemibrain:v1.2.1,other,R
1137590785,5901201663,8,7,,,,,,,,,SIFa_to_target,hemibrain:v1.2.1,other,R
1137590785,7112622044,1,1,LAL137,LAL137(PVL05)_L,,,,,,,SIFa_to_target,hemibrain:v1.2.1,other,R
1418618235,203598499,1,1,FB8H,FB8H_L,,,,,,,SIFa_to_target,hemibrain:v1.2.1,other,R
1418618235,203598504,1,1,FS4A,FS4A(FQ12)_C5_R,,,,,,,SIFa_to_target,hemibrain:v1.2.1,other,R
1418618235,235985275,1,1,FB8E,FB8E_L,,,,,,,SIFa_to_target,hemibrain:v1.2.1,other,R
1418618235,266187477,1,1,SMP349,SMP349_R,,,,,,,SIFa_to_target,hemibrain:v1.2.1,other,R
1418618235,266528078,1,1,SMP352,SMP352_R,,,,,,,SIFa_to_target,hemibrain:v1.2.1,other,R
1418618235,294450004,1,1,SIP015,SIP015_R,,,,,,,SIFa_to_target,hemibrain:v1.2.1,other,R
1418618235,294787849,1,1,LHPV5e2,LHPV5e2_R,,,,,,,SIFa_to_target,hemibrain:v1.2.1,other,R
1418618235,294800293,1,1,FB7K,FB7K_R,,,,,,,SIFa_to_target,hemibrain:v1.2.1,other,R
1418618235,295133902,1,1,,(PDL14)_L,,,,,,,SIFa_to_target,hemibrain:v1.2.1,other,R
1418618235,295136778,2,2,FB8A,FB8A_R,,,,,,,SIFa_to_target,hemibrain:v1.2.1,other,R
1418618235,295141618,1,1,FB9C_b,FB9C_b_R,,,,,,,SIFa_to_target,hemibrain:v1.2.1,other,R
1418618235,295820069,1,1,FB8H,FB8H_R,,,,,,,SIFa_to_target,hemibrain:v1.2.1,other,R
1418618235,295820085,2,1,FB8E,FB8E_R,,,,,,,SIFa_to_target,hemibrain:v1.2.1,other,R
1418618235,296199149,1,1,SLP400,SLP400_R,,,,,,,SIFa_to_target,hemibrain:v1.2.1,other,R
1418618235,296850634,1,1,SMP498,SMP498_R,,,,,,,SIFa_to_target,hemibrain:v1.2.1,other,R
1418618235,296851132,1,1,SMP439,SMP439_R,,,,,,,SIFa_to_target,hemibrain:v1.2.1,other,R
1418618235,297166053,1,1,FB8F_b,FB8F_b_R,,,,,,,SIFa_to_target,hemibrain:v1.2.1,other,R
1418618235,297192204,1,1,SLP115,SLP115_R,,,,,,,SIFa_to_target,hemibrain:v1.2.1,other,R
1418618235,297230760,2,1,5-HTPMPD01,5-HTPMPD01_R,,,,,,,SIFa_to_target,hemibrain:v1.2.1,other,R
1418618235,297251714,1,1,SMP049,SMP049_R,,,,,,,SIFa_to_target,hemibrain:v1.2.1,other,R
1418618235,297519807,1,1,FB8F_b,FB8F_b_R,,,,,,,SIFa_to_target,hemibrain:v1.2.1,other,R
1418618235,297588995,1,1,SMP296,SMP296_R,,,,,,,SIFa_to_target,hemibrain:v1.2.1,other,R
1418618235,297921808,1,1,SIP076,SIP076_R,,,,,,,SIFa_to_target,hemibrain:v1.2.1,other,R
1418618235,297934049,1,1,,,,,,,,,SIFa_to_target,hemibrain:v1.2.1,other,R
1418618235,298249566,1,1,,,,,,,,,SIFa_to_target,hemibrain:v1.2.1,other,R
1418618235,298262408,2,1,,(MBDLaxon1),,,,,,,SIFa_to_target,hemibrain:v1.2.1,other,R
1418618235,298405402,1,1,FB6T,FB6T_L,,,,,,,SIFa_to_target,hemibrain:v1.2.1,other,R
1418618235,298542439,1,1,SIP082,SIP082_R,,,,,,,SIFa_to_target,hemibrain:v1.2.1,other,R
1418618235,298595394,1,1,PAM10,PAM10(B1)_R,,,,,,,SIFa_to_target,hemibrain:v1.2.1,DAN,R
1418618235,298599672,1,1,SMP088,SMP088_R,,,,,,,SIFa_to_target,hemibrain:v1.2.1,other,R
1418618235,298944620,2,1,SMP299,SMP299_R,,,,,,,SIFa_to_target,hemibrain:v1.2.1,other,R
1418618235,299082033,2,1,LHPV5e1,LHPV5e1(PDL05)_L,,,,,,,SIFa_to_target,hemibrain:v1.2.1,other,R
1418618235,299604675,1,1,SLP428,SLP428_R,,,,,,,SIFa_to_target,hemibrain:v1.2.1,other,R
1418618235,299613271,1,1,SIP077,SIP077_R,,,,,,,SIFa_to_target,hemibrain:v1.2.1,other,R
1418618235,299613480,2,2,PAM09,PAM09(B1ped)_R,,,,,,,SIFa_to_target,hemibrain:v1.2.1,DAN,R
1418618235,325122525,2,2,SLP316,SLP316_R,,,,,,,SIFa_to_target,hemibrain:v1.2.1,other,R
1418618235,325814784,1,1,SLP107,SLP107_R,,,,,,,SIFa_to_target,hemibrain:v1.2.1,other,R
1418618235,326119769,2,2,SLP457,SLP457(SCB013)_R,,,,,,,SIFa_to_target,hemibrain:v1.2.1,other,R
1418618235,326253554,1,1,SMP454,SMP454_R,,,,,,,SIFa_to_target,hemibrain:v1.2.1,other,R
1418618235,326888433,2,2,SMP347,SMP347_R,,,,,,,SIFa_to_target,hemibrain:v1.2.1,other,R
1418618235,327225145,1,1,FS4A,FS4A(AB)(FQ12)_C2_L,,,,,,,SIFa_to_target,hemibrain:v1.2.1,other,R
1418618235,327255181,1,1,SMP290,SMP290_R,,,,,,,SIFa_to_target,hemibrain:v1.2.1,other,R
1418618235,327592562,1,1,SMP582,SMP582_R,,,,,,,SIFa_to_target,hemibrain:v1.2.1,other,R
1418618235,327838570,2,2,LHAD1k1,LHAD1k1_R,,,,,,,SIFa_to_target,hemibrain:v1.2.1,other,R
1418618235,327873821,1,1,SLP417,SLP417_R,,,,,,,SIFa_to_target,hemibrain:v1.2.1,other,R
1418618235,328213227,2,1,FB8F_a,FB8F_a_R,,,,,,,SIFa_to_target,hemibrain:v1.2.1,other,R
1418618235,328291093,1,1,SMP487,SMP487_R,,,,,,,SIFa_to_target,hemibrain:v1.2.1,other,R
1418618235,328611004,2,1,LHPV5e1,LHPV5e1_R,,,,,,,SIFa_to_target,hemibrain:v1.2.1,other,R
1418618235,329566174,5,2,OA-VPM3,OA-VPM3(NO2/NO3)_R,,,,,,,SIFa_to_target,hemibrain:v1.2.1,other,R
1418618235,329599710,1,1,M_lvPNm32,M_lvPNm32_R,,,,,,,SIFa_to_target,hemibrain:v1.2.1,other,R
1418618235,330260421,1,1,SLP010,SLP010_R,,,,,,,SIFa_to_target,hemibrain:v1.2.1,other,R
1418618235,330388864,1,1,PI1_a,PI1_a,,,,,,,SIFa_to_target,hemibrain:v1.2.1,other,R
1418618235,332353566,1,1,KCab-m,KCab-m_R,,,,,,,SIFa_to_target,hemibrain:v1.2.1,KC_alpha_beta,R
1418618235,333031114,2,2,KCab-m,KCab-m_R,,,,,,,SIFa_to_target,hemibrain:v1.2.1,KC_alpha_beta,R
1418618235,356823065,1,1,LHPV5f1,LHPV5f1_R,,,,,,,SIFa_to_target,hemibrain:v1.2.1,other,R
1418618235,357944721,2,1,SMP162,SMP162_R,,,,,,,SIFa_to_target,hemibrain:v1.2.1,other,R
1418618235,358424052,1,1,FB8G,FB8G_L,,,,,,,SIFa_to_target,hemibrain:v1.2.1,other,R
1418618235,359753094,1,1,,(PDM15)_L,,,,,,,SIFa_to_target,hemibrain:v1.2.1,other,R
1418618235,360263797,1,1,SLP008,SLP008_R,,,,,,,SIFa_to_target,hemibrain:v1.2.1,other,R
1418618235,361105354,2,2,,(aDT6f)(MBDLaxon2),,,,,,,SIFa_to_target,hemibrain:v1.2.1,other,R
1418618235,361260110,1,1,SLP241,SLP241_R,,,,,,,SIFa_to_target,hemibrain:v1.2.1,other,R
1418618235,361351031,1,1,,,,,,,,,SIFa_to_target,hemibrain:v1.2.1,other,R
1418618235,361968122,1,1,LHAD2e3,LHAD2e3_R,,,,,,,SIFa_to_target,hemibrain:v1.2.1,other,R
1418618235,362689128,1,1,KCab-s,KCab-s_R,,,,,,,SIFa_to_target,hemibrain:v1.2.1,KC_alpha_beta,R
1418618235,363034174,1,1,KCab-m,KCab-m_R,,,,,,,SIFa_to_target,hemibrain:v1.2.1,KC_alpha_beta,R
1418618235,363384090,1,1,KCab-m,KCab-m_R,,,,,,,SIFa_to_target,hemibrain:v1.2.1,KC_alpha_beta,R
1418618235,387364605,2,2,EPG,EPG(PB08)_L3,,,,,,,SIFa_to_target,hemibrain:v1.2.1,other,R
1418618235,388012215,2,2,hDeltaD,hDeltaD_08_C5,,,,,,,SIFa_to_target,hemibrain:v1.2.1,other,R
1418618235,388293131,1,1,SMP464,SMP464_R,,,,,,,SIFa_to_target,hemibrain:v1.2.1,other,R
1418618235,388605118,1,1,SMP167,SMP167_R,,,,,,,SIFa_to_target,hemibrain:v1.2.1,other,R
1418618235,390589591,2,1,SLP113,SLP113_R,,,,,,,SIFa_to_target,hemibrain:v1.2.1,other,R
1418618235,391155063,1,1,FB2G_b,FB2G_b_L,,,,,,,SIFa_to_target,hemibrain:v1.2.1,other,R
1418618235,391630222,1,1,SLP101,SLP101_R,,,,,,,SIFa_to_target,hemibrain:v1.2.1,other,R
1418618235,392368893,2,2,LHPD2d1,LHPD2d1_R,,,,,,,SIFa_to_target,hemibrain:v1.2.1,other,R
1418618235,393888286,1,1,FB6S,FB6S_L,,,,,,,SIFa_to_target,hemibrain:v1.2.1,other,R
1418618235,394755376,1,1,KCab-m,KCab-m_R,,,,,,,SIFa_to_target,hemibrain:v1.2.1,KC_alpha_beta,R
1418618235,416189500,1,1,KCg-m,KCg-m_R,,,,,,,SIFa_to_target,hemibrain:v1.2.1,KC_gamma,R
1418618235,416642425,2,2,EPG,EPG(PB08)_R4,,,,,,,SIFa_to_target,hemibrain:v1.2.1,other,R
1418618235,417199910,4,4,M_lvPNm36,M_lvPNm36_R,,,,,,,SIFa_to_target,hemibrain:v1.2.1,other,R
1418618235,417204354,1,1,LHPV4c4_a,LHPV4c4_a_R,,,,,,,SIFa_to_target,hemibrain:v1.2.1,other,R
1418618235,417869138,1,1,LHPV6f6,LHPV6f6_R,,,,,,,SIFa_to_target,hemibrain:v1.2.1,other,R
1418618235,418511983,1,1,SIP048,SIP048_R,,,,,,,SIFa_to_target,hemibrain:v1.2.1,other,R
1418618235,418987009,1,1,SMP464,SMP464_R,,,,,,,SIFa_to_target,hemibrain:v1.2.1,other,R
1418618235,419669180,1,1,SMP518,SMP518_R,,,,,,,SIFa_to_target,hemibrain:v1.2.1,other,R
1418618235,420842989,1,1,FB7K,FB7K_L,,,,,,,SIFa_to_target,hemibrain:v1.2.1,other,R
1418618235,422388958,1,1,SLP021,SLP021_R,,,,,,,SIFa_to_target,hemibrain:v1.2.1,other,R
1418618235,422876942,1,1,FB6E,FB6E_L,,,,,,,SIFa_to_target,hemibrain:v1.2.1,other,R
1418618235,423382015,2,2,MBON23,MBON23(a2sp)_R,,,,,,,SIFa_to_target,hemibrain:v1.2.1,MBON,R
1418618235,424789697,5,5,MBON02,MBON02(B2B'2a)_R,,,,,,,SIFa_to_target,hemibrain:v1.2.1,MBON,R
1418618235,424793122,3,3,SMP504,SMP504_R,,,,,,,SIFa_to_target,hemibrain:v1.2.1,other,R
1418618235,425276848,1,1,DPM,DPM_L,,,,,,,SIFa_to_target,hemibrain:v1.2.1,DPM,R
1418618235,425790257,9,7,APL,APL_R,,,,,,,SIFa_to_target,hemibrain:v1.2.1,APL,R
1418618235,446826981,1,1,KCg-m,KCg-m_R,,,,,,,SIFa_to_target,hemibrain:v1.2.1,KC_gamma,R
1418618235,449438847,1,1,EPG,EPG(PB08)_L3,,,,,,,SIFa_to_target,hemibrain:v1.2.1,other,R
1418618235,450026507,1,1,SMP524,SMP524_R,,,,,,,SIFa_to_target,hemibrain:v1.2.1,other,R
1418618235,450354788,3,3,SMP033,SMP033_R,,,,,,,SIFa_to_target,hemibrain:v1.2.1,other,R
1418618235,451015547,2,2,SMP167,SMP167_R,,,,,,,SIFa_to_target,hemibrain:v1.2.1,other,R
1418618235,451355706,1,1,LHPV5a5,LHPV5a5_R,,,,,,,SIFa_to_target,hemibrain:v1.2.1,other,R
1418618235,451365099,1,1,SMP371,SMP371_R,,,,,,,SIFa_to_target,hemibrain:v1.2.1,other,R
1418618235,452103083,1,1,SMP487,SMP487_R,,,,,,,SIFa_to_target,hemibrain:v1.2.1,other,R
1418618235,453053044,1,1,SLP331,SLP331_R,,,,,,,SIFa_to_target,hemibrain:v1.2.1,other,R
1418618235,455129365,1,1,SIP086,SIP086_R,,,,,,,SIFa_to_target,hemibrain:v1.2.1,other,R
1418618235,455819680,1,1,SIP075,SIP075_R,,,,,,,SIFa_to_target,hemibrain:v1.2.1,other,R
1418618235,456174330,1,1,PAM01_b,PAM01_b(y5)_R,,,,,,,SIFa_to_target,hemibrain:v1.2.1,DAN,R
1418618235,456458549,2,2,KCab-s,KCab-s_R,,,,,,,SIFa_to_target,hemibrain:v1.2.1,KC_alpha_beta,R
1418618235,456523994,1,1,SMP165,SMP165_R,,,,,,,SIFa_to_target,hemibrain:v1.2.1,other,R
1418618235,476545134,1,1,KCab-m,KCab-m_R,,,,,,,SIFa_to_target,hemibrain:v1.2.1,KC_alpha_beta,R
1418618235,478375456,3,3,EPG,EPG(PB08)_R3,,,,,,,SIFa_to_target,hemibrain:v1.2.1,other,R
1418618235,479645393,1,1,SLP322,SLP322_R,,,,,,,SIFa_to_target,hemibrain:v1.2.1,other,R
1418618235,480698453,2,1,SMP303,SMP303_R,,,,,,,SIFa_to_target,hemibrain:v1.2.1,other,R
1418618235,481034861,2,1,CL181,CL181_R,,,,,,,SIFa_to_target,hemibrain:v1.2.1,other,R
1418618235,481410841,1,1,SMP302,SMP302_R,,,,,,,SIFa_to_target,hemibrain:v1.2.1,other,R
1418618235,485171192,1,1,,(MBDLaxon1),,,,,,,SIFa_to_target,hemibrain:v1.2.1,other,R
1418618235,485585976,1,1,SMP177,SMP177(PDL05)_L,,,,,,,SIFa_to_target,hemibrain:v1.2.1,other,R
1418618235,486056294,1,1,SLP125,SLP125_R,,,,,,,SIFa_to_target,hemibrain:v1.2.1,other,R
1418618235,487143497,3,3,MBON24,MBON24(B2y5)_R,,,,,,,SIFa_to_target,hemibrain:v1.2.1,MBON,R
1418618235,487187476,4,4,SIP087,SIP087_R,,,,,,,SIFa_to_target,hemibrain:v1.2.1,other,R
1418618235,487501700,1,1,KCab-s,KCab-s_R,,,,,,,SIFa_to_target,hemibrain:v1.2.1,KC_alpha_beta,R
1418618235,487847296,1,1,KCab-s,KCab-s_R,,,,,,,SIFa_to_target,hemibrain:v1.2.1,KC_alpha_beta,R
1418618235,487882530,1,1,SMP261,SMP261_R,,,,,,,SIFa_to_target,hemibrain:v1.2.1,other,R
1418618235,488184014,1,1,KCab-s,KCab-s_R,,,,,,,SIFa_to_target,hemibrain:v1.2.1,KC_alpha_beta,R
1418618235,507260559,1,1,KCab-m,KCab-m_R,,,,,,,SIFa_to_target,hemibrain:v1.2.1,KC_alpha_beta,R
1418618235,509410587,1,1,PEN_a(PEN1),PEN_a(PB06a)_R4,,,,,,,SIFa_to_target,hemibrain:v1.2.1,other,R
1418618235,509626405,4,4,VP1l+_lvPN,VP1l+_lvPN_R,,,,,,,SIFa_to_target,hemibrain:v1.2.1,other,R
1418618235,511051477,1,1,s-LNv,5th s-LNv,,,,,,,SIFa_to_target,hemibrain:v1.2.1,fifth_s_LNv_LNd6_associated,R
1418618235,513050445,1,1,LHPV5b1,LHPV5b1_R,,,,,,,SIFa_to_target,hemibrain:v1.2.1,other,R
1418618235,513555436,1,1,SMP524,SMP524(PDM22)_L,,,,,,,SIFa_to_target,hemibrain:v1.2.1,other,R
1418618235,513848395,1,1,,(MBDLaxon2),,,,,,,SIFa_to_target,hemibrain:v1.2.1,other,R
1418618235,517842578,1,1,LHAD1b5,LHAD1b5_R,,,,,,,SIFa_to_target,hemibrain:v1.2.1,other,R
1418618235,519279166,1,1,CRE027,CRE027_L,,,,,,,SIFa_to_target,hemibrain:v1.2.1,other,R
1418618235,519564501,1,1,KCab-s,KCab-s_R,,,,,,,SIFa_to_target,hemibrain:v1.2.1,KC_alpha_beta,R
1418618235,520285559,1,1,SMP100,SMP100_R,,,,,,,SIFa_to_target,hemibrain:v1.2.1,other,R
1418618235,540112974,4,4,hDeltaD,hDeltaD_07_C4,,,,,,,SIFa_to_target,hemibrain:v1.2.1,other,R
1418618235,541118908,2,2,EPG,EPG(PB08)_R3,,,,,,,SIFa_to_target,hemibrain:v1.2.1,other,R
1418618235,541127846,5,4,ExR5,ExR5(ring)_L,,,,,,,SIFa_to_target,hemibrain:v1.2.1,other,R
1418618235,542665377,2,2,M_vPNml79,M_vPNml79_R,,,,,,,SIFa_to_target,hemibrain:v1.2.1,other,R
1418618235,542751938,1,1,DNp44,DNp44_R,,,,,,,SIFa_to_target,hemibrain:v1.2.1,other,R
1418618235,543615199,1,1,,(PDM05)_L,,,,,,,SIFa_to_target,hemibrain:v1.2.1,other,R
1418618235,544107243,2,1,LHAD1b2_d,LHAD1b2_d_R,,,,,,,SIFa_to_target,hemibrain:v1.2.1,other,R
1418618235,544275571,2,2,,(PDM15)_L,,,,,,,SIFa_to_target,hemibrain:v1.2.1,other,R
1418618235,546316478,4,2,,(PDM15)_L,,,,,,,SIFa_to_target,hemibrain:v1.2.1,other,R
1418618235,546641044,1,1,,(MBDLaxon1),,,,,,,SIFa_to_target,hemibrain:v1.2.1,other,R
1418618235,547918570,1,1,SMP300,SMP300_R,,,,,,,SIFa_to_target,hemibrain:v1.2.1,other,R
1418618235,549576424,1,1,KCab-m,KCab-m_R,,,,,,,SIFa_to_target,hemibrain:v1.2.1,KC_alpha_beta,R
1418618235,550081497,7,7,MBON24,MBON24(B2y5)(PDL05)_L,,,,,,,SIFa_to_target,hemibrain:v1.2.1,MBON,R
1418618235,551445253,10,9,PAM04_a,PAM04_a(B2)_L,,,,,,,SIFa_to_target,hemibrain:v1.2.1,DAN,R
1418618235,551790504,7,6,PAM04_a,PAM04_a(B2)_L,,,,,,,SIFa_to_target,hemibrain:v1.2.1,DAN,R
1418618235,570647526,1,1,KCg-m,KCg-m_R,,,,,,,SIFa_to_target,hemibrain:v1.2.1,KC_gamma,R
1418618235,571139809,1,1,FR1,FR1(FQ4)_C6_R,,,,,,,SIFa_to_target,hemibrain:v1.2.1,other,R
1418618235,571140165,1,1,hDeltaK,hDeltaK_04_C4,,,,,,,SIFa_to_target,hemibrain:v1.2.1,other,R
1418618235,572494993,1,1,PFNv,PFNv(PB05)_R4_C7,,,,,,,SIFa_to_target,hemibrain:v1.2.1,other,R
1418618235,572663539,1,1,M_vPNml87,M_vPNml87_R,,,,,,,SIFa_to_target,hemibrain:v1.2.1,other,R
1418618235,573350770,1,1,LHPV2b5_b,LHPV2b5_b_R,,,,,,,SIFa_to_target,hemibrain:v1.2.1,other,R
1418618235,574511458,1,1,SMP514,SMP514(PDM22)_L,,,,,,,SIFa_to_target,hemibrain:v1.2.1,other,R
1418618235,575301459,1,1,SMP520,SMP520(PDM22)_L,,,,,,,SIFa_to_target,hemibrain:v1.2.1,other,R
1418618235,575845494,1,1,FB2I_a,FB2I_a_R,,,,,,,SIFa_to_target,hemibrain:v1.2.1,other,R
1418618235,577304838,2,2,,(MBDLaxon1),,,,,,,SIFa_to_target,hemibrain:v1.2.1,other,R
1418618235,577546843,1,1,LHPV5a1_b,LHPV5a1_b_R,,,,,,,SIFa_to_target,hemibrain:v1.2.1,other,R
1418618235,579194975,1,1,SMP510,SMP510_R,,,,,,,SIFa_to_target,hemibrain:v1.2.1,other,R
1418618235,580662960,1,1,SMP092,SMP092_R,,,,,,,SIFa_to_target,hemibrain:v1.2.1,other,R
1418618235,580732377,2,2,SMP093,SMP093(ADM04)_L,,,,,,,SIFa_to_target,hemibrain:v1.2.1,other,R
1418618235,580780309,1,1,SMP118,SMP118_R,,,,,,,SIFa_to_target,hemibrain:v1.2.1,other,R
1418618235,581293182,2,1,KCab-m,KCab-m_R,,,,,,,SIFa_to_target,hemibrain:v1.2.1,KC_alpha_beta,R
1418618235,581621335,1,1,,,,,,,,,SIFa_to_target,hemibrain:v1.2.1,other,R
1418618235,582139830,7,7,PAM04_a,PAM04_a(B2)_L,,,,,,,SIFa_to_target,hemibrain:v1.2.1,DAN,R
1418618235,583024625,1,1,SMP106,SMP106_R,,,,,,,SIFa_to_target,hemibrain:v1.2.1,other,R
1418618235,599674785,1,1,KCab-m,KCab-m_R,,,,,,,SIFa_to_target,hemibrain:v1.2.1,KC_alpha_beta,R
1418618235,600667501,1,1,KCab-s,KCab-s_R,,,,,,,SIFa_to_target,hemibrain:v1.2.1,KC_alpha_beta,R
1418618235,602071049,1,1,SMP468,SMP468_R,,,,,,,SIFa_to_target,hemibrain:v1.2.1,other,R
1418618235,604195247,1,1,SMP463,SMP463_R,,,,,,,SIFa_to_target,hemibrain:v1.2.1,other,R
1418618235,607441336,1,1,LHAV3e4_a,LHAV3e4_a_R,,,,,,,SIFa_to_target,hemibrain:v1.2.1,other,R
1418618235,610113424,2,2,SMP504,SMP504(PDM22)_L,,,,,,,SIFa_to_target,hemibrain:v1.2.1,other,R
1418618235,610274029,4,2,M_vPNml50,M_vPNml50_R,,,,,,,SIFa_to_target,hemibrain:v1.2.1,other,R
1418618235,610274046,4,3,M_vPNml50,M_vPNml50_R,,,,,,,SIFa_to_target,hemibrain:v1.2.1,other,R
1418618235,610981584,1,1,CRE003_a,CRE003_a_R,,,,,,,SIFa_to_target,hemibrain:v1.2.1,other,R
1418618235,612440702,1,1,PAM01_b,PAM01_b(y5)_L,,,,,,,SIFa_to_target,hemibrain:v1.2.1,DAN,R
1418618235,613079053,1,1,MBON04,MBON04(B'2mp_bilateral)_L,,,,,,,SIFa_to_target,hemibrain:v1.2.1,MBON,R
1418618235,630381662,1,1,KCab-m,KCab-m_R,,,,,,,SIFa_to_target,hemibrain:v1.2.1,KC_alpha_beta,R
1418618235,631551481,1,1,,(PDM05)_L,,,,,,,SIFa_to_target,hemibrain:v1.2.1,other,R
1418618235,631741308,1,1,KCg-d,KCg-d_R,,,,,,,SIFa_to_target,hemibrain:v1.2.1,KC_gamma,R
1418618235,633758038,1,1,,,,,,,,,SIFa_to_target,hemibrain:v1.2.1,other,R
1418618235,635062078,3,1,DP1m_adPN,DP1m_adPN_R,,,,,,,SIFa_to_target,hemibrain:v1.2.1,other,R
1418618235,635878327,1,1,SMP380,SMP380_R,,,,,,,SIFa_to_target,hemibrain:v1.2.1,other,R
1418618235,636789080,1,1,VC5_adPN,VC5_adPN_R,,,,,,,SIFa_to_target,hemibrain:v1.2.1,other,R
1418618235,637673241,2,2,,(PDM15)_L,,,,,,,SIFa_to_target,hemibrain:v1.2.1,other,R
1418618235,638481581,1,1,OA-VUMa2,OA-VUMa2_R,,,,,,,SIFa_to_target,hemibrain:v1.2.1,other,R
1418618235,640470684,1,1,FB2F_b,FB2F_b_L,,,,,,,SIFa_to_target,hemibrain:v1.2.1,other,R
1418618235,641645610,1,1,SMP195_a,SMP195_a_R,,,,,,,SIFa_to_target,hemibrain:v1.2.1,other,R
1418618235,641688553,2,2,CRE042,CRE042_R,,,,,,,SIFa_to_target,hemibrain:v1.2.1,other,R
1418618235,642516892,1,1,PPL105,PPL105(a'2a2)(PDL05)_L,,,,,,,SIFa_to_target,hemibrain:v1.2.1,DAN,R
1418618235,642680826,1,1,KCab-p,KCab-p_R,,,,,,,SIFa_to_target,hemibrain:v1.2.1,KC_alpha_beta,R
1418618235,643152220,1,1,,(MBDLaxon1),,,,,,,SIFa_to_target,hemibrain:v1.2.1,other,R
1418618235,643535876,1,1,PAM10,PAM10(B1)_L,,,,,,,SIFa_to_target,hemibrain:v1.2.1,DAN,R
1418618235,643739027,1,1,CRE052,CRE052_R,,,,,,,SIFa_to_target,hemibrain:v1.2.1,other,R
1418618235,644450565,1,1,CRE005,CRE005_R,,,,,,,SIFa_to_target,hemibrain:v1.2.1,other,R
1418618235,644896959,1,1,PAM09,PAM09(B1ped)_L,,,,,,,SIFa_to_target,hemibrain:v1.2.1,DAN,R
1418618235,661408056,1,1,KCg-m,KCg-m_R,,,,,,,SIFa_to_target,hemibrain:v1.2.1,KC_gamma,R
1418618235,662772393,1,1,KCg-m,KCg-m_R,,,,,,,SIFa_to_target,hemibrain:v1.2.1,KC_gamma,R
1418618235,663134970,1,1,KCg-m,KCg-m_R,,,,,,,SIFa_to_target,hemibrain:v1.2.1,KC_gamma,R
1418618235,664628372,2,2,hDeltaA,hDeltaA_10_C8,,,,,,,SIFa_to_target,hemibrain:v1.2.1,other,R
1418618235,665552356,1,1,SMP296,SMP296_R,,,,,,,SIFa_to_target,hemibrain:v1.2.1,other,R
1418618235,666135689,5,4,DA3_adPN,DA3_adPN_R,,,,,,,SIFa_to_target,hemibrain:v1.2.1,other,R
1418618235,673302212,1,1,LHAV5a10_b,LHAV5a10_b_R,,,,,,,SIFa_to_target,hemibrain:v1.2.1,other,R
1418618235,673884355,1,1,,,,,,,,,SIFa_to_target,hemibrain:v1.2.1,other,R
1418618235,675144908,1,1,CRE028,CRE028_L,,,,,,,SIFa_to_target,hemibrain:v1.2.1,other,R
1418618235,675602461,1,1,PAM09,PAM09(B1ped)_L,,,,,,,SIFa_to_target,hemibrain:v1.2.1,DAN,R
1418618235,693125078,1,1,VC3l_adPN,VC3l_adPN_R,,,,,,,SIFa_to_target,hemibrain:v1.2.1,other,R
1418618235,693479072,2,2,VM7v_adPN,VM7v_adPN_R,,,,,,,SIFa_to_target,hemibrain:v1.2.1,other,R
1418618235,693927941,2,2,ALIN1,ALIN1_R,,,,,,,SIFa_to_target,hemibrain:v1.2.1,other,R
1418618235,694834412,1,1,VM4_adPN,VM4_adPN_R,,,,,,,SIFa_to_target,hemibrain:v1.2.1,other,R
1418618235,695124651,2,1,aMe3,aMe3,,,,,,,SIFa_to_target,hemibrain:v1.2.1,other,R
1418618235,695629525,2,1,EPG,EPG(PB08)_R2,,,,,,,SIFa_to_target,hemibrain:v1.2.1,other,R
1418618235,695956656,2,2,EPG,EPG(PB08)_R4,,,,,,,SIFa_to_target,hemibrain:v1.2.1,other,R
1418618235,696082279,3,2,LHPV5d1_b,LHPV5d1_b_R,,,,,,,SIFa_to_target,hemibrain:v1.2.1,other,R
1418618235,696617663,1,1,SMP461,SMP461_R,,,,,,,SIFa_to_target,hemibrain:v1.2.1,other,R
1418618235,697398544,2,2,,(PDM12)_L,,,,,,,SIFa_to_target,hemibrain:v1.2.1,other,R
1418618235,698016469,1,1,MDN,MDN_R,,,,,,,SIFa_to_target,hemibrain:v1.2.1,other,R
1418618235,698526273,1,1,M_vPNml74,M_vPNml74_R,,,,,,,SIFa_to_target,hemibrain:v1.2.1,other,R
1418618235,699031185,12,9,SIFa,SIFa(PDM34),,,,,,,SIFa_to_target,hemibrain:v1.2.1,other,R
1418618235,700084734,1,1,,(PDM05)_L,,,,,,,SIFa_to_target,hemibrain:v1.2.1,other,R
1418618235,703296640,2,2,CL079,CL079_R,,,,,,,SIFa_to_target,hemibrain:v1.2.1,other,R
1418618235,703740639,1,1,SMP447,SMP447_R,,,,,,,SIFa_to_target,hemibrain:v1.2.1,other,R
1418618235,704816317,1,1,,,,,,,,,SIFa_to_target,hemibrain:v1.2.1,other,R
1418618235,705554385,2,2,CL237,CL237_R,,,,,,,SIFa_to_target,hemibrain:v1.2.1,other,R
1418618235,707647321,3,2,PAM04_a,PAM04_a(B2)_L,,,,,,,SIFa_to_target,hemibrain:v1.2.1,DAN,R
1418618235,723153828,1,1,KCg-m,KCg-m_R,,,,,,,SIFa_to_target,hemibrain:v1.2.1,KC_gamma,R
1418618235,723853340,2,1,KCab-s,KCab-s_R,,,,,,,SIFa_to_target,hemibrain:v1.2.1,KC_alpha_beta,R
1418618235,724816115,1,1,DP1l_adPN,DP1l_adPN_R,,,,,,,SIFa_to_target,hemibrain:v1.2.1,other,R
1418618235,725951660,1,1,EL,EL(EQ5)_R,,,,,,,SIFa_to_target,hemibrain:v1.2.1,other,R
1418618235,725955898,1,1,FS4B,FS4B(FQ12)_C6_R,,,,,,,SIFa_to_target,hemibrain:v1.2.1,other,R
1418618235,727260771,2,2,,,,,,,,,SIFa_to_target,hemibrain:v1.2.1,other,R
1418618235,727280915,2,1,SMP296,SMP296_R,,,,,,,SIFa_to_target,hemibrain:v1.2.1,other,R
1418618235,727350004,3,3,EL,EL(EQ5)_L,,,,,,,SIFa_to_target,hemibrain:v1.2.1,other,R
1418618235,728633073,1,1,WED092,WED092(PDL27)_L,,,,,,,SIFa_to_target,hemibrain:v1.2.1,other,R
1418618235,733036127,1,1,MBON07,MBON07(a1)_R,,,,,,,SIFa_to_target,hemibrain:v1.2.1,MBON,R
1418618235,733316908,1,1,DA1_vPN,DA1_vPN_R,,,,,,,SIFa_to_target,hemibrain:v1.2.1,other,R
1418618235,734814622,1,1,,,,,,,,,SIFa_to_target,hemibrain:v1.2.1,other,R
1418618235,735785583,1,1,KCab-s,KCab-s_R,,,,,,,SIFa_to_target,hemibrain:v1.2.1,KC_alpha_beta,R
1418618235,735785741,1,1,KCab-s,KCab-s_R,,,,,,,SIFa_to_target,hemibrain:v1.2.1,KC_alpha_beta,R
1418618235,735790008,1,1,KCab-s,KCab-s_R,,,,,,,SIFa_to_target,hemibrain:v1.2.1,KC_alpha_beta,R
1418618235,737486877,1,1,CRE003_a,CRE003_a_R,,,,,,,SIFa_to_target,hemibrain:v1.2.1,other,R
1418618235,754184667,1,1,KCab-s,KCab-s_R,,,,,,,SIFa_to_target,hemibrain:v1.2.1,KC_alpha_beta,R
1418618235,754197850,1,1,KCab-s,KCab-s_R,,,,,,,SIFa_to_target,hemibrain:v1.2.1,KC_alpha_beta,R
1418618235,757046868,1,1,PS136,PS136(PDM17)_L,,,,,,,SIFa_to_target,hemibrain:v1.2.1,other,R
1418618235,758320421,1,1,SMP296,SMP296_R,,,,,,,SIFa_to_target,hemibrain:v1.2.1,other,R
1418618235,759922408,1,1,M_vPNml74,M_vPNml74_R,,,,,,,SIFa_to_target,hemibrain:v1.2.1,other,R
1418618235,760798618,2,1,,(MBDLaxon1),,,,,,,SIFa_to_target,hemibrain:v1.2.1,other,R
1418618235,761096077,3,2,,(MBDLaxon1),,,,,,,SIFa_to_target,hemibrain:v1.2.1,other,R
1418618235,761813205,1,1,SMP545,SMP545(PDM27)_L,,,,,,,SIFa_to_target,hemibrain:v1.2.1,other,R
1418618235,763168531,1,1,,,,,,,,,SIFa_to_target,hemibrain:v1.2.1,other,R
1418618235,765028935,2,2,AVLP189_b,AVLP189_b_R,,,,,,,SIFa_to_target,hemibrain:v1.2.1,other,R
1418618235,765797569,2,1,SMP195_a,SMP195_a_R,,,,,,,SIFa_to_target,hemibrain:v1.2.1,other,R
1418618235,766660716,1,1,,,,,,,,,SIFa_to_target,hemibrain:v1.2.1,other,R
1418618235,767187563,1,1,CRE069,CRE069(AVM17)_L,,,,,,,SIFa_to_target,hemibrain:v1.2.1,other,R
1418618235,767671354,1,1,PAM14,PAM14(B'1m)_L,,,,,,,SIFa_to_target,hemibrain:v1.2.1,DAN,R
1418618235,786929029,2,1,KCab-s,KCab-s_R,,,,,,,SIFa_to_target,hemibrain:v1.2.1,KC_alpha_beta,R
1418618235,787762461,1,1,ExR2,ExR2(PPM3-EB-DAN/ring)_L,,,,,,,SIFa_to_target,hemibrain:v1.2.1,DAN,R
1418618235,788306624,1,1,DM6_adPN,DM6_adPN_R,,,,,,,SIFa_to_target,hemibrain:v1.2.1,other,R
1418618235,788648194,2,2,DL2d_adPN,DL2d_adPN_R,,,,,,,SIFa_to_target,hemibrain:v1.2.1,other,R
1418618235,788794171,1,1,EPG,EPG(PB08)_L6,,,,,,,SIFa_to_target,hemibrain:v1.2.1,other,R
1418618235,790371015,3,3,PLP146,PLP146_R,,,,,,,SIFa_to_target,hemibrain:v1.2.1,other,R
1418618235,791457874,7,6,,(MBDLaxon1),,,,,,,SIFa_to_target,hemibrain:v1.2.1,other,R
1418618235,791501536,1,1,,(PDM12)_L,,,,,,,SIFa_to_target,hemibrain:v1.2.1,other,R
1418618235,792024028,1,1,M_lvPNm43,M_lvPNm43_R,,,,,,,SIFa_to_target,hemibrain:v1.2.1,other,R
1418618235,792326206,1,1,LHAD1g1,LHAD1g1_R,,,,,,,SIFa_to_target,hemibrain:v1.2.1,other,R
1418618235,794945885,1,1,FS1B,FS1B(FQ9)_C6_R,,,,,,,SIFa_to_target,hemibrain:v1.2.1,other,R
1418618235,797855394,1,1,KCab-m,KCab-m_R,,,,,,,SIFa_to_target,hemibrain:v1.2.1,KC_alpha_beta,R
1418618235,798356481,4,3,PAM08_b,PAM08_b(y4)_L,,,,,,,SIFa_to_target,hemibrain:v1.2.1,DAN,R
1418618235,798585556,1,1,PAM06_b,PAM06_b(B'2m)_L,,,,,,,SIFa_to_target,hemibrain:v1.2.1,DAN,R
1418618235,799583417,1,1,CRE064,CRE064_R,,,,,,,SIFa_to_target,hemibrain:v1.2.1,other,R
1418618235,799586652,16,15,MBON05,MBON05(y4>y1y2)(AVM07)_L,,,,,,,SIFa_to_target,hemibrain:v1.2.1,MBON,R
1418618235,800264315,9,9,PAM04_a,PAM04_a(B2)_R,,,,,,,SIFa_to_target,hemibrain:v1.2.1,DAN,R
1418618235,817359552,2,2,SMP306,SMP306_R,,,,,,,SIFa_to_target,hemibrain:v1.2.1,other,R
1418618235,817985849,1,1,KCab-s,KCab-s_R,,,,,,,SIFa_to_target,hemibrain:v1.2.1,KC_alpha_beta,R
1418618235,817993932,1,1,KCab-s,KCab-s_R,,,,,,,SIFa_to_target,hemibrain:v1.2.1,KC_alpha_beta,R
1418618235,822009511,1,1,LHPV2a1_a,LHPV2a1_a_R,,,,,,,SIFa_to_target,hemibrain:v1.2.1,other,R
1418618235,823879266,8,6,,(MBDLaxon1),,,,,,,SIFa_to_target,hemibrain:v1.2.1,other,R
1418618235,828730921,1,1,,,,,,,,,SIFa_to_target,hemibrain:v1.2.1,other,R
1418618235,829141094,1,1,aMe15,aMe15_R,,,,,,,SIFa_to_target,hemibrain:v1.2.1,other,R
1418618235,846991524,1,1,hDeltaB,hDeltaB_02_C2,,,,,,,SIFa_to_target,hemibrain:v1.2.1,other,R
1418618235,850760107,1,1,hDeltaL,hDeltaL_02_C2,,,,,,,SIFa_to_target,hemibrain:v1.2.1,other,R
1418618235,851459972,1,1,CSD,CSD(5HT1)_R,,,,,,,SIFa_to_target,hemibrain:v1.2.1,other,R
1418618235,858587718,1,1,ExR6,ExR6(ring)_R,,,,,,,SIFa_to_target,hemibrain:v1.2.1,other,R
1418618235,859839499,2,2,AVLP532,AVLP532_R,,,,,,,SIFa_to_target,hemibrain:v1.2.1,other,R
1418618235,877659673,1,1,KCab-m,KCab-m_R,,,,,,,SIFa_to_target,hemibrain:v1.2.1,KC_alpha_beta,R
1418618235,879468563,1,1,PFGs,PFGs(PB10)_R2_C8,,,,,,,SIFa_to_target,hemibrain:v1.2.1,other,R
1418618235,882580620,1,1,CL199,CL199(PDM12)_L,,,,,,,SIFa_to_target,hemibrain:v1.2.1,other,R
1418618235,884916654,2,1,FB7L,FB7L_R,,,,,,,SIFa_to_target,hemibrain:v1.2.1,other,R
1418618235,885262169,2,2,FB8B,FB8B_L,,,,,,,SIFa_to_target,hemibrain:v1.2.1,other,R
1418618235,885262311,1,1,FB7L,FB7L_R,,,,,,,SIFa_to_target,hemibrain:v1.2.1,other,R
1418618235,885266374,1,1,,,,,,,,,SIFa_to_target,hemibrain:v1.2.1,other,R
1418618235,885599043,1,1,FB8H,FB8H_R,,,,,,,SIFa_to_target,hemibrain:v1.2.1,other,R
1418618235,885599260,1,1,FB7J,FB7J_R,,,,,,,SIFa_to_target,hemibrain:v1.2.1,other,R
1418618235,885603529,1,1,vDeltaB,vDeltaB_C5,,,,,,,SIFa_to_target,hemibrain:v1.2.1,other,R
1418618235,885939922,1,1,FB1J,FB1J_L,,,,,,,SIFa_to_target,hemibrain:v1.2.1,other,R
1418618235,886276864,2,2,hDeltaD,hDeltaD_05_C3,,,,,,,SIFa_to_target,hemibrain:v1.2.1,other,R
1418618235,886280332,1,1,FB9B_d,FB9B_d_L,,,,,,,SIFa_to_target,hemibrain:v1.2.1,other,R
1418618235,886281163,2,2,hDeltaD,hDeltaD_14_C8,,,,,,,SIFa_to_target,hemibrain:v1.2.1,other,R
1418618235,886635309,1,1,FB9A,FB9A_L,,,,,,,SIFa_to_target,hemibrain:v1.2.1,other,R
1418618235,889013580,1,1,,,,,,,,,SIFa_to_target,hemibrain:v1.2.1,other,R
1418618235,889359316,1,1,,,,,,,,,SIFa_to_target,hemibrain:v1.2.1,other,R
1418618235,889423115,1,1,,,,,,,,,SIFa_to_target,hemibrain:v1.2.1,other,R
1418618235,893158121,3,2,PAM04_a,PAM04_a(B2)_L,,,,,,,SIFa_to_target,hemibrain:v1.2.1,DAN,R
1418618235,895441451,1,1,MBON26,MBON26(B'2d)_R,,,,,,,SIFa_to_target,hemibrain:v1.2.1,MBON,R
1418618235,911901802,1,1,Delta7,Delta7(PB15)_L4R6_R,,,,,,,SIFa_to_target,hemibrain:v1.2.1,other,R
1418618235,912951014,2,1,MBON26,MBON26(B'2d)(PDM28)_L,,,,,,,SIFa_to_target,hemibrain:v1.2.1,MBON,R
1418618235,915964590,1,1,FB6G,FB6G_L,,,,,,,SIFa_to_target,hemibrain:v1.2.1,other,R
1418618235,916629686,3,2,FB8I,FB8I_L,,,,,,,SIFa_to_target,hemibrain:v1.2.1,other,R
1418618235,916646779,3,1,FS3,FS3(FQ11)_C6_R,,,,,,,SIFa_to_target,hemibrain:v1.2.1,other,R
1418618235,916651038,1,1,hDeltaE,hDeltaE_02_C2,,,,,,,SIFa_to_target,hemibrain:v1.2.1,other,R
1418618235,917328229,2,2,vDeltaA_a,vDeltaA_a(AB)_C7,,,,,,,SIFa_to_target,hemibrain:v1.2.1,other,R
1418618235,917643796,1,1,OA-ASM2,OA-ASM2(ADM02)_L,,,,,,,SIFa_to_target,hemibrain:v1.2.1,other,R
1418618235,917647959,3,2,ExR1,ExR1(ring)_L,,,,,,,SIFa_to_target,hemibrain:v1.2.1,other,R
1418618235,917674256,3,2,hDeltaD,hDeltaD_10_C6,,,,,,,SIFa_to_target,hemibrain:v1.2.1,other,R
1418618235,918334668,2,2,ExR1,ExR1(ring)_L,,,,,,,SIFa_to_target,hemibrain:v1.2.1,other,R
1418618235,919763043,1,1,ExR3,ExR3(ring)_L,,,,,,,SIFa_to_target,hemibrain:v1.2.1,other,R
1418618235,924429714,1,1,PAM08_b,PAM08_b(y4)_R,,,,,,,SIFa_to_target,hemibrain:v1.2.1,DAN,R
1418618235,940079513,1,1,KCab-m,KCab-m_R,,,,,,,SIFa_to_target,hemibrain:v1.2.1,KC_alpha_beta,R
1418618235,940084011,1,1,KCab-m,KCab-m_R,,,,,,,SIFa_to_target,hemibrain:v1.2.1,KC_alpha_beta,R
1418618235,940748411,1,1,KCab-m,KCab-m_R,,,,,,,SIFa_to_target,hemibrain:v1.2.1,KC_alpha_beta,R
1418618235,941102504,1,1,KCab-m,KCab-m_R,,,,,,,SIFa_to_target,hemibrain:v1.2.1,KC_alpha_beta,R
1418618235,946045327,2,1,,,,,,,,,SIFa_to_target,hemibrain:v1.2.1,other,R
1418618235,947233211,1,1,CL005,CL005_R,,,,,,,SIFa_to_target,hemibrain:v1.2.1,other,R
1418618235,948333576,1,1,hDeltaE,hDeltaE_11_C6,,,,,,,SIFa_to_target,hemibrain:v1.2.1,other,R
1418618235,948342102,2,2,vDeltaA_a,vDeltaA_a(AB)_C4,,,,,,,SIFa_to_target,hemibrain:v1.2.1,other,R
1418618235,948346463,2,1,FB7B,FB7B_L,,,,,,,SIFa_to_target,hemibrain:v1.2.1,other,R
1418618235,948363764,3,3,FB8C,FB8C_R,,,,,,,SIFa_to_target,hemibrain:v1.2.1,other,R
1418618235,948372363,1,1,hDeltaF,hDeltaF_12_C5a,,,,,,,SIFa_to_target,hemibrain:v1.2.1,other,R
1418618235,948709216,1,1,ExR1,ExR1(ring)_R,,,,,,,SIFa_to_target,hemibrain:v1.2.1,other,R
1418618235,949710555,2,2,ExR1,ExR1(ring)_R,,,,,,,SIFa_to_target,hemibrain:v1.2.1,other,R
1418618235,951808062,3,1,FS1A,FS1A(FQ9)_C6_R,,,,,,,SIFa_to_target,hemibrain:v1.2.1,other,R
1418618235,953414780,1,1,FB4H,FB4H_R,,,,,,,SIFa_to_target,hemibrain:v1.2.1,other,R
1418618235,954528474,2,2,PAM08_c,PAM08_c(y4)_L,,,,,,,SIFa_to_target,hemibrain:v1.2.1,DAN,R
1418618235,956138930,1,1,PAM08_a,PAM08_a(y4)_R,,,,,,,SIFa_to_target,hemibrain:v1.2.1,DAN,R
1418618235,956212778,1,1,FB4E,FB4E_L,,,,,,,SIFa_to_target,hemibrain:v1.2.1,other,R
1418618235,971118202,1,1,KCab-m,KCab-m_R,,,,,,,SIFa_to_target,hemibrain:v1.2.1,KC_alpha_beta,R
1418618235,973954598,1,1,PFR_a,PFR_a(PB11a)_L3_C3,,,,,,,SIFa_to_target,hemibrain:v1.2.1,other,R
1418618235,974645472,1,1,PFR_a,PFR_a(PB11a)_L3_C3,,,,,,,SIFa_to_target,hemibrain:v1.2.1,other,R
1418618235,974839580,1,1,,,,,,,,,SIFa_to_target,hemibrain:v1.2.1,other,R
1418618235,977710985,6,3,AOTU046,AOTU046(PDM21)_L,,,,,,,SIFa_to_target,hemibrain:v1.2.1,other,R
1418618235,977995787,1,1,FB8B,FB8B_R,,,,,,,SIFa_to_target,hemibrain:v1.2.1,other,R
1418618235,978336888,3,3,AOTU046,AOTU046_R,,,,,,,SIFa_to_target,hemibrain:v1.2.1,other,R
1418618235,978366493,1,1,FB6O,FB6O_R,,,,,,,SIFa_to_target,hemibrain:v1.2.1,other,R
1418618235,978370600,2,2,FS2,FS2(FQ10)_C6_R,,,,,,,SIFa_to_target,hemibrain:v1.2.1,other,R
1418618235,978673646,1,1,FB6M,FB6M_R,,,,,,,SIFa_to_target,hemibrain:v1.2.1,other,R
1418618235,978733459,4,3,ExR5,ExR5(ring)_L,,,,,,,SIFa_to_target,hemibrain:v1.2.1,other,R
1418618235,979027431,2,2,vDeltaA_b,vDeltaA_b_C4,,,,,,,SIFa_to_target,hemibrain:v1.2.1,other,R
1418618235,979048306,1,1,vDeltaB,vDeltaB_C4,,,,,,,SIFa_to_target,hemibrain:v1.2.1,other,R
1418618235,980198319,1,1,LHAV4a4,LHAV4a4_R,,,,,,,SIFa_to_target,hemibrain:v1.2.1,other,R
1418618235,981194127,1,1,AVLP083,AVLP083_R,,,,,,,SIFa_to_target,hemibrain:v1.2.1,other,R
1418618235,988632865,1,1,VES045,VES045(PDM13)_L,,,,,,,SIFa_to_target,hemibrain:v1.2.1,other,R
1418618235,989228019,2,2,FB5V,FB5V_R,,,,,,,SIFa_to_target,hemibrain:v1.2.1,other,R
1418618235,1002507159,1,1,EPG,EPG(PB08)_R7,,,,,,,SIFa_to_target,hemibrain:v1.2.1,other,R
1418618235,1002852791,2,2,EPG,EPG(PB08)_R7,,,,,,,SIFa_to_target,hemibrain:v1.2.1,other,R
1418618235,1004017998,1,1,EPG,EPG(PB08)_L7,,,,,,,SIFa_to_target,hemibrain:v1.2.1,other,R
1418618235,1005261219,1,1,hDeltaL,hDeltaL_05_C5,,,,,,,SIFa_to_target,hemibrain:v1.2.1,other,R
1418618235,1005308608,2,2,EL,EL(EQ5)_L,,,,,,,SIFa_to_target,hemibrain:v1.2.1,other,R
1418618235,1008041969,1,1,PFR_a,PFR_a(PB11a)_L5_C5,,,,,,,SIFa_to_target,hemibrain:v1.2.1,other,R
1418618235,1009578838,2,2,SMP560,SMP560_R,,,,,,,SIFa_to_target,hemibrain:v1.2.1,other,R
1418618235,1011413348,1,1,vDeltaA_a,vDeltaA_a(AB)_C3,,,,,,,SIFa_to_target,hemibrain:v1.2.1,other,R
1418618235,1011465025,1,1,vDeltaA_b,vDeltaA_b(AB)_C7,,,,,,,SIFa_to_target,hemibrain:v1.2.1,other,R
1418618235,1012458025,1,1,,,,,,,,,SIFa_to_target,hemibrain:v1.2.1,other,R
1418618235,1012475364,1,1,FB5S,FB5S_L,,,,,,,SIFa_to_target,hemibrain:v1.2.1,other,R
1418618235,1016506999,1,1,LAL198,LAL198_R,,,,,,,SIFa_to_target,hemibrain:v1.2.1,other,R
1418618235,1016805008,1,1,KCab-p,KCab-p_R,,,,,,,SIFa_to_target,hemibrain:v1.2.1,KC_alpha_beta,R
1418618235,1018550022,1,1,,,,,,,,,SIFa_to_target,hemibrain:v1.2.1,other,R
1418618235,1034219901,3,3,EPG,EPG(PB08)_R7,,,,,,,SIFa_to_target,hemibrain:v1.2.1,other,R
1418618235,1034220115,3,3,EL,EL(EQ5)_R,,,,,,,SIFa_to_target,hemibrain:v1.2.1,other,R
1418618235,1036637638,2,2,ExR3,ExR3(ring)_R,,,,,,,SIFa_to_target,hemibrain:v1.2.1,other,R
1418618235,1036753721,2,2,EL,EL(EQ5)_L,,,,,,,SIFa_to_target,hemibrain:v1.2.1,other,R
1418618235,1039085109,1,1,FS1A,FS1A(FQ9)_C6_R,,,,,,,SIFa_to_target,hemibrain:v1.2.1,other,R
1418618235,1039237469,1,1,M_vPNml61,M_vPNml61_R,,,,,,,SIFa_to_target,hemibrain:v1.2.1,other,R
1418618235,1039767525,1,1,FC2A,FC2A(FQ7)_C6_R,,,,,,,SIFa_to_target,hemibrain:v1.2.1,other,R
1418618235,1040393594,1,1,PFGs,PFGs(PB10)_L3_C3,,,,,,,SIFa_to_target,hemibrain:v1.2.1,other,R
1418618235,1042089826,1,1,vDeltaA_a,vDeltaA_a(AB)_C3,,,,,,,SIFa_to_target,hemibrain:v1.2.1,other,R
1418618235,1043151516,4,4,,,,,,,,,SIFa_to_target,hemibrain:v1.2.1,other,R
1418618235,1043825714,3,3,ExR5,ExR5(ring)_R,,,,,,,SIFa_to_target,hemibrain:v1.2.1,other,R
1418618235,1046726261,1,1,TuBu01,TuBu01_ABU_R,,,,,,,SIFa_to_target,hemibrain:v1.2.1,other,R
1418618235,1047183897,3,3,PAM04_a,PAM04_a(B2)_R,,,,,,,SIFa_to_target,hemibrain:v1.2.1,DAN,R
1418618235,1047489962,1,1,PAM11,PAM11(a1)_L,,,,,,,SIFa_to_target,hemibrain:v1.2.1,DAN,R
1418618235,1048207713,2,2,PAM09,PAM09(B1ped)_R,,,,,,,SIFa_to_target,hemibrain:v1.2.1,DAN,R
1418618235,1048975307,1,1,FB4P_a,FB4P_a_L,,,,,,,SIFa_to_target,hemibrain:v1.2.1,other,R
1418618235,1050249677,3,2,PAM07,PAM07(y4<y1y2)_R,,,,,,,SIFa_to_target,hemibrain:v1.2.1,DAN,R
1418618235,1050585709,3,2,PAM03,PAM03(B2B'2a)_R,,,,,,,SIFa_to_target,hemibrain:v1.2.1,DAN,R
1418618235,1065410141,2,2,EPG,EPG(PB08)_L8,,,,,,,SIFa_to_target,hemibrain:v1.2.1,other,R
1418618235,1066088381,1,1,EL,EL(EQ5)_L,,,,,,,SIFa_to_target,hemibrain:v1.2.1,other,R
1418618235,1070107367,1,1,FC3,FC3(FQ8)_C6_R,,,,,,,SIFa_to_target,hemibrain:v1.2.1,other,R
1418618235,1072779568,2,2,FS3,FS3(FQ10)_C2_R,,,,,,,SIFa_to_target,hemibrain:v1.2.1,other,R
1418618235,1073116395,1,1,vDeltaA_a,vDeltaA_a(AB)_C3,,,,,,,SIFa_to_target,hemibrain:v1.2.1,other,R
1418618235,1073457379,1,1,vDeltaA_a,vDeltaA_a(AB)_C1,,,,,,,SIFa_to_target,hemibrain:v1.2.1,other,R
1418618235,1078534091,2,2,KCab-s,KCab-s_R,,,,,,,SIFa_to_target,hemibrain:v1.2.1,KC_alpha_beta,R
1418618235,1078534115,1,1,KCab-s,KCab-s_R,,,,,,,SIFa_to_target,hemibrain:v1.2.1,KC_alpha_beta,R
1418618235,1078572735,6,5,PAM04_a,PAM04_a(B2)_R,,,,,,,SIFa_to_target,hemibrain:v1.2.1,DAN,R
1418618235,1079660882,1,1,,,,,,,,,SIFa_to_target,hemibrain:v1.2.1,other,R
1418618235,1095275456,1,1,LPsP,LPsP(PB13)_L,,,,,,,SIFa_to_target,hemibrain:v1.2.1,other,R
1418618235,1100788127,1,1,hDeltaB,hDeltaB_14_C12,,,,,,,SIFa_to_target,hemibrain:v1.2.1,other,R
1418618235,1101474458,2,2,FB4P_a,FB4P_a_R,,,,,,,SIFa_to_target,hemibrain:v1.2.1,other,R
1418618235,1102416410,2,2,,,,,,,,,SIFa_to_target,hemibrain:v1.2.1,other,R
1418618235,1104832963,1,1,hDeltaD,hDeltaD_01_C1,,,,,,,SIFa_to_target,hemibrain:v1.2.1,other,R
1418618235,1104841576,1,1,vDeltaB,vDeltaB_C0,,,,,,,SIFa_to_target,hemibrain:v1.2.1,other,R
1418618235,1105445956,1,1,,,,,,,,,SIFa_to_target,hemibrain:v1.2.1,other,R
1418618235,1106180107,1,1,ER2_a,ER2_a(ring)_R,,,,,,,SIFa_to_target,hemibrain:v1.2.1,other,R
1418618235,1108312643,1,1,,,,,,,,,SIFa_to_target,hemibrain:v1.2.1,other,R
1418618235,1109163019,1,1,TuBu06,TuBu06_SBU_R,,,,,,,SIFa_to_target,hemibrain:v1.2.1,other,R
1418618235,1110298200,1,1,PAM02,PAM02(B'2a)_R,,,,,,,SIFa_to_target,hemibrain:v1.2.1,DAN,R
1418618235,1110307501,4,4,PAM08_b,PAM08_b(y4)_R,,,,,,,SIFa_to_target,hemibrain:v1.2.1,DAN,R
1418618235,1110972158,1,1,PAM10,PAM10(B1)_R,,,,,,,SIFa_to_target,hemibrain:v1.2.1,DAN,R
1418618235,1110997994,1,1,PAM08_b,PAM08_b(y4)_R,,,,,,,SIFa_to_target,hemibrain:v1.2.1,DAN,R
1418618235,1125964814,1,1,EPG,EPG(PB08)_R8,,,,,,,SIFa_to_target,hemibrain:v1.2.1,other,R
1418618235,1126647624,1,1,EPG,EPG(PB08)_R8,,,,,,,SIFa_to_target,hemibrain:v1.2.1,other,R
1418618235,1127476096,1,1,EPG,EPG(PB08)_L8,,,,,,,SIFa_to_target,hemibrain:v1.2.1,other,R
1418618235,1130463017,1,1,VES046,VES046_R,,,,,,,SIFa_to_target,hemibrain:v1.2.1,other,R
1418618235,1130687130,1,1,KCab-s,KCab-s_R,,,,,,,SIFa_to_target,hemibrain:v1.2.1,KC_alpha_beta,R
1418618235,1131827390,1,1,FB4M,FB4M(PPM3-FB3/4-NO-DAN)_R,,,,,,,SIFa_to_target,hemibrain:v1.2.1,DAN,R
1418618235,1132150724,1,1,hDeltaB,hDeltaB_13_C11,,,,,,,SIFa_to_target,hemibrain:v1.2.1,other,R
1418618235,1132186103,1,1,vDeltaK,vDeltaK_C6,,,,,,,SIFa_to_target,hemibrain:v1.2.1,other,R
1418618235,1133920966,1,1,hDeltaK,hDeltaK_04_C4,,,,,,,SIFa_to_target,hemibrain:v1.2.1,other,R
1418618235,1135829550,1,1,,,,,,,,,SIFa_to_target,hemibrain:v1.2.1,other,R
1418618235,1137210821,1,1,ER2_c,ER2_c(ring)_R,,,,,,,SIFa_to_target,hemibrain:v1.2.1,other,R
1418618235,1137219365,2,1,ER2_a,ER2_a(ring)_R,,,,,,,SIFa_to_target,hemibrain:v1.2.1,other,R
1418618235,1137288015,3,3,EL,EL(EQ5)_L,,,,,,,SIFa_to_target,hemibrain:v1.2.1,other,R
1418618235,1137957299,1,1,ATL005,ATL005(ADM02)_L,,,,,,,SIFa_to_target,hemibrain:v1.2.1,other,R
1418618235,1140517447,1,1,TuBu10,TuBu10_SBU_R,,,,,,,SIFa_to_target,hemibrain:v1.2.1,other,R
1418618235,1140655624,2,2,PAM08_c,PAM08_c(y4)_R,,,,,,,SIFa_to_target,hemibrain:v1.2.1,DAN,R
1418618235,1140737968,4,4,PAM08_b,PAM08_b(y4)_L,,,,,,,SIFa_to_target,hemibrain:v1.2.1,DAN,R
1418618235,1140750938,1,1,PAM08_e,PAM08_e(y4)_L,,,,,,,SIFa_to_target,hemibrain:v1.2.1,DAN,R
1418618235,1140996390,3,3,PAM04_a,PAM04_a(B2)_R,,,,,,,SIFa_to_target,hemibrain:v1.2.1,DAN,R
1418618235,1141009503,2,2,PAM08_b,PAM08_b(y4)_L,,,,,,,SIFa_to_target,hemibrain:v1.2.1,DAN,R
1418618235,1141328881,11,10,PAM04_a,PAM04_a(B2)_R,,,,,,,SIFa_to_target,hemibrain:v1.2.1,DAN,R
1418618235,1141350537,2,2,PAM08_b,PAM08_b(y4)_R,,,,,,,SIFa_to_target,hemibrain:v1.2.1,DAN,R
1418618235,1141678948,1,1,PAM08_e,PAM08_e(y4)_R,,,,,,,SIFa_to_target,hemibrain:v1.2.1,DAN,R
1418618235,1142011140,1,1,PAM07,PAM07(y4<y1y2)_R,,,,,,,SIFa_to_target,hemibrain:v1.2.1,DAN,R
1418618235,1163894164,1,1,hDeltaI,hDeltaI_07_C6,,,,,,,SIFa_to_target,hemibrain:v1.2.1,other,R
1418618235,1166545210,1,1,AVLP095,AVLP095_R,,,,,,,SIFa_to_target,hemibrain:v1.2.1,other,R
1418618235,1166566237,1,1,vDeltaD,vDeltaD_C1,,,,,,,SIFa_to_target,hemibrain:v1.2.1,other,R
1418618235,1167563121,1,1,ER2_a,ER2_a(ring)_R,,,,,,,SIFa_to_target,hemibrain:v1.2.1,other,R
1418618235,1167632513,1,1,ER4d,ER4d(ring)_R,,,,,,,SIFa_to_target,hemibrain:v1.2.1,other,R
1418618235,1167965225,1,1,EL,EL(EQ5)_R,,,,,,,SIFa_to_target,hemibrain:v1.2.1,other,R
1418618235,1167977970,1,1,ER4m,ER4m(ring)_L,,,,,,,SIFa_to_target,hemibrain:v1.2.1,other,R
1418618235,1167995070,1,1,EPG,EPG(PB08)_L8,,,,,,,SIFa_to_target,hemibrain:v1.2.1,other,R
1418618235,1168059800,2,1,ER2_c,ER2_c(ring)_L,,,,,,,SIFa_to_target,hemibrain:v1.2.1,other,R
1418618235,1168249921,1,1,ER2_d,ER2_d(ring)_R,,,,,,,SIFa_to_target,hemibrain:v1.2.1,other,R
1418618235,1168664495,2,2,EPG,EPG(PB08)_L8,,,,,,,SIFa_to_target,hemibrain:v1.2.1,other,R
1418618235,1169898618,2,2,TuBu01,TuBu01_ABU_R,,,,,,,SIFa_to_target,hemibrain:v1.2.1,other,R
1418618235,1170606692,1,1,KCab-s,KCab-s_R,,,,,,,SIFa_to_target,hemibrain:v1.2.1,KC_alpha_beta,R
1418618235,1170865953,1,1,TuBu06,TuBu06_SBU_R,,,,,,,SIFa_to_target,hemibrain:v1.2.1,other,R
1418618235,1172118087,1,1,,,,,,,,,SIFa_to_target,hemibrain:v1.2.1,other,R
1418618235,1173011450,1,1,PAM13,PAM13(B'1ap)_L,,,,,,,SIFa_to_target,hemibrain:v1.2.1,APL,R
1418618235,1173753977,1,1,PAM08_e,PAM08_e(y4)_R,,,,,,,SIFa_to_target,hemibrain:v1.2.1,DAN,R
1418618235,1173814525,1,1,MBON34,MBON34(y2)_L,,,,,,,SIFa_to_target,hemibrain:v1.2.1,MBON,R
1418618235,1194937249,1,1,vDeltaK,vDeltaK_C5,,,,,,,SIFa_to_target,hemibrain:v1.2.1,other,R
1418618235,1194958916,1,1,vDeltaM,vDeltaM_C6,,,,,,,SIFa_to_target,hemibrain:v1.2.1,other,R
1418618235,1198576311,1,1,AVLP120,AVLP120_R,,,,,,,SIFa_to_target,hemibrain:v1.2.1,other,R
1418618235,1198667367,1,1,ER2_c,ER2_c(ring)_L,,,,,,,SIFa_to_target,hemibrain:v1.2.1,other,R
1418618235,1198671672,1,1,ER2_c,ER2_c(ring)_L,,,,,,,SIFa_to_target,hemibrain:v1.2.1,other,R
1418618235,1198680426,2,2,ER2_d,ER2_d(ring)_L,,,,,,,SIFa_to_target,hemibrain:v1.2.1,other,R
1418618235,1198684596,1,1,ER2_a,ER2_a(ring)_L,,,,,,,SIFa_to_target,hemibrain:v1.2.1,other,R
1418618235,1199699496,1,1,ER2_c,ER2_c(ring)_L,,,,,,,SIFa_to_target,hemibrain:v1.2.1,other,R
1418618235,1203066401,1,1,PAM04_a,PAM04_a(B2)_R,,,,,,,SIFa_to_target,hemibrain:v1.2.1,DAN,R
1418618235,1204080759,1,1,,,,,,,,,SIFa_to_target,hemibrain:v1.2.1,other,R
1418618235,1204443547,1,1,KCg-m,KCg-m_R,,,,,,,SIFa_to_target,hemibrain:v1.2.1,KC_gamma,R
1418618235,1220800405,3,3,FB6M,FB6M_R,,,,,,,SIFa_to_target,hemibrain:v1.2.1,other,R
1418618235,1225985415,1,1,vDeltaL,vDeltaL_C6,,,,,,,SIFa_to_target,hemibrain:v1.2.1,other,R
1418618235,1229197848,1,1,AVLP501,AVLP501_R,,,,,,,SIFa_to_target,hemibrain:v1.2.1,other,R
1418618235,1230004806,1,1,hDeltaC,hDeltaC_08_C7,,,,,,,SIFa_to_target,hemibrain:v1.2.1,other,R
1418618235,1230026228,1,1,ER4d,ER4d(ring)_L,,,,,,,SIFa_to_target,hemibrain:v1.2.1,other,R
1418618235,1233436426,1,1,PAM03,PAM03(B2B'2a)_R,,,,,,,SIFa_to_target,hemibrain:v1.2.1,DAN,R
1418618235,1233436479,1,1,PAM15_b,PAM15_b(y5B'2a)_R,,,,,,,SIFa_to_target,hemibrain:v1.2.1,DAN,R
1418618235,1233703950,1,1,KCab-s,KCab-s_R,,,,,,,SIFa_to_target,hemibrain:v1.2.1,KC_alpha_beta,R
1418618235,1233829462,1,1,,,,,,,,,SIFa_to_target,hemibrain:v1.2.1,other,R
1418618235,1236073998,1,1,KCg-m,KCg-m_R,,,,,,,SIFa_to_target,hemibrain:v1.2.1,KC_gamma,R
1418618235,1255289329,1,1,FB2I_a,FB2I_a_R,,,,,,,SIFa_to_target,hemibrain:v1.2.1,other,R
1418618235,1259027455,1,1,vDeltaA_a,vDeltaA_a(AB)_C4,,,,,,,SIFa_to_target,hemibrain:v1.2.1,other,R
1418618235,1259295990,1,1,AVLP159,AVLP159_R,,,,,,,SIFa_to_target,hemibrain:v1.2.1,other,R
1418618235,1261000309,1,1,ER4d,ER4d(ring)_R,,,,,,,SIFa_to_target,hemibrain:v1.2.1,other,R
1418618235,1261056809,2,1,ER4d,ER4d(ring)_L,,,,,,,SIFa_to_target,hemibrain:v1.2.1,other,R
1418618235,1261091124,1,1,ER3d_a,ER3d_a(ring)_L,,,,,,,SIFa_to_target,hemibrain:v1.2.1,other,R
1418618235,1261423507,1,1,ER3d_c,ER3d_c(ring)_R,,,,,,,SIFa_to_target,hemibrain:v1.2.1,other,R
1418618235,1261423534,1,1,ER3d_d,ER3d_d(ring)_R,,,,,,,SIFa_to_target,hemibrain:v1.2.1,other,R
1418618235,1261427885,1,1,ER3d_b,ER3d_b(ring)_R,,,,,,,SIFa_to_target,hemibrain:v1.2.1,other,R
1418618235,1261427892,1,1,ER3d_d,ER3d_d(ring)_L,,,,,,,SIFa_to_target,hemibrain:v1.2.1,other,R
1418618235,1261760187,1,1,ER3d_c,ER3d_c(ring)_R,,,,,,,SIFa_to_target,hemibrain:v1.2.1,other,R
1418618235,1263832477,1,1,PAM03,PAM03(B2B'2a)_L,,,,,,,SIFa_to_target,hemibrain:v1.2.1,DAN,R
1418618235,1265399790,2,1,,,,,,,,,SIFa_to_target,hemibrain:v1.2.1,other,R
1418618235,1266578064,1,1,,,,,,,,,SIFa_to_target,hemibrain:v1.2.1,other,R
1418618235,1283600055,2,2,,,,,,,,,SIFa_to_target,hemibrain:v1.2.1,other,R
1418618235,1286323786,1,1,FB2I_a,FB2I_a_R,,,,,,,SIFa_to_target,hemibrain:v1.2.1,other,R
1418618235,1292466818,1,1,ER3d_d,ER3d_d(ring)_R,,,,,,,SIFa_to_target,hemibrain:v1.2.1,other,R
1418618235,1293136062,1,1,ER3a_a,ER3a_a(ring)_R,,,,,,,SIFa_to_target,hemibrain:v1.2.1,other,R
1418618235,1295855722,1,1,PAM01_b,PAM01_b(y5)_R,,,,,,,SIFa_to_target,hemibrain:v1.2.1,DAN,R
1418618235,1296857479,1,1,,,,,,,,,SIFa_to_target,hemibrain:v1.2.1,other,R
1418618235,1300276335,2,2,LAL159,LAL159_R,,,,,,,SIFa_to_target,hemibrain:v1.2.1,other,R
1418618235,1310831585,1,1,vDeltaA_b,vDeltaA_b_C3,,,,,,,SIFa_to_target,hemibrain:v1.2.1,other,R
1418618235,1316245799,1,1,M_spPN4t9,M_spPN4t9_R,,,,,,,SIFa_to_target,hemibrain:v1.2.1,other,R
1418618235,1316768561,1,1,,,,,,,,,SIFa_to_target,hemibrain:v1.2.1,other,R
1418618235,1321564092,1,1,AVLP001,AVLP001_R,,,,,,,SIFa_to_target,hemibrain:v1.2.1,other,R
1418618235,1322353714,1,1,M_vPNml66,M_vPNml66_R,,,,,,,SIFa_to_target,hemibrain:v1.2.1,other,R
1418618235,1323402830,1,1,LAL193,LAL193_R,,,,,,,SIFa_to_target,hemibrain:v1.2.1,other,R
1418618235,1327494939,1,1,KCab-s,KCab-s_R,,,,,,,SIFa_to_target,hemibrain:v1.2.1,KC_alpha_beta,R
1418618235,1328285306,1,1,,,,,,,,,SIFa_to_target,hemibrain:v1.2.1,other,R
1418618235,1348035835,1,1,,,,,,,,,SIFa_to_target,hemibrain:v1.2.1,other,R
1418618235,1352077058,1,1,DSKMP1B,DSKMP1B_R,,,,,,,SIFa_to_target,hemibrain:v1.2.1,other,R
1418618235,1357999210,1,1,,APL fragment_L,,,,,,,SIFa_to_target,hemibrain:v1.2.1,APL,R
1418618235,1359553384,1,1,KCab-s,KCab-s_R,,,,,,,SIFa_to_target,hemibrain:v1.2.1,KC_alpha_beta,R
1418618235,1375504403,1,1,PVLP099,PVLP099_R,,,,,,,SIFa_to_target,hemibrain:v1.2.1,other,R
1418618235,1379087619,1,1,FB1C,FB1C(NO1/NO3)_L,,,,,,,SIFa_to_target,hemibrain:v1.2.1,other,R
1418618235,1380737049,1,1,IB077,IB077_R,,,,,,,SIFa_to_target,hemibrain:v1.2.1,other,R
1418618235,1384237751,1,1,,,,,,,,,SIFa_to_target,hemibrain:v1.2.1,other,R
1418618235,1386512867,5,5,MBON05,MBON05(y4>y1y2)_R,,,,,,,SIFa_to_target,hemibrain:v1.2.1,MBON,R
1418618235,1387583729,4,4,PAM03,PAM03(B2B'2a)_L,,,,,,,SIFa_to_target,hemibrain:v1.2.1,DAN,R
1418618235,1388585088,1,1,KCab-p,KCab-p_R,,,,,,,SIFa_to_target,hemibrain:v1.2.1,KC_alpha_beta,R
1418618235,1388693087,1,1,,,,,,,,,SIFa_to_target,hemibrain:v1.2.1,other,R
1418618235,1388697542,1,1,,,,,,,,,SIFa_to_target,hemibrain:v1.2.1,other,R
1418618235,1389029776,1,1,,,,,,,,,SIFa_to_target,hemibrain:v1.2.1,other,R
1418618235,1389029803,1,1,,,,,,,,,SIFa_to_target,hemibrain:v1.2.1,other,R
1418618235,1389034086,1,1,,,,,,,,,SIFa_to_target,hemibrain:v1.2.1,other,R
1418618235,1389038329,1,1,,,,,,,,,SIFa_to_target,hemibrain:v1.2.1,other,R
1418618235,1389370821,1,1,,,,,,,,,SIFa_to_target,hemibrain:v1.2.1,other,R
1418618235,1389379556,1,1,,,,,,,,,SIFa_to_target,hemibrain:v1.2.1,other,R
1418618235,1389716081,1,1,,,,,,,,,SIFa_to_target,hemibrain:v1.2.1,other,R
1418618235,1390057275,1,1,,,,,,,,,SIFa_to_target,hemibrain:v1.2.1,other,R
1418618235,1390061550,1,1,,,,,,,,,SIFa_to_target,hemibrain:v1.2.1,other,R
1418618235,1390061715,1,1,,,,,,,,,SIFa_to_target,hemibrain:v1.2.1,other,R
1418618235,1390065947,1,1,,,,,,,,,SIFa_to_target,hemibrain:v1.2.1,other,R
1418618235,1418351187,2,2,,,,,,,,,SIFa_to_target,hemibrain:v1.2.1,other,R
1418618235,1419378379,1,1,,,,,,,,,SIFa_to_target,hemibrain:v1.2.1,other,R
1418618235,1419378446,1,1,,,,,,,,,SIFa_to_target,hemibrain:v1.2.1,other,R
1418618235,1419723597,1,1,,,,,,,,,SIFa_to_target,hemibrain:v1.2.1,other,R
1418618235,1419723773,1,1,,,,,,,,,SIFa_to_target,hemibrain:v1.2.1,other,R
1418618235,1420073258,1,1,,,,,,,,,SIFa_to_target,hemibrain:v1.2.1,other,R
1418618235,1420073332,1,1,,,,,,,,,SIFa_to_target,hemibrain:v1.2.1,other,R
1418618235,1420077744,1,1,,,,,,,,,SIFa_to_target,hemibrain:v1.2.1,other,R
1418618235,1420082185,1,1,,,,,,,,,SIFa_to_target,hemibrain:v1.2.1,other,R
1418618235,1420401565,1,1,,,,,,,,,SIFa_to_target,hemibrain:v1.2.1,other,R
1418618235,1420414288,1,1,,,,,,,,,SIFa_to_target,hemibrain:v1.2.1,other,R
1418618235,1420755439,1,1,,,,,,,,,SIFa_to_target,hemibrain:v1.2.1,other,R
1418618235,1420759873,1,1,,,,,,,,,SIFa_to_target,hemibrain:v1.2.1,other,R
1418618235,1420764093,1,1,,,,,,,,,SIFa_to_target,hemibrain:v1.2.1,other,R
1418618235,1441499284,1,1,PFNp_b,PFNp_b(PB01b)_L6_C5,,,,,,,SIFa_to_target,hemibrain:v1.2.1,other,R
1418618235,1442565150,1,1,vDeltaL,vDeltaL_C7,,,,,,,SIFa_to_target,hemibrain:v1.2.1,other,R
1418618235,1443946326,1,1,vDeltaA_a,vDeltaA_a(AB)_C8,,,,,,,SIFa_to_target,hemibrain:v1.2.1,other,R
1418618235,1446100318,1,1,AVLP259,AVLP259_R,,,,,,,SIFa_to_target,hemibrain:v1.2.1,other,R
1418618235,1446204221,2,1,vDeltaA_b,vDeltaA_b_C1,,,,,,,SIFa_to_target,hemibrain:v1.2.1,other,R
1418618235,1446234552,1,1,hDeltaB,hDeltaB_09_C7,,,,,,,SIFa_to_target,hemibrain:v1.2.1,other,R
1418618235,1447253749,1,1,EL,EL(EQ5)_R,,,,,,,SIFa_to_target,hemibrain:v1.2.1,other,R
1418618235,1448828968,1,1,,,,,,,,,SIFa_to_target,hemibrain:v1.2.1,other,R
1418618235,1449247522,1,1,ExR2,ExR2(PPM3-EB-DAN/ring)_R,,,,,,,SIFa_to_target,hemibrain:v1.2.1,DAN,R
1418618235,1449368533,1,1,,,,,,,,,SIFa_to_target,hemibrain:v1.2.1,other,R
1418618235,1449385987,1,1,,,,,,,,,SIFa_to_target,hemibrain:v1.2.1,other,R
1418618235,1449386049,1,1,,,,,,,,,SIFa_to_target,hemibrain:v1.2.1,other,R
1418618235,1449486007,1,1,AVLP537,AVLP537_R,,,,,,,SIFa_to_target,hemibrain:v1.2.1,other,R
1418618235,1450076447,1,1,,,,,,,,,SIFa_to_target,hemibrain:v1.2.1,other,R
1418618235,1450408840,1,1,,,,,,,,,SIFa_to_target,hemibrain:v1.2.1,other,R
1418618235,1450413138,1,1,,,,,,,,,SIFa_to_target,hemibrain:v1.2.1,other,R
1418618235,1450758564,1,1,,,,,,,,,SIFa_to_target,hemibrain:v1.2.1,other,R
1418618235,1451095196,1,1,,,,,,,,,SIFa_to_target,hemibrain:v1.2.1,other,R
1418618235,1451103961,1,1,,,,,,,,,SIFa_to_target,hemibrain:v1.2.1,other,R
1418618235,1472520219,1,1,vDeltaA_b,vDeltaA_b(AB)_C8,,,,,,,SIFa_to_target,hemibrain:v1.2.1,other,R
1418618235,1478802290,1,1,AVLP323,AVLP323_R,,,,,,,SIFa_to_target,hemibrain:v1.2.1,other,R
1418618235,1480525262,3,3,AVLP536,AVLP536_R,,,,,,,SIFa_to_target,hemibrain:v1.2.1,other,R
1418618235,1481085418,1,1,,,,,,,,,SIFa_to_target,hemibrain:v1.2.1,other,R
1418618235,1481737138,1,1,PI1_a,PI1_a,,,,,,,SIFa_to_target,hemibrain:v1.2.1,other,R
1418618235,1481775911,1,1,,,,,,,,,SIFa_to_target,hemibrain:v1.2.1,other,R
1418618235,1482134504,1,1,,,,,,,,,SIFa_to_target,hemibrain:v1.2.1,other,R
1418618235,1482445523,1,1,,,,,,,,,SIFa_to_target,hemibrain:v1.2.1,other,R
1418618235,1483101523,1,1,,,,,,,,,SIFa_to_target,hemibrain:v1.2.1,other,R
1418618235,1484828183,1,1,,(AVM19)_L,,,,,,,SIFa_to_target,hemibrain:v1.2.1,other,R
1418618235,1505494924,1,1,,,,,,,,,SIFa_to_target,hemibrain:v1.2.1,other,R
1418618235,1512137791,1,1,,,,,,,,,SIFa_to_target,hemibrain:v1.2.1,other,R
1418618235,1512630340,1,1,AVLP557,AVLP557_R,,,,,,,SIFa_to_target,hemibrain:v1.2.1,other,R
1418618235,1535709211,2,2,aMe14b,aMe14b_L,,,,,,,SIFa_to_target,hemibrain:v1.2.1,other,R
1418618235,1536947502,1,1,D_adPN,D_adPN_R,,,,,,,SIFa_to_target,hemibrain:v1.2.1,other,R
1418618235,1536986560,1,1,SA3,SA3_bilateral_R,,,,,,,SIFa_to_target,hemibrain:v1.2.1,other,R
1418618235,1537130680,2,1,AVLP111,AVLP111_R,,,,,,,SIFa_to_target,hemibrain:v1.2.1,other,R
1418618235,1543138040,1,1,LAL042,LAL042(ADM10)_L,,,,,,,SIFa_to_target,hemibrain:v1.2.1,other,R
1418618235,1547454812,1,1,lLN1_c,lLN1_c_R,,,,,,,SIFa_to_target,hemibrain:v1.2.1,other,R
1418618235,1597618997,1,1,,,,,,,,,SIFa_to_target,hemibrain:v1.2.1,other,R
1418618235,1605195203,3,2,ORN_D,ORN_D,,,,,,,SIFa_to_target,hemibrain:v1.2.1,other,R
1418618235,1605204239,1,1,ORN_D,ORN_D,,,,,,,SIFa_to_target,hemibrain:v1.2.1,other,R
1418618235,1605864107,1,1,ORN_DL3,ORN_DL3_L,,,,,,,SIFa_to_target,hemibrain:v1.2.1,other,R
1418618235,1634762351,1,1,,,,,,,,,SIFa_to_target,hemibrain:v1.2.1,other,R
1418618235,1635889014,1,1,ORN_DP1m,ORN_DP1m_L,,,,,,,SIFa_to_target,hemibrain:v1.2.1,other,R
1418618235,1636238769,1,1,ORN_D,ORN_D,,,,,,,SIFa_to_target,hemibrain:v1.2.1,other,R
1418618235,1636240001,1,1,ORN_D,ORN_D,,,,,,,SIFa_to_target,hemibrain:v1.2.1,other,R
1418618235,1637512099,1,1,LAL176,LAL176(PVM03)_L,,,,,,,SIFa_to_target,hemibrain:v1.2.1,other,R
1418618235,1639243580,1,1,VP1d_il2PN,VP1d_il2PN(dALT),,,,,,,SIFa_to_target,hemibrain:v1.2.1,other,R
1418618235,1639886198,10,7,lLN2P_c,lLN2P_c(Patchy)_R,,,,,,,SIFa_to_target,hemibrain:v1.2.1,other,R
1418618235,1640555311,11,6,lLN2P_c,lLN2P_c(Patchy)_R,,,,,,,SIFa_to_target,hemibrain:v1.2.1,other,R
1418618235,1640568102,1,1,DL3_lPN,DL3_lPN_R,,,,,,,SIFa_to_target,hemibrain:v1.2.1,other,R
1418618235,1640572741,2,2,lLN2T_b,lLN2T_b(Tortuous)_R,,,,,,,SIFa_to_target,hemibrain:v1.2.1,other,R
1418618235,1640594274,5,4,DC1_adPN,DC1_adPN_R,,,,,,,SIFa_to_target,hemibrain:v1.2.1,other,R
1418618235,1640887603,5,2,lLN1_b,lLN1_b_R,,,,,,,SIFa_to_target,hemibrain:v1.2.1,other,R
1418618235,1640909284,12,9,lLN2F_b,lLN2F_b(Full)_R,,,,,,,SIFa_to_target,hemibrain:v1.2.1,other,R
1418618235,1640922516,18,10,lLN2T_e,lLN2T_e(Tortuous)_R,,,,,,,SIFa_to_target,hemibrain:v1.2.1,other,R
1418618235,1642623277,3,2,lLN1_b,lLN1_b_R,,,,,,,SIFa_to_target,hemibrain:v1.2.1,other,R
1418618235,1658963980,1,1,PLP220,PLP220_R,,,,,,,SIFa_to_target,hemibrain:v1.2.1,other,R
1418618235,1664649887,1,1,,,,,,,,,SIFa_to_target,hemibrain:v1.2.1,other,R
1418618235,1666910636,1,1,ORN_DP1m,ORN_DP1m_R,,,,,,,SIFa_to_target,hemibrain:v1.2.1,other,R
1418618235,1667251683,7,5,lLN2T_d,lLN2T_d(Tortuous)_R,,,,,,,SIFa_to_target,hemibrain:v1.2.1,other,R
1418618235,1667260273,1,1,ORN_D,ORN_D,,,,,,,SIFa_to_target,hemibrain:v1.2.1,other,R
1418618235,1667264339,1,1,ORN_D,ORN_D,,,,,,,SIFa_to_target,hemibrain:v1.2.1,other,R
1418618235,1668676767,1,1,ORN_D,ORN_D,,,,,,,SIFa_to_target,hemibrain:v1.2.1,other,R
1418618235,1669924220,13,11,lLN2T_d,lLN2T_d(Tortuous)_R,,,,,,,SIFa_to_target,hemibrain:v1.2.1,other,R
1418618235,1670256121,1,1,ORN_DL1,ORN_DL1_L,,,,,,,SIFa_to_target,hemibrain:v1.2.1,other,R
1418618235,1670265016,2,1,OA-VUMa2,OA-VUMa2_R,,,,,,,SIFa_to_target,hemibrain:v1.2.1,other,R
1418618235,1670287030,7,3,lLN2F_a,lLN2F_a(Full)_R,,,,,,,SIFa_to_target,hemibrain:v1.2.1,other,R
1418618235,1670597454,3,3,M_lvPNm35,M_lvPNm35_R,,,,,,,SIFa_to_target,hemibrain:v1.2.1,other,R
1418618235,1670627928,3,1,lLN2S,lLN2S(Star)_R,,,,,,,SIFa_to_target,hemibrain:v1.2.1,other,R
1418618235,1670916819,33,32,lLN2P_a,lLN2P_a(Patchy)_R,,,,,,,SIFa_to_target,hemibrain:v1.2.1,other,R
1418618235,1670969318,1,1,ALBN1,ALBN1_R,,,,,,,SIFa_to_target,hemibrain:v1.2.1,other,R
1418618235,1671257931,32,21,lLN2P_b,lLN2P_b(Patchy)_R,,,,,,,SIFa_to_target,hemibrain:v1.2.1,other,R
1418618235,1671271059,1,1,ORN_DL4,ORN_DL4_R,,,,,,,SIFa_to_target,hemibrain:v1.2.1,other,R
1418618235,1671292719,39,30,lLN2T_c,lLN2T_c(Tortuous)_R,,,,,,,SIFa_to_target,hemibrain:v1.2.1,other,R
1418618235,1671608112,3,3,M_ilPNm90,M_ilPNm90_R,,,,,,,SIFa_to_target,hemibrain:v1.2.1,other,R
1418618235,1671620613,3,2,v2LN30,v2LN30_R,,,,,,,SIFa_to_target,hemibrain:v1.2.1,other,R
1418618235,1672316168,1,1,ORN_D,ORN_D,,,,,,,SIFa_to_target,hemibrain:v1.2.1,other,R
1418618235,1672320134,5,2,lLN2T_a,lLN2T_a(Tortuous)_R,,,,,,,SIFa_to_target,hemibrain:v1.2.1,other,R
1418618235,1693827279,2,2,M_adPNm8,M_adPNm8_R,,,,,,,SIFa_to_target,hemibrain:v1.2.1,other,R
1418618235,1698343052,1,1,ORN_DM4,ORN_DM4_L,,,,,,,SIFa_to_target,hemibrain:v1.2.1,other,R
1418618235,1698693312,1,1,ORN_DM1,ORN_DM1_R,,,,,,,SIFa_to_target,hemibrain:v1.2.1,other,R
1418618235,1699974843,11,4,lLN2T_e,lLN2T_e(Tortuous)_R,,,,,,,SIFa_to_target,hemibrain:v1.2.1,other,R
1418618235,1700307582,1,1,M_l2PNl21,M_l2PNl21_R,,,,,,,SIFa_to_target,hemibrain:v1.2.1,other,R
1418618235,1700613524,1,1,ORN_DL1,ORN_DL1_L,,,,,,,SIFa_to_target,hemibrain:v1.2.1,other,R
1418618235,1700644008,1,1,v2LN3A,v2LN3a_R,,,,,,,SIFa_to_target,hemibrain:v1.2.1,other,R
1418618235,1700937093,1,1,DL1_adPN,DL1_adPN_R,,,,,,,SIFa_to_target,hemibrain:v1.2.1,other,R
1418618235,1700946301,3,2,DL1_adPN,DL1_adPN_R,,,,,,,SIFa_to_target,hemibrain:v1.2.1,other,R
1418618235,1701325725,1,1,M_vPNml73,M_vPNml73_R,,,,,,,SIFa_to_target,hemibrain:v1.2.1,other,R
1418618235,1701947337,23,12,lLN2P_b,lLN2P_b(Patchy)_R,,,,,,,SIFa_to_target,hemibrain:v1.2.1,other,R
1418618235,1702306047,1,1,M_ilPN8t91,M_ilPN8t91_R,,,,,,,SIFa_to_target,hemibrain:v1.2.1,other,R
1418618235,1702310266,1,1,OA-VUMa5,OA-VUMa5_R,,,,,,,SIFa_to_target,hemibrain:v1.2.1,other,R
1418618235,1702651358,1,1,lLN1_c,lLN1_c_R,,,,,,,SIFa_to_target,hemibrain:v1.2.1,other,R
1418618235,1703683361,2,2,DA3_adPN,DA3_adPN_R,,,,,,,SIFa_to_target,hemibrain:v1.2.1,other,R
1418618235,1704347707,45,32,lLN2T_c,lLN2T_c(Tortuous)_R,,,,,,,SIFa_to_target,hemibrain:v1.2.1,other,R
1418618235,1722207652,1,1,,,,,,,,,SIFa_to_target,hemibrain:v1.2.1,other,R
1418618235,1723506321,1,1,M_l2PNm14,M_l2PNm14_R,,,,,,,SIFa_to_target,hemibrain:v1.2.1,other,R
1418618235,1723769735,1,1,,,,,,,,,SIFa_to_target,hemibrain:v1.2.1,other,R
1418618235,1727979406,2,2,VP1d+VP4_l2PN1,VP1d+VP4_l2PN1_R,,,,,,,SIFa_to_target,hemibrain:v1.2.1,other,R
1418618235,1728104437,1,1,AVLP440,AVLP440_R,,,,,,,SIFa_to_target,hemibrain:v1.2.1,other,R
1418618235,1728298525,1,1,ORN_DM4,ORN_DM4_R,,,,,,,SIFa_to_target,hemibrain:v1.2.1,other,R
1418618235,1730327790,3,3,lLN2T_a,lLN2T_a(Tortuous)_R,,,,,,,SIFa_to_target,hemibrain:v1.2.1,other,R
1418618235,1732995501,1,1,lLN2S,lLN2S(Star)_R,,,,,,,SIFa_to_target,hemibrain:v1.2.1,other,R
1418618235,1733056086,1,1,v2LN35,v2LN35_R,,,,,,,SIFa_to_target,hemibrain:v1.2.1,other,R
1418618235,1734350776,1,1,ORN_DA1,ORN_DA1_L,,,,,,,SIFa_to_target,hemibrain:v1.2.1,other,R
1418618235,1734350788,2,2,DA1_lPN,DA1_lPN_R,,,,,,,SIFa_to_target,hemibrain:v1.2.1,other,R
1418618235,1734372986,2,1,,,,,,,,,SIFa_to_target,hemibrain:v1.2.1,other,R
1418618235,1734420152,2,2,DL2v_adPN,DL2v_adPN_R,,,,,,,SIFa_to_target,hemibrain:v1.2.1,other,R
1418618235,1734713635,1,1,,,,,,,,,SIFa_to_target,hemibrain:v1.2.1,other,R
1418618235,1734730862,1,1,ORN_D,ORN_D,,,,,,,SIFa_to_target,hemibrain:v1.2.1,other,R
1418618235,1747302427,5,4,,,,,,,,,SIFa_to_target,hemibrain:v1.2.1,other,R
1418618235,1752089949,1,1,SAD015,SAD015_R,,,,,,,SIFa_to_target,hemibrain:v1.2.1,other,R
1418618235,1753458358,1,1,WED052,WED052_R,,,,,,,SIFa_to_target,hemibrain:v1.2.1,other,R
1418618235,1757612027,1,1,AOTU042,AOTU042_R,,,,,,,SIFa_to_target,hemibrain:v1.2.1,other,R
1418618235,1758996932,1,1,,LN_L,,,,,,,SIFa_to_target,hemibrain:v1.2.1,other,R
1418618235,1762351201,1,1,,LN(AL)?,,,,,,,SIFa_to_target,hemibrain:v1.2.1,other,R
1418618235,1762354941,8,6,lLN2T_a,lLN2T_a(Tortuous)_R,,,,,,,SIFa_to_target,hemibrain:v1.2.1,other,R
1418618235,1762704980,15,11,lLN2P_c,lLN2P_c(Patchy)_R,,,,,,,SIFa_to_target,hemibrain:v1.2.1,other,R
1418618235,1765394225,1,1,,,,,,,,,SIFa_to_target,hemibrain:v1.2.1,other,R
1418618235,1784203453,1,1,,(PVM01)_R,,,,,,,SIFa_to_target,hemibrain:v1.2.1,other,R
1418618235,1785149074,2,2,,,,,,,,,SIFa_to_target,hemibrain:v1.2.1,other,R
1418618235,1786793680,3,2,,,,,,,,,SIFa_to_target,hemibrain:v1.2.1,other,R
1418618235,1788546780,1,1,,,,,,,,,SIFa_to_target,hemibrain:v1.2.1,other,R
1418618235,1795130353,1,1,,LN,,,,,,,SIFa_to_target,hemibrain:v1.2.1,other,R
1418618235,1796796467,1,1,,,,,,,,,SIFa_to_target,hemibrain:v1.2.1,other,R
1418618235,1815165718,1,1,AVLP510,AVLP510_R,,,,,,,SIFa_to_target,hemibrain:v1.2.1,other,R
1418618235,1821395094,1,1,HRN_VP4,HRN_VP4_L,,,,,,,SIFa_to_target,hemibrain:v1.2.1,other,R
1418618235,1824101645,3,2,lLN1_c,lLN1_c_R,,,,,,,SIFa_to_target,hemibrain:v1.2.1,other,R
1418618235,1825085656,3,1,M_lPNm11D,M_lPNm11D_R,,,,,,,SIFa_to_target,hemibrain:v1.2.1,other,R
1418618235,1827123263,1,1,,,,,,,,,SIFa_to_target,hemibrain:v1.2.1,other,R
1418618235,1827473315,1,1,M_lvPNm42,M_lvPNm42_R,,,,,,,SIFa_to_target,hemibrain:v1.2.1,other,R
1418618235,1846874089,1,1,AVLP509,AVLP509_R,,,,,,,SIFa_to_target,hemibrain:v1.2.1,other,R
1418618235,1851393805,3,3,VM7d_adPN,VM7d_adPN_R,,,,,,,SIFa_to_target,hemibrain:v1.2.1,other,R
1418618235,1853111447,2,2,,,,,,,,,SIFa_to_target,hemibrain:v1.2.1,other,R
1418618235,1857148391,1,1,M_lPNm11D,M_lPNm11D_R,,,,,,,SIFa_to_target,hemibrain:v1.2.1,other,R
1418618235,1857799548,21,17,lLN2P_a,lLN2P_a(Patchy)_R,,,,,,,SIFa_to_target,hemibrain:v1.2.1,other,R
1418618235,1858171399,1,1,DC3_adPN,DC3_adPN_R,,,,,,,SIFa_to_target,hemibrain:v1.2.1,other,R
1418618235,1858171556,22,16,lLN2P_c,lLN2P_c(Patchy)_R,,,,,,,SIFa_to_target,hemibrain:v1.2.1,other,R
1418618235,1876570170,1,1,,,,,,,,,SIFa_to_target,hemibrain:v1.2.1,other,R
1418618235,1881751117,3,2,VA6_adPN,VA6_adPN_R,,,,,,,SIFa_to_target,hemibrain:v1.2.1,other,R
1418618235,1883783683,2,1,HRN_VP4,HRN_VP4_L,,,,,,,SIFa_to_target,hemibrain:v1.2.1,other,R
1418618235,1885036132,1,1,AVLP550,AVLP550_R,,,,,,,SIFa_to_target,hemibrain:v1.2.1,other,R
1418618235,1887168462,1,1,lLN16B,lLN16b_R,,,,,,,SIFa_to_target,hemibrain:v1.2.1,other,R
1418618235,1888178718,1,1,M_lv2PN9t49,M_lv2PN9t49_R,,,,,,,SIFa_to_target,hemibrain:v1.2.1,other,R
1418618235,1888572074,1,1,VM5d_adPN,VM5d_adPN_R,,,,,,,SIFa_to_target,hemibrain:v1.2.1,other,R
1418618235,1889253763,2,2,VM7v_adPN,VM7v_adPN_R,,,,,,,SIFa_to_target,hemibrain:v1.2.1,other,R
1418618235,1889253785,1,1,VA3_adPN,VA3_adPN_R,,,,,,,SIFa_to_target,hemibrain:v1.2.1,other,R
1418618235,1889576977,1,1,,,,,,,,,SIFa_to_target,hemibrain:v1.2.1,other,R
1418618235,1890570489,1,1,,,,,,,,,SIFa_to_target,hemibrain:v1.2.1,other,R
1418618235,1908261361,1,1,,,,,,,,,SIFa_to_target,hemibrain:v1.2.1,other,R
1418618235,1914823337,1,1,VC3l_adPN,VC3l_adPN_R,,,,,,,SIFa_to_target,hemibrain:v1.2.1,other,R
1418618235,1914823414,1,1,VM5d_adPN,VM5d_adPN_R,,,,,,,SIFa_to_target,hemibrain:v1.2.1,other,R
1418618235,1916800213,1,1,lLN2T_a,lLN2T_a(Tortuous)_R,,,,,,,SIFa_to_target,hemibrain:v1.2.1,other,R
1418618235,1917776227,1,1,,,,,,,,,SIFa_to_target,hemibrain:v1.2.1,other,R
1418618235,1919208947,2,1,lLN12A,lLN12a_R,,,,,,,SIFa_to_target,hemibrain:v1.2.1,other,R
1418618235,1921255508,1,1,,,,,,,,,SIFa_to_target,hemibrain:v1.2.1,other,R
1418618235,1946178096,55,39,lLN2P_b,lLN2P_b(Patchy)_R,,,,,,,SIFa_to_target,hemibrain:v1.2.1,other,R
1418618235,1952644326,1,1,,,,,,,,,SIFa_to_target,hemibrain:v1.2.1,other,R
1418618235,1961826228,2,1,,(pMP7)_R,,,,,,,SIFa_to_target,hemibrain:v1.2.1,other,R
1418618235,1975347348,2,2,s-LNv,s-LNv,,,,,,,SIFa_to_target,hemibrain:v1.2.1,PDF_positive_LNv,R
1418618235,1975878958,2,1,VP2_adPN,VP2_adPN_R,,,,,,,SIFa_to_target,hemibrain:v1.2.1,other,R
1418618235,1977553534,1,1,HRN_VP4,HRN_VP4_R,,,,,,,SIFa_to_target,hemibrain:v1.2.1,other,R
1418618235,1977916288,1,1,VM3_adPN,VM3_adPN_R,,,,,,,SIFa_to_target,hemibrain:v1.2.1,other,R
1418618235,1996625663,1,1,,,,,,,,,SIFa_to_target,hemibrain:v1.2.1,other,R
1418618235,2006698330,1,1,,,,,,,,,SIFa_to_target,hemibrain:v1.2.1,other,R
1418618235,2007068523,2,2,s-LNv,s-LNv,,,,,,,SIFa_to_target,hemibrain:v1.2.1,PDF_positive_LNv,R
1418618235,2007384015,1,1,,,,,,,,,SIFa_to_target,hemibrain:v1.2.1,other,R
1418618235,2009524968,1,1,AVLP360,AVLP360_R,,,,,,,SIFa_to_target,hemibrain:v1.2.1,other,R
1418618235,2009953077,1,1,HRN_VP1d,HRN_VP1d_R,,,,,,,SIFa_to_target,hemibrain:v1.2.1,other,R
1418618235,2010288907,2,2,,,,,,,,,SIFa_to_target,hemibrain:v1.2.1,other,R
1418618235,2010992546,1,1,VM5v_adPN,VM5v_adPN_R,,,,,,,SIFa_to_target,hemibrain:v1.2.1,other,R
1418618235,2011308218,1,1,lLN16A,lLN16a_R,,,,,,,SIFa_to_target,hemibrain:v1.2.1,other,R
1418618235,2014390552,3,2,,,,,,,,,SIFa_to_target,hemibrain:v1.2.1,other,R
1418618235,2034893135,1,1,,,,,,,,,SIFa_to_target,hemibrain:v1.2.1,other,R
1418618235,2037054704,1,1,,,,,,,,,SIFa_to_target,hemibrain:v1.2.1,other,R
1418618235,2037396354,2,2,,,,,,,,,SIFa_to_target,hemibrain:v1.2.1,other,R
1418618235,2039649288,1,1,,,,,,,,,SIFa_to_target,hemibrain:v1.2.1,other,R
1418618235,2041621893,10,8,lLN2P_a,lLN2P_a(Patchy)_R,,,,,,,SIFa_to_target,hemibrain:v1.2.1,other,R
1418618235,2069652905,1,1,OA-VUMa5,OA-VUMa5_R,,,,,,,SIFa_to_target,hemibrain:v1.2.1,other,R
1418618235,2069993377,1,1,,,,,,,,,SIFa_to_target,hemibrain:v1.2.1,other,R
1418618235,2070913577,1,1,,,,,,,,,SIFa_to_target,hemibrain:v1.2.1,other,R
1418618235,2103657269,3,2,AVLP545,AVLP545_R,,,,,,,SIFa_to_target,hemibrain:v1.2.1,other,R
1418618235,2105086391,12,9,lLN2P_c,lLN2P_c(Patchy)_R,,,,,,,SIFa_to_target,hemibrain:v1.2.1,other,R
1418618235,2121382970,2,1,,,,,,,,,SIFa_to_target,hemibrain:v1.2.1,other,R
1418618235,2127552142,1,1,,,,,,,,,SIFa_to_target,hemibrain:v1.2.1,other,R
1418618235,2135408892,10,7,lLN2P_a,lLN2P_a(Patchy)_R,,,,,,,SIFa_to_target,hemibrain:v1.2.1,other,R
1418618235,2155478189,2,2,,,,,,,,,SIFa_to_target,hemibrain:v1.2.1,other,R
1418618235,2156847045,1,1,,,,,,,,,SIFa_to_target,hemibrain:v1.2.1,other,R
1418618235,2159609926,1,1,,,,,,,,,SIFa_to_target,hemibrain:v1.2.1,other,R
1418618235,2161997539,1,1,,,,,,,,,SIFa_to_target,hemibrain:v1.2.1,other,R
1418618235,2163098067,1,1,,,,,,,,,SIFa_to_target,hemibrain:v1.2.1,other,R
1418618235,2165153261,4,2,,,,,,,,,SIFa_to_target,hemibrain:v1.2.1,other,R
1418618235,2190644903,2,2,,,,,,,,,SIFa_to_target,hemibrain:v1.2.1,other,R
1418618235,2190912346,1,1,,,,,,,,,SIFa_to_target,hemibrain:v1.2.1,other,R
1418618235,2191892465,4,4,,,,,,,,,SIFa_to_target,hemibrain:v1.2.1,other,R
1418618235,2193119367,1,1,,,,,,,,,SIFa_to_target,hemibrain:v1.2.1,other,R
1418618235,2196869751,1,1,,,,,,,,,SIFa_to_target,hemibrain:v1.2.1,other,R
1418618235,2197915161,1,1,,,,,,,,,SIFa_to_target,hemibrain:v1.2.1,other,R
1418618235,2221338415,1,1,,,,,,,,,SIFa_to_target,hemibrain:v1.2.1,other,R
1418618235,2221338670,1,1,,,,,,,,,SIFa_to_target,hemibrain:v1.2.1,other,R
1418618235,2225176955,1,1,,,,,,,,,SIFa_to_target,hemibrain:v1.2.1,other,R
1418618235,2257217438,1,1,,,,,,,,,SIFa_to_target,hemibrain:v1.2.1,other,R
1418618235,2258930998,1,1,ORN_VM4,ORN_VM4,,,,,,,SIFa_to_target,hemibrain:v1.2.1,other,R
1418618235,2289223313,1,1,VP1l+_lvPN,VP1l+_lvPN_R,,,,,,,SIFa_to_target,hemibrain:v1.2.1,other,R
1418618235,2289918519,1,1,,,,,,,,,SIFa_to_target,hemibrain:v1.2.1,other,R
1418618235,2289970525,1,1,,,,,,,,,SIFa_to_target,hemibrain:v1.2.1,other,R
1418618235,2289983616,1,1,,,,,,,,,SIFa_to_target,hemibrain:v1.2.1,other,R
1418618235,2290259285,1,1,,,,,,,,,SIFa_to_target,hemibrain:v1.2.1,other,R
1418618235,2290329035,1,1,,,,,,,,,SIFa_to_target,hemibrain:v1.2.1,other,R
1418618235,2371497342,2,2,,,,,,,,,SIFa_to_target,hemibrain:v1.2.1,other,R
1418618235,2378999926,1,1,,,,,,,,,SIFa_to_target,hemibrain:v1.2.1,other,R
1418618235,5812979168,1,1,PAM06_b,PAM06_b(B'2m)_L,,,,,,,SIFa_to_target,hemibrain:v1.2.1,DAN,R
1418618235,5812980006,1,1,SLP368,SLP368_R,,,,,,,SIFa_to_target,hemibrain:v1.2.1,other,R
1418618235,5812980156,1,1,LHPV5a4,LHPV5a4_R,,,,,,,SIFa_to_target,hemibrain:v1.2.1,other,R
1418618235,5812980426,3,3,KCab-s,KCab-s_R,,,,,,,SIFa_to_target,hemibrain:v1.2.1,KC_alpha_beta,R
1418618235,5812980501,1,1,SMP309,SMP309_R,,,,,,,SIFa_to_target,hemibrain:v1.2.1,other,R
1418618235,5812980615,2,2,KCab-m,KCab-m_R,,,,,,,SIFa_to_target,hemibrain:v1.2.1,KC_alpha_beta,R
1418618235,5812980746,4,3,SIP087,SIP087(PDM22)_L,,,,,,,SIFa_to_target,hemibrain:v1.2.1,other,R
1418618235,5812980944,2,1,KCab-s,KCab-s_R,,,,,,,SIFa_to_target,hemibrain:v1.2.1,KC_alpha_beta,R
1418618235,5812981106,1,1,KCab-s,KCab-s_R,,,,,,,SIFa_to_target,hemibrain:v1.2.1,KC_alpha_beta,R
1418618235,5812981943,1,1,KCab-s,KCab-s_R,,,,,,,SIFa_to_target,hemibrain:v1.2.1,KC_alpha_beta,R
1418618235,5812982192,1,1,KCab-m,KCab-m_R,,,,,,,SIFa_to_target,hemibrain:v1.2.1,KC_alpha_beta,R
1418618235,5812982205,1,1,KCg-m,KCg-m_R,,,,,,,SIFa_to_target,hemibrain:v1.2.1,KC_gamma,R
1418618235,5812982372,1,1,KCab-m,KCab-m_R,,,,,,,SIFa_to_target,hemibrain:v1.2.1,KC_alpha_beta,R
1418618235,5812982437,1,1,KCg-m,KCg-m_R,,,,,,,SIFa_to_target,hemibrain:v1.2.1,KC_gamma,R
1418618235,5812982514,1,1,KCab-s,KCab-s_R,,,,,,,SIFa_to_target,hemibrain:v1.2.1,KC_alpha_beta,R
1418618235,5812983043,1,1,KCg-m,KCg-m_R,,,,,,,SIFa_to_target,hemibrain:v1.2.1,KC_gamma,R
1418618235,5812983147,1,1,KCg-m,KCg-m_R,,,,,,,SIFa_to_target,hemibrain:v1.2.1,KC_gamma,R
1418618235,5812983152,1,1,KCg-m,KCg-m_R,,,,,,,SIFa_to_target,hemibrain:v1.2.1,KC_gamma,R
1418618235,5812983418,1,1,PAM04_a,PAM04_a(B2)_L,,,,,,,SIFa_to_target,hemibrain:v1.2.1,DAN,R
1418618235,5812983455,1,1,KCab-m,KCab-m_R,,,,,,,SIFa_to_target,hemibrain:v1.2.1,KC_alpha_beta,R
1418618235,5812986197,1,1,AVLP172,AVLP172_R,,,,,,,SIFa_to_target,hemibrain:v1.2.1,other,R
1418618235,5812986547,2,2,TuBu04,TuBu04_IBU_R,,,,,,,SIFa_to_target,hemibrain:v1.2.1,other,R
1418618235,5812987457,1,1,FB4Z,FB4Z_R,,,,,,,SIFa_to_target,hemibrain:v1.2.1,other,R
1418618235,5812987762,1,1,KCg-m,KCg-m_R,,,,,,,SIFa_to_target,hemibrain:v1.2.1,KC_gamma,R
1418618235,5812989588,2,2,PAM03,PAM03(B2B'2a)_R,,,,,,,SIFa_to_target,hemibrain:v1.2.1,DAN,R
1418618235,5812990301,2,2,,,,,,,,,SIFa_to_target,hemibrain:v1.2.1,other,R
1418618235,5812995298,1,1,M_lvPNm35,M_lvPNm35_R,,,,,,,SIFa_to_target,hemibrain:v1.2.1,other,R
1418618235,5812995946,1,1,ORN_DP1m,ORN_DP1m_L,,,,,,,SIFa_to_target,hemibrain:v1.2.1,other,R
1418618235,5812996052,1,1,,,,,,,,,SIFa_to_target,hemibrain:v1.2.1,other,R
1418618235,5812999115,1,1,,,,,,,,,SIFa_to_target,hemibrain:v1.2.1,other,R
1418618235,5813001741,2,1,l-LNv,l-LNv,,,,,,,SIFa_to_target,hemibrain:v1.2.1,PDF_positive_LNv,R
1418618235,5813002689,1,1,FB1D,FB1D_L,,,,,,,SIFa_to_target,hemibrain:v1.2.1,other,R
1418618235,5813003775,1,1,ORN_VL1,ORN_VL1_R,,,,,,,SIFa_to_target,hemibrain:v1.2.1,other,R
1418618235,5813003953,3,2,,,,,,,,,SIFa_to_target,hemibrain:v1.2.1,other,R
1418618235,5813005499,1,1,,LN,,,,,,,SIFa_to_target,hemibrain:v1.2.1,other,R
1418618235,5813008771,1,1,M_vPNml53,M_vPNml53_R,,,,,,,SIFa_to_target,hemibrain:v1.2.1,other,R
1418618235,5813009354,1,1,SLP415,SLP415_R,,,,,,,SIFa_to_target,hemibrain:v1.2.1,other,R
1418618235,5813009358,1,1,SMP060,SMP060(ADM01)_L,,,,,,,SIFa_to_target,hemibrain:v1.2.1,other,R
1418618235,5813009882,1,1,FB7G,FB7G_R,,,,,,,SIFa_to_target,hemibrain:v1.2.1,other,R
1418618235,5813010212,1,1,SMP565,SMP565_R,,,,,,,SIFa_to_target,hemibrain:v1.2.1,other,R
1418618235,5813010809,1,1,FB8G,FB8G_L,,,,,,,SIFa_to_target,hemibrain:v1.2.1,other,R
1418618235,5813011015,2,2,SMP298,SMP298_R,,,,,,,SIFa_to_target,hemibrain:v1.2.1,other,R
1418618235,5813011125,4,1,FB2L,FB2L_R,,,,,,,SIFa_to_target,hemibrain:v1.2.1,other,R
1418618235,5813011443,1,1,SMP462,SMP462(PDM12)_L,,,,,,,SIFa_to_target,hemibrain:v1.2.1,other,R
1418618235,5813013194,1,1,,,,,,,,,SIFa_to_target,hemibrain:v1.2.1,other,R
1418618235,5813013436,1,1,SMP308,SMP308_R,,,,,,,SIFa_to_target,hemibrain:v1.2.1,other,R
1418618235,5813014266,2,1,,,,,,,,,SIFa_to_target,hemibrain:v1.2.1,other,R
1418618235,5813014765,1,1,,,,,,,,,SIFa_to_target,hemibrain:v1.2.1,other,R
1418618235,5813015963,1,1,FS2,FS2(FQ10)_C6_R,,,,,,,SIFa_to_target,hemibrain:v1.2.1,other,R
1418618235,5813016553,2,2,FB8A,FB8A_L,,,,,,,SIFa_to_target,hemibrain:v1.2.1,other,R
1418618235,5813016761,1,1,,,,,,,,,SIFa_to_target,hemibrain:v1.2.1,other,R
1418618235,5813017914,1,1,AVLP222,AVLP222_R,,,,,,,SIFa_to_target,hemibrain:v1.2.1,other,R
1418618235,5813018460,5,4,il3LN6,il3LN6_R,,,,,,,SIFa_to_target,hemibrain:v1.2.1,other,R
1418618235,5813019513,1,1,PPL105,PPL105(a'2a2)_R,,,,,,,SIFa_to_target,hemibrain:v1.2.1,DAN,R
1418618235,5813019982,1,1,KCg-m,KCg-m_R,,,,,,,SIFa_to_target,hemibrain:v1.2.1,KC_gamma,R
1418618235,5813020288,1,1,PAM08_b,PAM08_b(y4)_L,,,,,,,SIFa_to_target,hemibrain:v1.2.1,DAN,R
1418618235,5813020347,1,1,DNp27,DNp27_L,,,,,,,SIFa_to_target,hemibrain:v1.2.1,other,R
1418618235,5813020409,2,2,ER2_c,ER2_c(ring)_R,,,,,,,SIFa_to_target,hemibrain:v1.2.1,other,R
1418618235,5813020684,1,1,FB6H,FB6H_R,,,,,,,SIFa_to_target,hemibrain:v1.2.1,other,R
1418618235,5813020696,1,1,SMP337,SMP337_R,,,,,,,SIFa_to_target,hemibrain:v1.2.1,other,R
1418618235,5813020735,1,1,FB7A,FB7A_R,,,,,,,SIFa_to_target,hemibrain:v1.2.1,other,R
1418618235,5813020785,1,1,SLP439,SLP439_R,,,,,,,SIFa_to_target,hemibrain:v1.2.1,other,R
1418618235,5813020828,7,7,MBON18,MBON18(a2sc)_R,,,,,,,SIFa_to_target,hemibrain:v1.2.1,MBON,R
1418618235,5813020864,1,1,DNd01,DNd01_R,,,,,,,SIFa_to_target,hemibrain:v1.2.1,other,R
1418618235,5813021075,1,1,MDN,MDN_R,,,,,,,SIFa_to_target,hemibrain:v1.2.1,other,R
1418618235,5813021263,1,1,KCab-s,KCab-s_R,,,,,,,SIFa_to_target,hemibrain:v1.2.1,KC_alpha_beta,R
1418618235,5813021314,1,1,KCab-m,KCab-m_R,,,,,,,SIFa_to_target,hemibrain:v1.2.1,KC_alpha_beta,R
1418618235,5813022210,1,1,KCg-m,KCg-m_R,,,,,,,SIFa_to_target,hemibrain:v1.2.1,KC_gamma,R
1418618235,5813022234,1,1,MBON30,MBON30(y1y2y3)_R,,,,,,,SIFa_to_target,hemibrain:v1.2.1,MBON,R
1418618235,5813022281,1,1,EPG,EPG(PB08)_L4,,,,,,,SIFa_to_target,hemibrain:v1.2.1,other,R
1418618235,5813022341,5,5,MBON02,MBON02(B2B'2a)_L,,,,,,,SIFa_to_target,hemibrain:v1.2.1,MBON,R
1418618235,5813022764,1,1,AVLP037,AVLP037_R,,,,,,,SIFa_to_target,hemibrain:v1.2.1,other,R
1418618235,5813022896,1,1,MBON21,MBON21(y4y5)_R,,,,,,,SIFa_to_target,hemibrain:v1.2.1,MBON,R
1418618235,5813024692,1,1,M_adPNm3,M_adPNm3_R,,,,,,,SIFa_to_target,hemibrain:v1.2.1,other,R
1418618235,5813024698,13,10,lLN2F_b,lLN2F_b(Full)_R,,,,,,,SIFa_to_target,hemibrain:v1.2.1,other,R
1418618235,5813024712,1,1,VM5d_adPN,VM5d_adPN_R,,,,,,,SIFa_to_target,hemibrain:v1.2.1,other,R
1418618235,5813025254,2,2,,,,,,,,,SIFa_to_target,hemibrain:v1.2.1,other,R
1418618235,5813025508,1,1,,(PDM05)_L,,,,,,,SIFa_to_target,hemibrain:v1.2.1,other,R
1418618235,5813026366,1,1,SMP498,SMP498_R,,,,,,,SIFa_to_target,hemibrain:v1.2.1,other,R
1418618235,5813026385,2,1,PI1_a,PI1_a,,,,,,,SIFa_to_target,hemibrain:v1.2.1,other,R
1418618235,5813026428,1,1,PI1_a,PI1_a,,,,,,,SIFa_to_target,hemibrain:v1.2.1,other,R
1418618235,5813026705,1,1,SMP589,SMP589_R,,,,,,,SIFa_to_target,hemibrain:v1.2.1,other,R
1418618235,5813027016,2,2,FB4Y,FB4Y(EB/NO1)_R,,,,,,,SIFa_to_target,hemibrain:v1.2.1,other,R
1418618235,5813027450,1,1,,,,,,,,,SIFa_to_target,hemibrain:v1.2.1,other,R
1418618235,5813027518,1,1,PAM15_b,PAM15_b(y5B'2a)_L,,,,,,,SIFa_to_target,hemibrain:v1.2.1,DAN,R
1418618235,5813027584,1,1,KCab-m,KCab-m_R,,,,,,,SIFa_to_target,hemibrain:v1.2.1,KC_alpha_beta,R
1418618235,5813031663,1,1,WED117,WED117_R,,,,,,,SIFa_to_target,hemibrain:v1.2.1,other,R
1418618235,5813032595,6,5,lLN2T_a,lLN2T_a(Tortuous)_R,,,,,,,SIFa_to_target,hemibrain:v1.2.1,other,R
1418618235,5813034081,1,1,M_vPNml58,M_vPNml58_R,,,,,,,SIFa_to_target,hemibrain:v1.2.1,other,R
1418618235,5813034455,1,1,v2LN3B,v2LN3b_R,,,,,,,SIFa_to_target,hemibrain:v1.2.1,other,R
1418618235,5813034493,6,3,lLN2T_b,lLN2T_b(Tortuous)_R,,,,,,,SIFa_to_target,hemibrain:v1.2.1,other,R
1418618235,5813034531,2,2,lLN2R_a,lLN2R_a(Regional)_R,,,,,,,SIFa_to_target,hemibrain:v1.2.1,other,R
1418618235,5813035558,2,1,KCab-s,KCab-s_R,,,,,,,SIFa_to_target,hemibrain:v1.2.1,KC_alpha_beta,R
1418618235,5813038793,1,1,DL2v_adPN,DL2v_adPN_R,,,,,,,SIFa_to_target,hemibrain:v1.2.1,other,R
1418618235,5813038821,1,1,LPLC2,LPLC2_R,,,,,,,SIFa_to_target,hemibrain:v1.2.1,other,R
1418618235,5813038889,1,1,D_adPN,D_adPN_R,,,,,,,SIFa_to_target,hemibrain:v1.2.1,other,R
1418618235,5813039148,4,3,PVLP011,PVLP011_R,,,,,,,SIFa_to_target,hemibrain:v1.2.1,other,R
1418618235,5813039309,1,1,lLN2P_b,lLN2P_b(Patchy)_R,,,,,,,SIFa_to_target,hemibrain:v1.2.1,other,R
1418618235,5813039465,2,2,DL2v_adPN,DL2v_adPN_R,,,,,,,SIFa_to_target,hemibrain:v1.2.1,other,R
1418618235,5813039644,2,1,,(PDM05)_L,,,,,,,SIFa_to_target,hemibrain:v1.2.1,other,R
1418618235,5813039860,1,1,SMP034,SMP034_R,,,,,,,SIFa_to_target,hemibrain:v1.2.1,other,R
1418618235,5813039906,1,1,SLP396,SLP396_R,,,,,,,SIFa_to_target,hemibrain:v1.2.1,other,R
1418618235,5813039962,1,1,SMP570,SMP570_R,,,,,,,SIFa_to_target,hemibrain:v1.2.1,other,R
1418618235,5813041180,1,1,FB4L,FB4L(PPM3-FB3/4-DAN)_R,,,,,,,SIFa_to_target,hemibrain:v1.2.1,DAN,R
1418618235,5813041510,2,2,hDeltaD,hDeltaD_02_C2,,,,,,,SIFa_to_target,hemibrain:v1.2.1,other,R
1418618235,5813046468,3,2,,,,,,,,,SIFa_to_target,hemibrain:v1.2.1,other,R
1418618235,5813047586,2,2,SLP316,SLP316_R,,,,,,,SIFa_to_target,hemibrain:v1.2.1,other,R
1418618235,5813047616,1,1,FB5I,FB5I_L,,,,,,,SIFa_to_target,hemibrain:v1.2.1,other,R
1418618235,5813047647,1,1,ER2_c,ER2_c(ring)_R,,,,,,,SIFa_to_target,hemibrain:v1.2.1,other,R
1418618235,5813047763,2,1,FB5AB,FB5AB_R,,,,,,,SIFa_to_target,hemibrain:v1.2.1,other,R
1418618235,5813047907,1,1,PI1_a,PI1_a,,,,,,,SIFa_to_target,hemibrain:v1.2.1,other,R
1418618235,5813049001,2,1,,,,,,,,,SIFa_to_target,hemibrain:v1.2.1,other,R
1418618235,5813049438,2,1,SMP285,SMP285(PDM05)_L,,,,,,,SIFa_to_target,hemibrain:v1.2.1,other,R
1418618235,5813050359,1,1,,,,,,,,,SIFa_to_target,hemibrain:v1.2.1,other,R
1418618235,5813050563,2,1,,,,,,,,,SIFa_to_target,hemibrain:v1.2.1,other,R
1418618235,5813050727,1,1,VM7d_adPN,VM7d_adPN_R,,,,,,,SIFa_to_target,hemibrain:v1.2.1,other,R
1418618235,5813050787,1,1,,Axon(GC),,,,,,,SIFa_to_target,hemibrain:v1.2.1,other,R
1418618235,5813052909,3,2,MBON29,MBON29(y4y5)(PVL06)_L,,,,,,,SIFa_to_target,hemibrain:v1.2.1,MBON,R
1418618235,5813053698,2,1,AVLP546,AVLP546_R,,,,,,,SIFa_to_target,hemibrain:v1.2.1,other,R
1418618235,5813053866,2,1,ER4m,ER4m(ring)_R,,,,,,,SIFa_to_target,hemibrain:v1.2.1,other,R
1418618235,5813053875,1,1,PS196,PS196(PVM01)_L,,,,,,,SIFa_to_target,hemibrain:v1.2.1,other,R
1418618235,5813054342,1,1,KCab-s,KCab-s_R,,,,,,,SIFa_to_target,hemibrain:v1.2.1,KC_alpha_beta,R
1418618235,5813054622,2,2,lLN1_b,lLN1_b_R,,,,,,,SIFa_to_target,hemibrain:v1.2.1,other,R
1418618235,5813054708,1,1,,,,,,,,,SIFa_to_target,hemibrain:v1.2.1,other,R
1418618235,5813054725,2,1,lLN1_b,lLN1_b_R,,,,,,,SIFa_to_target,hemibrain:v1.2.1,other,R
1418618235,5813054773,2,1,l2LN18,l2LN18_R,,,,,,,SIFa_to_target,hemibrain:v1.2.1,other,R
1418618235,5813054777,4,2,lLN1_b,lLN1_b_R,,,,,,,SIFa_to_target,hemibrain:v1.2.1,other,R
1418618235,5813055184,1,1,D_adPN,D_adPN_R,,,,,,,SIFa_to_target,hemibrain:v1.2.1,other,R
1418618235,5813055277,10,6,lLN2T_a,lLN2T_a(Tortuous)_R,,,,,,,SIFa_to_target,hemibrain:v1.2.1,other,R
1418618235,5813055834,2,2,FB6A,FB6A_R,,,,,,,SIFa_to_target,hemibrain:v1.2.1,other,R
1418618235,5813055865,1,1,LHAD1f2,LHAD1f2_R,,,,,,,SIFa_to_target,hemibrain:v1.2.1,other,R
1418618235,5813056072,9,4,VP1m_l2PN,VP1m_l2PN(lALT)_R,,,,,,,SIFa_to_target,hemibrain:v1.2.1,other,R
1418618235,5813056120,1,1,KCg-m,KCg-m_R,,,,,,,SIFa_to_target,hemibrain:v1.2.1,KC_gamma,R
1418618235,5813056309,1,1,KCg-m,KCg-m_R,,,,,,,SIFa_to_target,hemibrain:v1.2.1,KC_gamma,R
1418618235,5813056355,1,1,KCab-s,KCab-s_R,,,,,,,SIFa_to_target,hemibrain:v1.2.1,KC_alpha_beta,R
1418618235,5813056596,1,1,DC4_adPN,DC4_adPN_R,,,,,,,SIFa_to_target,hemibrain:v1.2.1,other,R
1418618235,5813056598,9,4,lLN2T_a,lLN2T_a(Tortuous)_R,,,,,,,SIFa_to_target,hemibrain:v1.2.1,other,R
1418618235,5813060726,2,2,ExR5,ExR5(ring)_R,,,,,,,SIFa_to_target,hemibrain:v1.2.1,other,R
1418618235,5813061262,1,1,,,,,,,,,SIFa_to_target,hemibrain:v1.2.1,other,R
1418618235,5813062199,2,1,lLN1_c,lLN1_c_R,,,,,,,SIFa_to_target,hemibrain:v1.2.1,other,R
1418618235,5813062866,14,9,SIFa,SIFa(PDM34),,,,,,,SIFa_to_target,hemibrain:v1.2.1,other,R
1418618235,5813063229,1,1,KCab-s,KCab-s_R,,,,,,,SIFa_to_target,hemibrain:v1.2.1,KC_alpha_beta,R
1418618235,5813063239,2,1,VP5+Z_adPN,VP5+Z_adPN(uniAL+SEZ)_R,,,,,,,SIFa_to_target,hemibrain:v1.2.1,other,R
1418618235,5813064793,1,1,KCg-m,KCg-m_R,,,,,,,SIFa_to_target,hemibrain:v1.2.1,KC_gamma,R
1418618235,5813068743,1,1,KCab-s,KCab-s_R,,,,,,,SIFa_to_target,hemibrain:v1.2.1,KC_alpha_beta,R
1418618235,5813069055,3,2,lLN1_b,lLN1_b_R,,,,,,,SIFa_to_target,hemibrain:v1.2.1,other,R
1418618235,5813069085,3,2,lLN2S,lLN2S(Star)_R,,,,,,,SIFa_to_target,hemibrain:v1.2.1,other,R
1418618235,5813069089,1,1,VL2a_adPN,VL2a_adPN_R,,,,,,,SIFa_to_target,hemibrain:v1.2.1,other,R
1418618235,5813069498,2,2,FB8F_b,FB8F_b_R,,,,,,,SIFa_to_target,hemibrain:v1.2.1,other,R
1418618235,5813071320,3,2,AOTU046,AOTU046_R,,,,,,,SIFa_to_target,hemibrain:v1.2.1,other,R
1418618235,5813071357,1,1,,ORN_L,,,,,,,SIFa_to_target,hemibrain:v1.2.1,other,R
1418618235,5813075196,2,2,lLN2R_a,lLN2R_a(Regional)_R,,,,,,,SIFa_to_target,hemibrain:v1.2.1,other,R
1418618235,5813075619,1,1,SLP393,SLP393_R,,,,,,,SIFa_to_target,hemibrain:v1.2.1,other,R
1418618235,5813075824,1,1,PAM09,PAM09(B1ped)_R,,,,,,,SIFa_to_target,hemibrain:v1.2.1,DAN,R
1418618235,5813075855,1,1,KCg-m,KCg-m_R,,,,,,,SIFa_to_target,hemibrain:v1.2.1,KC_gamma,R
1418618235,5813077562,2,2,LHPV5i1,LHPV5i1_R,,,,,,,SIFa_to_target,hemibrain:v1.2.1,other,R
1418618235,5813078107,1,1,PS131,PS131(PDM17)_L,,,,,,,SIFa_to_target,hemibrain:v1.2.1,other,R
1418618235,5813078440,1,1,lLN1_b,lLN1_b_R,,,,,,,SIFa_to_target,hemibrain:v1.2.1,other,R
1418618235,5813078542,1,1,SLP441,SLP441_R,,,,,,,SIFa_to_target,hemibrain:v1.2.1,other,R
1418618235,5813078557,1,1,aMe13,aMe13_R,,,,,,,SIFa_to_target,hemibrain:v1.2.1,other,R
1418618235,5813080272,1,1,ER3d_d,ER3d_d(ring)_L,,,,,,,SIFa_to_target,hemibrain:v1.2.1,other,R
1418618235,5813080766,1,1,KCg-m,KCg-m_R,,,,,,,SIFa_to_target,hemibrain:v1.2.1,KC_gamma,R
1418618235,5813081797,1,1,KCab-s,KCab-s_R,,,,,,,SIFa_to_target,hemibrain:v1.2.1,KC_alpha_beta,R
1418618235,5813082237,1,1,PS212,PS212_R,,,,,,,SIFa_to_target,hemibrain:v1.2.1,other,R
1418618235,5813086006,2,1,,,,,,,,,SIFa_to_target,hemibrain:v1.2.1,other,R
1418618235,5813086586,1,1,FB4R,FB4R_L,,,,,,,SIFa_to_target,hemibrain:v1.2.1,other,R
1418618235,5813087453,1,1,KCab-m,KCab-m_R,,,,,,,SIFa_to_target,hemibrain:v1.2.1,KC_alpha_beta,R
1418618235,5813087625,1,1,,,,,,,,,SIFa_to_target,hemibrain:v1.2.1,other,R
1418618235,5813088058,1,1,KCab-s,KCab-s_R,,,,,,,SIFa_to_target,hemibrain:v1.2.1,KC_alpha_beta,R
1418618235,5813088523,1,1,,,,,,,,,SIFa_to_target,hemibrain:v1.2.1,other,R
1418618235,5813090947,1,1,PAM06_a,PAM06_a(B'2m)_L,,,,,,,SIFa_to_target,hemibrain:v1.2.1,DAN,R
1418618235,5813094916,2,2,SMP221,SMP221_R,,,,,,,SIFa_to_target,hemibrain:v1.2.1,other,R
1418618235,5813096129,1,1,LHAD1d2,LHAD1d2_R,,,,,,,SIFa_to_target,hemibrain:v1.2.1,other,R
1418618235,5813097604,1,1,vDeltaK,vDeltaK_C7,,,,,,,SIFa_to_target,hemibrain:v1.2.1,other,R
1418618235,5813098738,1,1,KCab-s,KCab-s_R,,,,,,,SIFa_to_target,hemibrain:v1.2.1,KC_alpha_beta,R
1418618235,5813105172,13,12,DPM,DPM_R,,,,,,,SIFa_to_target,hemibrain:v1.2.1,DPM,R
1418618235,5813106192,1,1,KCab-m,KCab-m_R,,,,,,,SIFa_to_target,hemibrain:v1.2.1,KC_alpha_beta,R
1418618235,5813111271,2,2,SMP482,SMP482(PDM15)_L,,,,,,,SIFa_to_target,hemibrain:v1.2.1,other,R
1418618235,5813129453,1,1,LHPD2a2,LHPD2a2_R,,,,,,,SIFa_to_target,hemibrain:v1.2.1,other,R
1418618235,5813129572,1,1,SLP323,SLP323_R,,,,,,,SIFa_to_target,hemibrain:v1.2.1,other,R
1418618235,5813129573,1,1,SMP299,SMP299_R,,,,,,,SIFa_to_target,hemibrain:v1.2.1,other,R
1418618235,5813130028,1,1,SMP407,SMP407_R,,,,,,,SIFa_to_target,hemibrain:v1.2.1,other,R
1418618235,5813130064,1,1,lLN1_a,lLN1_a_R,,,,,,,SIFa_to_target,hemibrain:v1.2.1,other,R
1418618235,5813132441,1,1,,,,,,,,,SIFa_to_target,hemibrain:v1.2.1,other,R
1418618235,5813132515,1,1,SMP051,SMP051_R,,,,,,,SIFa_to_target,hemibrain:v1.2.1,other,R
1418618235,5813132949,22,21,lLN2P_c,lLN2P_c(Patchy)_R,,,,,,,SIFa_to_target,hemibrain:v1.2.1,other,R
1418618235,5901194016,1,1,,,,,,,,,SIFa_to_target,hemibrain:v1.2.1,other,R
1418618235,5901200770,1,1,,,,,,,,,SIFa_to_target,hemibrain:v1.2.1,other,R
1418618235,5901218894,1,1,lLN2F_a,lLN2F_a(Full)_R,,,,,,,SIFa_to_target,hemibrain:v1.2.1,other,R
1418618235,5901220093,2,1,,FB07?,,,,,,,SIFa_to_target,hemibrain:v1.2.1,other,R
1418618235,5901222244,1,1,LAL033,LAL033_R,,,,,,,SIFa_to_target,hemibrain:v1.2.1,other,R
1418618235,5901222731,3,1,VP1d+VP4_l2PN2,VP1d+VP4_l2PN2(lALT)_R,,,,,,,SIFa_to_target,hemibrain:v1.2.1,other,R
1418618235,5901230671,1,1,,,,,,,,,SIFa_to_target,hemibrain:v1.2.1,other,R
1418618235,7112616299,1,1,,,,,,,,,SIFa_to_target,hemibrain:v1.2.1,other,R
1418618235,7112625248,1,1,,,,,,,,,SIFa_to_target,hemibrain:v1.2.1,other,R
1418618235,7112626201,2,1,,,,,,,,,SIFa_to_target,hemibrain:v1.2.1,other,R
5813062866,234975040,1,1,,,,,,,,,SIFa_to_target,hemibrain:v1.2.1,other,R
5813062866,235657073,1,1,,,,,,,,,SIFa_to_target,hemibrain:v1.2.1,other,R
5813062866,296139882,1,1,SMP076,SMP076_R,,,,,,,SIFa_to_target,hemibrain:v1.2.1,other,R
5813062866,299082033,1,1,LHPV5e1,LHPV5e1(PDL05)_L,,,,,,,SIFa_to_target,hemibrain:v1.2.1,other,R
5813062866,301037686,1,1,PI1_c,PI1_c,,,,,,,SIFa_to_target,hemibrain:v1.2.1,other,R
5813062866,328373131,1,1,SMP286,SMP286(PDM05)_L,,,,,,,SIFa_to_target,hemibrain:v1.2.1,other,R
5813062866,359447314,1,1,,,,,,,,,SIFa_to_target,hemibrain:v1.2.1,other,R
5813062866,362473525,1,1,AstA1,AstA1_L,,,,,,,SIFa_to_target,hemibrain:v1.2.1,other,R
5813062866,387364605,2,2,EPG,EPG(PB08)_L3,,,,,,,SIFa_to_target,hemibrain:v1.2.1,other,R
5813062866,388280529,1,1,SMP453,SMP453_R,,,,,,,SIFa_to_target,hemibrain:v1.2.1,other,R
5813062866,392368893,1,1,LHPD2d1,LHPD2d1_R,,,,,,,SIFa_to_target,hemibrain:v1.2.1,other,R
5813062866,419807685,1,1,,(PDM05)_L,,,,,,,SIFa_to_target,hemibrain:v1.2.1,other,R
5813062866,422191200,2,1,FB6A,FB6A_L,,,,,,,SIFa_to_target,hemibrain:v1.2.1,other,R
5813062866,424577375,1,1,FB6S,FB6S_L,,,,,,,SIFa_to_target,hemibrain:v1.2.1,other,R
5813062866,424793122,2,1,SMP504,SMP504_R,,,,,,,SIFa_to_target,hemibrain:v1.2.1,other,R
5813062866,424879778,1,1,,(PDM15)_L,,,,,,,SIFa_to_target,hemibrain:v1.2.1,other,R
5813062866,449438847,7,6,EPG,EPG(PB08)_L3,,,,,,,SIFa_to_target,hemibrain:v1.2.1,other,R
5813062866,451118413,1,1,PI3,PI3,,,,,,,SIFa_to_target,hemibrain:v1.2.1,other,R
5813062866,483245675,1,1,,,,,,,,,SIFa_to_target,hemibrain:v1.2.1,other,R
5813062866,512377806,1,1,SLP406,SLP406_R,,,,,,,SIFa_to_target,hemibrain:v1.2.1,other,R
5813062866,512411244,1,1,CL178,CL178_R,,,,,,,SIFa_to_target,hemibrain:v1.2.1,other,R
5813062866,514962775,1,1,,(PDM05)_L,,,,,,,SIFa_to_target,hemibrain:v1.2.1,other,R
5813062866,515313250,1,1,,,,,,,,,SIFa_to_target,hemibrain:v1.2.1,other,R
5813062866,540662210,1,1,LHPV6f4_b,LHPV6f4_b_R,,,,,,,SIFa_to_target,hemibrain:v1.2.1,other,R
5813062866,541870397,1,1,EPG,EPG(PB08)_L6,,,,,,,SIFa_to_target,hemibrain:v1.2.1,other,R
5813062866,543804534,2,2,,(MBDLaxon1),,,,,,,SIFa_to_target,hemibrain:v1.2.1,other,R
5813062866,545625980,1,1,,,,,,,,,SIFa_to_target,hemibrain:v1.2.1,other,R
5813062866,545966695,1,1,,,,,,,,,SIFa_to_target,hemibrain:v1.2.1,other,R
5813062866,546661737,1,1,,,,,,,,,SIFa_to_target,hemibrain:v1.2.1,other,R
5813062866,546661881,1,1,SMP133,SMP133_R,,,,,,,SIFa_to_target,hemibrain:v1.2.1,other,R
5813062866,546661929,2,1,SMP449,SMP449(PDM11)_L,,,,,,,SIFa_to_target,hemibrain:v1.2.1,other,R
5813062866,548712682,1,1,,,,,,,,,SIFa_to_target,hemibrain:v1.2.1,other,R
5813062866,550326974,1,1,SMP093,SMP093_R,,,,,,,SIFa_to_target,hemibrain:v1.2.1,other,R
5813062866,550413322,1,1,,,,,,,,,SIFa_to_target,hemibrain:v1.2.1,other,R
5813062866,572870540,1,1,EPG,EPG(PB08)_L1,,,,,,,SIFa_to_target,hemibrain:v1.2.1,other,R
5813062866,606025838,1,1,,mPN_L,,,,,,,SIFa_to_target,hemibrain:v1.2.1,other,R
5813062866,610113424,3,3,SMP504,SMP504(PDM22)_L,,,,,,,SIFa_to_target,hemibrain:v1.2.1,other,R
5813062866,631888269,1,1,,(PDM05)_L,,,,,,,SIFa_to_target,hemibrain:v1.2.1,other,R
5813062866,632544268,1,1,EPG,EPG(PB08)_R2,,,,,,,SIFa_to_target,hemibrain:v1.2.1,other,R
5813062866,632911211,1,1,PFNp_c,PFNp_c(PB01c)_L4_C3,,,,,,,SIFa_to_target,hemibrain:v1.2.1,other,R
5813062866,634236922,1,1,IB025,IB025_R,,,,,,,SIFa_to_target,hemibrain:v1.2.1,other,R
5813062866,634962055,3,3,EPG,EPG(PB08)_L4,,,,,,,SIFa_to_target,hemibrain:v1.2.1,other,R
5813062866,635018282,1,1,,mPN_L,,,,,,,SIFa_to_target,hemibrain:v1.2.1,other,R
5813062866,637336522,1,1,,,,,,,,,SIFa_to_target,hemibrain:v1.2.1,other,R
5813062866,642516892,2,2,PPL105,PPL105(a'2a2)(PDL05)_L,,,,,,,SIFa_to_target,hemibrain:v1.2.1,DAN,R
5813062866,664943511,1,1,PFGs,PFGs(PB10)_R1_C1_irreg,,,,,,,SIFa_to_target,hemibrain:v1.2.1,other,R
5813062866,665314820,2,2,EPG,EPG(PB08)_L4,,,,,,,SIFa_to_target,hemibrain:v1.2.1,other,R
5813062866,666572081,1,1,IB048,IB048_R,,,,,,,SIFa_to_target,hemibrain:v1.2.1,other,R
5813062866,667615836,2,2,,,,,,,,,SIFa_to_target,hemibrain:v1.2.1,other,R
5813062866,668030372,2,1,,,,,,,,,SIFa_to_target,hemibrain:v1.2.1,other,R
5813062866,669463793,1,1,,,,,,,,,SIFa_to_target,hemibrain:v1.2.1,other,R
5813062866,674532291,1,1,SMP051,SMP051(ADM01)_L,,,,,,,SIFa_to_target,hemibrain:v1.2.1,other,R
5813062866,695629525,2,1,EPG,EPG(PB08)_R2,,,,,,,SIFa_to_target,hemibrain:v1.2.1,other,R
5813062866,696362840,3,3,EPG,EPG(PB08)_L5,,,,,,,SIFa_to_target,hemibrain:v1.2.1,other,R
5813062866,697061826,1,1,,(PDM12)_L,,,,,,,SIFa_to_target,hemibrain:v1.2.1,other,R
5813062866,698099127,2,2,,,,,,,,,SIFa_to_target,hemibrain:v1.2.1,other,R
5813062866,698223800,1,1,IB059,IB059_R,,,,,,,SIFa_to_target,hemibrain:v1.2.1,other,R
5813062866,698569644,1,1,CL201,CL201_R,,,,,,,SIFa_to_target,hemibrain:v1.2.1,other,R
5813062866,699031185,9,9,SIFa,SIFa(PDM34),,,,,,,SIFa_to_target,hemibrain:v1.2.1,other,R
5813062866,699358695,1,1,CL030,CL030_R,,,,,,,SIFa_to_target,hemibrain:v1.2.1,other,R
5813062866,729137627,2,1,,,,,,,,,SIFa_to_target,hemibrain:v1.2.1,other,R
5813062866,731115185,1,1,,,,,,,,,SIFa_to_target,hemibrain:v1.2.1,other,R
5813062866,737607614,1,1,PS004,PS004(ADM01)_L,,,,,,,SIFa_to_target,hemibrain:v1.2.1,other,R
5813062866,739256609,1,1,CL029,CL029_R,,,,,,,SIFa_to_target,hemibrain:v1.2.1,other,R
5813062866,759464163,1,1,PPL204,PPL204(PVL17)_L,,,,,,,SIFa_to_target,hemibrain:v1.2.1,DAN,R
5813062866,759810119,1,1,CSD,CSD(5HT1)(AVM03)_L,,,,,,,SIFa_to_target,hemibrain:v1.2.1,other,R
5813062866,760798618,1,1,,(MBDLaxon1),,,,,,,SIFa_to_target,hemibrain:v1.2.1,other,R
5813062866,761096077,2,2,,(MBDLaxon1),,,,,,,SIFa_to_target,hemibrain:v1.2.1,other,R
5813062866,761203947,1,1,FB2J,FB2J_L,,,,,,,SIFa_to_target,hemibrain:v1.2.1,other,R
5813062866,763168531,4,3,,,,,,,,,SIFa_to_target,hemibrain:v1.2.1,other,R
5813062866,766505428,1,1,CRE079,CRE079_R,,,,,,,SIFa_to_target,hemibrain:v1.2.1,other,R
5813062866,789087358,1,1,,(PDM17)_L,,,,,,,SIFa_to_target,hemibrain:v1.2.1,other,R
5813062866,789126240,5,3,EPG,EPG(PB08)_L5,,,,,,,SIFa_to_target,hemibrain:v1.2.1,other,R
5813062866,789510595,1,1,,mPN_L,,,,,,,SIFa_to_target,hemibrain:v1.2.1,other,R
5813062866,789851418,2,2,,(PDM05)_L,,,,,,,SIFa_to_target,hemibrain:v1.2.1,other,R
5813062866,792019471,1,1,CL360,CL360_R,,,,,,,SIFa_to_target,hemibrain:v1.2.1,other,R
5813062866,797635637,1,1,PS002,PS002(ADM01)_L,,,,,,,SIFa_to_target,hemibrain:v1.2.1,other,R
5813062866,819138239,1,1,PFNd,PFNd(PB04)_L4_C3,,,,,,,SIFa_to_target,hemibrain:v1.2.1,other,R
5813062866,819828986,3,2,EPG,EPG(PB08)_L5,,,,,,,SIFa_to_target,hemibrain:v1.2.1,other,R
5813062866,821102647,1,1,,,,,,,,,SIFa_to_target,hemibrain:v1.2.1,other,R
5813062866,822526922,1,1,,,,,,,,,SIFa_to_target,hemibrain:v1.2.1,other,R
5813062866,823879266,5,4,,(MBDLaxon1),,,,,,,SIFa_to_target,hemibrain:v1.2.1,other,R
5813062866,850898421,2,2,DM3_adPN,DM3_adPN_L,,,,,,,SIFa_to_target,hemibrain:v1.2.1,other,R
5813062866,851459972,1,1,CSD,CSD(5HT1)_R,,,,,,,SIFa_to_target,hemibrain:v1.2.1,other,R
5813062866,852077552,1,1,,,,,,,,,SIFa_to_target,hemibrain:v1.2.1,other,R
5813062866,853963621,1,1,PS146,PS146(PDM21)_L,,,,,,,SIFa_to_target,hemibrain:v1.2.1,other,R
5813062866,856623507,1,1,,(PDM12)_L,,,,,,,SIFa_to_target,hemibrain:v1.2.1,other,R
5813062866,861078616,1,1,,,,,,,,,SIFa_to_target,hemibrain:v1.2.1,other,R
5813062866,880530613,1,1,Delta7,Delta7(PB15)_L5R4_L,,,,,,,SIFa_to_target,hemibrain:v1.2.1,other,R
5813062866,880875861,1,1,PEG,PEG(PB07)_L5,,,,,,,SIFa_to_target,hemibrain:v1.2.1,other,R
5813062866,880880259,1,1,Delta7,Delta7(PB15)_L4R5_R,,,,,,,SIFa_to_target,hemibrain:v1.2.1,other,R
5813062866,881217171,6,4,LPsP,LPsP(PB13)_R,,,,,,,SIFa_to_target,hemibrain:v1.2.1,other,R
5813062866,881221166,1,1,Delta7,Delta7(PB15)_L1L9R8_R,,,,,,,SIFa_to_target,hemibrain:v1.2.1,other,R
5813062866,883163764,1,1,IB117,IB117(SCB039)_R,,,,,,,SIFa_to_target,hemibrain:v1.2.1,other,R
5813062866,885119984,2,2,IB059,IB059_R,,,,,,,SIFa_to_target,hemibrain:v1.2.1,other,R
5813062866,885940052,1,1,FB8H,FB8H_L,,,,,,,SIFa_to_target,hemibrain:v1.2.1,other,R
5813062866,886367305,1,1,PS146,PS146_R,,,,,,,SIFa_to_target,hemibrain:v1.2.1,other,R
5813062866,888404128,1,1,,,,,,,,,SIFa_to_target,hemibrain:v1.2.1,other,R
5813062866,892376440,1,1,SMP446,SMP446_R,,,,,,,SIFa_to_target,hemibrain:v1.2.1,other,R
5813062866,910442723,3,1,Delta7,Delta7(PB15)_L4R5_R,,,,,,,SIFa_to_target,hemibrain:v1.2.1,other,R
5813062866,910442752,6,6,Delta7,Delta7(PB15)_L8R1R9_L,,,,,,,SIFa_to_target,hemibrain:v1.2.1,other,R
5813062866,910442782,3,1,Delta7,Delta7(PB15)_L4R6_R,,,,,,,SIFa_to_target,hemibrain:v1.2.1,other,R
5813062866,910783731,2,1,Delta7,Delta7(PB15)_L8R1R9_L,,,,,,,SIFa_to_target,hemibrain:v1.2.1,other,R
5813062866,910783961,1,1,Delta7,Delta7(PB15)_L3R6_R,,,,,,,SIFa_to_target,hemibrain:v1.2.1,other,R
5813062866,910796989,3,2,Delta7,Delta7(PB15)_L5R4_L,,,,,,,SIFa_to_target,hemibrain:v1.2.1,other,R
5813062866,910801332,1,1,Delta7,Delta7(PB15)_L5R4_L,,,,,,,SIFa_to_target,hemibrain:v1.2.1,other,R
5813062866,911129204,2,2,Delta7,Delta7(PB15)_L7R2_L,,,,,,,SIFa_to_target,hemibrain:v1.2.1,other,R
5813062866,911134009,1,1,Delta7,Delta7(PB15)_L4R5_R,,,,,,,SIFa_to_target,hemibrain:v1.2.1,other,R
5813062866,911138168,1,1,Delta7,Delta7(PB15)_L4R5_R,,,,,,,SIFa_to_target,hemibrain:v1.2.1,other,R
5813062866,911211196,1,1,Delta7,Delta7(PB15)_L6R4_L,,,,,,,SIFa_to_target,hemibrain:v1.2.1,other,R
5813062866,911241750,3,2,Delta7,Delta7(PB15)_L6R4_L,,,,,,,SIFa_to_target,hemibrain:v1.2.1,other,R
5813062866,911470352,2,1,Delta7,Delta7(PB15)_L2R7_R,,,,,,,SIFa_to_target,hemibrain:v1.2.1,other,R
5813062866,911560974,2,1,PFNd,PFNd(PB04)_L4_C3,,,,,,,SIFa_to_target,hemibrain:v1.2.1,other,R
5813062866,911565319,1,1,PFL1,PFL1(PB12a)_L5_C6,,,,,,,SIFa_to_target,hemibrain:v1.2.1,other,R
5813062866,911565419,3,3,Delta7,Delta7(PB15)_L3R6_R,,,,,,,SIFa_to_target,hemibrain:v1.2.1,other,R
5813062866,911574041,6,6,Delta7,Delta7(PB15)_L2R7_R,,,,,,,SIFa_to_target,hemibrain:v1.2.1,other,R
5813062866,911578496,1,1,Delta7,Delta7(PB15)_L2R7_R,,,,,,,SIFa_to_target,hemibrain:v1.2.1,other,R
5813062866,911901802,3,3,Delta7,Delta7(PB15)_L4R6_R,,,,,,,SIFa_to_target,hemibrain:v1.2.1,other,R
5813062866,911911004,3,2,Delta7,Delta7(PB15)_L1L9R8_R,,,,,,,SIFa_to_target,hemibrain:v1.2.1,other,R
5813062866,911911193,2,2,Delta7,Delta7(PB15)_L8R1R9_L,,,,,,,SIFa_to_target,hemibrain:v1.2.1,other,R
5813062866,911919044,2,2,Delta7,Delta7(PB15)_L6R3_L,,,,,,,SIFa_to_target,hemibrain:v1.2.1,other,R
5813062866,911919917,1,1,Delta7,Delta7(PB15)_L1L9R8_R,,,,,,,SIFa_to_target,hemibrain:v1.2.1,other,R
5813062866,912243353,2,2,Delta7,Delta7(PB15)_L7R2_L,,,,,,,SIFa_to_target,hemibrain:v1.2.1,other,R
5813062866,915623395,1,1,FC2B,FC2B(FQ7)_C5_L,,,,,,,SIFa_to_target,hemibrain:v1.2.1,other,R
5813062866,919426491,2,2,SIP086,SIP086(PDM21)_L,,,,,,,SIFa_to_target,hemibrain:v1.2.1,other,R
5813062866,941469087,2,1,Delta7,Delta7(PB15)_L3R6_R,,,,,,,SIFa_to_target,hemibrain:v1.2.1,other,R
5813062866,941482720,3,3,Delta7,Delta7(PB15)_L6R3_L,,,,,,,SIFa_to_target,hemibrain:v1.2.1,other,R
5813062866,941814787,1,1,Delta7,Delta7(PB15)_L6R3_L,,,,,,,SIFa_to_target,hemibrain:v1.2.1,other,R
5813062866,943933727,1,1,PFNp_d,PFNp_d(PB01a)_L3_C2,,,,,,,SIFa_to_target,hemibrain:v1.2.1,other,R
5813062866,946304488,1,1,FB5AB,FB5AB_L,,,,,,,SIFa_to_target,hemibrain:v1.2.1,other,R
5813062866,946667252,1,1,IB115,IB115(SCB006)_L,,,,,,,SIFa_to_target,hemibrain:v1.2.1,other,R
5813062866,946684931,1,1,SMP459,SMP459(PDM12)_L,,,,,,,SIFa_to_target,hemibrain:v1.2.1,other,R
5813062866,974300015,3,2,PEG,PEG(PB07)_L3,,,,,,,SIFa_to_target,hemibrain:v1.2.1,other,R
5813062866,978673646,1,1,FB6M,FB6M_R,,,,,,,SIFa_to_target,hemibrain:v1.2.1,other,R
5813062866,982601521,1,1,,,,,,,,,SIFa_to_target,hemibrain:v1.2.1,other,R
5813062866,1004017998,2,2,EPG,EPG(PB08)_L7,,,,,,,SIFa_to_target,hemibrain:v1.2.1,other,R
5813062866,1006068474,4,3,DP1m_adPN,DP1m_adPN_L,,,,,,,SIFa_to_target,hemibrain:v1.2.1,other,R
5813062866,1037979778,1,1,,,,,,,,,SIFa_to_target,hemibrain:v1.2.1,other,R
5813062866,1040393594,1,1,PFGs,PFGs(PB10)_L3_C3,,,,,,,SIFa_to_target,hemibrain:v1.2.1,other,R
5813062866,1045552418,1,1,,,,,,,,,SIFa_to_target,hemibrain:v1.2.1,other,R
5813062866,1065410141,1,1,EPG,EPG(PB08)_L8,,,,,,,SIFa_to_target,hemibrain:v1.2.1,other,R
5813062866,1067409308,1,1,,,,,,,,,SIFa_to_target,hemibrain:v1.2.1,other,R
5813062866,1069291635,1,1,CL294,CL294_R,,,,,,,SIFa_to_target,hemibrain:v1.2.1,other,R
5813062866,1095275456,8,7,LPsP,LPsP(PB13)_L,,,,,,,SIFa_to_target,hemibrain:v1.2.1,other,R
5813062866,1127476096,1,1,EPG,EPG(PB08)_L8,,,,,,,SIFa_to_target,hemibrain:v1.2.1,other,R
5813062866,1128088594,1,1,PEG,PEG(PB07)_L1,,,,,,,SIFa_to_target,hemibrain:v1.2.1,other,R
5813062866,1131805857,3,3,,,,,,,,,SIFa_to_target,hemibrain:v1.2.1,other,R
5813062866,1131831702,1,1,FB4K,FB4K_R,,,,,,,SIFa_to_target,hemibrain:v1.2.1,other,R
5813062866,1133484841,1,1,FC3,FC3(FQ8)_C2_R,,,,,,,SIFa_to_target,hemibrain:v1.2.1,other,R
5813062866,1134253374,1,1,PFL3,PFL3(PB12c)_R1_C7,,,,,,,SIFa_to_target,hemibrain:v1.2.1,other,R
5813062866,1135837629,1,1,DSKMP1A,DSKMP1A_R,,,,,,,SIFa_to_target,hemibrain:v1.2.1,other,R
5813062866,1137590785,13,10,SIFa,SIFa(PDM34),,,,,,,SIFa_to_target,hemibrain:v1.2.1,other,R
5813062866,1158747783,2,2,Delta7,Delta7(PB15)_L7R2_L,,,,,,,SIFa_to_target,hemibrain:v1.2.1,other,R
5813062866,1222221201,1,1,,,,,,,,,SIFa_to_target,hemibrain:v1.2.1,other,R
5813062866,1251170902,2,2,PS215,PS215(PVM02)_L,,,,,,,SIFa_to_target,hemibrain:v1.2.1,other,R
5813062866,1265399790,4,4,,,,,,,,,SIFa_to_target,hemibrain:v1.2.1,other,R
5813062866,1282274813,1,1,DNp28,DNp28(PDM28)_L,,,,,,,SIFa_to_target,hemibrain:v1.2.1,other,R
5813062866,1283872218,1,1,VES076,VES076_R,,,,,,,SIFa_to_target,hemibrain:v1.2.1,other,R
5813062866,1349114715,1,1,PFNm_a,PFNm_a(PB02a)_L4_C3,,,,,,,SIFa_to_target,hemibrain:v1.2.1,other,R
5813062866,1375224447,1,1,PS171,PS171_R,,,,,,,SIFa_to_target,hemibrain:v1.2.1,other,R
5813062866,1418618235,12,8,SIFa,SIFa(PDM34),,,,,,,SIFa_to_target,hemibrain:v1.2.1,other,R
5813062866,1434639206,1,1,vDeltaG,vDeltaG_C0,,,,,,,SIFa_to_target,hemibrain:v1.2.1,other,R
5813062866,1440536290,1,1,,,,,,,,,SIFa_to_target,hemibrain:v1.2.1,other,R
5813062866,1447576662,3,3,EPG,EPG(PB08)_L1,,,,,,,SIFa_to_target,hemibrain:v1.2.1,other,R
5813062866,1473293683,1,1,,,,,,,,,SIFa_to_target,hemibrain:v1.2.1,other,R
5813062866,1502191932,2,2,VES020,VES020_R,,,,,,,SIFa_to_target,hemibrain:v1.2.1,other,R
5813062866,1508334312,1,1,PEN_a(PEN1),PEN_a(PB06a)_L3,,,,,,,SIFa_to_target,hemibrain:v1.2.1,other,R
5813062866,1515522231,1,1,,(AVM19)_L,,,,,,,SIFa_to_target,hemibrain:v1.2.1,other,R
5813062866,1534270924,2,1,VES041,VES041_R,,,,,,,SIFa_to_target,hemibrain:v1.2.1,other,R
5813062866,1565937074,1,1,,,,,,,,,SIFa_to_target,hemibrain:v1.2.1,other,R
5813062866,1605186174,1,1,ORN_DL5,ORN_DL5_L,,,,,,,SIFa_to_target,hemibrain:v1.2.1,other,R
5813062866,1629383757,1,1,,Ascending?,,,,,,,SIFa_to_target,hemibrain:v1.2.1,other,R
5813062866,1660374894,1,1,,,,,,,,,SIFa_to_target,hemibrain:v1.2.1,other,R
5813062866,1668275074,1,1,v2LN34F,v2LN34f_R,,,,,,,SIFa_to_target,hemibrain:v1.2.1,other,R
5813062866,1669708692,5,1,,,,,,,,,SIFa_to_target,hemibrain:v1.2.1,other,R
5813062866,1670269656,1,1,ORN_DL5,ORN_DL5_R,,,,,,,SIFa_to_target,hemibrain:v1.2.1,other,R
5813062866,1671638278,1,1,M_l2PNl20,M_l2PNl20_R,,,,,,,SIFa_to_target,hemibrain:v1.2.1,other,R
5813062866,1698347801,4,2,,LN,,,,,,,SIFa_to_target,hemibrain:v1.2.1,other,R
5813062866,1698618858,1,1,ORN_DM1,ORN_DM1_R,,,,,,,SIFa_to_target,hemibrain:v1.2.1,other,R
5813062866,1698679708,3,1,,LN_L,,,,,,,SIFa_to_target,hemibrain:v1.2.1,other,R
5813062866,1699029767,2,1,,LN,,,,,,,SIFa_to_target,hemibrain:v1.2.1,other,R
5813062866,1700065149,1,1,,,,,,,,,SIFa_to_target,hemibrain:v1.2.1,other,R
5813062866,1700406753,1,1,,,,,,,,,SIFa_to_target,hemibrain:v1.2.1,other,R
5813062866,1700428338,2,2,DL5_adPN,DL5_adPN_L,,,,,,,SIFa_to_target,hemibrain:v1.2.1,other,R
5813062866,1703479954,1,1,DC2_adPN,DC2_adPN_L,,,,,,,SIFa_to_target,hemibrain:v1.2.1,other,R
5813062866,1729041255,2,2,,,,,,,,,SIFa_to_target,hemibrain:v1.2.1,other,R
5813062866,1729382486,1,1,,LN,,,,,,,SIFa_to_target,hemibrain:v1.2.1,other,R
5813062866,1730068404,1,1,,,,,,,,,SIFa_to_target,hemibrain:v1.2.1,other,R
5813062866,1731100059,2,2,,,,,,,,,SIFa_to_target,hemibrain:v1.2.1,other,R
5813062866,1731126613,1,1,,,,,,,,,SIFa_to_target,hemibrain:v1.2.1,other,R
5813062866,1761107731,2,2,,,,,,,,,SIFa_to_target,hemibrain:v1.2.1,other,R
5813062866,1761107807,1,1,,,,,,,,,SIFa_to_target,hemibrain:v1.2.1,other,R
5813062866,1761816058,2,1,,,,,,,,,SIFa_to_target,hemibrain:v1.2.1,other,R
5813062866,1762156755,1,1,,,,,,,,,SIFa_to_target,hemibrain:v1.2.1,other,R
5813062866,1763141118,1,1,ORN_DM6,ORN_DM6_R,,,,,,,SIFa_to_target,hemibrain:v1.2.1,other,R
5813062866,1764871908,1,1,,,,,,,,,SIFa_to_target,hemibrain:v1.2.1,other,R
5813062866,1793187495,1,1,,,,,,,,,SIFa_to_target,hemibrain:v1.2.1,other,R
5813062866,1793524347,8,6,,,,,,,,,SIFa_to_target,hemibrain:v1.2.1,other,R
5813062866,1794534791,2,1,,,,,,,,,SIFa_to_target,hemibrain:v1.2.1,other,R
5813062866,1823539988,1,1,,,,,,,,,SIFa_to_target,hemibrain:v1.2.1,other,R
5813062866,1824222634,1,1,,,,,,,,,SIFa_to_target,hemibrain:v1.2.1,other,R
5813062866,1824472937,1,1,ORN_DM2,ORN_DM2_L,,,,,,,SIFa_to_target,hemibrain:v1.2.1,other,R
5813062866,1825237239,1,1,,,,,,,,,SIFa_to_target,hemibrain:v1.2.1,other,R
5813062866,1855580899,1,1,,,,,,,,,SIFa_to_target,hemibrain:v1.2.1,other,R
5813062866,1855918385,4,2,,,,,,,,,SIFa_to_target,hemibrain:v1.2.1,other,R
5813062866,1876324210,1,1,,,,,,,,,SIFa_to_target,hemibrain:v1.2.1,other,R
5813062866,1885951097,1,1,,,,,,,,,SIFa_to_target,hemibrain:v1.2.1,other,R
5813062866,1886296650,1,1,,,,,,,,,SIFa_to_target,hemibrain:v1.2.1,other,R
5813062866,1887635209,3,2,,,,,,,,,SIFa_to_target,hemibrain:v1.2.1,other,R
5813062866,1916982019,2,2,,,,,,,,,SIFa_to_target,hemibrain:v1.2.1,other,R
5813062866,1916985576,1,1,,,,,,,,,SIFa_to_target,hemibrain:v1.2.1,other,R
5813062866,1917288737,2,1,,,,,,,,,SIFa_to_target,hemibrain:v1.2.1,other,R
5813062866,1980403020,2,1,,,,,,,,,SIFa_to_target,hemibrain:v1.2.1,other,R
5813062866,2034893135,1,1,,,,,,,,,SIFa_to_target,hemibrain:v1.2.1,other,R
5813062866,2189716977,1,1,,,,,,,,,SIFa_to_target,hemibrain:v1.2.1,other,R
5813062866,2371497342,2,2,,,,,,,,,SIFa_to_target,hemibrain:v1.2.1,other,R
5813062866,5812979923,1,1,,,,,,,,,SIFa_to_target,hemibrain:v1.2.1,other,R
5813062866,5812979938,1,1,SLP355,SLP355(PDL18)_L,,,,,,,SIFa_to_target,hemibrain:v1.2.1,other,R
5813062866,5812980507,1,1,CL234,CL234_R,,,,,,,SIFa_to_target,hemibrain:v1.2.1,other,R
5813062866,5812987027,1,1,,,,,,,,,SIFa_to_target,hemibrain:v1.2.1,other,R
5813062866,5812990115,1,1,,(PDM17)_L,,,,,,,SIFa_to_target,hemibrain:v1.2.1,other,R
5813062866,5812995970,1,1,,,,,,,,,SIFa_to_target,hemibrain:v1.2.1,other,R
5813062866,5812997703,2,1,ORN_DM2,ORN_DM2_L,,,,,,,SIFa_to_target,hemibrain:v1.2.1,other,R
5813062866,5813002832,1,1,,(PDM05)_L,,,,,,,SIFa_to_target,hemibrain:v1.2.1,other,R
5813062866,5813010683,1,1,SMP601,SMP601(SCB008)_R,,,,,,,SIFa_to_target,hemibrain:v1.2.1,other,R
5813062866,5813011709,1,1,,,,,,,,,SIFa_to_target,hemibrain:v1.2.1,other,R
5813062866,5813013830,1,1,,,,,,,,,SIFa_to_target,hemibrain:v1.2.1,other,R
5813062866,5813014873,6,4,EPG,EPG(PB08)_R1,,,,,,,SIFa_to_target,hemibrain:v1.2.1,other,R
5813062866,5813014955,3,2,,,,,,,,,SIFa_to_target,hemibrain:v1.2.1,other,R
5813062866,5813015889,3,2,,LN,,,,,,,SIFa_to_target,hemibrain:v1.2.1,other,R
5813062866,5813016724,2,2,,,,,,,,,SIFa_to_target,hemibrain:v1.2.1,other,R
5813062866,5813019681,1,1,SMP078,SMP078(ADM04)_L,,,,,,,SIFa_to_target,hemibrain:v1.2.1,other,R
5813062866,5813022259,1,1,ATL034,ATL034_R,,,,,,,SIFa_to_target,hemibrain:v1.2.1,other,R
5813062866,5813026514,1,1,FB6D,FB6D_L,,,,,,,SIFa_to_target,hemibrain:v1.2.1,other,R
5813062866,5813026592,1,1,SMP449,SMP449_R,,,,,,,SIFa_to_target,hemibrain:v1.2.1,other,R
5813062866,5813035413,1,1,,(PDM05)_L,,,,,,,SIFa_to_target,hemibrain:v1.2.1,other,R
5813062866,5813035436,1,1,,,,,,,,,SIFa_to_target,hemibrain:v1.2.1,other,R
5813062866,5813039644,1,1,,(PDM05)_L,,,,,,,SIFa_to_target,hemibrain:v1.2.1,other,R
5813062866,5813041365,1,1,PFL1,PFL1(PB12a)_L4_C5,,,,,,,SIFa_to_target,hemibrain:v1.2.1,other,R
5813062866,5813046674,1,1,,(PDM05)_L,,,,,,,SIFa_to_target,hemibrain:v1.2.1,other,R
5813062866,5813047683,2,2,LHPV6q1,LHPV6q1_R,,,,,,,SIFa_to_target,hemibrain:v1.2.1,other,R
5813062866,5813047739,1,1,SMP367,SMP367_R,,,,,,,SIFa_to_target,hemibrain:v1.2.1,other,R
5813062866,5813047970,1,1,AVLP439,AVLP439_R,,,,,,,SIFa_to_target,hemibrain:v1.2.1,other,R
5813062866,5813049105,1,1,LHPV1c2,LHPV1c2_R,,,,,,,SIFa_to_target,hemibrain:v1.2.1,other,R
5813062866,5813049472,1,1,DC4_adPN,DC4_adPN_L,,,,,,,SIFa_to_target,hemibrain:v1.2.1,other,R
5813062866,5813050563,2,2,,,,,,,,,SIFa_to_target,hemibrain:v1.2.1,other,R
5813062866,5813054708,5,2,,,,,,,,,SIFa_to_target,hemibrain:v1.2.1,other,R
5813062866,5813054761,1,1,,,,,,,,,SIFa_to_target,hemibrain:v1.2.1,other,R
5813062866,5813054855,1,1,,,,,,,,,SIFa_to_target,hemibrain:v1.2.1,other,R
5813062866,5813057637,2,1,,LN,,,,,,,SIFa_to_target,hemibrain:v1.2.1,other,R
5813062866,5813058367,1,1,FB6I,FB6I_L,,,,,,,SIFa_to_target,hemibrain:v1.2.1,other,R
5813062866,5813060982,2,2,PS215,PS215_R,,,,,,,SIFa_to_target,hemibrain:v1.2.1,other,R
5813062866,5813061392,2,1,DM1_lPN,DM1_lPN_L,,,,,,,SIFa_to_target,hemibrain:v1.2.1,other,R
5813062866,5813062225,1,1,,(lVLPT8)_R,,,,,,,SIFa_to_target,hemibrain:v1.2.1,other,R
5813062866,5813066349,4,1,,,,,,,,,SIFa_to_target,hemibrain:v1.2.1,other,R
5813062866,5813067479,1,1,,(PDM05)_L,,,,,,,SIFa_to_target,hemibrain:v1.2.1,other,R
5813062866,5813068108,1,1,,,,,,,,,SIFa_to_target,hemibrain:v1.2.1,other,R
5813062866,5813069331,1,1,FB6C_a,FB6C_a_L,,,,,,,SIFa_to_target,hemibrain:v1.2.1,other,R
5813062866,5813071266,1,1,VES034_b,VES034_b_R,,,,,,,SIFa_to_target,hemibrain:v1.2.1,other,R
5813062866,5813077544,3,2,EPG,EPG(PB08)_R1,,,,,,,SIFa_to_target,hemibrain:v1.2.1,other,R
5813062866,5813077961,1,1,,,,,,,,,SIFa_to_target,hemibrain:v1.2.1,other,R
5813062866,5813078074,1,1,SMP585,SMP585_R,,,,,,,SIFa_to_target,hemibrain:v1.2.1,other,R
5813062866,5813080979,1,1,PEN_a(PEN1),PEN_a(PB06a)_L5,,,,,,,SIFa_to_target,hemibrain:v1.2.1,other,R
5813062866,5813081494,1,1,PFR_b,PFR_b(PB11b)_R1_C8,,,,,,,SIFa_to_target,hemibrain:v1.2.1,other,R
5813062866,5813089869,1,1,,,,,,,,,SIFa_to_target,hemibrain:v1.2.1,other,R
5813062866,5813127603,2,2,FB6M,FB6M_L,,,,,,,SIFa_to_target,hemibrain:v1.2.1,other,R
5813062866,5813134234,1,1,,,,,,,,,SIFa_to_target,hemibrain:v1.2.1,other,R
5813062866,5901201663,3,1,,,,,,,,,SIFa_to_target,hemibrain:v1.2.1,other,R
5813062866,5901206628,1,1,,(PDM05)_L,,,,,,,SIFa_to_target,hemibrain:v1.2.1,other,R
5813062866,5901212649,1,1,,(PDM15)_L,,,,,,,SIFa_to_target,hemibrain:v1.2.1,other,R
5813062866,5901214823,3,2,,,,,,,,,SIFa_to_target,hemibrain:v1.2.1,other,R
699031185,294787849,1,1,LHPV5e2,LHPV5e2_R,,,,,,,target_to_SIFa,hemibrain:v1.2.1,other,R
699031185,296543992,2,1,SLP385,SLP385_R,,,,,,,target_to_SIFa,hemibrain:v1.2.1,other,R
699031185,297524212,1,1,SLP259,SLP259_R,,,,,,,target_to_SIFa,hemibrain:v1.2.1,other,R
699031185,297541369,1,1,SMP466,SMP466_R,,,,,,,target_to_SIFa,hemibrain:v1.2.1,other,R
699031185,297860964,1,1,,,,,,,,,target_to_SIFa,hemibrain:v1.2.1,other,R
699031185,297908801,1,1,5-HTPMPD01,5-HTPMPD01(PDM22)_L,,,,,,,target_to_SIFa,hemibrain:v1.2.1,other,R
699031185,298927362,1,1,SMP408_a,SMP408_a_R,,,,,,,target_to_SIFa,hemibrain:v1.2.1,other,R
699031185,298957344,1,1,SIP077,SIP077_R,,,,,,,target_to_SIFa,hemibrain:v1.2.1,other,R
699031185,300968622,1,1,KCab-m,KCab-m_R,,,,,,,target_to_SIFa,hemibrain:v1.2.1,KC_alpha_beta,R
699031185,300972942,2,1,MBON14,MBON14(a3)_R,,,,,,,target_to_SIFa,hemibrain:v1.2.1,MBON,R
699031185,326253554,1,1,SMP454,SMP454_R,,,,,,,target_to_SIFa,hemibrain:v1.2.1,other,R
699031185,327588225,1,1,SMP083,SMP083_R,,,,,,,target_to_SIFa,hemibrain:v1.2.1,other,R
699031185,327945928,6,3,,(aDT6c)(MBDLaxon1),,,,,,,target_to_SIFa,hemibrain:v1.2.1,other,R
699031185,328533761,1,1,PPL201,PPL201_R,,,,,,,target_to_SIFa,hemibrain:v1.2.1,DAN,R
699031185,329215304,1,1,SLP104,SLP104_R,,,,,,,target_to_SIFa,hemibrain:v1.2.1,other,R
699031185,331662710,1,1,PPL106,PPL106(a3)_R,,,,,,,target_to_SIFa,hemibrain:v1.2.1,DAN,R
699031185,331662717,1,1,KCab-s,KCab-s_R,,,,,,,target_to_SIFa,hemibrain:v1.2.1,KC_alpha_beta,R
699031185,358878546,1,1,SLP110,SLP110_R,,,,,,,target_to_SIFa,hemibrain:v1.2.1,other,R
699031185,359628017,1,1,SIP008,SIP008_R,,,,,,,target_to_SIFa,hemibrain:v1.2.1,other,R
699031185,363029976,1,1,KCab-m,KCab-m_R,,,,,,,target_to_SIFa,hemibrain:v1.2.1,KC_alpha_beta,R
699031185,364407023,1,1,KCab-m,KCab-m_R,,,,,,,target_to_SIFa,hemibrain:v1.2.1,KC_alpha_beta,R
699031185,390438574,2,1,,,,,,,,,target_to_SIFa,hemibrain:v1.2.1,other,R
699031185,390442730,1,1,,,,,,,,,target_to_SIFa,hemibrain:v1.2.1,other,R
699031185,391462673,2,1,,,,,,,,,target_to_SIFa,hemibrain:v1.2.1,other,R
699031185,394081878,1,1,KCab-s,KCab-s_R,,,,,,,target_to_SIFa,hemibrain:v1.2.1,KC_alpha_beta,R
699031185,394401778,1,1,KCab-m,KCab-m_R,,,,,,,target_to_SIFa,hemibrain:v1.2.1,KC_alpha_beta,R
699031185,420351828,1,1,,(PDM09)_L,,,,,,,target_to_SIFa,hemibrain:v1.2.1,other,R
699031185,421477870,5,3,,,,,,,,,target_to_SIFa,hemibrain:v1.2.1,other,R
699031185,422833616,1,1,,,,,,,,,target_to_SIFa,hemibrain:v1.2.1,other,R
699031185,423101189,2,2,oviIN,oviIN_R,,,,,,,target_to_SIFa,hemibrain:v1.2.1,other,R
699031185,423766346,1,1,,,,,,,,,target_to_SIFa,hemibrain:v1.2.1,other,R
699031185,425104178,1,1,CRE050,CRE050(AVM07)_L,,,,,,,target_to_SIFa,hemibrain:v1.2.1,other,R
699031185,425104216,2,2,KCab-m,KCab-m_R,,,,,,,target_to_SIFa,hemibrain:v1.2.1,KC_alpha_beta,R
699031185,425436170,1,1,KCab-m,KCab-m_R,,,,,,,target_to_SIFa,hemibrain:v1.2.1,KC_alpha_beta,R
699031185,425790257,2,2,APL,APL_R,,,,,,,target_to_SIFa,hemibrain:v1.2.1,APL,R
699031185,448260940,2,1,LNd,LNd_R,,,,,,,target_to_SIFa,hemibrain:v1.2.1,other,R
699031185,449438847,4,2,EPG,EPG(PB08)_L3,,,,,,,target_to_SIFa,hemibrain:v1.2.1,other,R
699031185,451148412,1,1,,,,,,,,,target_to_SIFa,hemibrain:v1.2.1,other,R
699031185,452171631,1,1,,,,,,,,,target_to_SIFa,hemibrain:v1.2.1,other,R
699031185,452845606,8,6,,,,,,,,,target_to_SIFa,hemibrain:v1.2.1,other,R
699031185,453467404,2,1,,(aDT6c)(MBDLaxon1),,,,,,,target_to_SIFa,hemibrain:v1.2.1,other,R
699031185,455172836,1,1,SMP482,SMP482_R,,,,,,,target_to_SIFa,hemibrain:v1.2.1,other,R
699031185,478613576,1,1,LHPD5c1,LHPD5c1_R,,,,,,,target_to_SIFa,hemibrain:v1.2.1,other,R
699031185,481053136,4,1,SMP221,SMP221_R,,,,,,,target_to_SIFa,hemibrain:v1.2.1,other,R
699031185,482183354,1,1,SMP517,SMP517(PDM22)_L,,,,,,,target_to_SIFa,hemibrain:v1.2.1,other,R
699031185,483876074,5,3,,,,,,,,,target_to_SIFa,hemibrain:v1.2.1,other,R
699031185,484838760,1,1,,(MBDLaxon1),,,,,,,target_to_SIFa,hemibrain:v1.2.1,other,R
699031185,485934965,1,1,oviIN,oviIN_L,,,,,,,target_to_SIFa,hemibrain:v1.2.1,other,R
699031185,487144598,1,1,LHCENT3,LHCENT3_R,,,,,,,target_to_SIFa,hemibrain:v1.2.1,other,R
699031185,488179585,1,1,KCab-s,KCab-s_R,,,,,,,target_to_SIFa,hemibrain:v1.2.1,KC_alpha_beta,R
699031185,513209805,1,1,,,,,,,,,target_to_SIFa,hemibrain:v1.2.1,other,R
699031185,514859045,3,1,SMP220,SMP220_R,,,,,,,target_to_SIFa,hemibrain:v1.2.1,other,R
699031185,519573099,1,1,KCab-s,KCab-s_R,,,,,,,target_to_SIFa,hemibrain:v1.2.1,KC_alpha_beta,R
699031185,539462336,2,1,PEN_b(PEN2),PEN_b(PB06b)_L4,,,,,,,target_to_SIFa,hemibrain:v1.2.1,other,R
699031185,540112974,1,1,hDeltaD,hDeltaD_07_C4,,,,,,,target_to_SIFa,hemibrain:v1.2.1,other,R
699031185,541127846,2,1,ExR5,ExR5(ring)_L,,,,,,,target_to_SIFa,hemibrain:v1.2.1,other,R
699031185,541870397,1,1,EPG,EPG(PB08)_L6,,,,,,,target_to_SIFa,hemibrain:v1.2.1,other,R
699031185,542634818,2,2,DM1_lPN,DM1_lPN_R,,,,,,,target_to_SIFa,hemibrain:v1.2.1,other,R
699031185,543580330,1,1,,,,,,,,,target_to_SIFa,hemibrain:v1.2.1,other,R
699031185,543916401,4,3,,,,,,,,,target_to_SIFa,hemibrain:v1.2.1,other,R
699031185,544021095,1,1,DA4l_adPN,DA4l_adPN_R,,,,,,,target_to_SIFa,hemibrain:v1.2.1,other,R
699031185,546438473,1,1,SLP455,SLP455(SCB066)_R,,,,,,,target_to_SIFa,hemibrain:v1.2.1,other,R
699031185,549572017,1,1,KCab-m,KCab-m_R,,,,,,,target_to_SIFa,hemibrain:v1.2.1,KC_alpha_beta,R
699031185,569317846,1,1,KCab-m,KCab-m_R,,,,,,,target_to_SIFa,hemibrain:v1.2.1,KC_alpha_beta,R
699031185,569615641,1,1,KCab-s,KCab-s_R,,,,,,,target_to_SIFa,hemibrain:v1.2.1,KC_alpha_beta,R
699031185,571666400,3,2,LHPD2b1_b,LHPD2b1_b_R,,,,,,,target_to_SIFa,hemibrain:v1.2.1,other,R
699031185,572870540,3,2,EPG,EPG(PB08)_L1,,,,,,,target_to_SIFa,hemibrain:v1.2.1,other,R
699031185,573333835,4,2,DM4_adPN,DM4_adPN_R,,,,,,,target_to_SIFa,hemibrain:v1.2.1,other,R
699031185,574688277,1,1,LHAD1d1,LHAD1d1_R,,,,,,,target_to_SIFa,hemibrain:v1.2.1,other,R
699031185,609993550,1,1,SMP092,SMP092_R,,,,,,,target_to_SIFa,hemibrain:v1.2.1,other,R
699031185,631396453,2,2,KCab-m,KCab-m_R,,,,,,,target_to_SIFa,hemibrain:v1.2.1,KC_alpha_beta,R
699031185,635062078,4,3,DP1m_adPN,DP1m_adPN_R,,,,,,,target_to_SIFa,hemibrain:v1.2.1,other,R
699031185,636042004,2,2,,,,,,,,,target_to_SIFa,hemibrain:v1.2.1,other,R
699031185,638481581,3,1,OA-VUMa2,OA-VUMa2_R,,,,,,,target_to_SIFa,hemibrain:v1.2.1,other,R
699031185,639779973,1,1,FB2D,FB2D_L,,,,,,,target_to_SIFa,hemibrain:v1.2.1,other,R
699031185,665556968,1,1,SMP468,SMP468_R,,,,,,,target_to_SIFa,hemibrain:v1.2.1,other,R
699031185,666135689,1,1,DA3_adPN,DA3_adPN_R,,,,,,,target_to_SIFa,hemibrain:v1.2.1,other,R
699031185,667141710,1,1,LHAV4g8,LHAV4g8_R,,,,,,,target_to_SIFa,hemibrain:v1.2.1,other,R
699031185,673715784,1,1,KCab-m,KCab-m_R,,,,,,,target_to_SIFa,hemibrain:v1.2.1,KC_alpha_beta,R
699031185,691760950,1,1,KCab-m,KCab-m_R,,,,,,,target_to_SIFa,hemibrain:v1.2.1,KC_alpha_beta,R
699031185,693483018,11,7,DL5_adPN,DL5_adPN_R,,,,,,,target_to_SIFa,hemibrain:v1.2.1,other,R
699031185,699515201,1,1,LHPV4i1,LHPV4i1_R,,,,,,,target_to_SIFa,hemibrain:v1.2.1,other,R
699031185,734581598,2,2,Delta7,Delta7(PB15)_L6R3_L,,,,,,,target_to_SIFa,hemibrain:v1.2.1,other,R
699031185,735790008,1,1,KCab-s,KCab-s_R,,,,,,,target_to_SIFa,hemibrain:v1.2.1,KC_alpha_beta,R
699031185,755518957,6,5,DM3_adPN,DM3_adPN_R,,,,,,,target_to_SIFa,hemibrain:v1.2.1,other,R
699031185,759810119,3,1,CSD,CSD(5HT1)(AVM03)_L,,,,,,,target_to_SIFa,hemibrain:v1.2.1,other,R
699031185,760798618,53,45,,(MBDLaxon1),,,,,,,target_to_SIFa,hemibrain:v1.2.1,other,R
699031185,761096077,37,26,,(MBDLaxon1),,,,,,,target_to_SIFa,hemibrain:v1.2.1,other,R
699031185,787563949,1,1,LHPV6q1,LHPV6q1(PDL27)_L,,,,,,,target_to_SIFa,hemibrain:v1.2.1,other,R
699031185,788306624,1,1,DM6_adPN,DM6_adPN_R,,,,,,,target_to_SIFa,hemibrain:v1.2.1,other,R
699031185,788461444,1,1,PFGs,PFGs(PB10)_L6_C6,,,,,,,target_to_SIFa,hemibrain:v1.2.1,other,R
699031185,788648194,2,1,DL2d_adPN,DL2d_adPN_R,,,,,,,target_to_SIFa,hemibrain:v1.2.1,other,R
699031185,790417325,1,1,,(MBDLaxon1),,,,,,,target_to_SIFa,hemibrain:v1.2.1,other,R
699031185,791457874,52,43,,(MBDLaxon1),,,,,,,target_to_SIFa,hemibrain:v1.2.1,other,R
699031185,792692885,1,1,SLP457,SLP457(SCB013)_R,,,,,,,target_to_SIFa,hemibrain:v1.2.1,other,R
699031185,820563959,1,1,LHAV1a1,LHAV1a1_R,,,,,,,target_to_SIFa,hemibrain:v1.2.1,other,R
699031185,821344462,1,1,OA-ASM2,OA-ASM2_R,,,,,,,target_to_SIFa,hemibrain:v1.2.1,other,R
699031185,822863807,2,1,,,,,,,,,target_to_SIFa,hemibrain:v1.2.1,other,R
699031185,823874214,2,1,,,,,,,,,target_to_SIFa,hemibrain:v1.2.1,other,R
699031185,823879266,48,38,,(MBDLaxon1),,,,,,,target_to_SIFa,hemibrain:v1.2.1,other,R
699031185,825359499,1,1,LHAV2b10,LHAV2b10_R,,,,,,,target_to_SIFa,hemibrain:v1.2.1,other,R
699031185,846952683,1,1,KCab-m,KCab-m_R,,,,,,,target_to_SIFa,hemibrain:v1.2.1,KC_alpha_beta,R
699031185,847293869,1,1,KCab-s,KCab-s_R,,,,,,,target_to_SIFa,hemibrain:v1.2.1,KC_alpha_beta,R
699031185,847297982,1,1,KCab-m,KCab-m_R,,,,,,,target_to_SIFa,hemibrain:v1.2.1,KC_alpha_beta,R
699031185,847989021,1,1,KCab-m,KCab-m_R,,,,,,,target_to_SIFa,hemibrain:v1.2.1,KC_alpha_beta,R
699031185,848330091,1,1,KCab-s,KCab-s_R,,,,,,,target_to_SIFa,hemibrain:v1.2.1,KC_alpha_beta,R
699031185,851459972,2,1,CSD,CSD(5HT1)_R,,,,,,,target_to_SIFa,hemibrain:v1.2.1,other,R
699031185,860266377,1,1,KCab-c,KCab-c_R,,,,,,,target_to_SIFa,hemibrain:v1.2.1,KC_alpha_beta,R
699031185,877318574,2,1,KCab-m,KCab-m_R,,,,,,,target_to_SIFa,hemibrain:v1.2.1,KC_alpha_beta,R
699031185,887649058,1,1,,,,,,,,,target_to_SIFa,hemibrain:v1.2.1,other,R
699031185,908668522,1,1,KCab-m,KCab-m_R,,,,,,,target_to_SIFa,hemibrain:v1.2.1,KC_alpha_beta,R
699031185,909026561,1,1,KCab-m,KCab-m_R,,,,,,,target_to_SIFa,hemibrain:v1.2.1,KC_alpha_beta,R
699031185,909730907,2,2,KCab-s,KCab-s_R,,,,,,,target_to_SIFa,hemibrain:v1.2.1,KC_alpha_beta,R
699031185,910783731,1,1,Delta7,Delta7(PB15)_L8R1R9_L,,,,,,,target_to_SIFa,hemibrain:v1.2.1,other,R
699031185,910783883,2,1,Delta7,Delta7(PB15)_L8R1R9_L,,,,,,,target_to_SIFa,hemibrain:v1.2.1,other,R
699031185,910783961,1,1,Delta7,Delta7(PB15)_L3R6_R,,,,,,,target_to_SIFa,hemibrain:v1.2.1,other,R
699031185,911094343,1,1,KCab-m,KCab-m_R,,,,,,,target_to_SIFa,hemibrain:v1.2.1,KC_alpha_beta,R
699031185,911211196,1,1,Delta7,Delta7(PB15)_L6R4_L,,,,,,,target_to_SIFa,hemibrain:v1.2.1,other,R
699031185,911574261,2,2,Delta7,Delta7(PB15)_L1L9R8_R,,,,,,,target_to_SIFa,hemibrain:v1.2.1,other,R
699031185,911911004,2,1,Delta7,Delta7(PB15)_L1L9R8_R,,,,,,,target_to_SIFa,hemibrain:v1.2.1,other,R
699031185,911911193,1,1,Delta7,Delta7(PB15)_L8R1R9_L,,,,,,,target_to_SIFa,hemibrain:v1.2.1,other,R
699031185,911919917,4,1,Delta7,Delta7(PB15)_L1L9R8_R,,,,,,,target_to_SIFa,hemibrain:v1.2.1,other,R
699031185,912601268,1,1,EPG,EPG(PB08)_L6,,,,,,,target_to_SIFa,hemibrain:v1.2.1,other,R
699031185,940761352,1,1,KCab-c,KCab-c_R,,,,,,,target_to_SIFa,hemibrain:v1.2.1,KC_alpha_beta,R
699031185,952978874,1,1,CL033,CL033_R,,,,,,,target_to_SIFa,hemibrain:v1.2.1,other,R
699031185,953414780,3,3,FB4H,FB4H_R,,,,,,,target_to_SIFa,hemibrain:v1.2.1,other,R
699031185,1014465666,1,1,FS1A,FS1A(FQ9)_C9_L,,,,,,,target_to_SIFa,hemibrain:v1.2.1,other,R
699031185,1035045015,1,1,EPG,EPG(PB08)_L7,,,,,,,target_to_SIFa,hemibrain:v1.2.1,other,R
699031185,1043151516,6,6,,,,,,,,,target_to_SIFa,hemibrain:v1.2.1,other,R
699031185,1049674502,2,1,FB5V,FB5V_L,,,,,,,target_to_SIFa,hemibrain:v1.2.1,other,R
699031185,1062526223,1,1,PEN_b(PEN2),PEN_b(PB06b)_R8,,,,,,,target_to_SIFa,hemibrain:v1.2.1,other,R
699031185,1065410141,2,2,EPG,EPG(PB08)_L8,,,,,,,target_to_SIFa,hemibrain:v1.2.1,other,R
699031185,1068272038,1,1,KCg-m,KCg-m_R,,,,,,,target_to_SIFa,hemibrain:v1.2.1,KC_gamma,R
699031185,1072533980,1,1,FS3,FS3(FQ11)_C7_L,,,,,,,target_to_SIFa,hemibrain:v1.2.1,other,R
699031185,1100792636,1,1,FB4Y,FB4Y(EB/NO1)_L,,,,,,,target_to_SIFa,hemibrain:v1.2.1,other,R
699031185,1127476096,3,3,EPG,EPG(PB08)_L8,,,,,,,target_to_SIFa,hemibrain:v1.2.1,other,R
699031185,1137590785,8,8,SIFa,SIFa(PDM34),,,,,,,target_to_SIFa,hemibrain:v1.2.1,other,R
699031185,1189549487,4,4,,,,,,,,,target_to_SIFa,hemibrain:v1.2.1,other,R
699031185,1189891402,1,1,PFGs,PFGs(PB10)_L8_C8,,,,,,,target_to_SIFa,hemibrain:v1.2.1,other,R
699031185,1198257581,1,1,ER2_a,ER2_a(ring)_R,,,,,,,target_to_SIFa,hemibrain:v1.2.1,other,R
699031185,1218728544,1,1,PFNp_b,PFNp_b(PB01b)_R9_C1,,,,,,,target_to_SIFa,hemibrain:v1.2.1,other,R
699031185,1228692168,2,1,ExR6,ExR6(ring)_L,,,,,,,target_to_SIFa,hemibrain:v1.2.1,other,R
699031185,1248770299,1,1,PFNp_c,PFNp_c(PB01c)_R9_C1,,,,,,,target_to_SIFa,hemibrain:v1.2.1,other,R
699031185,1250920325,1,1,vDeltaA_a,vDeltaA_a(AB)_C0,,,,,,,target_to_SIFa,hemibrain:v1.2.1,other,R
699031185,1260833150,1,1,DSKMP1A,DSKMP1A(PVM02)_L,,,,,,,target_to_SIFa,hemibrain:v1.2.1,other,R
699031185,1261044051,1,1,FC3,FC3(FQ8)_C1_R,,,,,,,target_to_SIFa,hemibrain:v1.2.1,other,R
699031185,1265399790,5,5,,,,,,,,,target_to_SIFa,hemibrain:v1.2.1,other,R
699031185,1283600055,1,1,,,,,,,,,target_to_SIFa,hemibrain:v1.2.1,other,R
699031185,1322522242,1,1,PFR_a,PFR_a(PB11a)_L1_C9_irreg,,,,,,,target_to_SIFa,hemibrain:v1.2.1,other,R
699031185,1348057533,4,3,FB1C,FB1C(NO1/NO3)_L,,,,,,,target_to_SIFa,hemibrain:v1.2.1,other,R
699031185,1349835932,1,1,,,,,,,,,target_to_SIFa,hemibrain:v1.2.1,other,R
699031185,1386577828,1,1,,,,,,,,,target_to_SIFa,hemibrain:v1.2.1,other,R
699031185,1418618235,12,9,SIFa,SIFa(PDM34),,,,,,,target_to_SIFa,hemibrain:v1.2.1,other,R
699031185,1447576662,2,2,EPG,EPG(PB08)_L1,,,,,,,target_to_SIFa,hemibrain:v1.2.1,other,R
699031185,1476691357,1,1,,,,,,,,,target_to_SIFa,hemibrain:v1.2.1,other,R
699031185,1563933354,2,2,,,,,,,,,target_to_SIFa,hemibrain:v1.2.1,other,R
699031185,1578826464,1,1,lLN1_c,lLN1_c_R,,,,,,,target_to_SIFa,hemibrain:v1.2.1,other,R
699031185,1605190603,2,2,ORN_DM3,ORN_DM3_L,,,,,,,target_to_SIFa,hemibrain:v1.2.1,other,R
699031185,1610530558,1,1,lLN1_b,lLN1_b_R,,,,,,,target_to_SIFa,hemibrain:v1.2.1,other,R
699031185,1625390057,1,1,,,,,,,,,target_to_SIFa,hemibrain:v1.2.1,other,R
699031185,1628939088,1,1,AVLP492,AVLP492_R,,,,,,,target_to_SIFa,hemibrain:v1.2.1,other,R
699031185,1638315078,2,1,ORN_DC4,ORN_DC4_L,,,,,,,target_to_SIFa,hemibrain:v1.2.1,other,R
699031185,1639886198,2,1,lLN2P_c,lLN2P_c(Patchy)_R,,,,,,,target_to_SIFa,hemibrain:v1.2.1,other,R
699031185,1640555311,3,1,lLN2P_c,lLN2P_c(Patchy)_R,,,,,,,target_to_SIFa,hemibrain:v1.2.1,other,R
699031185,1640572741,1,1,lLN2T_b,lLN2T_b(Tortuous)_R,,,,,,,target_to_SIFa,hemibrain:v1.2.1,other,R
699031185,1640922516,5,2,lLN2T_e,lLN2T_e(Tortuous)_R,,,,,,,target_to_SIFa,hemibrain:v1.2.1,other,R
699031185,1666582562,1,1,ORN_DM1,ORN_DM1_R,,,,,,,target_to_SIFa,hemibrain:v1.2.1,other,R
699031185,1666910636,1,1,ORN_DP1m,ORN_DP1m_R,,,,,,,target_to_SIFa,hemibrain:v1.2.1,other,R
699031185,1666919287,1,1,ORN_DM1,ORN_DM1_R,,,,,,,target_to_SIFa,hemibrain:v1.2.1,other,R
699031185,1666923551,1,1,ORN_DM4,ORN_DM4_R,,,,,,,target_to_SIFa,hemibrain:v1.2.1,other,R
699031185,1666923720,2,2,ORN_DC4,ORN_DC4_L,,,,,,,target_to_SIFa,hemibrain:v1.2.1,other,R
699031185,1667251683,1,1,lLN2T_d,lLN2T_d(Tortuous)_R,,,,,,,target_to_SIFa,hemibrain:v1.2.1,other,R
699031185,1667260273,1,1,ORN_D,ORN_D,,,,,,,target_to_SIFa,hemibrain:v1.2.1,other,R
699031185,1669924220,3,1,lLN2T_d,lLN2T_d(Tortuous)_R,,,,,,,target_to_SIFa,hemibrain:v1.2.1,other,R
699031185,1670265016,1,1,OA-VUMa2,OA-VUMa2_R,,,,,,,target_to_SIFa,hemibrain:v1.2.1,other,R
699031185,1670282465,2,1,ORN_DC4,ORN_DC4_L,,,,,,,target_to_SIFa,hemibrain:v1.2.1,other,R
699031185,1670390647,1,1,ORN_DA2,ORN_DA2,,,,,,,target_to_SIFa,hemibrain:v1.2.1,other,R
699031185,1670588790,1,1,ORN_DL1,ORN_DL1_R,,,,,,,target_to_SIFa,hemibrain:v1.2.1,other,R
699031185,1670597202,1,1,ORN_DL1,ORN_DL1_L,,,,,,,target_to_SIFa,hemibrain:v1.2.1,other,R
699031185,1671257931,3,1,lLN2P_b,lLN2P_b(Patchy)_R,,,,,,,target_to_SIFa,hemibrain:v1.2.1,other,R
699031185,1671292719,3,2,lLN2T_c,lLN2T_c(Tortuous)_R,,,,,,,target_to_SIFa,hemibrain:v1.2.1,other,R
699031185,1671638278,1,1,M_l2PNl20,M_l2PNl20_R,,,,,,,target_to_SIFa,hemibrain:v1.2.1,other,R
699031185,1697285610,1,1,ORN_DM4,ORN_DM4_L,,,,,,,target_to_SIFa,hemibrain:v1.2.1,other,R
699031185,1698338840,1,1,ORN_DM4,ORN_DM4_L,,,,,,,target_to_SIFa,hemibrain:v1.2.1,other,R
699031185,1698619179,1,1,ORN_DM1,ORN_DM1_R,,,,,,,target_to_SIFa,hemibrain:v1.2.1,other,R
699031185,1699715276,1,1,ORN_DC4,ORN_DC4_L,,,,,,,target_to_SIFa,hemibrain:v1.2.1,other,R
699031185,1699719901,1,1,ORN_DC4,ORN_DC4_L,,,,,,,target_to_SIFa,hemibrain:v1.2.1,other,R
699031185,1699962188,2,1,ORN_DC4,ORN_DC4_L,,,,,,,target_to_SIFa,hemibrain:v1.2.1,other,R
699031185,1700605059,2,1,ORN_DL2v,ORN_DL2v_L,,,,,,,target_to_SIFa,hemibrain:v1.2.1,other,R
699031185,1700639720,1,1,ORN_DC4,ORN_DC4_R,,,,,,,target_to_SIFa,hemibrain:v1.2.1,other,R
699031185,1700941475,2,2,ORN_DL1,ORN_DL1_R,,,,,,,target_to_SIFa,hemibrain:v1.2.1,other,R
699031185,1701287251,2,1,ORN_DL1,ORN_DL1_R,,,,,,,target_to_SIFa,hemibrain:v1.2.1,other,R
699031185,1702021357,1,1,ORN_DC4,ORN_DC4_L,,,,,,,target_to_SIFa,hemibrain:v1.2.1,other,R
699031185,1702668580,2,1,,LN,,,,,,,target_to_SIFa,hemibrain:v1.2.1,other,R
699031185,1704347707,9,7,lLN2T_c,lLN2T_c(Tortuous)_R,,,,,,,target_to_SIFa,hemibrain:v1.2.1,other,R
699031185,1727979406,1,1,VP1d+VP4_l2PN1,VP1d+VP4_l2PN1_R,,,,,,,target_to_SIFa,hemibrain:v1.2.1,other,R
699031185,1727987554,2,1,ORN_DM4,ORN_DM4_R,,,,,,,target_to_SIFa,hemibrain:v1.2.1,other,R
699031185,1727988111,1,1,,LN_L,,,,,,,target_to_SIFa,hemibrain:v1.2.1,other,R
699031185,1727996245,1,1,ORN_DM4,ORN_DM4_L,,,,,,,target_to_SIFa,hemibrain:v1.2.1,other,R
699031185,1729650077,1,1,ORN_DM4,ORN_DM4_R,,,,,,,target_to_SIFa,hemibrain:v1.2.1,other,R
699031185,1730327790,4,3,lLN2T_a,lLN2T_a(Tortuous)_R,,,,,,,target_to_SIFa,hemibrain:v1.2.1,other,R
699031185,1731290073,1,1,ORN_DL2v,ORN_DL2v_L,,,,,,,target_to_SIFa,hemibrain:v1.2.1,other,R
699031185,1734372986,2,1,,,,,,,,,target_to_SIFa,hemibrain:v1.2.1,other,R
699031185,1747302427,1,1,,,,,,,,,target_to_SIFa,hemibrain:v1.2.1,other,R
699031185,1762354941,2,1,lLN2T_a,lLN2T_a(Tortuous)_R,,,,,,,target_to_SIFa,hemibrain:v1.2.1,other,R
699031185,1762704980,4,2,lLN2P_c,lLN2P_c(Patchy)_R,,,,,,,target_to_SIFa,hemibrain:v1.2.1,other,R
699031185,1790752286,4,3,,,,,,,,,target_to_SIFa,hemibrain:v1.2.1,other,R
699031185,1793014716,2,1,DL2d_adPN,DL2d_adPN_R,,,,,,,target_to_SIFa,hemibrain:v1.2.1,other,R
699031185,1793346872,2,1,ORN_DP1l,ORN_DP1l_R,,,,,,,target_to_SIFa,hemibrain:v1.2.1,other,R
699031185,1793351123,1,1,ORN_DL2d,ORN_DL2d_R,,,,,,,target_to_SIFa,hemibrain:v1.2.1,other,R
699031185,1794072659,1,1,,,,,,,,,target_to_SIFa,hemibrain:v1.2.1,other,R
699031185,1795056456,1,1,ORN_DL1,ORN_DL1_R,,,,,,,target_to_SIFa,hemibrain:v1.2.1,other,R
699031185,1823060634,1,1,,,,,,,,,target_to_SIFa,hemibrain:v1.2.1,other,R
699031185,1850024931,1,1,VM4_lvPN,VM4_lvPN_R,,,,,,,target_to_SIFa,hemibrain:v1.2.1,other,R
699031185,1855835989,1,1,,ORN_L,,,,,,,target_to_SIFa,hemibrain:v1.2.1,other,R
699031185,1858171556,9,4,lLN2P_c,lLN2P_c(Patchy)_R,,,,,,,target_to_SIFa,hemibrain:v1.2.1,other,R
699031185,1858901026,1,1,VP2+_adPN,VP2+_adPN_R,,,,,,,target_to_SIFa,hemibrain:v1.2.1,other,R
699031185,1881193508,3,3,,,,,,,,,target_to_SIFa,hemibrain:v1.2.1,other,R
699031185,1884625521,3,3,l-LNv,l-LNv,,,,,,,target_to_SIFa,hemibrain:v1.2.1,PDF_positive_LNv,R
699031185,1885782720,1,1,v2LN46,v2LN46_R,,,,,,,target_to_SIFa,hemibrain:v1.2.1,other,R
699031185,1888213190,1,1,M_adPNm4,M_adPNm4_R,,,,,,,target_to_SIFa,hemibrain:v1.2.1,other,R
699031185,1889253763,1,1,VM7v_adPN,VM7v_adPN_R,,,,,,,target_to_SIFa,hemibrain:v1.2.1,other,R
699031185,1899765492,1,1,,,,,,,,,target_to_SIFa,hemibrain:v1.2.1,other,R
699031185,1912789965,1,1,VL1_ilPN,VL1_ilPN,,,,,,,target_to_SIFa,hemibrain:v1.2.1,other,R
699031185,1930472180,1,1,,,,,,,,,target_to_SIFa,hemibrain:v1.2.1,other,R
699031185,1930808741,1,1,,,,,,,,,target_to_SIFa,hemibrain:v1.2.1,other,R
699031185,1933879198,1,1,,,,,,,,,target_to_SIFa,hemibrain:v1.2.1,other,R
699031185,1944507292,4,2,VL2p_adPN,VL2p_adPN_R,,,,,,,target_to_SIFa,hemibrain:v1.2.1,other,R
699031185,1947192569,2,1,v2LN40,v2LN40_R,,,,,,,target_to_SIFa,hemibrain:v1.2.1,other,R
699031185,1961511183,2,1,,,,,,,,,target_to_SIFa,hemibrain:v1.2.1,other,R
699031185,1992161820,1,1,VS,VS(LPTC),,,,,,,target_to_SIFa,hemibrain:v1.2.1,other,R
699031185,1999087154,1,1,,,,,,,,,target_to_SIFa,hemibrain:v1.2.1,other,R
699031185,2009240859,1,1,ORN_VL2a,ORN_VL2a_L,,,,,,,target_to_SIFa,hemibrain:v1.2.1,other,R
699031185,2069652905,1,1,OA-VUMa5,OA-VUMa5_R,,,,,,,target_to_SIFa,hemibrain:v1.2.1,other,R
699031185,2105086391,5,4,lLN2P_c,lLN2P_c(Patchy)_R,,,,,,,target_to_SIFa,hemibrain:v1.2.1,other,R
699031185,2121382771,1,1,,,,,,,,,target_to_SIFa,hemibrain:v1.2.1,other,R
699031185,2135408892,2,1,lLN2P_a,lLN2P_a(Patchy)_R,,,,,,,target_to_SIFa,hemibrain:v1.2.1,other,R
699031185,2154122802,1,1,,,,,,,,,target_to_SIFa,hemibrain:v1.2.1,other,R
699031185,2155478189,2,2,,,,,,,,,target_to_SIFa,hemibrain:v1.2.1,other,R
699031185,2228535037,2,1,ORN_VL1,ORN_VL1_R,,,,,,,target_to_SIFa,hemibrain:v1.2.1,other,R
699031185,2371497342,5,5,,,,,,,,,target_to_SIFa,hemibrain:v1.2.1,other,R
699031185,5812980219,1,1,KCab-m,KCab-m_R,,,,,,,target_to_SIFa,hemibrain:v1.2.1,KC_alpha_beta,R
699031185,5812980351,1,1,KCab-s,KCab-s_R,,,,,,,target_to_SIFa,hemibrain:v1.2.1,KC_alpha_beta,R
699031185,5812980494,1,1,CL009,CL009_R,,,,,,,target_to_SIFa,hemibrain:v1.2.1,other,R
699031185,5812980615,2,1,KCab-m,KCab-m_R,,,,,,,target_to_SIFa,hemibrain:v1.2.1,KC_alpha_beta,R
699031185,5812981104,1,1,KCab-m,KCab-m_R,,,,,,,target_to_SIFa,hemibrain:v1.2.1,KC_alpha_beta,R
699031185,5812981127,1,1,KCab-m,KCab-m_R,,,,,,,target_to_SIFa,hemibrain:v1.2.1,KC_alpha_beta,R
699031185,5812981943,1,1,KCab-s,KCab-s_R,,,,,,,target_to_SIFa,hemibrain:v1.2.1,KC_alpha_beta,R
699031185,5812982802,1,1,KCab-s,KCab-s_R,,,,,,,target_to_SIFa,hemibrain:v1.2.1,KC_alpha_beta,R
699031185,5812989750,1,1,,,,,,,,,target_to_SIFa,hemibrain:v1.2.1,other,R
699031185,5812996810,1,1,ORN_DC4,ORN_DC4_L,,,,,,,target_to_SIFa,hemibrain:v1.2.1,other,R
699031185,5812998588,2,2,,,,,,,,,target_to_SIFa,hemibrain:v1.2.1,other,R
699031185,5813003621,1,1,,,,,,,,,target_to_SIFa,hemibrain:v1.2.1,other,R
699031185,5813004196,1,1,ORN_VL1,ORN_VL1_R,,,,,,,target_to_SIFa,hemibrain:v1.2.1,other,R
699031185,5813012006,1,1,EPG,EPG(PB08)_L7,,,,,,,target_to_SIFa,hemibrain:v1.2.1,other,R
699031185,5813013194,1,1,,,,,,,,,target_to_SIFa,hemibrain:v1.2.1,other,R
699031185,5813014242,1,1,,,,,,,,,target_to_SIFa,hemibrain:v1.2.1,other,R
699031185,5813014266,1,1,,,,,,,,,target_to_SIFa,hemibrain:v1.2.1,other,R
699031185,5813014873,2,1,EPG,EPG(PB08)_R1,,,,,,,target_to_SIFa,hemibrain:v1.2.1,other,R
699031185,5813019607,2,2,PPL106,PPL106(a3)(PDL05)_L,,,,,,,target_to_SIFa,hemibrain:v1.2.1,DAN,R
699031185,5813019745,1,1,,,,,,,,,target_to_SIFa,hemibrain:v1.2.1,other,R
699031185,5813019868,1,1,SLP064,SLP064_R,,,,,,,target_to_SIFa,hemibrain:v1.2.1,other,R
699031185,5813026656,1,1,,,,,,,,,target_to_SIFa,hemibrain:v1.2.1,other,R
699031185,5813026773,1,1,l-LNv,l-LNv,,,,,,,target_to_SIFa,hemibrain:v1.2.1,PDF_positive_LNv,R
699031185,5813027016,1,1,FB4Y,FB4Y(EB/NO1)_R,,,,,,,target_to_SIFa,hemibrain:v1.2.1,other,R
699031185,5813032734,1,1,KCab-m,KCab-m_R,,,,,,,target_to_SIFa,hemibrain:v1.2.1,KC_alpha_beta,R
699031185,5813034531,2,1,lLN2R_a,lLN2R_a(Regional)_R,,,,,,,target_to_SIFa,hemibrain:v1.2.1,other,R
699031185,5813034676,1,1,ORN_VL1,ORN_VL1_R,,,,,,,target_to_SIFa,hemibrain:v1.2.1,other,R
699031185,5813035558,1,1,KCab-s,KCab-s_R,,,,,,,target_to_SIFa,hemibrain:v1.2.1,KC_alpha_beta,R
699031185,5813038793,2,1,DL2v_adPN,DL2v_adPN_R,,,,,,,target_to_SIFa,hemibrain:v1.2.1,other,R
699031185,5813039309,2,2,lLN2P_b,lLN2P_b(Patchy)_R,,,,,,,target_to_SIFa,hemibrain:v1.2.1,other,R
699031185,5813039471,1,1,DC3_adPN,DC3_adPN_R,,,,,,,target_to_SIFa,hemibrain:v1.2.1,other,R
699031185,5813039936,1,1,,,,,,,,,target_to_SIFa,hemibrain:v1.2.1,other,R
699031185,5813042616,2,2,KCab-m,KCab-m_R,,,,,,,target_to_SIFa,hemibrain:v1.2.1,KC_alpha_beta,R
699031185,5813050359,3,3,,,,,,,,,target_to_SIFa,hemibrain:v1.2.1,other,R
699031185,5813050362,1,1,,,,,,,,,target_to_SIFa,hemibrain:v1.2.1,other,R
699031185,5813054773,1,1,l2LN18,l2LN18_R,,,,,,,target_to_SIFa,hemibrain:v1.2.1,other,R
699031185,5813054835,1,1,,,,,,,,,target_to_SIFa,hemibrain:v1.2.1,other,R
699031185,5813055913,4,4,FB1C,FB1C(NO1/NO3)_R,,,,,,,target_to_SIFa,hemibrain:v1.2.1,other,R
699031185,5813056759,2,1,,,,,,,,,target_to_SIFa,hemibrain:v1.2.1,other,R
699031185,5813057213,1,1,KCab-m,KCab-m_R,,,,,,,target_to_SIFa,hemibrain:v1.2.1,KC_alpha_beta,R
699031185,5813057274,1,1,FB4Y,FB4Y(EB/NO1)_L,,,,,,,target_to_SIFa,hemibrain:v1.2.1,other,R
699031185,5813057637,6,5,,LN,,,,,,,target_to_SIFa,hemibrain:v1.2.1,other,R
699031185,5813061383,1,1,Delta7,Delta7(PB15)_L1L9R8_R,,,,,,,target_to_SIFa,hemibrain:v1.2.1,other,R
699031185,5813062805,1,1,PFR_a,PFR_a(PB11a)_L7_C7,,,,,,,target_to_SIFa,hemibrain:v1.2.1,other,R
699031185,5813062866,9,9,SIFa,SIFa(PDM34),,,,,,,target_to_SIFa,hemibrain:v1.2.1,other,R
699031185,5813063229,3,3,KCab-s,KCab-s_R,,,,,,,target_to_SIFa,hemibrain:v1.2.1,KC_alpha_beta,R
699031185,5813067779,1,1,KCab-s,KCab-s_R,,,,,,,target_to_SIFa,hemibrain:v1.2.1,KC_alpha_beta,R
699031185,5813071348,1,1,PPL202,PPL202_R,,,,,,,target_to_SIFa,hemibrain:v1.2.1,DAN,R
699031185,5813076969,1,1,lLN2R_b,lLN2R_b(Regional)_R,,,,,,,target_to_SIFa,hemibrain:v1.2.1,other,R
699031185,5813077544,2,2,EPG,EPG(PB08)_R1,,,,,,,target_to_SIFa,hemibrain:v1.2.1,other,R
699031185,5813079228,1,1,M_lvPNm30,M_lvPNm30_R,,,,,,,target_to_SIFa,hemibrain:v1.2.1,other,R
699031185,5813079417,2,2,CL251,CL251(PDM35)_L,,,,,,,target_to_SIFa,hemibrain:v1.2.1,other,R
699031185,5813080343,1,1,KCab-m,KCab-m_R,,,,,,,target_to_SIFa,hemibrain:v1.2.1,KC_alpha_beta,R
699031185,5813080838,1,1,EPG,EPG(PB08)_R3,,,,,,,target_to_SIFa,hemibrain:v1.2.1,other,R
699031185,5813105172,10,7,DPM,DPM_R,,,,,,,target_to_SIFa,hemibrain:v1.2.1,DPM,R
699031185,5813110928,1,1,KCab-s,KCab-s_R,,,,,,,target_to_SIFa,hemibrain:v1.2.1,KC_alpha_beta,R
699031185,5813114700,1,1,KCab-p,KCab-p_R,,,,,,,target_to_SIFa,hemibrain:v1.2.1,KC_alpha_beta,R
699031185,5813132949,3,1,lLN2P_c,lLN2P_c(Patchy)_R,,,,,,,target_to_SIFa,hemibrain:v1.2.1,other,R
699031185,5901206553,2,2,il3LN6,il3LN6_L,,,,,,,target_to_SIFa,hemibrain:v1.2.1,other,R
699031185,7112614679,2,2,,,,,,,,,target_to_SIFa,hemibrain:v1.2.1,other,R
699031185,7112616299,3,3,,,,,,,,,target_to_SIFa,hemibrain:v1.2.1,other,R
699031185,7112622079,1,1,,,,,,,,,target_to_SIFa,hemibrain:v1.2.1,other,R
699031185,7112626205,1,1,,,,,,,,,target_to_SIFa,hemibrain:v1.2.1,other,R
1137590785,298262599,2,2,SMP559,SMP559_R,,,,,,,target_to_SIFa,hemibrain:v1.2.1,other,R
1137590785,298935769,2,2,,,,,,,,,target_to_SIFa,hemibrain:v1.2.1,other,R
1137590785,299082033,2,2,LHPV5e1,LHPV5e1(PDL05)_L,,,,,,,target_to_SIFa,hemibrain:v1.2.1,other,R
1137590785,326817334,2,2,SMP012,SMP012_R,,,,,,,target_to_SIFa,hemibrain:v1.2.1,other,R
1137590785,327588225,1,1,SMP083,SMP083_R,,,,,,,target_to_SIFa,hemibrain:v1.2.1,other,R
1137590785,327933027,2,1,SMP168,SMP168_R,,,,,,,target_to_SIFa,hemibrain:v1.2.1,other,R
1137590785,328611004,5,3,LHPV5e1,LHPV5e1_R,,,,,,,target_to_SIFa,hemibrain:v1.2.1,other,R
1137590785,328883562,1,1,SLP127,SLP127_R,,,,,,,target_to_SIFa,hemibrain:v1.2.1,other,R
1137590785,329566174,2,1,OA-VPM3,OA-VPM3(NO2/NO3)_R,,,,,,,target_to_SIFa,hemibrain:v1.2.1,other,R
1137590785,357940977,11,8,SMP218,SMP218_R,,,,,,,target_to_SIFa,hemibrain:v1.2.1,other,R
1137590785,358631537,1,1,SMP343,SMP343_R,,,,,,,target_to_SIFa,hemibrain:v1.2.1,other,R
1137590785,358639884,1,1,SMP219,SMP219_R,,,,,,,target_to_SIFa,hemibrain:v1.2.1,other,R
1137590785,360242173,1,1,SLP127,SLP127_R,,,,,,,target_to_SIFa,hemibrain:v1.2.1,other,R
1137590785,390356988,4,4,SMP217,SMP217_R,,,,,,,target_to_SIFa,hemibrain:v1.2.1,other,R
1137590785,391052159,1,1,,(MBDLaxon1),,,,,,,target_to_SIFa,hemibrain:v1.2.1,other,R
1137590785,422837964,4,2,,(MBDLaxon1),,,,,,,target_to_SIFa,hemibrain:v1.2.1,other,R
1137590785,451662040,1,1,SMP389,SMP389_R,,,,,,,target_to_SIFa,hemibrain:v1.2.1,other,R
1137590785,485511772,1,1,PAL01,PAL01_R,,,,,,,target_to_SIFa,hemibrain:v1.2.1,other,R
1137590785,486880919,7,5,SMP012,SMP012_R,,,,,,,target_to_SIFa,hemibrain:v1.2.1,other,R
1137590785,487882530,1,1,SMP261,SMP261_R,,,,,,,target_to_SIFa,hemibrain:v1.2.1,other,R
1137590785,514859045,2,1,SMP220,SMP220_R,,,,,,,target_to_SIFa,hemibrain:v1.2.1,other,R
1137590785,517242832,1,1,,(MBDLaxon2),,,,,,,target_to_SIFa,hemibrain:v1.2.1,other,R
1137590785,519046655,1,1,FB1H,FB1H(NO2/3)_L,,,,,,,target_to_SIFa,hemibrain:v1.2.1,other,R
1137590785,579268807,2,1,FB1C,FB1C(NO1/NO3)_R,,,,,,,target_to_SIFa,hemibrain:v1.2.1,other,R
1137590785,607726704,1,1,,,,,,,,,target_to_SIFa,hemibrain:v1.2.1,other,R
1137590785,612738462,5,5,MBON03,MBON03(B'2mp)_L,,,,,,,target_to_SIFa,hemibrain:v1.2.1,MBON,R
1137590785,633546217,1,1,EPG,EPG(PB08)_R4,,,,,,,target_to_SIFa,hemibrain:v1.2.1,other,R
1137590785,637306291,1,1,SMP582,SMP582(PVL15)_L,,,,,,,target_to_SIFa,hemibrain:v1.2.1,other,R
1137590785,637923999,1,1,,,,,,,,,target_to_SIFa,hemibrain:v1.2.1,other,R
1137590785,664447502,2,1,SMP228,SMP228_R,,,,,,,target_to_SIFa,hemibrain:v1.2.1,other,R
1137590785,672598344,5,4,,(MBDLaxon1),,,,,,,target_to_SIFa,hemibrain:v1.2.1,other,R
1137590785,699031185,6,5,SIFa,SIFa(PDM34),,,,,,,target_to_SIFa,hemibrain:v1.2.1,other,R
1137590785,725951521,4,1,EPG,EPG(PB08)_R5,,,,,,,target_to_SIFa,hemibrain:v1.2.1,other,R
1137590785,727285326,1,1,SMP298,SMP298_R,,,,,,,target_to_SIFa,hemibrain:v1.2.1,other,R
1137590785,760798618,15,13,,(MBDLaxon1),,,,,,,target_to_SIFa,hemibrain:v1.2.1,other,R
1137590785,761096077,14,11,,(MBDLaxon1),,,,,,,target_to_SIFa,hemibrain:v1.2.1,other,R
1137590785,762222901,2,1,FB6C_b,FB6C_b_L,,,,,,,target_to_SIFa,hemibrain:v1.2.1,other,R
1137590785,791457874,18,14,,(MBDLaxon1),,,,,,,target_to_SIFa,hemibrain:v1.2.1,other,R
1137590785,794945765,1,1,FS1B,FS1B(FQ9)_C2_R,,,,,,,target_to_SIFa,hemibrain:v1.2.1,other,R
1137590785,823874214,1,1,,,,,,,,,target_to_SIFa,hemibrain:v1.2.1,other,R
1137590785,823879266,14,12,,(MBDLaxon1),,,,,,,target_to_SIFa,hemibrain:v1.2.1,other,R
1137590785,850898421,2,2,DM3_adPN,DM3_adPN_L,,,,,,,target_to_SIFa,hemibrain:v1.2.1,other,R
1137590785,851235543,1,1,DM4_adPN,DM4_adPN_L,,,,,,,target_to_SIFa,hemibrain:v1.2.1,other,R
1137590785,858933153,1,1,FB4A,FB4A_R,,,,,,,target_to_SIFa,hemibrain:v1.2.1,other,R
1137590785,879183317,2,2,PEN_b(PEN2),PEN_b(PB06b)_L6,,,,,,,target_to_SIFa,hemibrain:v1.2.1,other,R
1137590785,880880259,1,1,Delta7,Delta7(PB15)_L4R5_R,,,,,,,target_to_SIFa,hemibrain:v1.2.1,other,R
1137590785,885257938,1,1,FS1A,FS1A(FQ9)_C6_L,,,,,,,target_to_SIFa,hemibrain:v1.2.1,other,R
1137590785,885599260,1,1,FB7J,FB7J_R,,,,,,,target_to_SIFa,hemibrain:v1.2.1,other,R
1137590785,910783731,3,1,Delta7,Delta7(PB15)_L8R1R9_L,,,,,,,target_to_SIFa,hemibrain:v1.2.1,other,R
1137590785,910796989,1,1,Delta7,Delta7(PB15)_L5R4_L,,,,,,,target_to_SIFa,hemibrain:v1.2.1,other,R
1137590785,911134009,1,1,Delta7,Delta7(PB15)_L4R5_R,,,,,,,target_to_SIFa,hemibrain:v1.2.1,other,R
1137590785,911578595,6,5,Delta7,Delta7(PB15)_L8R1R9_L,,,,,,,target_to_SIFa,hemibrain:v1.2.1,other,R
1137590785,911802614,1,1,PFR_a,PFR_a(PB11a)_R6_C4,,,,,,,target_to_SIFa,hemibrain:v1.2.1,other,R
1137590785,941132434,1,1,EPG,EPG(PB08)_R6,,,,,,,target_to_SIFa,hemibrain:v1.2.1,other,R
1137590785,942491983,1,1,EPG,EPG(PB08)_R6,,,,,,,target_to_SIFa,hemibrain:v1.2.1,other,R
1137590785,942522378,2,1,Delta7,Delta7(PB15)_L2R7_R,,,,,,,target_to_SIFa,hemibrain:v1.2.1,other,R
1137590785,946632402,1,1,,,,,,,,,target_to_SIFa,hemibrain:v1.2.1,other,R
1137590785,947003825,2,2,FB7J,FB7J_L,,,,,,,target_to_SIFa,hemibrain:v1.2.1,other,R
1137590785,948372363,1,1,hDeltaF,hDeltaF_12_C5a,,,,,,,target_to_SIFa,hemibrain:v1.2.1,other,R
1137590785,974645472,1,1,PFR_a,PFR_a(PB11a)_L3_C3,,,,,,,target_to_SIFa,hemibrain:v1.2.1,other,R
1137590785,1002507159,2,2,EPG,EPG(PB08)_R7,,,,,,,target_to_SIFa,hemibrain:v1.2.1,other,R
1137590785,1009759779,1,1,FB6J,FB6J_R,,,,,,,target_to_SIFa,hemibrain:v1.2.1,other,R
1137590785,1012112398,1,1,FB7D,FB7D_R,,,,,,,target_to_SIFa,hemibrain:v1.2.1,other,R
1137590785,1014344148,1,1,AVLP151,AVLP151_R,,,,,,,target_to_SIFa,hemibrain:v1.2.1,other,R
1137590785,1036637638,2,1,ExR3,ExR3(ring)_R,,,,,,,target_to_SIFa,hemibrain:v1.2.1,other,R
1137590785,1043151516,1,1,,,,,,,,,target_to_SIFa,hemibrain:v1.2.1,other,R
1137590785,1043825714,4,2,ExR5,ExR5(ring)_R,,,,,,,target_to_SIFa,hemibrain:v1.2.1,other,R
1137590785,1068885266,3,2,PVLP151,PVLP151(SCB004)_R,,,,,,,target_to_SIFa,hemibrain:v1.2.1,other,R
1137590785,1070950293,1,1,PVLP151,PVLP151(SCB004)_R,,,,,,,target_to_SIFa,hemibrain:v1.2.1,other,R
1137590785,1100792636,3,1,FB4Y,FB4Y(EB/NO1)_L,,,,,,,target_to_SIFa,hemibrain:v1.2.1,other,R
1137590785,1131827390,1,1,FB4M,FB4M(PPM3-FB3/4-NO-DAN)_R,,,,,,,target_to_SIFa,hemibrain:v1.2.1,DAN,R
1137590785,1137219365,1,1,ER2_a,ER2_a(ring)_R,,,,,,,target_to_SIFa,hemibrain:v1.2.1,other,R
1137590785,1138639954,1,1,,,,,,,,,target_to_SIFa,hemibrain:v1.2.1,other,R
1137590785,1163194940,1,1,FB4I,FB4I_L,,,,,,,target_to_SIFa,hemibrain:v1.2.1,other,R
1137590785,1167593263,2,2,FS2,FS2(FQ10)_C1_R,,,,,,,target_to_SIFa,hemibrain:v1.2.1,other,R
1137590785,1197993940,1,1,PEN_b(PEN2),PEN_b(PB06b)_R6,,,,,,,target_to_SIFa,hemibrain:v1.2.1,other,R
1137590785,1198943369,1,1,ER2_d,ER2_d(ring)_R,,,,,,,target_to_SIFa,hemibrain:v1.2.1,other,R
1137590785,1199699496,1,1,ER2_c,ER2_c(ring)_L,,,,,,,target_to_SIFa,hemibrain:v1.2.1,other,R
1137590785,1199712272,1,1,ER2_c,ER2_c(ring)_L,,,,,,,target_to_SIFa,hemibrain:v1.2.1,other,R
1137590785,1220584946,1,1,PEN_b(PEN2),PEN_b(PB06b)_L9,,,,,,,target_to_SIFa,hemibrain:v1.2.1,other,R
1137590785,1260833150,3,2,DSKMP1A,DSKMP1A(PVM02)_L,,,,,,,target_to_SIFa,hemibrain:v1.2.1,other,R
1137590785,1263473959,1,1,,,,,,,,,target_to_SIFa,hemibrain:v1.2.1,other,R
1137590785,1265399790,3,3,,,,,,,,,target_to_SIFa,hemibrain:v1.2.1,other,R
1137590785,1283600055,4,4,,,,,,,,,target_to_SIFa,hemibrain:v1.2.1,other,R
1137590785,1348057533,3,2,FB1C,FB1C(NO1/NO3)_L,,,,,,,target_to_SIFa,hemibrain:v1.2.1,other,R
1137590785,1379087619,2,1,FB1C,FB1C(NO1/NO3)_L,,,,,,,target_to_SIFa,hemibrain:v1.2.1,other,R
1137590785,1380503545,9,7,DC2_adPN,DC2_adPN_L,,,,,,,target_to_SIFa,hemibrain:v1.2.1,other,R
1137590785,1387108784,1,1,,,,,,,,,target_to_SIFa,hemibrain:v1.2.1,other,R
1137590785,1443281750,1,1,,,,,,,,,target_to_SIFa,hemibrain:v1.2.1,other,R
1137590785,1481732904,1,1,,,,,,,,,target_to_SIFa,hemibrain:v1.2.1,other,R
1137590785,1578658131,2,1,VA6_adPN,VA6_adPN_L,,,,,,,target_to_SIFa,hemibrain:v1.2.1,other,R
1137590785,1605190359,1,1,ORN_DM3,ORN_DM3_L,,,,,,,target_to_SIFa,hemibrain:v1.2.1,other,R
1137590785,1635893275,1,1,ORN_DM3,ORN_DM3_R,,,,,,,target_to_SIFa,hemibrain:v1.2.1,other,R
1137590785,1636225271,2,1,ORN_DM3,ORN_DM3_L,,,,,,,target_to_SIFa,hemibrain:v1.2.1,other,R
1137590785,1636234045,1,1,ORN_DM3,ORN_DM3_L,,,,,,,target_to_SIFa,hemibrain:v1.2.1,other,R
1137590785,1636558405,1,1,ORN_DM3,ORN_DM3_R,,,,,,,target_to_SIFa,hemibrain:v1.2.1,other,R
1137590785,1660771879,1,1,VES056,VES056_R,,,,,,,target_to_SIFa,hemibrain:v1.2.1,other,R
1137590785,1669376525,2,1,,LN_L,,,,,,,target_to_SIFa,hemibrain:v1.2.1,other,R
1137590785,1669708692,3,2,,,,,,,,,target_to_SIFa,hemibrain:v1.2.1,other,R
1137590785,1670054341,1,1,,,,,,,,,target_to_SIFa,hemibrain:v1.2.1,other,R
1137590785,1670079387,2,1,DL1_adPN,DL1_adPN_L,,,,,,,target_to_SIFa,hemibrain:v1.2.1,other,R
1137590785,1670390650,1,1,,,,,,,,,target_to_SIFa,hemibrain:v1.2.1,other,R
1137590785,1670969318,1,1,ALBN1,ALBN1_R,,,,,,,target_to_SIFa,hemibrain:v1.2.1,other,R
1137590785,1671081024,1,1,,,,,,,,,target_to_SIFa,hemibrain:v1.2.1,other,R
1137590785,1671093590,1,1,,,,,,,,,target_to_SIFa,hemibrain:v1.2.1,other,R
1137590785,1671305698,1,1,ORN_D,ORN_D,,,,,,,target_to_SIFa,hemibrain:v1.2.1,other,R
1137590785,1700065759,1,1,,,,,,,,,target_to_SIFa,hemibrain:v1.2.1,other,R
1137590785,1701434093,1,1,,,,,,,,,target_to_SIFa,hemibrain:v1.2.1,other,R
1137590785,1701675592,1,1,ORN_DA2,ORN_DA2,,,,,,,target_to_SIFa,hemibrain:v1.2.1,other,R
1137590785,1701787539,1,1,,,,,,,,,target_to_SIFa,hemibrain:v1.2.1,other,R
1137590785,1702798009,1,1,,,,,,,,,target_to_SIFa,hemibrain:v1.2.1,other,R
1137590785,1703152248,2,2,,,,,,,,,target_to_SIFa,hemibrain:v1.2.1,other,R
1137590785,1703479954,12,10,DC2_adPN,DC2_adPN_L,,,,,,,target_to_SIFa,hemibrain:v1.2.1,other,R
1137590785,1724077789,1,1,,,,,,,,,target_to_SIFa,hemibrain:v1.2.1,other,R
1137590785,1729041255,1,1,,,,,,,,,target_to_SIFa,hemibrain:v1.2.1,other,R
1137590785,1729995175,1,1,ORN_DM4,ORN_DM4_R,,,,,,,target_to_SIFa,hemibrain:v1.2.1,other,R
1137590785,1730754676,1,1,,LN,,,,,,,target_to_SIFa,hemibrain:v1.2.1,other,R
1137590785,1731099984,1,1,,,,,,,,,target_to_SIFa,hemibrain:v1.2.1,other,R
1137590785,1731100338,1,1,,,,,,,,,target_to_SIFa,hemibrain:v1.2.1,other,R
1137590785,1732814294,1,1,,,,,,,,,target_to_SIFa,hemibrain:v1.2.1,other,R
1137590785,1733150938,2,1,,,,,,,,,target_to_SIFa,hemibrain:v1.2.1,other,R
1137590785,1754317715,1,1,,,,,,,,,target_to_SIFa,hemibrain:v1.2.1,other,R
1137590785,1761781437,1,1,,,,,,,,,target_to_SIFa,hemibrain:v1.2.1,other,R
1137590785,1763486106,1,1,,,,,,,,,target_to_SIFa,hemibrain:v1.2.1,other,R
1137590785,1763504137,2,1,,,,,,,,,target_to_SIFa,hemibrain:v1.2.1,other,R
1137590785,1764863931,1,1,,,,,,,,,target_to_SIFa,hemibrain:v1.2.1,other,R
1137590785,1784795598,1,1,WED117,WED117_R,,,,,,,target_to_SIFa,hemibrain:v1.2.1,other,R
1137590785,1793187485,2,2,,,,,,,,,target_to_SIFa,hemibrain:v1.2.1,other,R
1137590785,1794180118,1,1,,,,,,,,,target_to_SIFa,hemibrain:v1.2.1,other,R
1137590785,1794184464,3,3,,,,,,,,,target_to_SIFa,hemibrain:v1.2.1,other,R
1137590785,1794530254,1,1,,,,,,,,,target_to_SIFa,hemibrain:v1.2.1,other,R
1137590785,1794534983,1,1,,,,,,,,,target_to_SIFa,hemibrain:v1.2.1,other,R
1137590785,1795216334,1,1,,,,,,,,,target_to_SIFa,hemibrain:v1.2.1,other,R
1137590785,1795549093,2,1,,,,,,,,,target_to_SIFa,hemibrain:v1.2.1,other,R
1137590785,1795570336,1,1,,,,,,,,,target_to_SIFa,hemibrain:v1.2.1,other,R
1137590785,1825228330,3,1,,,,,,,,,target_to_SIFa,hemibrain:v1.2.1,other,R
1137590785,1825910334,5,4,,,,,,,,,target_to_SIFa,hemibrain:v1.2.1,other,R
1137590785,1826246755,2,2,,,,,,,,,target_to_SIFa,hemibrain:v1.2.1,other,R
1137590785,1826929308,1,1,,,,,,,,,target_to_SIFa,hemibrain:v1.2.1,other,R
1137590785,1855585325,1,1,,,,,,,,,target_to_SIFa,hemibrain:v1.2.1,other,R
1137590785,1856608488,1,1,,,,,,,,,target_to_SIFa,hemibrain:v1.2.1,other,R
1137590785,1856945223,1,1,,,,,,,,,target_to_SIFa,hemibrain:v1.2.1,other,R
1137590785,1887289453,2,2,,,,,,,,,target_to_SIFa,hemibrain:v1.2.1,other,R
1137590785,1887638970,1,1,,,,,,,,,target_to_SIFa,hemibrain:v1.2.1,other,R
1137590785,1887647802,2,2,,,,,,,,,target_to_SIFa,hemibrain:v1.2.1,other,R
1137590785,1887652066,1,1,,,,,,,,,target_to_SIFa,hemibrain:v1.2.1,other,R
1137590785,1888329378,1,1,,,,,,,,,target_to_SIFa,hemibrain:v1.2.1,other,R
1137590785,1889335463,17,14,DC2_adPN,DC2_adPN_L,,,,,,,target_to_SIFa,hemibrain:v1.2.1,other,R
1137590785,1920042645,1,1,,,,,,,,,target_to_SIFa,hemibrain:v1.2.1,other,R
1137590785,1920379589,1,1,,,,,,,,,target_to_SIFa,hemibrain:v1.2.1,other,R
1137590785,1949704190,5,2,,,,,,,,,target_to_SIFa,hemibrain:v1.2.1,other,R
1137590785,1949704913,1,1,,,,,,,,,target_to_SIFa,hemibrain:v1.2.1,other,R
1137590785,1949709306,1,1,,,,,,,,,target_to_SIFa,hemibrain:v1.2.1,other,R
1137590785,1950045908,4,4,,,,,,,,,target_to_SIFa,hemibrain:v1.2.1,other,R
1137590785,1950390955,2,2,,,,,,,,,target_to_SIFa,hemibrain:v1.2.1,other,R
1137590785,1950728223,4,2,,,,,,,,,target_to_SIFa,hemibrain:v1.2.1,other,R
1137590785,1981084656,1,1,,,,,,,,,target_to_SIFa,hemibrain:v1.2.1,other,R
1137590785,1981417248,1,1,,,,,,,,,target_to_SIFa,hemibrain:v1.2.1,other,R
1137590785,1981421341,3,1,,,,,,,,,target_to_SIFa,hemibrain:v1.2.1,other,R
1137590785,1981421452,2,2,,,,,,,,,target_to_SIFa,hemibrain:v1.2.1,other,R
1137590785,1981425952,1,1,,,,,,,,,target_to_SIFa,hemibrain:v1.2.1,other,R
1137590785,1981770892,1,1,,,,,,,,,target_to_SIFa,hemibrain:v1.2.1,other,R
1137590785,1981771222,4,3,,,,,,,,,target_to_SIFa,hemibrain:v1.2.1,other,R
1137590785,1982107999,1,1,,,,,,,,,target_to_SIFa,hemibrain:v1.2.1,other,R
1137590785,2012123810,1,1,,,,,,,,,target_to_SIFa,hemibrain:v1.2.1,other,R
1137590785,2042813856,2,1,,,,,,,,,target_to_SIFa,hemibrain:v1.2.1,other,R
1137590785,2043504303,2,2,,,,,,,,,target_to_SIFa,hemibrain:v1.2.1,other,R
1137590785,2071465758,1,1,,,,,,,,,target_to_SIFa,hemibrain:v1.2.1,other,R
1137590785,5812983734,2,2,ER6,ER6(ring)_R,,,,,,,target_to_SIFa,hemibrain:v1.2.1,other,R
1137590785,5812987027,2,2,,,,,,,,,target_to_SIFa,hemibrain:v1.2.1,other,R
1137590785,5812987684,1,1,ExR7,ExR7(ring)_L,,,,,,,target_to_SIFa,hemibrain:v1.2.1,other,R
1137590785,5812990301,1,1,,,,,,,,,target_to_SIFa,hemibrain:v1.2.1,other,R
1137590785,5812994289,1,1,,,,,,,,,target_to_SIFa,hemibrain:v1.2.1,other,R
1137590785,5812994744,1,1,D_adPN,D_adPN_L,,,,,,,target_to_SIFa,hemibrain:v1.2.1,other,R
1137590785,5813009845,1,1,SMP218,SMP218_R,,,,,,,target_to_SIFa,hemibrain:v1.2.1,other,R
1137590785,5813010030,1,1,,,,,,,,,target_to_SIFa,hemibrain:v1.2.1,other,R
1137590785,5813014242,2,2,,,,,,,,,target_to_SIFa,hemibrain:v1.2.1,other,R
1137590785,5813014777,1,1,FS3,FS3(FQ10)_C2_R,,,,,,,target_to_SIFa,hemibrain:v1.2.1,other,R
1137590785,5813016724,2,2,,,,,,,,,target_to_SIFa,hemibrain:v1.2.1,other,R
1137590785,5813020347,1,1,DNp27,DNp27_L,,,,,,,target_to_SIFa,hemibrain:v1.2.1,other,R
1137590785,5813020673,1,1,SMP252,SMP252_R,,,,,,,target_to_SIFa,hemibrain:v1.2.1,other,R
1137590785,5813021247,1,1,FB5E,FB5E_R,,,,,,,target_to_SIFa,hemibrain:v1.2.1,other,R
1137590785,5813026936,1,1,DNp10,DNp10_R,,,,,,,target_to_SIFa,hemibrain:v1.2.1,other,R
1137590785,5813027016,1,1,FB4Y,FB4Y(EB/NO1)_R,,,,,,,target_to_SIFa,hemibrain:v1.2.1,other,R
1137590785,5813027103,1,1,EPG,EPG(PB08)_R5,,,,,,,target_to_SIFa,hemibrain:v1.2.1,other,R
1137590785,5813031878,3,2,,,,,,,,,target_to_SIFa,hemibrain:v1.2.1,other,R
1137590785,5813034199,2,1,,,,,,,,,target_to_SIFa,hemibrain:v1.2.1,other,R
1137590785,5813039012,1,1,ORN_DP1m,ORN_DP1m_L,,,,,,,target_to_SIFa,hemibrain:v1.2.1,other,R
1137590785,5813039229,2,1,,,,,,,,,target_to_SIFa,hemibrain:v1.2.1,other,R
1137590785,5813039910,2,1,SMP348,SMP348_R,,,,,,,target_to_SIFa,hemibrain:v1.2.1,other,R
1137590785,5813041141,1,1,,,,,,,,,target_to_SIFa,hemibrain:v1.2.1,other,R
1137590785,5813042951,1,1,,LN(AL)_L,,,,,,,target_to_SIFa,hemibrain:v1.2.1,other,R
1137590785,5813047739,1,1,SMP367,SMP367_R,,,,,,,target_to_SIFa,hemibrain:v1.2.1,other,R
1137590785,5813047994,4,4,,,,,,,,,target_to_SIFa,hemibrain:v1.2.1,other,R
1137590785,5813054708,4,2,,,,,,,,,target_to_SIFa,hemibrain:v1.2.1,other,R
1137590785,5813054761,4,2,,,,,,,,,target_to_SIFa,hemibrain:v1.2.1,other,R
1137590785,5813055817,1,1,PAL01,PAL01_L,,,,,,,target_to_SIFa,hemibrain:v1.2.1,other,R
1137590785,5813056887,1,1,SMP001,SMP001_R,,,,,,,target_to_SIFa,hemibrain:v1.2.1,other,R
1137590785,5813056953,1,1,PEN_a(PEN1),PEN_a(PB06a)_R4,,,,,,,target_to_SIFa,hemibrain:v1.2.1,other,R
1137590785,5813060726,3,2,ExR5,ExR5(ring)_R,,,,,,,target_to_SIFa,hemibrain:v1.2.1,other,R
1137590785,5813061392,1,1,DM1_lPN,DM1_lPN_L,,,,,,,target_to_SIFa,hemibrain:v1.2.1,other,R
1137590785,5813062866,13,10,SIFa,SIFa(PDM34),,,,,,,target_to_SIFa,hemibrain:v1.2.1,other,R
1137590785,5813063151,10,10,SMP217,SMP217_R,,,,,,,target_to_SIFa,hemibrain:v1.2.1,other,R
1137590785,5813096562,1,1,,,,,,,,,target_to_SIFa,hemibrain:v1.2.1,other,R
1137590785,5813109303,2,1,,,,,,,,,target_to_SIFa,hemibrain:v1.2.1,other,R
1137590785,5813134807,1,1,,,,,,,,,target_to_SIFa,hemibrain:v1.2.1,other,R
1137590785,5813134959,2,2,,,,,,,,,target_to_SIFa,hemibrain:v1.2.1,other,R
1137590785,5901201663,1,1,,,,,,,,,target_to_SIFa,hemibrain:v1.2.1,other,R
1137590785,5901221403,3,3,,,,,,,,,target_to_SIFa,hemibrain:v1.2.1,other,R
1418618235,203598499,1,1,FB8H,FB8H_L,,,,,,,target_to_SIFa,hemibrain:v1.2.1,other,R
1418618235,265155147,1,1,SMP500,SMP500_R,,,,,,,target_to_SIFa,hemibrain:v1.2.1,other,R
1418618235,266847236,1,1,SLP413,SLP413_R,,,,,,,target_to_SIFa,hemibrain:v1.2.1,other,R
1418618235,294436967,1,1,PPL203,PPL203_R,,,,,,,target_to_SIFa,hemibrain:v1.2.1,DAN,R
1418618235,294787849,1,1,LHPV5e2,LHPV5e2_R,,,,,,,target_to_SIFa,hemibrain:v1.2.1,other,R
1418618235,295814411,1,1,SLP211,SLP211_R,,,,,,,target_to_SIFa,hemibrain:v1.2.1,other,R
1418618235,296160764,1,1,FB8E,FB8E_R,,,,,,,target_to_SIFa,hemibrain:v1.2.1,other,R
1418618235,297563270,1,1,SIP068,SIP068_R,,,,,,,target_to_SIFa,hemibrain:v1.2.1,other,R
1418618235,297908801,2,1,5-HTPMPD01,5-HTPMPD01(PDM22)_L,,,,,,,target_to_SIFa,hemibrain:v1.2.1,other,R
1418618235,298262408,1,1,,(MBDLaxon1),,,,,,,target_to_SIFa,hemibrain:v1.2.1,other,R
1418618235,298607679,2,1,SLP396,SLP396_R,,,,,,,target_to_SIFa,hemibrain:v1.2.1,other,R
1418618235,298927224,1,1,FB7F,FB7F_R,,,,,,,target_to_SIFa,hemibrain:v1.2.1,other,R
1418618235,299082033,2,1,LHPV5e1,LHPV5e1(PDL05)_L,,,,,,,target_to_SIFa,hemibrain:v1.2.1,other,R
1418618235,299613480,1,1,PAM09,PAM09(B1ped)_R,,,,,,,target_to_SIFa,hemibrain:v1.2.1,DAN,R
1418618235,326119769,1,1,SLP457,SLP457(SCB013)_R,,,,,,,target_to_SIFa,hemibrain:v1.2.1,other,R
1418618235,326253554,1,1,SMP454,SMP454_R,,,,,,,target_to_SIFa,hemibrain:v1.2.1,other,R
1418618235,326817334,2,1,SMP012,SMP012_R,,,,,,,target_to_SIFa,hemibrain:v1.2.1,other,R
1418618235,328291093,1,1,SMP487,SMP487_R,,,,,,,target_to_SIFa,hemibrain:v1.2.1,other,R
1418618235,328533761,1,1,PPL201,PPL201_R,,,,,,,target_to_SIFa,hemibrain:v1.2.1,DAN,R
1418618235,332353566,1,1,KCab-m,KCab-m_R,,,,,,,target_to_SIFa,hemibrain:v1.2.1,KC_alpha_beta,R
1418618235,333031114,1,1,KCab-m,KCab-m_R,,,,,,,target_to_SIFa,hemibrain:v1.2.1,KC_alpha_beta,R
1418618235,358290805,1,1,SMP083,SMP083(ADM04)_L,,,,,,,target_to_SIFa,hemibrain:v1.2.1,other,R
1418618235,358424052,1,1,FB8G,FB8G_L,,,,,,,target_to_SIFa,hemibrain:v1.2.1,other,R
1418618235,358639884,1,1,SMP219,SMP219_R,,,,,,,target_to_SIFa,hemibrain:v1.2.1,other,R
1418618235,359586213,1,1,PAM09,PAM09(B1ped)_R,,,,,,,target_to_SIFa,hemibrain:v1.2.1,DAN,R
1418618235,360242173,1,1,SLP127,SLP127_R,,,,,,,target_to_SIFa,hemibrain:v1.2.1,other,R
1418618235,362473525,2,1,AstA1,AstA1_L,,,,,,,target_to_SIFa,hemibrain:v1.2.1,other,R
1418618235,362701764,1,1,KCab-s,KCab-s_R,,,,,,,target_to_SIFa,hemibrain:v1.2.1,KC_alpha_beta,R
1418618235,363047222,3,3,KCab-s,KCab-s_R,,,,,,,target_to_SIFa,hemibrain:v1.2.1,KC_alpha_beta,R
1418618235,363729312,1,1,KCab-m,KCab-m_R,,,,,,,target_to_SIFa,hemibrain:v1.2.1,KC_alpha_beta,R
1418618235,364070517,1,1,KCab-m,KCab-m_R,,,,,,,target_to_SIFa,hemibrain:v1.2.1,KC_alpha_beta,R
1418618235,388924424,1,1,LHPD2d2,LHPD2d2_R,,,,,,,target_to_SIFa,hemibrain:v1.2.1,other,R
1418618235,390356988,4,2,SMP217,SMP217_R,,,,,,,target_to_SIFa,hemibrain:v1.2.1,other,R
1418618235,390438574,2,1,,,,,,,,,target_to_SIFa,hemibrain:v1.2.1,other,R
1418618235,391052159,1,1,,(MBDLaxon1),,,,,,,target_to_SIFa,hemibrain:v1.2.1,other,R
1418618235,393736822,2,1,KCab-m,KCab-m_R,,,,,,,target_to_SIFa,hemibrain:v1.2.1,KC_alpha_beta,R
1418618235,394060556,1,1,KCab-s,KCab-s_R,,,,,,,target_to_SIFa,hemibrain:v1.2.1,KC_alpha_beta,R
1418618235,394069210,1,1,KCab-m,KCab-m_R,,,,,,,target_to_SIFa,hemibrain:v1.2.1,KC_alpha_beta,R
1418618235,395105113,1,1,KCab-m,KCab-m_R,,,,,,,target_to_SIFa,hemibrain:v1.2.1,KC_alpha_beta,R
1418618235,415852518,2,1,KCg-m,KCg-m_R,,,,,,,target_to_SIFa,hemibrain:v1.2.1,KC_gamma,R
1418618235,419466429,1,1,,,,,,,,,target_to_SIFa,hemibrain:v1.2.1,other,R
1418618235,421068062,2,2,SMP162,SMP162_R,,,,,,,target_to_SIFa,hemibrain:v1.2.1,other,R
1418618235,421477870,1,1,,,,,,,,,target_to_SIFa,hemibrain:v1.2.1,other,R
1418618235,421814868,1,1,,,,,,,,,target_to_SIFa,hemibrain:v1.2.1,other,R
1418618235,422191200,1,1,FB6A,FB6A_L,,,,,,,target_to_SIFa,hemibrain:v1.2.1,other,R
1418618235,422877762,1,1,FB6U,FB6U_L,,,,,,,target_to_SIFa,hemibrain:v1.2.1,other,R
1418618235,425276848,4,3,DPM,DPM_L,,,,,,,target_to_SIFa,hemibrain:v1.2.1,DPM,R
1418618235,425790257,3,1,APL,APL_R,,,,,,,target_to_SIFa,hemibrain:v1.2.1,APL,R
1418618235,426477089,1,1,KCab-s,KCab-s_R,,,,,,,target_to_SIFa,hemibrain:v1.2.1,KC_alpha_beta,R
1418618235,451040974,1,1,SMP252,SMP252(PDL18)_L,,,,,,,target_to_SIFa,hemibrain:v1.2.1,other,R
1418618235,452504314,4,1,,,,,,,,,target_to_SIFa,hemibrain:v1.2.1,other,R
1418618235,452845606,3,2,,,,,,,,,target_to_SIFa,hemibrain:v1.2.1,other,R
1418618235,453467404,2,1,,(aDT6c)(MBDLaxon1),,,,,,,target_to_SIFa,hemibrain:v1.2.1,other,R
1418618235,454252960,1,1,PAM10,PAM10(B1)_L,,,,,,,target_to_SIFa,hemibrain:v1.2.1,DAN,R
1418618235,455172836,3,3,SMP482,SMP482_R,,,,,,,target_to_SIFa,hemibrain:v1.2.1,other,R
1418618235,455439723,1,1,AVLP317,AVLP317_R,,,,,,,target_to_SIFa,hemibrain:v1.2.1,other,R
1418618235,455793827,2,2,KCab-s,KCab-s_R,,,,,,,target_to_SIFa,hemibrain:v1.2.1,KC_alpha_beta,R
1418618235,456458549,1,1,KCab-s,KCab-s_R,,,,,,,target_to_SIFa,hemibrain:v1.2.1,KC_alpha_beta,R
1418618235,476545134,1,1,KCab-m,KCab-m_R,,,,,,,target_to_SIFa,hemibrain:v1.2.1,KC_alpha_beta,R
1418618235,478375456,1,1,EPG,EPG(PB08)_R3,,,,,,,target_to_SIFa,hemibrain:v1.2.1,other,R
1418618235,478660968,1,1,KCg-m,KCg-m_R,,,,,,,target_to_SIFa,hemibrain:v1.2.1,KC_gamma,R
1418618235,479260921,1,1,SMP227,SMP227_R,,,,,,,target_to_SIFa,hemibrain:v1.2.1,other,R
1418618235,481190355,2,2,,,,,,,,,target_to_SIFa,hemibrain:v1.2.1,other,R
1418618235,481427934,1,1,SMP220,SMP220_R,,,,,,,target_to_SIFa,hemibrain:v1.2.1,other,R
1418618235,483539425,3,3,,,,,,,,,target_to_SIFa,hemibrain:v1.2.1,other,R
1418618235,483876074,8,5,,,,,,,,,target_to_SIFa,hemibrain:v1.2.1,other,R
1418618235,483880436,1,1,,,,,,,,,target_to_SIFa,hemibrain:v1.2.1,other,R
1418618235,484130600,1,1,SMP145,SMP145_R,,,,,,,target_to_SIFa,hemibrain:v1.2.1,other,R
1418618235,485585976,3,2,SMP177,SMP177(PDL05)_L,,,,,,,target_to_SIFa,hemibrain:v1.2.1,other,R
1418618235,485934965,1,1,oviIN,oviIN_L,,,,,,,target_to_SIFa,hemibrain:v1.2.1,other,R
1418618235,487925037,1,1,MBON03,MBON03(B'2mp)_R,,,,,,,target_to_SIFa,hemibrain:v1.2.1,MBON,R
1418618235,488184014,2,2,KCab-s,KCab-s_R,,,,,,,target_to_SIFa,hemibrain:v1.2.1,KC_alpha_beta,R
1418618235,488188560,1,1,KCab-s,KCab-s_R,,,,,,,target_to_SIFa,hemibrain:v1.2.1,KC_alpha_beta,R
1418618235,511271574,1,1,LHCENT8,LHCENT8_R,,,,,,,target_to_SIFa,hemibrain:v1.2.1,other,R
1418618235,511806866,2,1,hDeltaE,hDeltaE_08_C5,,,,,,,target_to_SIFa,hemibrain:v1.2.1,other,R
1418618235,513209805,7,6,,,,,,,,,target_to_SIFa,hemibrain:v1.2.1,other,R
1418618235,519900699,1,1,KCab-s,KCab-s_R,,,,,,,target_to_SIFa,hemibrain:v1.2.1,KC_alpha_beta,R
1418618235,541118908,3,1,EPG,EPG(PB08)_R3,,,,,,,target_to_SIFa,hemibrain:v1.2.1,other,R
1418618235,541127846,4,3,ExR5,ExR5(ring)_L,,,,,,,target_to_SIFa,hemibrain:v1.2.1,other,R
1418618235,543252056,1,1,,,,,,,,,target_to_SIFa,hemibrain:v1.2.1,other,R
1418618235,543584523,3,1,,,,,,,,,target_to_SIFa,hemibrain:v1.2.1,other,R
1418618235,545259664,1,1,,,,,,,,,target_to_SIFa,hemibrain:v1.2.1,other,R
1418618235,546278429,1,1,,,,,,,,,target_to_SIFa,hemibrain:v1.2.1,other,R
1418618235,546917498,2,2,SMP482,SMP482_R,,,,,,,target_to_SIFa,hemibrain:v1.2.1,other,R
1418618235,547331291,1,1,,,,,,,,,target_to_SIFa,hemibrain:v1.2.1,other,R
1418618235,547927681,2,1,SMP501,SMP501_R,,,,,,,target_to_SIFa,hemibrain:v1.2.1,other,R
1418618235,548722538,1,1,SMP237,SMP237(PDL11)_L,,,,,,,target_to_SIFa,hemibrain:v1.2.1,other,R
1418618235,549576424,1,1,KCab-m,KCab-m_R,,,,,,,target_to_SIFa,hemibrain:v1.2.1,KC_alpha_beta,R
1418618235,549597974,1,1,SMP142,SMP142_R,,,,,,,target_to_SIFa,hemibrain:v1.2.1,other,R
1418618235,550271272,1,1,KCab-s,KCab-s_R,,,,,,,target_to_SIFa,hemibrain:v1.2.1,KC_alpha_beta,R
1418618235,550431171,6,3,,,,,,,,,target_to_SIFa,hemibrain:v1.2.1,other,R
1418618235,551113395,1,1,PAM10,PAM10(B1)_L,,,,,,,target_to_SIFa,hemibrain:v1.2.1,DAN,R
1418618235,551445253,1,1,PAM04_a,PAM04_a(B2)_L,,,,,,,target_to_SIFa,hemibrain:v1.2.1,DAN,R
1418618235,551790504,1,1,PAM04_a,PAM04_a(B2)_L,,,,,,,target_to_SIFa,hemibrain:v1.2.1,DAN,R
1418618235,570997147,1,1,KCg-m,KCg-m_R,,,,,,,target_to_SIFa,hemibrain:v1.2.1,KC_gamma,R
1418618235,573350770,2,1,LHPV2b5_b,LHPV2b5_b_R,,,,,,,target_to_SIFa,hemibrain:v1.2.1,other,R
1418618235,576315423,1,1,,(PDM15)_L,,,,,,,target_to_SIFa,hemibrain:v1.2.1,other,R
1418618235,577304838,1,1,,(MBDLaxon1),,,,,,,target_to_SIFa,hemibrain:v1.2.1,other,R
1418618235,578694777,1,1,PAM11,PAM11(a1)_L,,,,,,,target_to_SIFa,hemibrain:v1.2.1,DAN,R
1418618235,579268807,2,1,FB1C,FB1C(NO1/NO3)_R,,,,,,,target_to_SIFa,hemibrain:v1.2.1,other,R
1418618235,579911580,1,1,SIP048,SIP048_R,,,,,,,target_to_SIFa,hemibrain:v1.2.1,other,R
1418618235,580317662,1,1,PAM08_c,PAM08_c(y4)_R,,,,,,,target_to_SIFa,hemibrain:v1.2.1,DAN,R
1418618235,581069087,1,1,,,,,,,,,target_to_SIFa,hemibrain:v1.2.1,other,R
1418618235,581621335,5,4,,,,,,,,,target_to_SIFa,hemibrain:v1.2.1,other,R
1418618235,612738462,2,1,MBON03,MBON03(B'2mp)_L,,,,,,,target_to_SIFa,hemibrain:v1.2.1,MBON,R
1418618235,630373425,1,1,KCab-c,KCab-c_R,,,,,,,target_to_SIFa,hemibrain:v1.2.1,KC_alpha_beta,R
1418618235,631396256,1,1,KCg-m,KCg-m_R,,,,,,,target_to_SIFa,hemibrain:v1.2.1,KC_gamma,R
1418618235,632048075,1,1,KCg-m,KCg-m_R,,,,,,,target_to_SIFa,hemibrain:v1.2.1,KC_gamma,R
1418618235,632397750,1,1,KCg-m,KCg-m_R,,,,,,,target_to_SIFa,hemibrain:v1.2.1,KC_gamma,R
1418618235,632808044,1,1,KCg-m,KCg-m_R,,,,,,,target_to_SIFa,hemibrain:v1.2.1,KC_gamma,R
1418618235,633498748,1,1,KCg-m,KCg-m_R,,,,,,,target_to_SIFa,hemibrain:v1.2.1,KC_gamma,R
1418618235,636789080,1,1,VC5_adPN,VC5_adPN_R,,,,,,,target_to_SIFa,hemibrain:v1.2.1,other,R
1418618235,642516892,1,1,PPL105,PPL105(a'2a2)(PDL05)_L,,,,,,,target_to_SIFa,hemibrain:v1.2.1,DAN,R
1418618235,643362770,1,1,KCab-s,KCab-s_R,,,,,,,target_to_SIFa,hemibrain:v1.2.1,KC_alpha_beta,R
1418618235,643703819,1,1,KCab-s,KCab-s_R,,,,,,,target_to_SIFa,hemibrain:v1.2.1,KC_alpha_beta,R
1418618235,661407917,1,1,KCa'b'-m,KCa'b'-m_R,,,,,,,target_to_SIFa,hemibrain:v1.2.1,KC_alpha_prime_beta_prime,R
1418618235,661430106,1,1,KCg-m,KCg-m_R,,,,,,,target_to_SIFa,hemibrain:v1.2.1,KC_gamma,R
1418618235,662081902,1,1,KCg-m,KCg-m_R,,,,,,,target_to_SIFa,hemibrain:v1.2.1,KC_gamma,R
1418618235,662772393,1,1,KCg-m,KCg-m_R,,,,,,,target_to_SIFa,hemibrain:v1.2.1,KC_gamma,R
1418618235,662776660,1,1,VC3m_lvPN,VC3m_lvPN_R,,,,,,,target_to_SIFa,hemibrain:v1.2.1,other,R
1418618235,662789529,1,1,KCab-s,KCab-s_R,,,,,,,target_to_SIFa,hemibrain:v1.2.1,KC_alpha_beta,R
1418618235,663091787,1,1,KCg-m,KCg-m_R,,,,,,,target_to_SIFa,hemibrain:v1.2.1,KC_gamma,R
1418618235,664187932,2,1,KCg-m,KCg-m_R,,,,,,,target_to_SIFa,hemibrain:v1.2.1,KC_gamma,R
1418618235,664188129,1,1,KCg-m,KCg-m_R,,,,,,,target_to_SIFa,hemibrain:v1.2.1,KC_gamma,R
1418618235,676616719,1,1,PAM04_a,PAM04_a(B2)_L,,,,,,,target_to_SIFa,hemibrain:v1.2.1,DAN,R
1418618235,693479072,1,1,VM7v_adPN,VM7v_adPN_R,,,,,,,target_to_SIFa,hemibrain:v1.2.1,other,R
1418618235,694834412,1,1,VM4_adPN,VM4_adPN_R,,,,,,,target_to_SIFa,hemibrain:v1.2.1,other,R
1418618235,695956656,1,1,EPG,EPG(PB08)_R4,,,,,,,target_to_SIFa,hemibrain:v1.2.1,other,R
1418618235,697398544,1,1,,(PDM12)_L,,,,,,,target_to_SIFa,hemibrain:v1.2.1,other,R
1418618235,697398745,1,1,,,,,,,,,target_to_SIFa,hemibrain:v1.2.1,other,R
1418618235,698728237,1,1,,,,,,,,,target_to_SIFa,hemibrain:v1.2.1,other,R
1418618235,699031185,16,14,SIFa,SIFa(PDM34),,,,,,,target_to_SIFa,hemibrain:v1.2.1,other,R
1418618235,702389193,1,1,FS3,FS3(FQ11)_C9_L,,,,,,,target_to_SIFa,hemibrain:v1.2.1,other,R
1418618235,704409742,1,1,KCab-s,KCab-s_R,,,,,,,target_to_SIFa,hemibrain:v1.2.1,KC_alpha_beta,R
1418618235,705774051,1,1,KCab-s,KCab-s_R,,,,,,,target_to_SIFa,hemibrain:v1.2.1,KC_alpha_beta,R
1418618235,707539688,1,1,FB5A,FB5A_R,,,,,,,target_to_SIFa,hemibrain:v1.2.1,other,R
1418618235,707660374,1,1,PAM04_a,PAM04_a(B2)_L,,,,,,,target_to_SIFa,hemibrain:v1.2.1,DAN,R
1418618235,723153828,1,1,KCg-m,KCg-m_R,,,,,,,target_to_SIFa,hemibrain:v1.2.1,KC_gamma,R
1418618235,724816115,2,2,DP1l_adPN,DP1l_adPN_R,,,,,,,target_to_SIFa,hemibrain:v1.2.1,other,R
1418618235,726207450,1,1,VM4_lvPN,VM4_lvPN_R,,,,,,,target_to_SIFa,hemibrain:v1.2.1,other,R
1418618235,732401014,1,1,FS3,FS3(FQ11)_C2_L,,,,,,,target_to_SIFa,hemibrain:v1.2.1,other,R
1418618235,732487987,1,1,,,,,,,,,target_to_SIFa,hemibrain:v1.2.1,other,R
1418618235,735785741,1,1,KCab-s,KCab-s_R,,,,,,,target_to_SIFa,hemibrain:v1.2.1,KC_alpha_beta,R
1418618235,735790008,2,1,KCab-s,KCab-s_R,,,,,,,target_to_SIFa,hemibrain:v1.2.1,KC_alpha_beta,R
1418618235,754197850,1,1,KCab-s,KCab-s_R,,,,,,,target_to_SIFa,hemibrain:v1.2.1,KC_alpha_beta,R
1418618235,756623488,1,1,SMP487,SMP487_R,,,,,,,target_to_SIFa,hemibrain:v1.2.1,other,R
1418618235,759810119,4,2,CSD,CSD(5HT1)(AVM03)_L,,,,,,,target_to_SIFa,hemibrain:v1.2.1,other,R
1418618235,760798618,58,51,,(MBDLaxon1),,,,,,,target_to_SIFa,hemibrain:v1.2.1,other,R
1418618235,761096077,59,43,,(MBDLaxon1),,,,,,,target_to_SIFa,hemibrain:v1.2.1,other,R
1418618235,761144013,2,1,CL030,CL030(ADL25)_L,,,,,,,target_to_SIFa,hemibrain:v1.2.1,other,R
1418618235,786929029,1,1,KCab-s,KCab-s_R,,,,,,,target_to_SIFa,hemibrain:v1.2.1,KC_alpha_beta,R
1418618235,788306624,1,1,DM6_adPN,DM6_adPN_R,,,,,,,target_to_SIFa,hemibrain:v1.2.1,other,R
1418618235,791457874,59,52,,(MBDLaxon1),,,,,,,target_to_SIFa,hemibrain:v1.2.1,other,R
1418618235,792511506,1,1,,,,,,,,,target_to_SIFa,hemibrain:v1.2.1,other,R
1418618235,792692885,3,3,SLP457,SLP457(SCB013)_R,,,,,,,target_to_SIFa,hemibrain:v1.2.1,other,R
1418618235,798356481,2,2,PAM08_b,PAM08_b(y4)_L,,,,,,,target_to_SIFa,hemibrain:v1.2.1,DAN,R
1418618235,800264315,1,1,PAM04_a,PAM04_a(B2)_R,,,,,,,target_to_SIFa,hemibrain:v1.2.1,DAN,R
1418618235,822531456,3,2,,,,,,,,,target_to_SIFa,hemibrain:v1.2.1,other,R
1418618235,823874214,2,2,,,,,,,,,target_to_SIFa,hemibrain:v1.2.1,other,R
1418618235,823879266,65,55,,(MBDLaxon1),,,,,,,target_to_SIFa,hemibrain:v1.2.1,other,R
1418618235,826615735,1,1,,,,,,,,,target_to_SIFa,hemibrain:v1.2.1,other,R
1418618235,829693574,1,1,SMP273,SMP273(PDL21)_L,,,,,,,target_to_SIFa,hemibrain:v1.2.1,other,R
1418618235,846616159,1,1,KCab-m,KCab-m_R,,,,,,,target_to_SIFa,hemibrain:v1.2.1,KC_alpha_beta,R
1418618235,849370258,1,1,KCab-s,KCab-s_R,,,,,,,target_to_SIFa,hemibrain:v1.2.1,KC_alpha_beta,R
1418618235,849707224,1,1,KCab-s,KCab-s_R,,,,,,,target_to_SIFa,hemibrain:v1.2.1,KC_alpha_beta,R
1418618235,853894110,1,1,,,,,,,,,target_to_SIFa,hemibrain:v1.2.1,other,R
1418618235,854235936,1,1,,,,,,,,,target_to_SIFa,hemibrain:v1.2.1,other,R
1418618235,858725815,1,1,PAM03,PAM03(B2B'2a)_L,,,,,,,target_to_SIFa,hemibrain:v1.2.1,DAN,R
1418618235,859839499,4,2,AVLP532,AVLP532_R,,,,,,,target_to_SIFa,hemibrain:v1.2.1,other,R
1418618235,877659673,1,1,KCab-m,KCab-m_R,,,,,,,target_to_SIFa,hemibrain:v1.2.1,KC_alpha_beta,R
1418618235,878333333,1,1,KCab-m,KCab-m_R,,,,,,,target_to_SIFa,hemibrain:v1.2.1,KC_alpha_beta,R
1418618235,880409455,2,2,KCab-s,KCab-s_R,,,,,,,target_to_SIFa,hemibrain:v1.2.1,KC_alpha_beta,R
1418618235,883030091,1,1,LHAV2a1,LHAV2a1_R,,,,,,,target_to_SIFa,hemibrain:v1.2.1,other,R
1418618235,885262169,3,2,FB8B,FB8B_L,,,,,,,target_to_SIFa,hemibrain:v1.2.1,other,R
1418618235,885599260,1,1,FB7J,FB7J_R,,,,,,,target_to_SIFa,hemibrain:v1.2.1,other,R
1418618235,885940095,2,1,FB8H,FB8H_R,,,,,,,target_to_SIFa,hemibrain:v1.2.1,other,R
1418618235,886281163,1,1,hDeltaD,hDeltaD_14_C8,,,,,,,target_to_SIFa,hemibrain:v1.2.1,other,R
1418618235,889013580,2,1,,,,,,,,,target_to_SIFa,hemibrain:v1.2.1,other,R
1418618235,909372602,1,1,KCab-m,KCab-m_R,,,,,,,target_to_SIFa,hemibrain:v1.2.1,KC_alpha_beta,R
1418618235,909760587,1,1,vDeltaM,vDeltaM_C6,,,,,,,target_to_SIFa,hemibrain:v1.2.1,other,R
1418618235,910063307,1,1,KCab-s,KCab-s_R,,,,,,,target_to_SIFa,hemibrain:v1.2.1,KC_alpha_beta,R
1418618235,915605750,6,5,hDeltaF,hDeltaF_07_C3,,,,,,,target_to_SIFa,hemibrain:v1.2.1,other,R
1418618235,915606051,5,4,hDeltaL,hDeltaL_07_C6,,,,,,,target_to_SIFa,hemibrain:v1.2.1,other,R
1418618235,915610815,1,1,FB7J,FB7J_L,,,,,,,target_to_SIFa,hemibrain:v1.2.1,other,R
1418618235,915951309,1,1,FS3,FS3(FQ11)_C5_L,,,,,,,target_to_SIFa,hemibrain:v1.2.1,other,R
1418618235,916305683,2,1,FB7D,FB7D_R,,,,,,,target_to_SIFa,hemibrain:v1.2.1,other,R
1418618235,917311264,1,1,vDeltaA_a,vDeltaA_a_C5,,,,,,,target_to_SIFa,hemibrain:v1.2.1,other,R
1418618235,917315269,1,1,FS3,FS3(FQ11)_C6_R,,,,,,,target_to_SIFa,hemibrain:v1.2.1,other,R
1418618235,917674256,3,1,hDeltaD,hDeltaD_10_C6,,,,,,,target_to_SIFa,hemibrain:v1.2.1,other,R
1418618235,919763043,6,4,ExR3,ExR3(ring)_L,,,,,,,target_to_SIFa,hemibrain:v1.2.1,other,R
1418618235,939729237,1,1,KCab-s,KCab-s_R,,,,,,,target_to_SIFa,hemibrain:v1.2.1,KC_alpha_beta,R
1418618235,939734266,1,1,KCab-m,KCab-m_R,,,,,,,target_to_SIFa,hemibrain:v1.2.1,KC_alpha_beta,R
1418618235,940425171,1,1,KCab-s,KCab-s_R,,,,,,,target_to_SIFa,hemibrain:v1.2.1,KC_alpha_beta,R
1418618235,942491983,2,2,EPG,EPG(PB08)_R6,,,,,,,target_to_SIFa,hemibrain:v1.2.1,other,R
1418618235,946304488,3,3,FB5AB,FB5AB_L,,,,,,,target_to_SIFa,hemibrain:v1.2.1,other,R
1418618235,946308203,5,4,FB6A,FB6A_R,,,,,,,target_to_SIFa,hemibrain:v1.2.1,other,R
1418618235,947453617,1,1,LHAV4g11,LHAV4g11_R,,,,,,,target_to_SIFa,hemibrain:v1.2.1,other,R
1418618235,947664053,1,1,FB1I,FB1I_L,,,,,,,target_to_SIFa,hemibrain:v1.2.1,other,R
1418618235,948709216,3,3,ExR1,ExR1(ring)_R,,,,,,,target_to_SIFa,hemibrain:v1.2.1,other,R
1418618235,949015717,2,1,hDeltaF,hDeltaF_03_C2a,,,,,,,target_to_SIFa,hemibrain:v1.2.1,other,R
1418618235,977995787,3,2,FB8B,FB8B_R,,,,,,,target_to_SIFa,hemibrain:v1.2.1,other,R
1418618235,978673646,3,1,FB6M,FB6M_R,,,,,,,target_to_SIFa,hemibrain:v1.2.1,other,R
1418618235,978733459,2,1,ExR5,ExR5(ring)_L,,,,,,,target_to_SIFa,hemibrain:v1.2.1,other,R
1418618235,980089353,1,1,FS3,FS3(FQ10)_C7_R,,,,,,,target_to_SIFa,hemibrain:v1.2.1,other,R
1418618235,980391392,1,1,FS4A,FS4A(AB)(FQ12)_C3_R,,,,,,,target_to_SIFa,hemibrain:v1.2.1,other,R
1418618235,1002852791,1,1,EPG,EPG(PB08)_R7,,,,,,,target_to_SIFa,hemibrain:v1.2.1,other,R
1418618235,1014344148,1,1,AVLP151,AVLP151_R,,,,,,,target_to_SIFa,hemibrain:v1.2.1,other,R
1418618235,1016114585,1,1,PAM11,PAM11(a1)_L,,,,,,,target_to_SIFa,hemibrain:v1.2.1,DAN,R
1418618235,1016118449,2,2,PAM11,PAM11(a1)_L,,,,,,,target_to_SIFa,hemibrain:v1.2.1,DAN,R
1418618235,1016166928,2,1,,,,,,,,,target_to_SIFa,hemibrain:v1.2.1,other,R
1418618235,1043151516,9,8,,,,,,,,,target_to_SIFa,hemibrain:v1.2.1,other,R
1418618235,1047210325,2,1,,,,,,,,,target_to_SIFa,hemibrain:v1.2.1,other,R
1418618235,1047489962,2,2,PAM11,PAM11(a1)_L,,,,,,,target_to_SIFa,hemibrain:v1.2.1,DAN,R
1418618235,1050249677,1,1,PAM07,PAM07(y4<y1y2)_R,,,,,,,target_to_SIFa,hemibrain:v1.2.1,DAN,R
1418618235,1050585709,1,1,PAM03,PAM03(B2B'2a)_R,,,,,,,target_to_SIFa,hemibrain:v1.2.1,DAN,R
1418618235,1065410141,1,1,EPG,EPG(PB08)_L8,,,,,,,target_to_SIFa,hemibrain:v1.2.1,other,R
1418618235,1072063538,3,3,DNp27,DNp27_R,,,,,,,target_to_SIFa,hemibrain:v1.2.1,other,R
1418618235,1072865814,1,1,FS2,FS2(FQ10)_C7_L,,,,,,,target_to_SIFa,hemibrain:v1.2.1,other,R
1418618235,1078875017,1,1,KCab-s,KCab-s_R,,,,,,,target_to_SIFa,hemibrain:v1.2.1,KC_alpha_beta,R
1418618235,1104824502,1,1,vDeltaA_a,vDeltaA_a(AB)_C0,,,,,,,target_to_SIFa,hemibrain:v1.2.1,other,R
1418618235,1104832963,4,1,hDeltaD,hDeltaD_01_C1,,,,,,,target_to_SIFa,hemibrain:v1.2.1,other,R
1418618235,1104837227,1,1,FB7D,FB7D_L,,,,,,,target_to_SIFa,hemibrain:v1.2.1,other,R
1418618235,1105502287,1,1,AVLP111,AVLP111_R,,,,,,,target_to_SIFa,hemibrain:v1.2.1,other,R
1418618235,1105955480,1,1,FB6A,FB6A_L,,,,,,,target_to_SIFa,hemibrain:v1.2.1,other,R
1418618235,1109568528,1,1,KCab-s,KCab-s_R,,,,,,,target_to_SIFa,hemibrain:v1.2.1,KC_alpha_beta,R
1418618235,1110307501,1,1,PAM08_b,PAM08_b(y4)_R,,,,,,,target_to_SIFa,hemibrain:v1.2.1,DAN,R
1418618235,1130687130,1,1,KCab-s,KCab-s_R,,,,,,,target_to_SIFa,hemibrain:v1.2.1,KC_alpha_beta,R
1418618235,1135837629,2,2,DSKMP1A,DSKMP1A_R,,,,,,,target_to_SIFa,hemibrain:v1.2.1,other,R
1418618235,1135872491,1,1,vDeltaA_b,vDeltaA_b_C0,,,,,,,target_to_SIFa,hemibrain:v1.2.1,other,R
1418618235,1135881013,1,1,FS3,FS3(FQ11)_C1_R,,,,,,,target_to_SIFa,hemibrain:v1.2.1,other,R
1418618235,1136200534,1,1,vDeltaA_b,vDeltaA_b_C2,,,,,,,target_to_SIFa,hemibrain:v1.2.1,other,R
1418618235,1136865339,3,2,ExR2,ExR2(PPM3-EB-DAN/ring)_L,,,,,,,target_to_SIFa,hemibrain:v1.2.1,DAN,R
1418618235,1137590785,5,2,SIFa,SIFa(PDM34),,,,,,,target_to_SIFa,hemibrain:v1.2.1,other,R
1418618235,1140750808,1,1,PAM04_a,PAM04_a(B2)_L,,,,,,,target_to_SIFa,hemibrain:v1.2.1,DAN,R
1418618235,1141009503,2,1,PAM08_b,PAM08_b(y4)_L,,,,,,,target_to_SIFa,hemibrain:v1.2.1,DAN,R
1418618235,1141337557,1,1,PAM08_d,PAM08_d(y4)_R,,,,,,,target_to_SIFa,hemibrain:v1.2.1,DAN,R
1418618235,1155263986,1,1,CL339,CL339(PVM09)_R,,,,,,,target_to_SIFa,hemibrain:v1.2.1,other,R
1418618235,1165314688,1,1,hDeltaC,hDeltaC_04_C4,,,,,,,target_to_SIFa,hemibrain:v1.2.1,other,R
1418618235,1168664495,1,1,EPG,EPG(PB08)_L8,,,,,,,target_to_SIFa,hemibrain:v1.2.1,other,R
1418618235,1171764085,1,1,,,,,,,,,target_to_SIFa,hemibrain:v1.2.1,other,R
1418618235,1171772286,1,1,PAM08_a,PAM08_a(y4)_L,,,,,,,target_to_SIFa,hemibrain:v1.2.1,DAN,R
1418618235,1172104902,1,1,,,,,,,,,target_to_SIFa,hemibrain:v1.2.1,other,R
1418618235,1172665846,1,1,KCg-m,KCg-m_R,,,,,,,target_to_SIFa,hemibrain:v1.2.1,KC_gamma,R
1418618235,1172840003,1,1,,,,,,,,,target_to_SIFa,hemibrain:v1.2.1,other,R
1418618235,1173076523,1,1,PAM08_e,PAM08_e(y4)_R,,,,,,,target_to_SIFa,hemibrain:v1.2.1,DAN,R
1418618235,1173408617,1,1,KCg-m,KCg-m_R,,,,,,,target_to_SIFa,hemibrain:v1.2.1,KC_gamma,R
1418618235,1191125428,1,1,,,,,,,,,target_to_SIFa,hemibrain:v1.2.1,other,R
1418618235,1198330286,1,1,ExR2,ExR2(PPM3-EB-DAN/ring)_R,,,,,,,target_to_SIFa,hemibrain:v1.2.1,DAN,R
1418618235,1198680249,2,1,ER2_a,ER2_a(ring)_L,,,,,,,target_to_SIFa,hemibrain:v1.2.1,other,R
1418618235,1199069208,1,1,FS2,FS2(FQ10)_C8_L,,,,,,,target_to_SIFa,hemibrain:v1.2.1,other,R
1418618235,1199565117,1,1,LAL136_a,LAL136_a_R,,,,,,,target_to_SIFa,hemibrain:v1.2.1,other,R
1418618235,1201101806,1,1,,,,,,,,,target_to_SIFa,hemibrain:v1.2.1,other,R
1418618235,1202410042,1,1,KCg-m,KCg-m_R,,,,,,,target_to_SIFa,hemibrain:v1.2.1,KC_gamma,R
1418618235,1202811406,1,1,,,,,,,,,target_to_SIFa,hemibrain:v1.2.1,other,R
1418618235,1202856013,1,1,,,,,,,,,target_to_SIFa,hemibrain:v1.2.1,other,R
1418618235,1203066222,1,1,PAM04_a,PAM04_a(B2)_R,,,,,,,target_to_SIFa,hemibrain:v1.2.1,DAN,R
1418618235,1203152975,1,1,,,,,,,,,target_to_SIFa,hemibrain:v1.2.1,other,R
1418618235,1203812837,1,1,,,,,,,,,target_to_SIFa,hemibrain:v1.2.1,other,R
1418618235,1204443547,2,2,KCg-m,KCg-m_R,,,,,,,target_to_SIFa,hemibrain:v1.2.1,KC_gamma,R
1418618235,1225605932,1,1,FS4B,FS4B(FQ12)_C4_L,,,,,,,target_to_SIFa,hemibrain:v1.2.1,other,R
1418618235,1229369776,1,1,ER2_b,ER2_b(ring)_R,,,,,,,target_to_SIFa,hemibrain:v1.2.1,other,R
1418618235,1258376151,1,1,vDeltaM,vDeltaM_C6,,,,,,,target_to_SIFa,hemibrain:v1.2.1,other,R
1418618235,1259295990,1,1,AVLP159,AVLP159_R,,,,,,,target_to_SIFa,hemibrain:v1.2.1,other,R
1418618235,1260833150,1,1,DSKMP1A,DSKMP1A(PVM02)_L,,,,,,,target_to_SIFa,hemibrain:v1.2.1,other,R
1418618235,1261130127,1,1,FS2,FS2(FQ10)_C9_L,,,,,,,target_to_SIFa,hemibrain:v1.2.1,other,R
1418618235,1265399790,3,2,,,,,,,,,target_to_SIFa,hemibrain:v1.2.1,other,R
1418618235,1283600055,2,2,,,,,,,,,target_to_SIFa,hemibrain:v1.2.1,other,R
1418618235,1289359184,1,1,FB4M,FB4M(PPM3-FB3/4-NO-DAN)_R,,,,,,,target_to_SIFa,hemibrain:v1.2.1,DAN,R
1418618235,1292882359,1,1,EL,EL(EQ5)_R,,,,,,,target_to_SIFa,hemibrain:v1.2.1,other,R
1418618235,1310831596,2,2,vDeltaA_b,vDeltaA_b_C3,,,,,,,target_to_SIFa,hemibrain:v1.2.1,other,R
1418618235,1316974821,1,1,PS164,PS164_R,,,,,,,target_to_SIFa,hemibrain:v1.2.1,other,R
1418618235,1321140852,1,1,EL,EL(EQ5)_R,,,,,,,target_to_SIFa,hemibrain:v1.2.1,other,R
1418618235,1323553932,1,1,,,,,,,,,target_to_SIFa,hemibrain:v1.2.1,other,R
1418618235,1327939775,1,1,,,,,,,,,target_to_SIFa,hemibrain:v1.2.1,other,R
1418618235,1328285306,1,1,,,,,,,,,target_to_SIFa,hemibrain:v1.2.1,other,R
1418618235,1328522741,1,1,PAM10,PAM10(B1)_L,,,,,,,target_to_SIFa,hemibrain:v1.2.1,DAN,R
1418618235,1345471376,1,1,,(PLBDL9)_R,,,,,,,target_to_SIFa,hemibrain:v1.2.1,other,R
1418618235,1352077058,2,1,DSKMP1B,DSKMP1B_R,,,,,,,target_to_SIFa,hemibrain:v1.2.1,other,R
1418618235,1355404835,2,2,,,,,,,,,target_to_SIFa,hemibrain:v1.2.1,other,R
1418618235,1358003629,1,1,,,,,,,,,target_to_SIFa,hemibrain:v1.2.1,other,R
1418618235,1359212271,2,2,KCab-s,KCab-s_R,,,,,,,target_to_SIFa,hemibrain:v1.2.1,KC_alpha_beta,R
1418618235,1359553384,1,1,KCab-s,KCab-s_R,,,,,,,target_to_SIFa,hemibrain:v1.2.1,KC_alpha_beta,R
1418618235,1386577828,1,1,,,,,,,,,target_to_SIFa,hemibrain:v1.2.1,other,R
1418618235,1389029837,2,2,,,,,,,,,target_to_SIFa,hemibrain:v1.2.1,other,R
1418618235,1389034133,1,1,,,,,,,,,target_to_SIFa,hemibrain:v1.2.1,other,R
1418618235,1389034189,1,1,,,,,,,,,target_to_SIFa,hemibrain:v1.2.1,other,R
1418618235,1389034207,1,1,,,,,,,,,target_to_SIFa,hemibrain:v1.2.1,other,R
1418618235,1389038329,2,2,,,,,,,,,target_to_SIFa,hemibrain:v1.2.1,other,R
1418618235,1389370909,1,1,,,,,,,,,target_to_SIFa,hemibrain:v1.2.1,other,R
1418618235,1389370921,1,1,,,,,,,,,target_to_SIFa,hemibrain:v1.2.1,other,R
1418618235,1389375168,1,1,,,,,,,,,target_to_SIFa,hemibrain:v1.2.1,other,R
1418618235,1389375250,1,1,,,,,,,,,target_to_SIFa,hemibrain:v1.2.1,other,R
1418618235,1389379556,1,1,,,,,,,,,target_to_SIFa,hemibrain:v1.2.1,other,R
1418618235,1389716254,1,1,,,,,,,,,target_to_SIFa,hemibrain:v1.2.1,other,R
1418618235,1389716346,3,2,,,,,,,,,target_to_SIFa,hemibrain:v1.2.1,other,R
1418618235,1389725032,2,1,,,,,,,,,target_to_SIFa,hemibrain:v1.2.1,other,R
1418618235,1390057275,1,1,,,,,,,,,target_to_SIFa,hemibrain:v1.2.1,other,R
1418618235,1390069856,1,1,,,,,,,,,target_to_SIFa,hemibrain:v1.2.1,other,R
1418618235,1390618359,2,2,KCab-m,KCab-m_R,,,,,,,target_to_SIFa,hemibrain:v1.2.1,KC_alpha_beta,R
1418618235,1390942076,3,2,KCab-s,KCab-s_R,,,,,,,target_to_SIFa,hemibrain:v1.2.1,KC_alpha_beta,R
1418618235,1405581134,1,1,,,,,,,,,target_to_SIFa,hemibrain:v1.2.1,other,R
1418618235,1411737459,1,1,PVLP010,PVLP010_R,,,,,,,target_to_SIFa,hemibrain:v1.2.1,other,R
1418618235,1419024366,1,1,,,,,,,,,target_to_SIFa,hemibrain:v1.2.1,other,R
1418618235,1419719325,1,1,,,,,,,,,target_to_SIFa,hemibrain:v1.2.1,other,R
1418618235,1419719477,1,1,,,,,,,,,target_to_SIFa,hemibrain:v1.2.1,other,R
1418618235,1419723547,2,1,,,,,,,,,target_to_SIFa,hemibrain:v1.2.1,other,R
1418618235,1419723575,1,1,,,,,,,,,target_to_SIFa,hemibrain:v1.2.1,other,R
1418618235,1419723597,3,2,,,,,,,,,target_to_SIFa,hemibrain:v1.2.1,other,R
1418618235,1419736822,1,1,,,,,,,,,target_to_SIFa,hemibrain:v1.2.1,other,R
1418618235,1420060619,1,1,,,,,,,,,target_to_SIFa,hemibrain:v1.2.1,other,R
1418618235,1420073225,1,1,,,,,,,,,target_to_SIFa,hemibrain:v1.2.1,other,R
1418618235,1420405611,2,1,,,,,,,,,target_to_SIFa,hemibrain:v1.2.1,other,R
1418618235,1420746849,1,1,,,,,,,,,target_to_SIFa,hemibrain:v1.2.1,other,R
1418618235,1420759873,2,2,,,,,,,,,target_to_SIFa,hemibrain:v1.2.1,other,R
1418618235,1420966843,2,2,KCab-s,KCab-s_R,,,,,,,target_to_SIFa,hemibrain:v1.2.1,KC_alpha_beta,R
1418618235,1421092030,1,1,,,,,,,,,target_to_SIFa,hemibrain:v1.2.1,other,R
1418618235,1421096252,1,1,,,,,,,,,target_to_SIFa,hemibrain:v1.2.1,other,R
1418618235,1421446220,3,3,,,,,,,,,target_to_SIFa,hemibrain:v1.2.1,other,R
1418618235,1421450270,1,1,,,,,,,,,target_to_SIFa,hemibrain:v1.2.1,other,R
1418618235,1442819296,1,1,VC3m_lvPN,VC3m_lvPN_R,,,,,,,target_to_SIFa,hemibrain:v1.2.1,other,R
1418618235,1447576662,1,1,EPG,EPG(PB08)_L1,,,,,,,target_to_SIFa,hemibrain:v1.2.1,other,R
1418618235,1449247522,2,1,ExR2,ExR2(PPM3-EB-DAN/ring)_R,,,,,,,target_to_SIFa,hemibrain:v1.2.1,DAN,R
1418618235,1449368499,2,1,,,,,,,,,target_to_SIFa,hemibrain:v1.2.1,other,R
1418618235,1449386049,1,1,,,,,,,,,target_to_SIFa,hemibrain:v1.2.1,other,R
1418618235,1449704866,1,1,,,,,,,,,target_to_SIFa,hemibrain:v1.2.1,other,R
1418618235,1450050593,2,1,,,,,,,,,target_to_SIFa,hemibrain:v1.2.1,other,R
1418618235,1450054618,1,1,,,,,,,,,target_to_SIFa,hemibrain:v1.2.1,other,R
1418618235,1450059186,1,1,,,,,,,,,target_to_SIFa,hemibrain:v1.2.1,other,R
1418618235,1451091263,1,1,,,,,,,,,target_to_SIFa,hemibrain:v1.2.1,other,R
1418618235,1451457918,1,1,,,,,,,,,target_to_SIFa,hemibrain:v1.2.1,other,R
1418618235,1472361141,1,1,,,,,,,,,target_to_SIFa,hemibrain:v1.2.1,other,R
1418618235,1481085418,1,1,,,,,,,,,target_to_SIFa,hemibrain:v1.2.1,other,R
1418618235,1482134504,1,1,,,,,,,,,target_to_SIFa,hemibrain:v1.2.1,other,R
1418618235,1539508448,1,1,,,,,,,,,target_to_SIFa,hemibrain:v1.2.1,other,R
1418618235,1578826464,3,1,lLN1_c,lLN1_c_R,,,,,,,target_to_SIFa,hemibrain:v1.2.1,other,R
1418618235,1610530558,2,1,lLN1_b,lLN1_b_R,,,,,,,target_to_SIFa,hemibrain:v1.2.1,other,R
1418618235,1635889014,2,1,ORN_DP1m,ORN_DP1m_L,,,,,,,target_to_SIFa,hemibrain:v1.2.1,other,R
1418618235,1636240001,1,1,ORN_D,ORN_D,,,,,,,target_to_SIFa,hemibrain:v1.2.1,other,R
1418618235,1636899236,1,1,ORN_DC1,ORN_DC1_R,,,,,,,target_to_SIFa,hemibrain:v1.2.1,other,R
1418618235,1637568633,2,1,ORN_DP1m,ORN_DP1m_L,,,,,,,target_to_SIFa,hemibrain:v1.2.1,other,R
1418618235,1639243580,2,2,VP1d_il2PN,VP1d_il2PN(dALT),,,,,,,target_to_SIFa,hemibrain:v1.2.1,other,R
1418618235,1640555311,4,1,lLN2P_c,lLN2P_c(Patchy)_R,,,,,,,target_to_SIFa,hemibrain:v1.2.1,other,R
1418618235,1640594274,5,4,DC1_adPN,DC1_adPN_R,,,,,,,target_to_SIFa,hemibrain:v1.2.1,other,R
1418618235,1640909284,5,2,lLN2F_b,lLN2F_b(Full)_R,,,,,,,target_to_SIFa,hemibrain:v1.2.1,other,R
1418618235,1640922516,5,2,lLN2T_e,lLN2T_e(Tortuous)_R,,,,,,,target_to_SIFa,hemibrain:v1.2.1,other,R
1418618235,1642623277,2,1,lLN1_b,lLN1_b_R,,,,,,,target_to_SIFa,hemibrain:v1.2.1,other,R
1418618235,1667264339,1,1,ORN_D,ORN_D,,,,,,,target_to_SIFa,hemibrain:v1.2.1,other,R
1418618235,1669018304,1,1,ORN_DC1,ORN_DC1_L,,,,,,,target_to_SIFa,hemibrain:v1.2.1,other,R
1418618235,1669924220,2,2,lLN2T_d,lLN2T_d(Tortuous)_R,,,,,,,target_to_SIFa,hemibrain:v1.2.1,other,R
1418618235,1669949998,1,1,ORN_DA1,ORN_DA1_L,,,,,,,target_to_SIFa,hemibrain:v1.2.1,other,R
1418618235,1670287030,2,1,lLN2F_a,lLN2F_a(Full)_R,,,,,,,target_to_SIFa,hemibrain:v1.2.1,other,R
1418618235,1670597533,1,1,lLN1_a,lLN1_a_R,,,,,,,target_to_SIFa,hemibrain:v1.2.1,other,R
1418618235,1670627928,1,1,lLN2S,lLN2S(Star)_R,,,,,,,target_to_SIFa,hemibrain:v1.2.1,other,R
1418618235,1670934213,4,1,DL4_adPN,DL4_adPN_R,,,,,,,target_to_SIFa,hemibrain:v1.2.1,other,R
1418618235,1670934229,1,1,ORN_DL4,ORN_DL4_L,,,,,,,target_to_SIFa,hemibrain:v1.2.1,other,R
1418618235,1671275020,2,2,ORN_DL4,ORN_DL4_R,,,,,,,target_to_SIFa,hemibrain:v1.2.1,other,R
1418618235,1671292719,2,2,lLN2T_c,lLN2T_c(Tortuous)_R,,,,,,,target_to_SIFa,hemibrain:v1.2.1,other,R
1418618235,1671297064,1,1,,LN,,,,,,,target_to_SIFa,hemibrain:v1.2.1,other,R
1418618235,1671966114,1,1,ORN_DA1,ORN_DA1_L,,,,,,,target_to_SIFa,hemibrain:v1.2.1,other,R
1418618235,1692817033,2,2,VA7l_adPN,VA7l_adPN_R,,,,,,,target_to_SIFa,hemibrain:v1.2.1,other,R
1418618235,1694384686,2,1,,,,,,,,,target_to_SIFa,hemibrain:v1.2.1,other,R
1418618235,1697949713,1,1,,LN,,,,,,,target_to_SIFa,hemibrain:v1.2.1,other,R
1418618235,1699974843,3,2,lLN2T_e,lLN2T_e(Tortuous)_R,,,,,,,target_to_SIFa,hemibrain:v1.2.1,other,R
1418618235,1700937093,1,1,DL1_adPN,DL1_adPN_R,,,,,,,target_to_SIFa,hemibrain:v1.2.1,other,R
1418618235,1701947337,4,1,lLN2P_b,lLN2P_b(Patchy)_R,,,,,,,target_to_SIFa,hemibrain:v1.2.1,other,R
1418618235,1701965099,1,1,ORN_DL4,ORN_DL4_R,,,,,,,target_to_SIFa,hemibrain:v1.2.1,other,R
1418618235,1702651358,2,1,lLN1_c,lLN1_c_R,,,,,,,target_to_SIFa,hemibrain:v1.2.1,other,R
1418618235,1702668580,2,1,,LN,,,,,,,target_to_SIFa,hemibrain:v1.2.1,other,R
1418618235,1704347707,2,1,lLN2T_c,lLN2T_c(Tortuous)_R,,,,,,,target_to_SIFa,hemibrain:v1.2.1,other,R
1418618235,1720109208,1,1,,,,,,,,,target_to_SIFa,hemibrain:v1.2.1,other,R
1418618235,1727988111,2,1,,LN_L,,,,,,,target_to_SIFa,hemibrain:v1.2.1,other,R
1418618235,1728104437,1,1,AVLP440,AVLP440_R,,,,,,,target_to_SIFa,hemibrain:v1.2.1,other,R
1418618235,1730327790,3,1,lLN2T_a,lLN2T_a(Tortuous)_R,,,,,,,target_to_SIFa,hemibrain:v1.2.1,other,R
1418618235,1731626696,1,1,ORN_DL2v,ORN_DL2v_R,,,,,,,target_to_SIFa,hemibrain:v1.2.1,other,R
1418618235,1731631097,1,1,ORN_DL2d,ORN_DL2d_R,,,,,,,target_to_SIFa,hemibrain:v1.2.1,other,R
1418618235,1732995501,1,1,lLN2S,lLN2S(Star)_R,,,,,,,target_to_SIFa,hemibrain:v1.2.1,other,R
1418618235,1733370882,2,1,M_spPN5t10,M_spPN5t10_R,,,,,,,target_to_SIFa,hemibrain:v1.2.1,other,R
1418618235,1734350788,1,1,DA1_lPN,DA1_lPN_R,,,,,,,target_to_SIFa,hemibrain:v1.2.1,other,R
1418618235,1734730862,1,1,ORN_D,ORN_D,,,,,,,target_to_SIFa,hemibrain:v1.2.1,other,R
1418618235,1735378236,1,1,ORN_DA1,ORN_DA1_L,,,,,,,target_to_SIFa,hemibrain:v1.2.1,other,R
1418618235,1752507924,1,1,,,,,,,,,target_to_SIFa,hemibrain:v1.2.1,other,R
1418618235,1762704980,7,4,lLN2P_c,lLN2P_c(Patchy)_R,,,,,,,target_to_SIFa,hemibrain:v1.2.1,other,R
1418618235,1765040289,4,1,DA1_lPN,DA1_lPN_R,,,,,,,target_to_SIFa,hemibrain:v1.2.1,other,R
1418618235,1765109775,1,1,ORN_DC1,ORN_DC1_R,,,,,,,target_to_SIFa,hemibrain:v1.2.1,other,R
1418618235,1784203453,1,1,,(PVM01)_R,,,,,,,target_to_SIFa,hemibrain:v1.2.1,other,R
1418618235,1785149074,2,2,,,,,,,,,target_to_SIFa,hemibrain:v1.2.1,other,R
1418618235,1795786203,1,1,ORN_DC1,ORN_DC1_R,,,,,,,target_to_SIFa,hemibrain:v1.2.1,other,R
1418618235,1796075469,1,1,ORN_DA1,ORN_DA1_L,,,,,,,target_to_SIFa,hemibrain:v1.2.1,other,R
1418618235,1796761826,1,1,ORN_DA1,ORN_DA1_R,,,,,,,target_to_SIFa,hemibrain:v1.2.1,other,R
1418618235,1811630361,1,1,LPLC2,LPLC2_R,,,,,,,target_to_SIFa,hemibrain:v1.2.1,other,R
1418618235,1825085656,1,1,M_lPNm11D,M_lPNm11D_R,,,,,,,target_to_SIFa,hemibrain:v1.2.1,other,R
1418618235,1825789179,1,1,lLN10,lLN10_R,,,,,,,target_to_SIFa,hemibrain:v1.2.1,other,R
1418618235,1850024931,1,1,VM4_lvPN,VM4_lvPN_R,,,,,,,target_to_SIFa,hemibrain:v1.2.1,other,R
1418618235,1850711304,1,1,VM1_lPN,VM1_lPN_R,,,,,,,target_to_SIFa,hemibrain:v1.2.1,other,R
1418618235,1858171556,3,2,lLN2P_c,lLN2P_c(Patchy)_R,,,,,,,target_to_SIFa,hemibrain:v1.2.1,other,R
1418618235,1885782720,2,1,v2LN46,v2LN46_R,,,,,,,target_to_SIFa,hemibrain:v1.2.1,other,R
1418618235,1889556009,1,1,,,,,,,,,target_to_SIFa,hemibrain:v1.2.1,other,R
1418618235,1907699986,1,1,,,,,,,,,target_to_SIFa,hemibrain:v1.2.1,other,R
1418618235,1912789965,1,1,VL1_ilPN,VL1_ilPN,,,,,,,target_to_SIFa,hemibrain:v1.2.1,other,R
1418618235,1914823337,1,1,VC3l_adPN,VC3l_adPN_R,,,,,,,target_to_SIFa,hemibrain:v1.2.1,other,R
1418618235,1935027031,1,1,,,,,,,,,target_to_SIFa,hemibrain:v1.2.1,other,R
1418618235,1943812176,2,2,VP1m+VP2_lvPN2,VP1m+VP2_lvPN2_R,,,,,,,target_to_SIFa,hemibrain:v1.2.1,other,R
1418618235,1944287155,1,1,,,,,,,,,target_to_SIFa,hemibrain:v1.2.1,other,R
1418618235,1946178096,5,3,lLN2P_b,lLN2P_b(Patchy)_R,,,,,,,target_to_SIFa,hemibrain:v1.2.1,other,R
1418618235,1975878958,3,1,VP2_adPN,VP2_adPN_R,,,,,,,target_to_SIFa,hemibrain:v1.2.1,other,R
1418618235,2024569806,1,1,,,,,,,,,target_to_SIFa,hemibrain:v1.2.1,other,R
1418618235,2065503658,2,2,,,,,,,,,target_to_SIFa,hemibrain:v1.2.1,other,R
1418618235,2105086391,1,1,lLN2P_c,lLN2P_c(Patchy)_R,,,,,,,target_to_SIFa,hemibrain:v1.2.1,other,R
1418618235,2127509511,1,1,,,,,,,,,target_to_SIFa,hemibrain:v1.2.1,other,R
1418618235,2131942930,1,1,,,,,,,,,target_to_SIFa,hemibrain:v1.2.1,other,R
1418618235,2154122802,1,1,,,,,,,,,target_to_SIFa,hemibrain:v1.2.1,other,R
1418618235,2155478189,1,1,,,,,,,,,target_to_SIFa,hemibrain:v1.2.1,other,R
1418618235,2165170658,1,1,ORN_VC3m,ORN_VC3m_R,,,,,,,target_to_SIFa,hemibrain:v1.2.1,other,R
1418618235,2165852860,1,1,ORN_VC3m,ORN_VC3m,,,,,,,target_to_SIFa,hemibrain:v1.2.1,other,R
1418618235,2228194261,1,1,ORN_VL1,ORN_VL1_R,,,,,,,target_to_SIFa,hemibrain:v1.2.1,other,R
1418618235,2290259285,1,1,,,,,,,,,target_to_SIFa,hemibrain:v1.2.1,other,R
1418618235,2348310112,1,1,,,,,,,,,target_to_SIFa,hemibrain:v1.2.1,other,R
1418618235,2371497342,6,3,,,,,,,,,target_to_SIFa,hemibrain:v1.2.1,other,R
1418618235,2378999926,3,3,,,,,,,,,target_to_SIFa,hemibrain:v1.2.1,other,R
1418618235,5812979175,1,1,KCg-m,KCg-m_R,,,,,,,target_to_SIFa,hemibrain:v1.2.1,KC_gamma,R
1418618235,5812979188,2,1,KCg-m,KCg-m_R,,,,,,,target_to_SIFa,hemibrain:v1.2.1,KC_gamma,R
1418618235,5812979271,1,1,PAM06_a,PAM06_a(B'2m)_R,,,,,,,target_to_SIFa,hemibrain:v1.2.1,DAN,R
1418618235,5812980426,2,2,KCab-s,KCab-s_R,,,,,,,target_to_SIFa,hemibrain:v1.2.1,KC_alpha_beta,R
1418618235,5812980555,2,2,KCab-s,KCab-s_R,,,,,,,target_to_SIFa,hemibrain:v1.2.1,KC_alpha_beta,R
1418618235,5812980567,1,1,PAM09,PAM09(B1ped)_R,,,,,,,target_to_SIFa,hemibrain:v1.2.1,DAN,R
1418618235,5812980768,1,1,KCab-s,KCab-s_R,,,,,,,target_to_SIFa,hemibrain:v1.2.1,KC_alpha_beta,R
1418618235,5812980787,2,1,KCab-m,KCab-m_R,,,,,,,target_to_SIFa,hemibrain:v1.2.1,KC_alpha_beta,R
1418618235,5812980931,1,1,KCab-s,KCab-s_R,,,,,,,target_to_SIFa,hemibrain:v1.2.1,KC_alpha_beta,R
1418618235,5812980947,1,1,KCab-m,KCab-m_R,,,,,,,target_to_SIFa,hemibrain:v1.2.1,KC_alpha_beta,R
1418618235,5812981106,2,2,KCab-s,KCab-s_R,,,,,,,target_to_SIFa,hemibrain:v1.2.1,KC_alpha_beta,R
1418618235,5812981127,1,1,KCab-m,KCab-m_R,,,,,,,target_to_SIFa,hemibrain:v1.2.1,KC_alpha_beta,R
1418618235,5812981136,1,1,KCab-s,KCab-s_R,,,,,,,target_to_SIFa,hemibrain:v1.2.1,KC_alpha_beta,R
1418618235,5812981616,1,1,KCg-m,KCg-m_R,,,,,,,target_to_SIFa,hemibrain:v1.2.1,KC_gamma,R
1418618235,5812981703,1,1,KCg-m,KCg-m_R,,,,,,,target_to_SIFa,hemibrain:v1.2.1,KC_gamma,R
1418618235,5812981797,1,1,KCa'b'-m,KCa'b'-m_R,,,,,,,target_to_SIFa,hemibrain:v1.2.1,KC_alpha_prime_beta_prime,R
1418618235,5812981811,1,1,,,,,,,,,target_to_SIFa,hemibrain:v1.2.1,other,R
1418618235,5812982192,1,1,KCab-m,KCab-m_R,,,,,,,target_to_SIFa,hemibrain:v1.2.1,KC_alpha_beta,R
1418618235,5812982420,1,1,KCg-m,KCg-m_R,,,,,,,target_to_SIFa,hemibrain:v1.2.1,KC_gamma,R
1418618235,5812982471,2,1,KCab-s,KCab-s_R,,,,,,,target_to_SIFa,hemibrain:v1.2.1,KC_alpha_beta,R
1418618235,5812983337,1,1,KCg-m,KCg-m_R,,,,,,,target_to_SIFa,hemibrain:v1.2.1,KC_gamma,R
1418618235,5812985952,1,1,PVLP097_a,PVLP097_a_R,,,,,,,target_to_SIFa,hemibrain:v1.2.1,other,R
1418618235,5812986340,1,1,hDeltaI,hDeltaI_09_C8,,,,,,,target_to_SIFa,hemibrain:v1.2.1,other,R
1418618235,5812987684,1,1,ExR7,ExR7(ring)_L,,,,,,,target_to_SIFa,hemibrain:v1.2.1,other,R
1418618235,5812996052,1,1,,,,,,,,,target_to_SIFa,hemibrain:v1.2.1,other,R
1418618235,5812998445,1,1,ORN_DP1l,ORN_DP1l_R,,,,,,,target_to_SIFa,hemibrain:v1.2.1,other,R
1418618235,5813000539,1,1,,,,,,,,,target_to_SIFa,hemibrain:v1.2.1,other,R
1418618235,5813001426,1,1,,,,,,,,,target_to_SIFa,hemibrain:v1.2.1,other,R
1418618235,5813002827,1,1,,,,,,,,,target_to_SIFa,hemibrain:v1.2.1,other,R
1418618235,5813003621,1,1,,,,,,,,,target_to_SIFa,hemibrain:v1.2.1,other,R
1418618235,5813003677,1,1,,,,,,,,,target_to_SIFa,hemibrain:v1.2.1,other,R
1418618235,5813009281,1,1,LHPV5a4,LHPV5a4_R,,,,,,,target_to_SIFa,hemibrain:v1.2.1,other,R
1418618235,5813009881,1,1,SMP485,SMP485_R,,,,,,,target_to_SIFa,hemibrain:v1.2.1,other,R
1418618235,5813010683,1,1,SMP601,SMP601(SCB008)_R,,,,,,,target_to_SIFa,hemibrain:v1.2.1,other,R
1418618235,5813011865,1,1,,(ADM04)_L,,,,,,,target_to_SIFa,hemibrain:v1.2.1,other,R
1418618235,5813012769,2,2,hDeltaE,hDeltaE_13_C7,,,,,,,target_to_SIFa,hemibrain:v1.2.1,other,R
1418618235,5813013194,1,1,,,,,,,,,target_to_SIFa,hemibrain:v1.2.1,other,R
1418618235,5813014266,4,4,,,,,,,,,target_to_SIFa,hemibrain:v1.2.1,other,R
1418618235,5813014777,1,1,FS3,FS3(FQ10)_C2_R,,,,,,,target_to_SIFa,hemibrain:v1.2.1,other,R
1418618235,5813016553,1,1,FB8A,FB8A_L,,,,,,,target_to_SIFa,hemibrain:v1.2.1,other,R
1418618235,5813017914,1,1,AVLP222,AVLP222_R,,,,,,,target_to_SIFa,hemibrain:v1.2.1,other,R
1418618235,5813019588,2,2,FB6C_b,FB6C_b_R,,,,,,,target_to_SIFa,hemibrain:v1.2.1,other,R
1418618235,5813020057,1,1,KCa'b'-ap2,KCa'b'-ap2_R,,,,,,,target_to_SIFa,hemibrain:v1.2.1,KC_alpha_prime_beta_prime,R
1418618235,5813020132,1,1,KCg-m,KCg-m_R,,,,,,,target_to_SIFa,hemibrain:v1.2.1,KC_gamma,R
1418618235,5813020289,1,1,,,,,,,,,target_to_SIFa,hemibrain:v1.2.1,other,R
1418618235,5813020347,1,1,DNp27,DNp27_L,,,,,,,target_to_SIFa,hemibrain:v1.2.1,other,R
1418618235,5813020831,1,1,KCab-s,KCab-s_R,,,,,,,target_to_SIFa,hemibrain:v1.2.1,KC_alpha_beta,R
1418618235,5813021075,1,1,MDN,MDN_R,,,,,,,target_to_SIFa,hemibrain:v1.2.1,other,R
1418618235,5813021304,2,1,KCab-s,KCab-s_R,,,,,,,target_to_SIFa,hemibrain:v1.2.1,KC_alpha_beta,R
1418618235,5813022175,1,1,KCab-m,KCab-m_R,,,,,,,target_to_SIFa,hemibrain:v1.2.1,KC_alpha_beta,R
1418618235,5813022234,1,1,MBON30,MBON30(y1y2y3)_R,,,,,,,target_to_SIFa,hemibrain:v1.2.1,MBON,R
1418618235,5813022407,1,1,,,,,,,,,target_to_SIFa,hemibrain:v1.2.1,other,R
1418618235,5813022896,1,1,MBON21,MBON21(y4y5)_R,,,,,,,target_to_SIFa,hemibrain:v1.2.1,MBON,R
1418618235,5813023617,1,1,PVLP021,PVLP021_R,,,,,,,target_to_SIFa,hemibrain:v1.2.1,other,R
1418618235,5813024698,3,1,lLN2F_b,lLN2F_b(Full)_R,,,,,,,target_to_SIFa,hemibrain:v1.2.1,other,R
1418618235,5813025594,1,1,ORN_VL1,ORN_VL1_R,,,,,,,target_to_SIFa,hemibrain:v1.2.1,other,R
1418618235,5813026615,1,1,SLP031,SLP031_R,,,,,,,target_to_SIFa,hemibrain:v1.2.1,other,R
1418618235,5813026646,5,4,,,,,,,,,target_to_SIFa,hemibrain:v1.2.1,other,R
1418618235,5813032541,1,1,KCg-m,KCg-m_R,,,,,,,target_to_SIFa,hemibrain:v1.2.1,KC_gamma,R
1418618235,5813033012,1,1,KCg-m,KCg-m_R,,,,,,,target_to_SIFa,hemibrain:v1.2.1,KC_gamma,R
1418618235,5813039235,1,1,DM6_adPN,DM6_adPN_R,,,,,,,target_to_SIFa,hemibrain:v1.2.1,other,R
1418618235,5813039397,1,1,PS095,PS095_R,,,,,,,target_to_SIFa,hemibrain:v1.2.1,other,R
1418618235,5813039471,1,1,DC3_adPN,DC3_adPN_R,,,,,,,target_to_SIFa,hemibrain:v1.2.1,other,R
1418618235,5813039936,4,2,,,,,,,,,target_to_SIFa,hemibrain:v1.2.1,other,R
1418618235,5813040502,1,1,,,,,,,,,target_to_SIFa,hemibrain:v1.2.1,other,R
1418618235,5813041510,2,2,hDeltaD,hDeltaD_02_C2,,,,,,,target_to_SIFa,hemibrain:v1.2.1,other,R
1418618235,5813047601,1,1,,,,,,,,,target_to_SIFa,hemibrain:v1.2.1,other,R
1418618235,5813047647,2,1,ER2_c,ER2_c(ring)_R,,,,,,,target_to_SIFa,hemibrain:v1.2.1,other,R
1418618235,5813047763,2,2,FB5AB,FB5AB_R,,,,,,,target_to_SIFa,hemibrain:v1.2.1,other,R
1418618235,5813047907,1,1,PI1_a,PI1_a,,,,,,,target_to_SIFa,hemibrain:v1.2.1,other,R
1418618235,5813048536,1,1,vDeltaA_a,vDeltaA_a_C5,,,,,,,target_to_SIFa,hemibrain:v1.2.1,other,R
1418618235,5813050359,1,1,,,,,,,,,target_to_SIFa,hemibrain:v1.2.1,other,R
1418618235,5813050499,1,1,AVLP082,AVLP082_R,,,,,,,target_to_SIFa,hemibrain:v1.2.1,other,R
1418618235,5813050747,4,2,FB6C_b,FB6C_b_L,,,,,,,target_to_SIFa,hemibrain:v1.2.1,other,R
1418618235,5813053685,1,1,hDeltaF,hDeltaF_05_C2b,,,,,,,target_to_SIFa,hemibrain:v1.2.1,other,R
1418618235,5813054384,1,1,PPM1203,PPM1203_R,,,,,,,target_to_SIFa,hemibrain:v1.2.1,other,R
1418618235,5813054622,1,1,lLN1_b,lLN1_b_R,,,,,,,target_to_SIFa,hemibrain:v1.2.1,other,R
1418618235,5813054643,1,1,KCab-m,KCab-m_R,,,,,,,target_to_SIFa,hemibrain:v1.2.1,KC_alpha_beta,R
1418618235,5813054725,2,1,lLN1_b,lLN1_b_R,,,,,,,target_to_SIFa,hemibrain:v1.2.1,other,R
1418618235,5813054773,4,1,l2LN18,l2LN18_R,,,,,,,target_to_SIFa,hemibrain:v1.2.1,other,R
1418618235,5813054777,2,1,lLN1_b,lLN1_b_R,,,,,,,target_to_SIFa,hemibrain:v1.2.1,other,R
1418618235,5813055184,2,1,D_adPN,D_adPN_R,,,,,,,target_to_SIFa,hemibrain:v1.2.1,other,R
1418618235,5813055817,2,2,PAL01,PAL01_L,,,,,,,target_to_SIFa,hemibrain:v1.2.1,other,R
1418618235,5813055834,1,1,FB6A,FB6A_R,,,,,,,target_to_SIFa,hemibrain:v1.2.1,other,R
1418618235,5813055914,1,1,KCab-s,KCab-s_R,,,,,,,target_to_SIFa,hemibrain:v1.2.1,KC_alpha_beta,R
1418618235,5813056917,5,3,LNd,LNd_R,,,,,,,target_to_SIFa,hemibrain:v1.2.1,other,R
1418618235,5813057274,3,1,FB4Y,FB4Y(EB/NO1)_L,,,,,,,target_to_SIFa,hemibrain:v1.2.1,other,R
1418618235,5813058367,1,1,FB6I,FB6I_L,,,,,,,target_to_SIFa,hemibrain:v1.2.1,other,R
1418618235,5813062866,12,8,SIFa,SIFa(PDM34),,,,,,,target_to_SIFa,hemibrain:v1.2.1,other,R
1418618235,5813067728,1,1,LHAD1b5,LHAD1b5_R,,,,,,,target_to_SIFa,hemibrain:v1.2.1,other,R
1418618235,5813067779,1,1,KCab-s,KCab-s_R,,,,,,,target_to_SIFa,hemibrain:v1.2.1,KC_alpha_beta,R
1418618235,5813068369,1,1,,,,,,,,,target_to_SIFa,hemibrain:v1.2.1,other,R
1418618235,5813068743,1,1,KCab-s,KCab-s_R,,,,,,,target_to_SIFa,hemibrain:v1.2.1,KC_alpha_beta,R
1418618235,5813069085,1,1,lLN2S,lLN2S(Star)_R,,,,,,,target_to_SIFa,hemibrain:v1.2.1,other,R
1418618235,5813069255,4,1,aMe14a,aMe14a,,,,,,,target_to_SIFa,hemibrain:v1.2.1,other,R
1418618235,5813069288,1,1,,Axon(GC),,,,,,,target_to_SIFa,hemibrain:v1.2.1,other,R
1418618235,5813069594,1,1,AVLP547,AVLP547_R,,,,,,,target_to_SIFa,hemibrain:v1.2.1,other,R
1418618235,5813071027,2,1,FB6C_b,FB6C_b_L,,,,,,,target_to_SIFa,hemibrain:v1.2.1,other,R
1418618235,5813071357,1,1,,ORN_L,,,,,,,target_to_SIFa,hemibrain:v1.2.1,other,R
1418618235,5813075855,1,1,KCg-m,KCg-m_R,,,,,,,target_to_SIFa,hemibrain:v1.2.1,KC_gamma,R
1418618235,5813077544,1,1,EPG,EPG(PB08)_R1,,,,,,,target_to_SIFa,hemibrain:v1.2.1,other,R
1418618235,5813077616,1,1,KCab-s,KCab-s_R,,,,,,,target_to_SIFa,hemibrain:v1.2.1,KC_alpha_beta,R
1418618235,5813078440,4,1,lLN1_b,lLN1_b_R,,,,,,,target_to_SIFa,hemibrain:v1.2.1,other,R
1418618235,5813080838,1,1,EPG,EPG(PB08)_R3,,,,,,,target_to_SIFa,hemibrain:v1.2.1,other,R
1418618235,5813087453,1,1,KCab-m,KCab-m_R,,,,,,,target_to_SIFa,hemibrain:v1.2.1,KC_alpha_beta,R
1418618235,5813088412,1,1,SMP220,SMP220_R,,,,,,,target_to_SIFa,hemibrain:v1.2.1,other,R
1418618235,5813088767,1,1,KCab-s,KCab-s_R,,,,,,,target_to_SIFa,hemibrain:v1.2.1,KC_alpha_beta,R
1418618235,5813094916,2,1,SMP221,SMP221_R,,,,,,,target_to_SIFa,hemibrain:v1.2.1,other,R
1418618235,5813095998,1,1,,(PDM05)_L,,,,,,,target_to_SIFa,hemibrain:v1.2.1,other,R
1418618235,5813098738,1,1,KCab-s,KCab-s_R,,,,,,,target_to_SIFa,hemibrain:v1.2.1,KC_alpha_beta,R
1418618235,5813099399,1,1,KCg-m,KCg-m_R,,,,,,,target_to_SIFa,hemibrain:v1.2.1,KC_gamma,R
1418618235,5813105172,15,11,DPM,DPM_R,,,,,,,target_to_SIFa,hemibrain:v1.2.1,DPM,R
1418618235,5813110152,1,1,KCab-s,KCab-s_R,,,,,,,target_to_SIFa,hemibrain:v1.2.1,KC_alpha_beta,R
1418618235,5813132441,2,1,,,,,,,,,target_to_SIFa,hemibrain:v1.2.1,other,R
1418618235,5813132949,3,2,lLN2P_c,lLN2P_c(Patchy)_R,,,,,,,target_to_SIFa,hemibrain:v1.2.1,other,R
1418618235,5901222731,2,1,VP1d+VP4_l2PN2,VP1d+VP4_l2PN2(lALT)_R,,,,,,,target_to_SIFa,hemibrain:v1.2.1,other,R
1418618235,7112616299,1,1,,,,,,,,,target_to_SIFa,hemibrain:v1.2.1,other,R
1418618235,7112625248,1,1,,,,,,,,,target_to_SIFa,hemibrain:v1.2.1,other,R
5813062866,267551639,1,1,pC1c,pC1c_R,,,,,,,target_to_SIFa,hemibrain:v1.2.1,other,R
5813062866,298262408,1,1,,(MBDLaxon1),,,,,,,target_to_SIFa,hemibrain:v1.2.1,other,R
5813062866,299082033,1,1,LHPV5e1,LHPV5e1(PDL05)_L,,,,,,,target_to_SIFa,hemibrain:v1.2.1,other,R
5813062866,327587644,1,1,SMP162,SMP162_R,,,,,,,target_to_SIFa,hemibrain:v1.2.1,other,R
5813062866,328010530,1,1,SMP454,SMP454(PDM12)_L,,,,,,,target_to_SIFa,hemibrain:v1.2.1,other,R
5813062866,357944721,1,1,SMP162,SMP162_R,,,,,,,target_to_SIFa,hemibrain:v1.2.1,other,R
5813062866,358290805,2,1,SMP083,SMP083(ADM04)_L,,,,,,,target_to_SIFa,hemibrain:v1.2.1,other,R
5813062866,361451032,1,1,,(PDM15)_L,,,,,,,target_to_SIFa,hemibrain:v1.2.1,other,R
5813062866,388280541,1,1,SMP451,SMP451_R,,,,,,,target_to_SIFa,hemibrain:v1.2.1,other,R
5813062866,390344260,6,6,SMP452,SMP452_R,,,,,,,target_to_SIFa,hemibrain:v1.2.1,other,R
5813062866,424793122,1,1,SMP504,SMP504_R,,,,,,,target_to_SIFa,hemibrain:v1.2.1,other,R
5813062866,453423834,2,2,SMP452,SMP452_R,,,,,,,target_to_SIFa,hemibrain:v1.2.1,other,R
5813062866,480854134,1,1,,,,,,,,,target_to_SIFa,hemibrain:v1.2.1,other,R
5813062866,480866929,1,1,,,,,,,,,target_to_SIFa,hemibrain:v1.2.1,other,R
5813062866,485511772,1,1,PAL01,PAL01_R,,,,,,,target_to_SIFa,hemibrain:v1.2.1,other,R
5813062866,485934965,1,1,oviIN,oviIN_L,,,,,,,target_to_SIFa,hemibrain:v1.2.1,other,R
5813062866,545617609,2,1,,,,,,,,,target_to_SIFa,hemibrain:v1.2.1,other,R
5813062866,545975404,1,1,,,,,,,,,target_to_SIFa,hemibrain:v1.2.1,other,R
5813062866,546661728,1,1,,,,,,,,,target_to_SIFa,hemibrain:v1.2.1,other,R
5813062866,549282467,3,1,SMP593,SMP593(SCB014)_R,,,,,,,target_to_SIFa,hemibrain:v1.2.1,other,R
5813062866,550319575,2,1,pC1c,pC1c(PDM09)_L,,,,,,,target_to_SIFa,hemibrain:v1.2.1,other,R
5813062866,551337690,1,1,SMP101,SMP101_R,,,,,,,target_to_SIFa,hemibrain:v1.2.1,other,R
5813062866,572870540,2,2,EPG,EPG(PB08)_L1,,,,,,,target_to_SIFa,hemibrain:v1.2.1,other,R
5813062866,573289993,1,1,,,,,,,,,target_to_SIFa,hemibrain:v1.2.1,other,R
5813062866,575323308,1,1,,(MBDLaxon1),,,,,,,target_to_SIFa,hemibrain:v1.2.1,other,R
5813062866,582096833,1,1,,,,,,,,,target_to_SIFa,hemibrain:v1.2.1,other,R
5813062866,606025838,2,1,,mPN_L,,,,,,,target_to_SIFa,hemibrain:v1.2.1,other,R
5813062866,632544268,1,1,EPG,EPG(PB08)_R2,,,,,,,target_to_SIFa,hemibrain:v1.2.1,other,R
5813062866,636042004,2,2,,,,,,,,,target_to_SIFa,hemibrain:v1.2.1,other,R
5813062866,638083158,1,1,,,,,,,,,target_to_SIFa,hemibrain:v1.2.1,other,R
5813062866,696362840,1,1,EPG,EPG(PB08)_L5,,,,,,,target_to_SIFa,hemibrain:v1.2.1,other,R
5813062866,697001770,2,2,EPG,EPG(PB08)_L2,,,,,,,target_to_SIFa,hemibrain:v1.2.1,other,R
5813062866,697061826,1,1,,(PDM12)_L,,,,,,,target_to_SIFa,hemibrain:v1.2.1,other,R
5813062866,699031185,11,10,SIFa,SIFa(PDM34),,,,,,,target_to_SIFa,hemibrain:v1.2.1,other,R
5813062866,705554385,1,1,CL237,CL237_R,,,,,,,target_to_SIFa,hemibrain:v1.2.1,other,R
5813062866,705558104,1,1,SMP055,SMP055(ADM01)_L,,,,,,,target_to_SIFa,hemibrain:v1.2.1,other,R
5813062866,708208811,3,2,CL030,CL030_R,,,,,,,target_to_SIFa,hemibrain:v1.2.1,other,R
5813062866,728097109,3,2,,(PDM12)_L,,,,,,,target_to_SIFa,hemibrain:v1.2.1,other,R
5813062866,739256609,3,3,CL029,CL029_R,,,,,,,target_to_SIFa,hemibrain:v1.2.1,other,R
5813062866,758977730,4,4,SMP382,SMP382_R,,,,,,,target_to_SIFa,hemibrain:v1.2.1,other,R
5813062866,759464163,2,1,PPL204,PPL204(PVL17)_L,,,,,,,target_to_SIFa,hemibrain:v1.2.1,DAN,R
5813062866,760798618,27,23,,(MBDLaxon1),,,,,,,target_to_SIFa,hemibrain:v1.2.1,other,R
5813062866,761096077,24,17,,(MBDLaxon1),,,,,,,target_to_SIFa,hemibrain:v1.2.1,other,R
5813062866,761843188,1,1,SMP393,SMP393(PDM09)_L,,,,,,,target_to_SIFa,hemibrain:v1.2.1,other,R
5813062866,789126240,2,2,EPG,EPG(PB08)_L5,,,,,,,target_to_SIFa,hemibrain:v1.2.1,other,R
5813062866,790405385,1,1,SMP386,SMP386_R,,,,,,,target_to_SIFa,hemibrain:v1.2.1,other,R
5813062866,791384849,1,1,SMP382,SMP382_R,,,,,,,target_to_SIFa,hemibrain:v1.2.1,other,R
5813062866,791457874,25,21,,(MBDLaxon1),,,,,,,target_to_SIFa,hemibrain:v1.2.1,other,R
5813062866,819725372,3,1,CL199,CL199_R,,,,,,,target_to_SIFa,hemibrain:v1.2.1,other,R
5813062866,819828986,1,1,EPG,EPG(PB08)_L5,,,,,,,target_to_SIFa,hemibrain:v1.2.1,other,R
5813062866,823879266,19,14,,(MBDLaxon1),,,,,,,target_to_SIFa,hemibrain:v1.2.1,other,R
5813062866,863059358,2,1,,(PDM09)_L,,,,,,,target_to_SIFa,hemibrain:v1.2.1,other,R
5813062866,881221166,1,1,Delta7,Delta7(PB15)_L1L9R8_R,,,,,,,target_to_SIFa,hemibrain:v1.2.1,other,R
5813062866,910442752,1,1,Delta7,Delta7(PB15)_L8R1R9_L,,,,,,,target_to_SIFa,hemibrain:v1.2.1,other,R
5813062866,910442782,3,3,Delta7,Delta7(PB15)_L4R6_R,,,,,,,target_to_SIFa,hemibrain:v1.2.1,other,R
5813062866,910796989,1,1,Delta7,Delta7(PB15)_L5R4_L,,,,,,,target_to_SIFa,hemibrain:v1.2.1,other,R
5813062866,911129339,2,1,Delta7,Delta7(PB15)_L4R5_R,,,,,,,target_to_SIFa,hemibrain:v1.2.1,other,R
5813062866,911134009,1,1,Delta7,Delta7(PB15)_L4R5_R,,,,,,,target_to_SIFa,hemibrain:v1.2.1,other,R
5813062866,911241750,2,1,Delta7,Delta7(PB15)_L6R4_L,,,,,,,target_to_SIFa,hemibrain:v1.2.1,other,R
5813062866,911578595,8,2,Delta7,Delta7(PB15)_L8R1R9_L,,,,,,,target_to_SIFa,hemibrain:v1.2.1,other,R
5813062866,911906936,1,1,Delta7,Delta7(PB15)_L3R6_R,,,,,,,target_to_SIFa,hemibrain:v1.2.1,other,R
5813062866,911911193,1,1,Delta7,Delta7(PB15)_L8R1R9_L,,,,,,,target_to_SIFa,hemibrain:v1.2.1,other,R
5813062866,915299337,3,2,,,,,,,,,target_to_SIFa,hemibrain:v1.2.1,other,R
5813062866,919763043,1,1,ExR3,ExR3(ring)_L,,,,,,,target_to_SIFa,hemibrain:v1.2.1,other,R
5813062866,941469087,1,1,Delta7,Delta7(PB15)_L3R6_R,,,,,,,target_to_SIFa,hemibrain:v1.2.1,other,R
5813062866,945656662,2,2,,,,,,,,,target_to_SIFa,hemibrain:v1.2.1,other,R
5813062866,947743009,2,2,SMP594,SMP594(SCB017)_L,,,,,,,target_to_SIFa,hemibrain:v1.2.1,other,R
5813062866,947940970,1,1,,,,,,,,,target_to_SIFa,hemibrain:v1.2.1,other,R
5813062866,952978874,1,1,CL033,CL033_R,,,,,,,target_to_SIFa,hemibrain:v1.2.1,other,R
5813062866,976934253,4,3,SMP594,SMP594(SCB017)_R,,,,,,,target_to_SIFa,hemibrain:v1.2.1,other,R
5813062866,978733232,2,2,,(PDM12)_L,,,,,,,target_to_SIFa,hemibrain:v1.2.1,other,R
5813062866,979761094,1,1,,,,,,,,,target_to_SIFa,hemibrain:v1.2.1,other,R
5813062866,982684196,1,1,CL341,CL341_R,,,,,,,target_to_SIFa,hemibrain:v1.2.1,other,R
5813062866,1007385805,1,1,,,,,,,,,target_to_SIFa,hemibrain:v1.2.1,other,R
5813062866,1010157364,1,1,,,,,,,,,target_to_SIFa,hemibrain:v1.2.1,other,R
5813062866,1010740063,1,1,FS3,FS3(FQ11)_C3_R,,,,,,,target_to_SIFa,hemibrain:v1.2.1,other,R
5813062866,1011185409,1,1,,,,,,,,,target_to_SIFa,hemibrain:v1.2.1,other,R
5813062866,1037979778,2,2,,,,,,,,,target_to_SIFa,hemibrain:v1.2.1,other,R
5813062866,1043151516,4,4,,,,,,,,,target_to_SIFa,hemibrain:v1.2.1,other,R
5813062866,1135837629,1,1,DSKMP1A,DSKMP1A_R,,,,,,,target_to_SIFa,hemibrain:v1.2.1,other,R
5813062866,1137590785,11,9,SIFa,SIFa(PDM34),,,,,,,target_to_SIFa,hemibrain:v1.2.1,other,R
5813062866,1189549487,4,4,,,,,,,,,target_to_SIFa,hemibrain:v1.2.1,other,R
5813062866,1263473959,1,1,,,,,,,,,target_to_SIFa,hemibrain:v1.2.1,other,R
5813062866,1265399790,2,1,,,,,,,,,target_to_SIFa,hemibrain:v1.2.1,other,R
5813062866,1418618235,14,9,SIFa,SIFa(PDM34),,,,,,,target_to_SIFa,hemibrain:v1.2.1,other,R
5813062866,1442266942,1,1,,,,,,,,,target_to_SIFa,hemibrain:v1.2.1,other,R
5813062866,1605186174,1,1,ORN_DL5,ORN_DL5_L,,,,,,,target_to_SIFa,hemibrain:v1.2.1,other,R
5813062866,1659399081,1,1,,,,,,,,,target_to_SIFa,hemibrain:v1.2.1,other,R
5813062866,1666578623,2,1,ORN_DP1m,ORN_DP1m_R,,,,,,,target_to_SIFa,hemibrain:v1.2.1,other,R
5813062866,1668603457,1,1,ORN_DM1,ORN_DM1_L,,,,,,,target_to_SIFa,hemibrain:v1.2.1,other,R
5813062866,1669721441,1,1,ORN_DL5,ORN_DL5_L,,,,,,,target_to_SIFa,hemibrain:v1.2.1,other,R
5813062866,1670066902,1,1,,,,,,,,,target_to_SIFa,hemibrain:v1.2.1,other,R
5813062866,1671638278,1,1,M_l2PNl20,M_l2PNl20_R,,,,,,,target_to_SIFa,hemibrain:v1.2.1,other,R
5813062866,1697276313,1,1,ORN_DP1m,ORN_DP1m_R,,,,,,,target_to_SIFa,hemibrain:v1.2.1,other,R
5813062866,1697285307,1,1,ORN_DM1,ORN_DM1_R,,,,,,,target_to_SIFa,hemibrain:v1.2.1,other,R
5813062866,1697285565,1,1,ORN_DM1,ORN_DM1_L,,,,,,,target_to_SIFa,hemibrain:v1.2.1,other,R
5813062866,1697945569,1,1,ORN_DM1,ORN_DM1_R,,,,,,,target_to_SIFa,hemibrain:v1.2.1,other,R
5813062866,1699962188,1,1,ORN_DC4,ORN_DC4_L,,,,,,,target_to_SIFa,hemibrain:v1.2.1,other,R
5813062866,1700065149,2,1,,,,,,,,,target_to_SIFa,hemibrain:v1.2.1,other,R
5813062866,1700428338,3,2,DL5_adPN,DL5_adPN_L,,,,,,,target_to_SIFa,hemibrain:v1.2.1,other,R
5813062866,1700639697,1,1,ORN_DC4,ORN_DC4_R,,,,,,,target_to_SIFa,hemibrain:v1.2.1,other,R
5813062866,1700980727,1,1,ORN_DC4,ORN_DC4_R,,,,,,,target_to_SIFa,hemibrain:v1.2.1,other,R
5813062866,1703479954,1,1,DC2_adPN,DC2_adPN_L,,,,,,,target_to_SIFa,hemibrain:v1.2.1,other,R
5813062866,1729041255,1,1,,,,,,,,,target_to_SIFa,hemibrain:v1.2.1,other,R
5813062866,1729312828,1,1,ORN_DM4,ORN_DM4_L,,,,,,,target_to_SIFa,hemibrain:v1.2.1,other,R
5813062866,1729736878,1,1,,LN,,,,,,,target_to_SIFa,hemibrain:v1.2.1,other,R
5813062866,1760762572,2,1,,,,,,,,,target_to_SIFa,hemibrain:v1.2.1,other,R
5813062866,1761798612,1,1,,,,,,,,,target_to_SIFa,hemibrain:v1.2.1,other,R
5813062866,1761802845,1,1,,,,,,,,,target_to_SIFa,hemibrain:v1.2.1,other,R
5813062866,1792461774,1,1,ORN_DM2,ORN_DM2,,,,,,,target_to_SIFa,hemibrain:v1.2.1,other,R
5813062866,1795734228,1,1,lLN8,lLN8_R,,,,,,,target_to_SIFa,hemibrain:v1.2.1,other,R
5813062866,1821468448,1,1,,,,,,,,,target_to_SIFa,hemibrain:v1.2.1,other,R
5813062866,1823850889,1,1,,,,,,,,,target_to_SIFa,hemibrain:v1.2.1,other,R
5813062866,1824222478,1,1,,,,,,,,,target_to_SIFa,hemibrain:v1.2.1,other,R
5813062866,1847335826,1,1,,,,,,,,,target_to_SIFa,hemibrain:v1.2.1,other,R
5813062866,1855918385,1,1,,,,,,,,,target_to_SIFa,hemibrain:v1.2.1,other,R
5813062866,1887635209,1,1,,,,,,,,,target_to_SIFa,hemibrain:v1.2.1,other,R
5813062866,1911840201,1,1,,,,,,,,,target_to_SIFa,hemibrain:v1.2.1,other,R
5813062866,1930808741,3,1,,,,,,,,,target_to_SIFa,hemibrain:v1.2.1,other,R
5813062866,1932000421,1,1,,,,,,,,,target_to_SIFa,hemibrain:v1.2.1,other,R
5813062866,1949035641,1,1,,,,,,,,,target_to_SIFa,hemibrain:v1.2.1,other,R
5813062866,1978706337,1,1,,,,,,,,,target_to_SIFa,hemibrain:v1.2.1,other,R
5813062866,1980748236,1,1,,,,,,,,,target_to_SIFa,hemibrain:v1.2.1,other,R
5813062866,2035574498,3,3,,,,,,,,,target_to_SIFa,hemibrain:v1.2.1,other,R
5813062866,2096280191,1,1,,,,,,,,,target_to_SIFa,hemibrain:v1.2.1,other,R
5813062866,2371497342,1,1,,,,,,,,,target_to_SIFa,hemibrain:v1.2.1,other,R
5813062866,2409357661,2,1,,,,,,,,,target_to_SIFa,hemibrain:v1.2.1,other,R
5813062866,5812980507,1,1,CL234,CL234_R,,,,,,,target_to_SIFa,hemibrain:v1.2.1,other,R
5813062866,5812986025,1,1,,,,,,,,,target_to_SIFa,hemibrain:v1.2.1,other,R
5813062866,5812986430,1,1,SAD072,SAD072_R,,,,,,,target_to_SIFa,hemibrain:v1.2.1,other,R
5813062866,5812987027,1,1,,,,,,,,,target_to_SIFa,hemibrain:v1.2.1,other,R
5813062866,5812996771,2,1,,,,,,,,,target_to_SIFa,hemibrain:v1.2.1,other,R
5813062866,5813002589,2,1,,,,,,,,,target_to_SIFa,hemibrain:v1.2.1,other,R
5813062866,5813011483,1,1,SMP149,SMP149(ADM10)_L,,,,,,,target_to_SIFa,hemibrain:v1.2.1,other,R
5813062866,5813016724,1,1,,,,,,,,,target_to_SIFa,hemibrain:v1.2.1,other,R
5813062866,5813019681,1,1,SMP078,SMP078(ADM04)_L,,,,,,,target_to_SIFa,hemibrain:v1.2.1,other,R
5813062866,5813022182,1,1,,,,,,,,,target_to_SIFa,hemibrain:v1.2.1,other,R
5813062866,5813035518,1,1,,,,,,,,,target_to_SIFa,hemibrain:v1.2.1,other,R
5813062866,5813047683,2,1,LHPV6q1,LHPV6q1_R,,,,,,,target_to_SIFa,hemibrain:v1.2.1,other,R
5813062866,5813057534,1,1,,,,,,,,,target_to_SIFa,hemibrain:v1.2.1,other,R
5813062866,5813061392,2,1,DM1_lPN,DM1_lPN_L,,,,,,,target_to_SIFa,hemibrain:v1.2.1,other,R
5813062866,5813062887,1,1,OCG01,OCG01,,,,,,,target_to_SIFa,hemibrain:v1.2.1,other,R
5813062866,5813069331,1,1,FB6C_a,FB6C_a_L,,,,,,,target_to_SIFa,hemibrain:v1.2.1,other,R
5813062866,5813078235,3,2,,,,,,,,,target_to_SIFa,hemibrain:v1.2.1,other,R
5813062866,5813133134,3,2,SMP488,SMP488_R,,,,,,,target_to_SIFa,hemibrain:v1.2.1,other,R
5813062866,5901200903,1,1,SMP101,SMP101_R,,,,,,,target_to_SIFa,hemibrain:v1.2.1,other,R
5813062866,5901212649,1,1,,(PDM15)_L,,,,,,,target_to_SIFa,hemibrain:v1.2.1,other,R
5813062866,5901214823,2,1,,,,,,,,,target_to_SIFa,hemibrain:v1.2.1,other,R
5813062866,7112613381,1,1,,,,,,,,,target_to_SIFa,hemibrain:v1.2.1,other,R
