sifa_body_id,partner_body_id,weight,weightHP,partner_type,partner_instance,partner_hemibrainType,partner_class,partner_subclass,partner_superclass,partner_somaSide,partner_rootSide,direction,dataset,group,side
10342,10011,1,1,OA-AL2i1,OA-AL2i1_L,P1-9,,,visual_centrifugal,L,,SIFa_to_target,male-cns:v1.0,other,L
10342,10085,7,5,Am1,Am1_L,,,,ol_intrinsic,L,,SIFa_to_target,male-cns:v1.0,other,L
10342,10086,1,1,DH44,DH44_L,"PI1,PI2,PI3",,,cb_endocrine,L,,SIFa_to_target,male-cns:v1.0,other,L
10342,10096,3,3,lLN2F_a,lLN2F_a(Full)_L,lLN2F_a,ALLN,,cb_intrinsic,L,,SIFa_to_target,male-cns:v1.0,other,L
10342,10111,5,4,DM3_adPN,DM3_adPN_L,DM3_adPN,ALPN,,cb_intrinsic,L,,SIFa_to_target,male-cns:v1.0,other,L
10342,10120,1,1,OA-VPM4,OA-VPM4_L,OA-VPM4,,,cb_intrinsic,L,,SIFa_to_target,male-cns:v1.0,other,L
10342,10126,3,3,DP1m_adPN,DP1m_adPN_L,DP1m_adPN,ALPN,,cb_intrinsic,L,,SIFa_to_target,male-cns:v1.0,other,L
10342,10129,2,2,LoVC16,LoVC16_L,PVLP132,,,visual_centrifugal,L,,SIFa_to_target,male-cns:v1.0,other,L
10342,10133,9,8,lLN2F_b,lLN2F_b(Full)_L,lLN2F_b,ALLN,,cb_intrinsic,L,,SIFa_to_target,male-cns:v1.0,other,L
10342,10142,1,1,MeVP24,MeVP24_L,,,,visual_projection,L,,SIFa_to_target,male-cns:v1.0,other,L
10342,10157,21,14,CT1,CT1_R,CT1,,,ol_intrinsic,R,,SIFa_to_target,male-cns:v1.0,other,R
10342,10165,2,2,AN05B101,AN05B101_L,,,BA,ascending_neuron,L,,SIFa_to_target,male-cns:v1.0,other,L
10342,10176,1,1,DM1_lPN,DM1_lPN_R,DM1_lPN,ALPN,,cb_intrinsic,R,,SIFa_to_target,male-cns:v1.0,other,R
10342,10189,1,1,MeVPMe2,MeVPMe2_R,,,,visual_projection,R,,SIFa_to_target,male-cns:v1.0,other,R
10342,10190,1,1,MeVPMe2,MeVPMe2_R,,,,visual_projection,R,,SIFa_to_target,male-cns:v1.0,other,R
10342,10204,1,1,OA-AL2i2,OA-AL2i2_L,,,,visual_centrifugal,L,,SIFa_to_target,male-cns:v1.0,other,L
10342,10208,4,4,DM1_lPN,DM1_lPN_L,DM1_lPN,ALPN,,cb_intrinsic,L,,SIFa_to_target,male-cns:v1.0,other,L
10342,10256,1,1,MeVPMe2,MeVPMe2_L,,,,visual_projection,L,,SIFa_to_target,male-cns:v1.0,other,L
10342,10262,1,1,V_ilPN,V_ilPN_L,V_ilPN,ALPN,BI,cb_intrinsic,L,,SIFa_to_target,male-cns:v1.0,other,L
10342,10271,56,53,Pm11,Pm11_L,,,,ol_intrinsic,L,,SIFa_to_target,male-cns:v1.0,other,L
10342,10272,1,1,MeVPMe2,MeVPMe2_L,,,,visual_projection,L,,SIFa_to_target,male-cns:v1.0,other,L
10342,10305,5,4,LHPV12a1,LHPV12a1_L,LHPV12a1,,,cb_intrinsic,L,,SIFa_to_target,male-cns:v1.0,other,L
10342,10319,1,1,AVLP215,AVLP215_L,AVLP215,,,cb_intrinsic,L,,SIFa_to_target,male-cns:v1.0,other,L
10342,10321,1,1,VL2p_adPN,VL2p_adPN_L,VL2p_adPN,ALPN,,cb_intrinsic,L,,SIFa_to_target,male-cns:v1.0,other,L
10342,10336,1,1,DNg22,DNg22_R,,,xn,descending_neuron,R,,SIFa_to_target,male-cns:v1.0,other,R
10342,10340,1,1,MeVPMe1,MeVPMe1_L,,,,visual_projection,L,,SIFa_to_target,male-cns:v1.0,other,L
10342,10343,1,1,MeVPMe1,MeVPMe1_R,,,,visual_projection,R,,SIFa_to_target,male-cns:v1.0,other,R
10342,10359,1,1,DL1_adPN,DL1_adPN_L,DL1_adPN,ALPN,,cb_intrinsic,L,,SIFa_to_target,male-cns:v1.0,other,L
10342,10376,7,3,lLN2F_b,lLN2F_b(Full)_L,lLN2F_b,ALLN,,cb_intrinsic,L,,SIFa_to_target,male-cns:v1.0,other,L
10342,10378,1,1,AL-MBDL1,AL-MBDL1_R,AL-MBDL1,ALIN,,cb_intrinsic,R,,SIFa_to_target,male-cns:v1.0,other,R
10342,10397,4,4,lLN2T_a,lLN2T_a(Tortuous)_L,lLN2T_a,ALLN,,cb_intrinsic,L,,SIFa_to_target,male-cns:v1.0,other,L
10342,10407,2,2,AVLP609,AVLP609_L,,,,cb_intrinsic,L,,SIFa_to_target,male-cns:v1.0,other,L
10342,10414,146,141,LT33,LT33_R,LT33,,,ol_intrinsic,R,,SIFa_to_target,male-cns:v1.0,other,R
10342,10447,3,3,DNge138,DNge138_M,,,xn,descending_neuron,M,,SIFa_to_target,male-cns:v1.0,other,unknown
10342,10459,2,2,lLN2F_a,lLN2F_a(Full)_L,lLN2F_a,ALLN,,cb_intrinsic,L,,SIFa_to_target,male-cns:v1.0,other,L
10342,10463,2,2,lLN1_bc,lLN1_bc_L,"lLN1_b,lLN1_c",ALLN,,cb_intrinsic,L,,SIFa_to_target,male-cns:v1.0,other,L
10342,10470,6,5,DC1_adPN,DC1_adPN_L,DC1_adPN,ALPN,,cb_intrinsic,L,,SIFa_to_target,male-cns:v1.0,other,L
10342,10473,1,1,il3LN6,il3LN6_R,il3LN6,ALLN,,cb_intrinsic,R,,SIFa_to_target,male-cns:v1.0,other,R
10342,10488,45,43,Pm11,Pm11_L,,,,ol_intrinsic,L,,SIFa_to_target,male-cns:v1.0,other,L
10342,10507,2,1,GNG701m,GNG701m_L,,,,cb_intrinsic,L,,SIFa_to_target,male-cns:v1.0,other,L
10342,10536,1,1,DNg29,DNg29_L,,,xn,descending_neuron,L,,SIFa_to_target,male-cns:v1.0,other,L
10342,10539,2,2,EPG,EPG(PB08)_R2,EPG,CX,,cb_intrinsic,R,,SIFa_to_target,male-cns:v1.0,other,unknown
10342,10540,5,5,APL,APL_R,APL,,,cb_intrinsic,R,,SIFa_to_target,male-cns:v1.0,APL,R
10342,10561,4,3,VA2_adPN,VA2_adPN_L,VA2_adPN,ALPN,,cb_intrinsic,L,,SIFa_to_target,male-cns:v1.0,other,L
10342,10593,2,1,AL-MBDL1,AL-MBDL1_L,AL-MBDL1,ALIN,,cb_intrinsic,L,,SIFa_to_target,male-cns:v1.0,other,L
10342,10598,1,1,WED191,WED191_M,,,,cb_intrinsic,M,,SIFa_to_target,male-cns:v1.0,other,unknown
10342,10617,1,1,GNG105,GNG105_R,,,,cb_intrinsic,R,,SIFa_to_target,male-cns:v1.0,other,R
10342,10624,2,2,ExR5,ExR5_R,ExR5,CX,,cb_intrinsic,R,,SIFa_to_target,male-cns:v1.0,other,R
10342,10632,4,4,lLN1_bc,lLN1_bc_L,"lLN1_b,lLN1_c",ALLN,,cb_intrinsic,L,,SIFa_to_target,male-cns:v1.0,other,L
10342,10665,1,1,DH44,DH44_L,"PI1,PI2,PI3",,,cb_endocrine,L,,SIFa_to_target,male-cns:v1.0,other,L
10342,10683,1,1,SLP003,SLP003_R,SLP003,,,cb_intrinsic,R,,SIFa_to_target,male-cns:v1.0,other,R
10342,10692,6,2,AN05B101,AN05B101_R,,,BA,ascending_neuron,R,,SIFa_to_target,male-cns:v1.0,other,R
10342,10705,4,3,DNc02,DNc02(SIFa)_L,SIFa,,xn,descending_neuron,L,,SIFa_to_target,male-cns:v1.0,other,L
10342,10739,1,1,DNg24,DNg24_L,,,xn,descending_neuron,L,,SIFa_to_target,male-cns:v1.0,other,L
10342,10753,2,1,PPL201,PPL201_L,PPL201,DAN,,cb_intrinsic,L,,SIFa_to_target,male-cns:v1.0,DAN,L
10342,10767,7,7,DL5_adPN,DL5_adPN_L,DL5_adPN,ALPN,,cb_intrinsic,L,,SIFa_to_target,male-cns:v1.0,other,L
10342,10786,1,1,VC5_lvPN,VC5_lvPN_R,VC3m_lvPN,ALPN,,cb_intrinsic,R,,SIFa_to_target,male-cns:v1.0,other,R
10342,10791,1,1,CB3024,CB3024_L,,,,cb_intrinsic,L,,SIFa_to_target,male-cns:v1.0,other,L
10342,10808,3,1,VC1_lPN,VC1_lPN_L,VC1_lPN,ALPN,,cb_intrinsic,L,,SIFa_to_target,male-cns:v1.0,other,L
10342,10812,1,1,DH44,DH44_R,"PI1,PI2,PI3",,,cb_endocrine,R,,SIFa_to_target,male-cns:v1.0,other,R
10342,10823,1,1,DNp48,DNp48(SMP462)_R,SMP462,,xn,descending_neuron,R,,SIFa_to_target,male-cns:v1.0,other,R
10342,10877,6,6,VA6_adPN,VA6_adPN_L,VA6_adPN,ALPN,,cb_intrinsic,L,,SIFa_to_target,male-cns:v1.0,other,L
10342,10905,1,1,lLN1_bc,lLN1_bc_L,"lLN1_b,lLN1_c",ALLN,,cb_intrinsic,L,,SIFa_to_target,male-cns:v1.0,other,L
10342,10937,1,1,CL251,CL251_R,CL251,,,cb_intrinsic,R,,SIFa_to_target,male-cns:v1.0,other,R
10342,10944,1,1,SAD098,SAD098_M,,,,cb_intrinsic,M,,SIFa_to_target,male-cns:v1.0,other,unknown
10342,10977,10,9,APL,APL_L,APL,,,cb_intrinsic,L,,SIFa_to_target,male-cns:v1.0,APL,L
10342,11030,2,1,LHCENT3,LHCENT3_L,LHCENT3,,,cb_intrinsic,L,,SIFa_to_target,male-cns:v1.0,other,L
10342,11036,1,1,DNg80,DNg80_L,,,xn,descending_neuron,L,,SIFa_to_target,male-cns:v1.0,other,L
10342,11050,1,1,VP1d+VP4_l2PN1,VP1d+VP4_l2PN1_L,VP1d+VP4_l2PN1,ALPN,BI,cb_intrinsic,L,,SIFa_to_target,male-cns:v1.0,other,L
10342,11065,3,3,DNp14,DNp14(SMP585)_R,SMP585,,xn,descending_neuron,R,,SIFa_to_target,male-cns:v1.0,other,R
10342,11076,1,1,FLA020,FLA020_R,,,,cb_intrinsic,R,,SIFa_to_target,male-cns:v1.0,other,R
10342,11080,2,2,DM2_lPN,DM2_lPN_L,DM2_lPN,ALPN,,cb_intrinsic,L,,SIFa_to_target,male-cns:v1.0,other,L
10342,11091,1,1,AVLP542,AVLP542_L,AVLP542,,,cb_intrinsic,L,,SIFa_to_target,male-cns:v1.0,other,L
10342,11092,2,2,DM2_lPN,DM2_lPN_L,DM2_lPN,ALPN,,cb_intrinsic,L,,SIFa_to_target,male-cns:v1.0,other,L
10342,11105,1,1,VC2_lPN,VC2_lPN_L,VC2_lPN,ALPN,,cb_intrinsic,L,,SIFa_to_target,male-cns:v1.0,other,L
10342,11131,2,1,DNg70,DNg70_L,,,xn,descending_neuron,L,,SIFa_to_target,male-cns:v1.0,other,L
10342,11135,2,1,DA4m_adPN,DA4m_adPN_L,DA4m_adPN,ALPN,,cb_intrinsic,L,,SIFa_to_target,male-cns:v1.0,other,L
10342,11143,5,3,VP1m_l2PN,VP1m_l2PN_L,VP1m_l2PN,ALPN,,cb_intrinsic,L,,SIFa_to_target,male-cns:v1.0,other,L
10342,11154,1,1,WED189,WED189_M,,,,cb_intrinsic,M,,SIFa_to_target,male-cns:v1.0,other,unknown
10342,11162,3,3,DH44,DH44_R,"PI1,PI2,PI3",,,cb_endocrine,R,,SIFa_to_target,male-cns:v1.0,other,R
10342,11173,6,5,DNg103,DNg103_R,,,xl,descending_neuron,R,,SIFa_to_target,male-cns:v1.0,other,R
10342,11195,2,1,M_spPN5t10,M_spPN5t10_L,M_spPN5t10,ALPN,BI,cb_intrinsic,L,,SIFa_to_target,male-cns:v1.0,other,L
10342,11200,1,1,GNG022,GNG022_L,,,,cb_intrinsic,L,,SIFa_to_target,male-cns:v1.0,other,L
10342,11209,1,1,IPC,IPC_R,"PI1,PI2,PI3",,,cb_endocrine,R,,SIFa_to_target,male-cns:v1.0,other,R
10342,11210,1,1,LHCENT8,LHCENT8_L,LHCENT8,,,cb_intrinsic,L,,SIFa_to_target,male-cns:v1.0,other,L
10342,11212,1,1,l-LNv,l-LNv_R,l-LNv,ol_bilateral,,ol_intrinsic,R,,SIFa_to_target,male-cns:v1.0,PDF_positive_LNv,R
10342,11227,4,2,CSD,CSD_R,CSD,,,cb_intrinsic,R,,SIFa_to_target,male-cns:v1.0,other,R
10342,11229,2,2,V_ilPN,V_ilPN_R,V_ilPN,ALPN,BI,cb_intrinsic,R,,SIFa_to_target,male-cns:v1.0,other,R
10342,11262,1,1,lLN1_bc,lLN1_bc_L,"lLN1_b,lLN1_c",ALLN,,cb_intrinsic,L,,SIFa_to_target,male-cns:v1.0,other,L
10342,11284,1,1,IPC,IPC_L,"PI1,PI2,PI3",,,cb_endocrine,L,,SIFa_to_target,male-cns:v1.0,other,L
10342,11292,1,1,lLN1_bc,lLN1_bc_L,"lLN1_b,lLN1_c",ALLN,,cb_intrinsic,L,,SIFa_to_target,male-cns:v1.0,other,L
10342,11294,21,20,lLN2T_e,lLN2T_e(Tortuous)_L,lLN2T_e,ALLN,,cb_intrinsic,L,,SIFa_to_target,male-cns:v1.0,other,L
10342,11309,1,1,aMe4,aMe4_L,,,,visual_centrifugal,L,,SIFa_to_target,male-cns:v1.0,other,L
10342,11326,2,2,ExR5,ExR5_R,ExR5,CX,,cb_intrinsic,R,,SIFa_to_target,male-cns:v1.0,other,R
10342,11359,17,16,lLN2T_e,lLN2T_e(Tortuous)_L,lLN2T_e,ALLN,,cb_intrinsic,L,,SIFa_to_target,male-cns:v1.0,other,L
10342,11369,1,1,DNc01,DNc01_L,SIFa,,xn,descending_neuron,L,,SIFa_to_target,male-cns:v1.0,other,L
10342,11399,14,13,lLN2T_d,lLN2T_d(Tortuous)_L,lLN2T_d,ALLN,,cb_intrinsic,L,,SIFa_to_target,male-cns:v1.0,other,L
10342,11400,2,2,lLN1_bc,lLN1_bc_L,"lLN1_b,lLN1_c",ALLN,,cb_intrinsic,L,,SIFa_to_target,male-cns:v1.0,other,L
10342,11433,1,1,ExR1,ExR1_L,ExR1,CX,,cb_intrinsic,L,,SIFa_to_target,male-cns:v1.0,other,L
10342,11475,1,1,DNg27,DNg27_L,,,ut,descending_neuron,L,,SIFa_to_target,male-cns:v1.0,other,L
10342,11477,2,2,LHPV6q1,LHPV6q1_R,LHPV6q1,,,cb_intrinsic,R,,SIFa_to_target,male-cns:v1.0,other,R
10342,11485,2,2,MeVPLo1,MeVPLo1_L,,,,visual_projection,L,,SIFa_to_target,male-cns:v1.0,other,L
10342,11496,2,2,GNG484,GNG484_L,,,,cb_intrinsic,L,,SIFa_to_target,male-cns:v1.0,other,L
10342,11517,26,23,lLN2T_c,lLN2T_c(Tortuous)_L,lLN2T_c,ALLN,,cb_intrinsic,L,,SIFa_to_target,male-cns:v1.0,other,L
10342,11524,1,1,TmY19a,TmY19a_L,,,,ol_intrinsic,L,,SIFa_to_target,male-cns:v1.0,other,L
10342,11525,1,1,LHPD4c1,LHPD4c1_L,LHPD4c1,,,cb_intrinsic,L,,SIFa_to_target,male-cns:v1.0,other,L
10342,11531,3,2,lLN1_bc,lLN1_bc_L,"lLN1_b,lLN1_c",ALLN,,cb_intrinsic,L,,SIFa_to_target,male-cns:v1.0,other,L
10342,11546,4,3,v2LN30,v2LN30_L,v2LN30,ALLN,,cb_intrinsic,L,,SIFa_to_target,male-cns:v1.0,other,L
10342,11552,1,1,CB1076,CB1076_L,,,,cb_intrinsic,L,,SIFa_to_target,male-cns:v1.0,other,L
10342,11556,13,13,lLN2T_d,lLN2T_d(Tortuous)_L,lLN2T_d,ALLN,,cb_intrinsic,L,,SIFa_to_target,male-cns:v1.0,other,L
10342,11557,2,2,PFL2,PFL2(PB12b)_L3_C7,PFL2,CX,,cb_intrinsic,L,,SIFa_to_target,male-cns:v1.0,other,unknown
10342,11560,1,1,PPL201,PPL201_R,PPL201,DAN,,cb_intrinsic,R,,SIFa_to_target,male-cns:v1.0,DAN,R
10342,11561,3,1,SAD112_a,SAD112_a_L,,,,cb_intrinsic,L,,SIFa_to_target,male-cns:v1.0,other,L
10342,11564,1,1,DA1_lPN,DA1_lPN_L,DA1_lPN,ALPN,,cb_intrinsic,L,,SIFa_to_target,male-cns:v1.0,other,L
10342,11566,1,1,ALIN4,ALIN4_R,lLN7,ALIN,,cb_intrinsic,R,,SIFa_to_target,male-cns:v1.0,other,R
10342,11608,3,2,OA-VUMa2,OA-VUMa2_M,OA-VUMa2,,,cb_intrinsic,M,,SIFa_to_target,male-cns:v1.0,other,unknown
10342,11611,1,1,Pm7,Pm7_L,,,,ol_intrinsic,L,,SIFa_to_target,male-cns:v1.0,other,L
10342,11635,1,1,SAD077,SAD077_L,SAD077,,,cb_intrinsic,L,,SIFa_to_target,male-cns:v1.0,other,L
10342,11653,1,1,DNg27,DNg27_R,,,ut,descending_neuron,R,,SIFa_to_target,male-cns:v1.0,other,R
10342,11686,3,3,MeVC22,MeVC22_L,,,,visual_centrifugal,L,,SIFa_to_target,male-cns:v1.0,other,L
10342,11703,2,1,VM1_lPN,VM1_lPN_L,VM1_lPN,ALPN,,cb_intrinsic,L,,SIFa_to_target,male-cns:v1.0,other,L
10342,11740,2,2,GNG540,GNG540_L,,,,cb_intrinsic,L,,SIFa_to_target,male-cns:v1.0,other,L
10342,11754,1,1,SAD052,SAD052_R,SAD052,,,cb_intrinsic,R,,SIFa_to_target,male-cns:v1.0,other,R
10342,11761,2,1,VP1d+VP4_l2PN1,VP1d+VP4_l2PN1_R,VP1d+VP4_l2PN1,ALPN,BI,cb_intrinsic,R,,SIFa_to_target,male-cns:v1.0,other,R
10342,11767,4,4,DH44,DH44_L,"PI1,PI2,PI3",,,cb_endocrine,L,,SIFa_to_target,male-cns:v1.0,other,L
10342,11782,4,3,SAD106,SAD106_L,,,,cb_intrinsic,L,,SIFa_to_target,male-cns:v1.0,other,L
10342,11801,1,1,SMP545,SMP545_L,SMP545,,,cb_intrinsic,L,,SIFa_to_target,male-cns:v1.0,other,L
10342,11817,1,1,VA5_lPN,VA5_lPN_L,VA5_lPN,ALPN,,cb_intrinsic,L,,SIFa_to_target,male-cns:v1.0,other,L
10342,11837,9,7,lLN2X05,lLN2X05_L,lLN2T_a,ALLN,,cb_intrinsic,L,,SIFa_to_target,male-cns:v1.0,other,L
10342,11857,1,1,SLP462,SLP462_L,SLP462,,,cb_intrinsic,L,,SIFa_to_target,male-cns:v1.0,other,L
10342,11870,7,4,lLN1_bc,lLN1_bc_L,"lLN1_b,lLN1_c",ALLN,,cb_intrinsic,L,,SIFa_to_target,male-cns:v1.0,other,L
10342,11915,2,1,CL339,CL339_L,CL339,,,cb_intrinsic,L,,SIFa_to_target,male-cns:v1.0,other,L
10342,11930,2,2,M_imPNl92,M_imPNl92_L,M_imPNl92,ALPN,BI,cb_intrinsic,L,,SIFa_to_target,male-cns:v1.0,other,L
10342,11931,1,1,DNd04,DNd04_R,,,xl,descending_neuron,R,,SIFa_to_target,male-cns:v1.0,other,R
10342,11947,3,2,MeVPLo1,MeVPLo1_R,,,,visual_projection,R,,SIFa_to_target,male-cns:v1.0,other,R
10342,11971,1,1,LHAV2p1,LHAV2p1_L,LHAV2p1,,,cb_intrinsic,L,,SIFa_to_target,male-cns:v1.0,other,L
10342,11975,1,1,lLN1_a,lLN1_a_L,lLN1_a,ALLN,,cb_intrinsic,L,,SIFa_to_target,male-cns:v1.0,other,L
10342,11976,4,4,AN27X017,AN27X017_L,,,BA,ascending_neuron,L,,SIFa_to_target,male-cns:v1.0,other,L
10342,11990,1,1,MBON22,MBON22(calyx)_R,MBON22,MBON,,cb_intrinsic,R,,SIFa_to_target,male-cns:v1.0,MBON,R
10342,11991,6,6,lLN2X05,lLN2X05_L,lLN2T_a,ALLN,,cb_intrinsic,L,,SIFa_to_target,male-cns:v1.0,other,L
10342,12022,3,2,PRW070,PRW070_L,,,,cb_intrinsic,L,,SIFa_to_target,male-cns:v1.0,other,L
10342,12031,4,4,DC4_adPN,DC4_adPN_L,DC4_adPN,ALPN,,cb_intrinsic,L,,SIFa_to_target,male-cns:v1.0,other,L
10342,12034,2,2,CB1076,CB1076_L,,,,cb_intrinsic,L,,SIFa_to_target,male-cns:v1.0,other,L
10342,12054,1,1,GNG551,GNG551_L,,,,cb_intrinsic,L,,SIFa_to_target,male-cns:v1.0,other,L
10342,12056,3,3,WED046,WED046_L,WED046,,,cb_intrinsic,L,,SIFa_to_target,male-cns:v1.0,other,L
10342,12057,2,2,VM3_adPN,VM3_adPN_L,VM3_adPN,ALPN,,cb_intrinsic,L,,SIFa_to_target,male-cns:v1.0,other,L
10342,12092,1,1,DNge027,DNge027_R,,,fl,descending_neuron,R,,SIFa_to_target,male-cns:v1.0,other,R
10342,12109,1,1,OA-VUMa2,OA-VUMa2_M,OA-VUMa2,,,cb_intrinsic,M,,SIFa_to_target,male-cns:v1.0,other,unknown
10342,12134,22,22,DNp58,DNp58(hb1791391565)_R,hb1791391565,,ad,descending_neuron,R,,SIFa_to_target,male-cns:v1.0,other,R
10342,12151,3,3,DNge138,DNge138_M,,,xn,descending_neuron,M,,SIFa_to_target,male-cns:v1.0,other,unknown
10342,12152,2,2,DC2_adPN,DC2_adPN_L,DC2_adPN,ALPN,,cb_intrinsic,L,,SIFa_to_target,male-cns:v1.0,other,L
10342,12213,1,1,SAD052,SAD052_L,SAD052,,,cb_intrinsic,L,,SIFa_to_target,male-cns:v1.0,other,L
10342,12237,1,1,SAD055,SAD055_L,SAD055,,,cb_intrinsic,L,,SIFa_to_target,male-cns:v1.0,other,L
10342,12283,3,3,AVLP533,AVLP533_L,AVLP533,,,cb_intrinsic,L,,SIFa_to_target,male-cns:v1.0,other,L
10342,12296,1,1,SMP545,SMP545_R,SMP545,,,cb_intrinsic,R,,SIFa_to_target,male-cns:v1.0,other,R
10342,12330,1,1,IPC,IPC_L,"PI1,PI2,PI3",,,cb_endocrine,L,,SIFa_to_target,male-cns:v1.0,other,L
10342,12367,1,1,VM3_adPN,VM3_adPN_L,VM3_adPN,ALPN,,cb_intrinsic,L,,SIFa_to_target,male-cns:v1.0,other,L
10342,12371,2,2,ALIN2,ALIN2_L,ALIN2,ALIN,,cb_intrinsic,L,,SIFa_to_target,male-cns:v1.0,other,L
10342,12372,1,1,CB3409,CB3409_L,,,,cb_intrinsic,L,,SIFa_to_target,male-cns:v1.0,other,L
10342,12400,1,1,IPC,IPC_R,"PI1,PI2,PI3",,,cb_endocrine,R,,SIFa_to_target,male-cns:v1.0,other,R
10342,12454,1,1,LHCENT5,LHCENT5_L,LHCENT5,,,cb_intrinsic,L,,SIFa_to_target,male-cns:v1.0,other,L
10342,12480,2,1,DNg26,DNg26_R,,,xn,descending_neuron,R,,SIFa_to_target,male-cns:v1.0,other,R
10342,12488,3,3,AVLP536,AVLP536_L,AVLP536,,,cb_intrinsic,L,,SIFa_to_target,male-cns:v1.0,other,L
10342,12530,3,3,CB1542,CB1542_L,,,,cb_intrinsic,L,,SIFa_to_target,male-cns:v1.0,other,L
10342,12600,6,6,GNG049,GNG049_R,,,,cb_intrinsic,R,,SIFa_to_target,male-cns:v1.0,other,R
10342,12603,3,2,DA1_vPN,DA1_vPN_L,DA1_vPN,ALPN,,cb_intrinsic,L,,SIFa_to_target,male-cns:v1.0,other,L
10342,12618,1,1,PRW058,PRW058_R,,,,cb_intrinsic,R,,SIFa_to_target,male-cns:v1.0,other,R
10342,12675,4,4,DNg103,DNg103_L,,,xl,descending_neuron,L,,SIFa_to_target,male-cns:v1.0,other,L
10342,12680,3,3,TmY19a,TmY19a_L,,,,ol_intrinsic,L,,SIFa_to_target,male-cns:v1.0,other,L
10342,12700,2,2,AN06B011,AN06B011_R,,,BA,ascending_neuron,R,,SIFa_to_target,male-cns:v1.0,other,R
10342,12702,2,2,LHPV5e1,LHPV5e1_R,LHPV5e1,,,cb_intrinsic,R,,SIFa_to_target,male-cns:v1.0,other,R
10342,12717,4,3,lLN2X12,lLN2X12_L,,ALLN,,cb_intrinsic,L,,SIFa_to_target,male-cns:v1.0,other,L
10342,12722,2,2,LoVC21,LoVC21_R,mALC3,,,visual_centrifugal,R,,SIFa_to_target,male-cns:v1.0,other,R
10342,12756,4,2,VA5_lPN,VA5_lPN_L,VA5_lPN,ALPN,,cb_intrinsic,L,,SIFa_to_target,male-cns:v1.0,other,L
10342,12775,1,1,DNg26,DNg26_R,,,xn,descending_neuron,R,,SIFa_to_target,male-cns:v1.0,other,R
10342,12840,4,4,DA4l_adPN,DA4l_adPN_L,DA4l_adPN,ALPN,,cb_intrinsic,L,,SIFa_to_target,male-cns:v1.0,other,L
10342,12917,2,2,SAD078,SAD078_L,SAD078,,,cb_intrinsic,L,,SIFa_to_target,male-cns:v1.0,other,L
10342,12918,1,1,MBON22,MBON22(calyx)_L,MBON22,MBON,,cb_intrinsic,L,,SIFa_to_target,male-cns:v1.0,MBON,L
10342,12929,2,1,,,,ALLN,,cb_intrinsic,L,,SIFa_to_target,male-cns:v1.0,other,unknown
10342,12941,1,1,DNge137,DNge137_R,,,xn,descending_neuron,R,,SIFa_to_target,male-cns:v1.0,other,R
10342,12972,1,1,GNG301,GNG301_L,,,,cb_intrinsic,L,,SIFa_to_target,male-cns:v1.0,other,L
10342,12975,1,1,AVLP517,AVLP517_L,AVLP517,,,cb_intrinsic,L,,SIFa_to_target,male-cns:v1.0,other,L
10342,12977,1,1,lLN2X12,lLN2X12_L,,ALLN,,cb_intrinsic,L,,SIFa_to_target,male-cns:v1.0,other,L
10342,12997,1,1,SLP441,SLP441_R,SLP441,,,cb_intrinsic,R,,SIFa_to_target,male-cns:v1.0,other,R
10342,13027,4,3,VC5_lvPN,VC5_lvPN_L,VC3m_lvPN,ALPN,,cb_intrinsic,L,,SIFa_to_target,male-cns:v1.0,other,L
10342,13079,1,1,Pm12,Pm12_L,,,,ol_intrinsic,L,,SIFa_to_target,male-cns:v1.0,other,L
10342,13152,1,1,MeVP25,MeVP25_L,,,,visual_projection,L,,SIFa_to_target,male-cns:v1.0,other,L
10342,13216,2,2,IPC,IPC_R,"PI1,PI2,PI3",,,cb_endocrine,R,,SIFa_to_target,male-cns:v1.0,other,R
10342,13230,4,3,VC5_lvPN,VC5_lvPN_L,VC3m_lvPN,ALPN,,cb_intrinsic,L,,SIFa_to_target,male-cns:v1.0,other,L
10342,13231,1,1,,13231_L,,,,cb_endocrine,L,,SIFa_to_target,male-cns:v1.0,other,L
10342,13259,1,1,PPL202,PPL202_L,PPL202,DAN,,cb_intrinsic,L,,SIFa_to_target,male-cns:v1.0,DAN,L
10342,13290,1,1,LNd_b,LNd_b_L,,,,cb_intrinsic,L,,SIFa_to_target,male-cns:v1.0,other,L
10342,13306,3,3,AMMC038,AMMC038_L,,,,cb_intrinsic,L,,SIFa_to_target,male-cns:v1.0,other,L
10342,13314,5,4,M_vPNml50,M_vPNml50_L,M_vPNml50,ALPN,,cb_intrinsic,L,,SIFa_to_target,male-cns:v1.0,other,L
10342,13317,2,2,DNg33,DNg33_L,,,xn,descending_neuron,L,,SIFa_to_target,male-cns:v1.0,other,L
10342,13356,1,1,VM4_adPN,VM4_adPN_L,VM4_adPN,ALPN,,cb_intrinsic,L,,SIFa_to_target,male-cns:v1.0,other,L
10342,13372,1,1,CB1809,CB1809_L,,,,cb_intrinsic,L,,SIFa_to_target,male-cns:v1.0,other,L
10342,13378,1,1,ANXXX057,ANXXX057_R,,,BA,ascending_neuron,R,,SIFa_to_target,male-cns:v1.0,other,R
10342,13412,1,1,Pm10,Pm10_L,,,,ol_intrinsic,L,,SIFa_to_target,male-cns:v1.0,other,L
10342,13431,6,6,lLN2T_b,lLN2T_b(Tortuous)_L,lLN2T_b,ALLN,,cb_intrinsic,L,,SIFa_to_target,male-cns:v1.0,other,L
10342,13435,10,8,LHAD1f2,LHAD1f2_L,LHAD1f2,,,cb_intrinsic,L,,SIFa_to_target,male-cns:v1.0,other,L
10342,13472,3,3,SAD053,SAD053_L,SAD053,,,cb_intrinsic,L,,SIFa_to_target,male-cns:v1.0,other,L
10342,13481,1,1,SMP744,SMP744_R,,,,cb_intrinsic,R,,SIFa_to_target,male-cns:v1.0,other,R
10342,13541,3,3,SAxx01,SAxx01_R,,unknown_sensory,abdomen,sensory_ascending,,R,SIFa_to_target,male-cns:v1.0,other,R
10342,13558,10,9,PRW066,PRW066_R,,,,cb_intrinsic,R,,SIFa_to_target,male-cns:v1.0,other,R
10342,13563,1,1,WEDPN12,WEDPN12_R,WEDPN12,,,cb_intrinsic,R,,SIFa_to_target,male-cns:v1.0,other,R
10342,13627,1,1,DNge082,DNge082_R,,,xl,descending_neuron,R,,SIFa_to_target,male-cns:v1.0,other,R
10342,13637,1,1,GNG322,GNG322(hb579425252)_L,(hb579425252),,,cb_intrinsic,L,,SIFa_to_target,male-cns:v1.0,other,L
10342,13683,1,1,M_vPNml55,M_vPNml55_L,M_vPNml55,ALPN,,cb_intrinsic,L,,SIFa_to_target,male-cns:v1.0,other,L
10342,13766,1,1,MeVP17,MeVP17_L,,,,visual_projection,L,,SIFa_to_target,male-cns:v1.0,other,L
10342,13804,1,1,LHPV6a10,LHPV6a10_L,LHPV6a10,,,cb_intrinsic,L,,SIFa_to_target,male-cns:v1.0,other,L
10342,13946,1,1,LHPV10c1,LHPV10c1_L,LHPV10c1,,,cb_intrinsic,L,,SIFa_to_target,male-cns:v1.0,other,L
10342,13951,3,1,M_vPNml50,M_vPNml50_L,M_vPNml50,ALPN,,cb_intrinsic,L,,SIFa_to_target,male-cns:v1.0,other,L
10342,13967,1,1,Pm6,Pm6_L,,,,ol_intrinsic,L,,SIFa_to_target,male-cns:v1.0,other,L
10342,13972,1,1,VM7v_adPN,VM7v_adPN_L,VM7v_adPN,ALPN,,cb_intrinsic,L,,SIFa_to_target,male-cns:v1.0,other,L
10342,13984,2,2,aMe3,aMe3_L,aMe3,,,visual_projection,L,,SIFa_to_target,male-cns:v1.0,other,L
10342,14012,5,3,PRW056,PRW056_R,,,,cb_intrinsic,R,,SIFa_to_target,male-cns:v1.0,other,R
10342,14055,2,2,CB4176,CB4176_L,,,,cb_intrinsic,L,,SIFa_to_target,male-cns:v1.0,other,L
10342,14089,1,1,WED121,WED121_R,WED121,,,cb_intrinsic,R,,SIFa_to_target,male-cns:v1.0,other,R
10342,14108,2,2,TmY19a,TmY19a_L,,,,ol_intrinsic,L,,SIFa_to_target,male-cns:v1.0,other,L
10342,14139,1,1,LHPV8a1,LHPV8a1_L,LHPV8a1,,,cb_intrinsic,L,,SIFa_to_target,male-cns:v1.0,other,L
10342,14194,1,1,PRW068,PRW068_L,,,,cb_intrinsic,L,,SIFa_to_target,male-cns:v1.0,other,L
10342,14218,1,1,,13231_R,,,,cb_endocrine,R,,SIFa_to_target,male-cns:v1.0,other,R
10342,14339,1,1,VA1v_adPN,VA1v_adPN_L,VA1v_adPN,ALPN,,cb_intrinsic,L,,SIFa_to_target,male-cns:v1.0,other,L
10342,14366,1,1,Dm13,Dm13_L,,,,ol_intrinsic,L,,SIFa_to_target,male-cns:v1.0,other,L
10342,14383,1,1,TmY19a,TmY19a_L,,,,ol_intrinsic,L,,SIFa_to_target,male-cns:v1.0,other,L
10342,14386,1,1,vLN24,vLN24_L,vLN24,ALLN,,cb_intrinsic,L,,SIFa_to_target,male-cns:v1.0,other,L
10342,14387,2,1,DNge151,DNge151_M,,,ad,descending_neuron,M,,SIFa_to_target,male-cns:v1.0,other,unknown
10342,14391,1,1,M_ilPNm90,M_ilPNm90(M_ilPN8t91)_L,"M_ilPNm90,M_ilPN8t91",ALPN,BI,cb_intrinsic,L,,SIFa_to_target,male-cns:v1.0,other,L
10342,14395,1,1,AVLP548_g1,AVLP548_g1_L,AVLP548_g,,,cb_intrinsic,L,,SIFa_to_target,male-cns:v1.0,other,L
10342,14404,2,2,PRW002,PRW002(hb5813055822)_R,(hb5813055822),,,cb_intrinsic,R,,SIFa_to_target,male-cns:v1.0,other,R
10342,14427,1,1,VM5v_adPN,VM5v_adPN_L,VM5v_adPN,ALPN,,cb_intrinsic,L,,SIFa_to_target,male-cns:v1.0,other,L
10342,14430,1,1,VM7d_adPN,VM7d_adPN_L,VM7d_adPN,ALPN,,cb_intrinsic,L,,SIFa_to_target,male-cns:v1.0,other,L
10342,14489,5,5,GNG631,GNG631_R,,,,cb_intrinsic,R,,SIFa_to_target,male-cns:v1.0,other,R
10342,14563,1,1,Mi18,Mi18_L,,,,ol_intrinsic,L,,SIFa_to_target,male-cns:v1.0,other,L
10342,14627,1,1,AVLP598,AVLP598_L,,,,cb_intrinsic,L,,SIFa_to_target,male-cns:v1.0,other,L
10342,14665,1,1,VM2_adPN,VM2_adPN_L,VM2_adPN,ALPN,,cb_intrinsic,L,,SIFa_to_target,male-cns:v1.0,other,L
10342,14685,2,1,VC3_adPN,VC3_adPN_L,VC3l_adPN,ALPN,,cb_intrinsic,L,,SIFa_to_target,male-cns:v1.0,other,L
10342,14772,11,9,PRW065,PRW065_L,,,,cb_intrinsic,L,,SIFa_to_target,male-cns:v1.0,other,L
10342,14825,3,2,AVLP546,AVLP546_L,AVLP546,,,cb_intrinsic,L,,SIFa_to_target,male-cns:v1.0,other,L
10342,14843,1,1,LHAV3h1,LHAV3h1_L,LHAV3h1,,,cb_intrinsic,L,,SIFa_to_target,male-cns:v1.0,other,L
10342,14885,1,1,DNpe040,DNpe040(CL320)_R,CL320,,xn,descending_neuron,R,,SIFa_to_target,male-cns:v1.0,other,R
10342,14911,1,1,WED092,WED092_R,WED092,,,cb_intrinsic,R,,SIFa_to_target,male-cns:v1.0,other,R
10342,14925,1,1,WED182,WED182_L,WED182,,,cb_intrinsic,L,,SIFa_to_target,male-cns:v1.0,other,L
10342,14949,12,12,PRW071,PRW071_L,,,,cb_intrinsic,L,,SIFa_to_target,male-cns:v1.0,other,L
10342,15012,1,1,BiT,BiT_L,,,,cb_intrinsic,L,,SIFa_to_target,male-cns:v1.0,other,L
10342,15044,1,1,LHAV3e3_b,LHAV3e3_b_L,LHAV3e3,,,cb_intrinsic,L,,SIFa_to_target,male-cns:v1.0,other,L
10342,15048,1,1,CB1384,CB1384_L,,,,cb_intrinsic,L,,SIFa_to_target,male-cns:v1.0,other,L
10342,15071,1,1,Pm9,Pm9_L,,,,ol_intrinsic,L,,SIFa_to_target,male-cns:v1.0,other,L
10342,15133,2,2,VP4_vPN,VP4_vPN_L,VP4_vPN,ALPN,,cb_intrinsic,L,,SIFa_to_target,male-cns:v1.0,other,L
10342,15153,5,5,GNG631,GNG631_L,,,,cb_intrinsic,L,,SIFa_to_target,male-cns:v1.0,other,L
10342,15175,2,1,PRW044,PRW044_R,,,,cb_intrinsic,R,,SIFa_to_target,male-cns:v1.0,other,R
10342,15184,1,1,DM6_adPN,DM6_adPN_L,DM6_adPN,ALPN,,cb_intrinsic,L,,SIFa_to_target,male-cns:v1.0,other,L
10342,15358,1,1,AVLP730m,AVLP730m_L,,,,cb_intrinsic,L,,SIFa_to_target,male-cns:v1.0,other,L
10342,15397,1,1,SAD034,SAD034_L,SAD034,,,cb_intrinsic,L,,SIFa_to_target,male-cns:v1.0,other,L
10342,15451,3,3,PRW065,PRW065_R,,,,cb_intrinsic,R,,SIFa_to_target,male-cns:v1.0,other,R
10342,15485,2,2,DNge145,DNge145_L,,,xn,descending_neuron,L,,SIFa_to_target,male-cns:v1.0,other,L
10342,15487,1,1,GNG550,GNG550_L,,,,cb_intrinsic,L,,SIFa_to_target,male-cns:v1.0,other,L
10342,15626,1,1,MBON07,MBON07(a1)_L,MBON07,MBON,,cb_intrinsic,L,,SIFa_to_target,male-cns:v1.0,MBON,L
10342,15662,1,1,lLN2R_a,lLN2R_a_L,lLN2R_a,ALLN,,cb_intrinsic,L,,SIFa_to_target,male-cns:v1.0,other,L
10342,15669,2,2,SMP504,SMP504_L,SMP504,,,cb_intrinsic,L,,SIFa_to_target,male-cns:v1.0,other,L
10342,15736,1,1,TmY19a,TmY19a_L,,,,ol_intrinsic,L,,SIFa_to_target,male-cns:v1.0,other,L
10342,15753,1,1,LHAV2b2_d,LHAV2b2_d_L,LHAV2b2,,,cb_intrinsic,L,,SIFa_to_target,male-cns:v1.0,other,L
10342,15901,1,1,Pm7,Pm7_L,,,,ol_intrinsic,L,,SIFa_to_target,male-cns:v1.0,other,L
10342,16040,1,1,Pm7_Li28,Pm7_Li28_L,,,,ol_intrinsic,L,,SIFa_to_target,male-cns:v1.0,other,L
10342,16160,1,1,SMP504,SMP504_R,SMP504,,,cb_intrinsic,R,,SIFa_to_target,male-cns:v1.0,other,R
10342,16173,1,1,AN27X018,AN27X018_L,,,BA,ascending_neuron,L,,SIFa_to_target,male-cns:v1.0,other,L
10342,16188,1,1,lLN2R_a,lLN2R_a_L,lLN2R_a,ALLN,,cb_intrinsic,L,,SIFa_to_target,male-cns:v1.0,other,L
10342,16206,1,1,VA7m_lPN,VA7m_lPN_L,VA7m_lPN,ALPN,,cb_intrinsic,L,,SIFa_to_target,male-cns:v1.0,other,L
10342,16241,2,2,Pm3,Pm3_L,,,,ol_intrinsic,L,,SIFa_to_target,male-cns:v1.0,other,L
10342,16320,1,1,LNd_c,LNd_c_R,,,,cb_intrinsic,R,,SIFa_to_target,male-cns:v1.0,other,R
10342,16324,1,1,MeLo11,MeLo11_L,,,,ol_intrinsic,L,,SIFa_to_target,male-cns:v1.0,other,L
10342,16328,1,1,LHPV7c1,LHPV7c1_L,LHPV7c1,,,cb_intrinsic,L,,SIFa_to_target,male-cns:v1.0,other,L
10342,16368,1,1,Pm2b,Pm2b_L,,,,ol_intrinsic,L,,SIFa_to_target,male-cns:v1.0,other,L
10342,16370,1,1,GNG166,GNG166_R,,,,cb_intrinsic,R,,SIFa_to_target,male-cns:v1.0,other,R
10342,16381,1,1,Pm6,Pm6_L,,,,ol_intrinsic,L,,SIFa_to_target,male-cns:v1.0,other,L
10342,16462,1,1,ANXXX139,ANXXX139_L,,,BA,ascending_neuron,L,,SIFa_to_target,male-cns:v1.0,other,L
10342,16509,2,2,GNG461,GNG461_L,,,,cb_intrinsic,L,,SIFa_to_target,male-cns:v1.0,other,L
10342,16523,1,1,CB1387,CB1387_L,,,,cb_intrinsic,L,,SIFa_to_target,male-cns:v1.0,other,L
10342,16524,4,4,VM7v_adPN,VM7v_adPN_L,VM7v_adPN,ALPN,,cb_intrinsic,L,,SIFa_to_target,male-cns:v1.0,other,L
10342,16603,1,1,CB4176,CB4176_L,,,,cb_intrinsic,L,,SIFa_to_target,male-cns:v1.0,other,L
10342,16625,7,7,PRW061,PRW061_L,,,,cb_intrinsic,L,,SIFa_to_target,male-cns:v1.0,other,L
10342,16779,2,1,Pm2b,Pm2b_L,,,,ol_intrinsic,L,,SIFa_to_target,male-cns:v1.0,other,L
10342,16795,5,5,GNG067,GNG067_R,,,,cb_intrinsic,R,,SIFa_to_target,male-cns:v1.0,other,R
10342,16899,2,1,AMMC024,AMMC024_L,,,,cb_intrinsic,L,,SIFa_to_target,male-cns:v1.0,other,L
10342,16907,12,10,GNG156,GNG156_R,,,,cb_intrinsic,R,,SIFa_to_target,male-cns:v1.0,other,R
10342,16929,1,1,CL136,CL136_R,CL136,,,cb_intrinsic,R,,SIFa_to_target,male-cns:v1.0,other,R
10342,16965,1,1,TmY14,TmY14_L,,,,visual_projection,L,,SIFa_to_target,male-cns:v1.0,other,L
10342,17121,4,4,GNG170,GNG170_R,,,,cb_intrinsic,R,,SIFa_to_target,male-cns:v1.0,other,R
10342,17166,1,1,TmY14,TmY14_L,,,,visual_projection,L,,SIFa_to_target,male-cns:v1.0,other,L
10342,17169,1,1,aMe13,aMe13_L,aMe13,,,cb_intrinsic,L,,SIFa_to_target,male-cns:v1.0,other,L
10342,17210,3,2,DNpe036,DNpe036_L,,,xn,descending_neuron,L,,SIFa_to_target,male-cns:v1.0,other,L
10342,17293,2,2,PVLP098,PVLP098_L,PVLP098,,,cb_intrinsic,L,,SIFa_to_target,male-cns:v1.0,other,L
10342,17325,48,43,lLN2P_a,lLN2P_a_L,lLN2P_a,ALLN,,cb_intrinsic,L,,SIFa_to_target,male-cns:v1.0,other,L
10342,17341,1,1,SIP026,SIP026_R,SIP026,,,cb_intrinsic,R,,SIFa_to_target,male-cns:v1.0,other,R
10342,17350,1,1,DM6_adPN,DM6_adPN_L,DM6_adPN,ALPN,,cb_intrinsic,L,,SIFa_to_target,male-cns:v1.0,other,L
10342,17357,1,1,CB0956,CB0956_L,,,,cb_intrinsic,L,,SIFa_to_target,male-cns:v1.0,other,L
10342,17369,2,2,GNG550,GNG550_R,,,,cb_intrinsic,R,,SIFa_to_target,male-cns:v1.0,other,R
10342,17378,19,19,AN27X017,AN27X017_R,,,BA,ascending_neuron,R,,SIFa_to_target,male-cns:v1.0,other,R
10342,17425,1,1,TmY14,TmY14_L,,,,visual_projection,L,,SIFa_to_target,male-cns:v1.0,other,L
10342,17517,1,1,AVLP722m,AVLP722m_L,,,,cb_intrinsic,L,,SIFa_to_target,male-cns:v1.0,other,L
10342,17634,1,1,Y3,Y3_L,,,,ol_intrinsic,L,,SIFa_to_target,male-cns:v1.0,other,L
10342,17661,2,2,SMP743,SMP743_R,,,,cb_intrinsic,R,,SIFa_to_target,male-cns:v1.0,other,R
10342,17734,1,1,LPLC1,LPLC1_L,LPLC1,,,visual_projection,L,,SIFa_to_target,male-cns:v1.0,other,L
10342,17785,1,1,TmY19a,TmY19a_L,,,,ol_intrinsic,L,,SIFa_to_target,male-cns:v1.0,other,L
10342,17829,1,1,T2,T2_L,,,,ol_intrinsic,L,,SIFa_to_target,male-cns:v1.0,other,L
10342,17878,3,3,GNG321,GNG321(hb612095452)_R,(hb612095452),,,cb_intrinsic,R,,SIFa_to_target,male-cns:v1.0,other,R
10342,17924,1,1,DA3_adPN,DA3_adPN_L,DA3_adPN,ALPN,,cb_intrinsic,L,,SIFa_to_target,male-cns:v1.0,other,L
10342,17974,1,1,Pm7,Pm7_L,,,,ol_intrinsic,L,,SIFa_to_target,male-cns:v1.0,other,L
10342,18147,1,1,ORN_VA2,ORN_VA2_R,ORN_VA2,olfactory,,cb_sensory,,R,SIFa_to_target,male-cns:v1.0,other,R
10342,18156,1,1,ExR2,ExR2_L,ExR2,CX,,cb_intrinsic,L,,SIFa_to_target,male-cns:v1.0,other,L
10342,18165,20,19,lLN2P_b,lLN2P_b_L,lLN2P_b,ALLN,,cb_intrinsic,L,,SIFa_to_target,male-cns:v1.0,other,L
10342,18199,1,1,Pm2a,Pm2a_L,,,,ol_intrinsic,L,,SIFa_to_target,male-cns:v1.0,other,L
10342,18305,1,1,LHAV3k6,LHAV3k6_L,LHAV3k6,,,cb_intrinsic,L,,SIFa_to_target,male-cns:v1.0,other,L
10342,18431,4,4,SAD077,SAD077_L,SAD077,,,cb_intrinsic,L,,SIFa_to_target,male-cns:v1.0,other,L
10342,18455,1,1,AN17B008,AN17B008_L,,,BA,ascending_neuron,L,,SIFa_to_target,male-cns:v1.0,other,L
10342,18488,1,1,TmY14,TmY14_L,,,,visual_projection,L,,SIFa_to_target,male-cns:v1.0,other,L
10342,18584,1,1,Pm5,Pm5_L,,,,ol_intrinsic,L,,SIFa_to_target,male-cns:v1.0,other,L
10342,18703,1,1,SLP368,SLP368_R,SLP368,,,cb_intrinsic,R,,SIFa_to_target,male-cns:v1.0,other,R
10342,18726,13,13,lLN2P_c,lLN2P_c_L,lLN2P_c,ALLN,,cb_intrinsic,L,,SIFa_to_target,male-cns:v1.0,other,L
10342,18730,20,19,lLN2P_b,lLN2P_b_L,lLN2P_b,ALLN,,cb_intrinsic,L,,SIFa_to_target,male-cns:v1.0,other,L
10342,18776,1,1,DA2_lPN,DA2_lPN_L,DA2_lPN,ALPN,,cb_intrinsic,L,,SIFa_to_target,male-cns:v1.0,other,L
10342,18803,1,1,PFL3,PFL3(PB12c)_R1_C7,PFL3,CX,,cb_intrinsic,R,,SIFa_to_target,male-cns:v1.0,other,unknown
10342,18844,1,1,MB-C1,MB-C1_R,MB-C1,,,cb_intrinsic,R,,SIFa_to_target,male-cns:v1.0,other,R
10342,18867,1,1,VM5d_adPN,VM5d_adPN_L,VM5d_adPN,ALPN,,cb_intrinsic,L,,SIFa_to_target,male-cns:v1.0,other,L
10342,18874,1,1,LHPD2d1,LHPD2d1_R,LHPD2d1,,,cb_intrinsic,R,,SIFa_to_target,male-cns:v1.0,other,R
10342,18878,3,3,GNG630,GNG630_L,,,,cb_intrinsic,L,,SIFa_to_target,male-cns:v1.0,other,L
10342,19197,1,1,AN09B018,AN09B018_R,,,BA,ascending_neuron,R,,SIFa_to_target,male-cns:v1.0,other,R
10342,19226,2,1,Pm2a,Pm2a_L,,,,ol_intrinsic,L,,SIFa_to_target,male-cns:v1.0,other,L
10342,19292,1,1,Li28,Li28_L,,,,ol_intrinsic,L,,SIFa_to_target,male-cns:v1.0,other,L
10342,19295,1,1,TmY14,TmY14_L,,,,visual_projection,L,,SIFa_to_target,male-cns:v1.0,other,L
10342,19305,1,1,v2LN3A1_b,v2LN3A1_b_L,,ALLN,,cb_intrinsic,L,,SIFa_to_target,male-cns:v1.0,other,L
10342,19335,1,1,Cm28,Cm28_L,,,,ol_intrinsic,L,,SIFa_to_target,male-cns:v1.0,other,L
10342,19416,1,1,Pm2b,Pm2b_L,,,,ol_intrinsic,L,,SIFa_to_target,male-cns:v1.0,other,L
10342,19450,1,1,DNge091,DNge091_L,,,ut,descending_neuron,L,,SIFa_to_target,male-cns:v1.0,other,L
10342,19466,1,1,CB1949,CB1949_L,,,,cb_intrinsic,L,,SIFa_to_target,male-cns:v1.0,other,L
10342,19498,1,1,LHPD5d1,LHPD5d1_L,LHPD5d1,,,cb_intrinsic,L,,SIFa_to_target,male-cns:v1.0,other,L
10342,19506,1,1,Tm4,Tm4_L,,,,ol_intrinsic,L,,SIFa_to_target,male-cns:v1.0,other,L
10342,19512,1,1,Tm1,Tm1_L,,,,ol_intrinsic,L,,SIFa_to_target,male-cns:v1.0,other,L
10342,19560,1,1,Pm7,Pm7_L,,,,ol_intrinsic,L,,SIFa_to_target,male-cns:v1.0,other,L
10342,19587,1,1,Pm2a,Pm2a_L,,,,ol_intrinsic,L,,SIFa_to_target,male-cns:v1.0,other,L
10342,19622,2,2,SAD077,SAD077_L,SAD077,,,cb_intrinsic,L,,SIFa_to_target,male-cns:v1.0,other,L
10342,19638,3,2,CB1314,CB1314_L,,,,cb_intrinsic,L,,SIFa_to_target,male-cns:v1.0,other,L
10342,19743,2,1,VA7m_lPN,VA7m_lPN_L,VA7m_lPN,ALPN,,cb_intrinsic,L,,SIFa_to_target,male-cns:v1.0,other,L
10342,19766,1,1,Pm2b,Pm2b_L,,,,ol_intrinsic,L,,SIFa_to_target,male-cns:v1.0,other,L
10342,19767,11,10,lLN2P_b,lLN2P_b_L,lLN2P_b,ALLN,,cb_intrinsic,L,,SIFa_to_target,male-cns:v1.0,other,L
10342,19849,1,1,Pm2a,Pm2a_L,,,,ol_intrinsic,L,,SIFa_to_target,male-cns:v1.0,other,L
10342,19899,2,1,CB3649,CB3649_L,,,,cb_intrinsic,L,,SIFa_to_target,male-cns:v1.0,other,L
10342,19915,1,1,GNG630,GNG630_R,,,,cb_intrinsic,R,,SIFa_to_target,male-cns:v1.0,other,R
10342,19921,16,14,lLN2P_a,lLN2P_a_L,lLN2P_a,ALLN,,cb_intrinsic,L,,SIFa_to_target,male-cns:v1.0,other,L
10342,19956,1,1,PRW031,PRW031_L,,,,cb_intrinsic,L,,SIFa_to_target,male-cns:v1.0,other,L
10342,19962,1,1,DNge181,DNge181_L,,,ut,descending_neuron,L,,SIFa_to_target,male-cns:v1.0,other,L
10342,20025,1,1,Pm2a,Pm2a_L,,,,ol_intrinsic,L,,SIFa_to_target,male-cns:v1.0,other,L
10342,20105,2,1,DA2_lPN,DA2_lPN_L,DA2_lPN,ALPN,,cb_intrinsic,L,,SIFa_to_target,male-cns:v1.0,other,L
10342,20132,1,1,LHAV2b2_b,LHAV2b2_b_L,LHAV2b2_b,,,cb_intrinsic,L,,SIFa_to_target,male-cns:v1.0,other,L
10342,20200,2,2,v2LN3A,v2LN3A_L,v2LN3A,ALLN,,cb_intrinsic,L,,SIFa_to_target,male-cns:v1.0,other,L
10342,20227,1,1,ANXXX005,ANXXX005_R,,,BA,ascending_neuron,R,,SIFa_to_target,male-cns:v1.0,other,R
10342,20235,1,1,CB1706,CB1706_L,,,,cb_intrinsic,L,,SIFa_to_target,male-cns:v1.0,other,L
10342,20264,1,1,Li28,Li28_L,,,,ol_intrinsic,L,,SIFa_to_target,male-cns:v1.0,other,L
10342,20291,1,1,SIP122m,SIP122m_L,,,,cb_intrinsic,L,,SIFa_to_target,male-cns:v1.0,other,L
10342,20402,11,10,lLN2P_b,lLN2P_b_L,lLN2P_b,ALLN,,cb_intrinsic,L,,SIFa_to_target,male-cns:v1.0,other,L
10342,20486,1,1,MeVPLo2,MeVPLo2_L,,,,visual_projection,L,,SIFa_to_target,male-cns:v1.0,other,L
10342,20531,1,1,DNg09_a,DNg09_a_L,,,xn,descending_neuron,L,,SIFa_to_target,male-cns:v1.0,other,L
10342,20581,14,12,lLN2P_c,lLN2P_c_L,lLN2P_c,ALLN,,cb_intrinsic,L,,SIFa_to_target,male-cns:v1.0,other,L
10342,20620,16,15,lLN2P_b,lLN2P_b_L,lLN2P_b,ALLN,,cb_intrinsic,L,,SIFa_to_target,male-cns:v1.0,other,L
10342,20623,1,1,Pm2b,Pm2b_L,,,,ol_intrinsic,L,,SIFa_to_target,male-cns:v1.0,other,L
10342,20643,1,1,DNg57,DNg57_R,,,xn,descending_neuron,R,,SIFa_to_target,male-cns:v1.0,other,R
10342,20715,2,1,EL,EL_L,EL,CX,,cb_intrinsic,L,,SIFa_to_target,male-cns:v1.0,other,L
10342,20736,1,1,Pm10,Pm10_L,,,,ol_intrinsic,L,,SIFa_to_target,male-cns:v1.0,other,L
10342,20741,1,1,AVLP600,AVLP600_L,,,,cb_intrinsic,L,,SIFa_to_target,male-cns:v1.0,other,L
10342,20822,5,5,SAD077,SAD077_L,SAD077,,,cb_intrinsic,L,,SIFa_to_target,male-cns:v1.0,other,L
10342,20831,2,2,AN09A005,AN09A005_R,,,XA,ascending_neuron,R,,SIFa_to_target,male-cns:v1.0,other,R
10342,20835,1,1,MBON23,MBON23(a2sp)_R,MBON23,MBON,,cb_intrinsic,R,,SIFa_to_target,male-cns:v1.0,MBON,R
10342,20910,1,1,M_lPNm11D,M_lPNm11D_L,M_lPNm11D,ALPN,,cb_intrinsic,L,,SIFa_to_target,male-cns:v1.0,other,L
10342,20995,2,2,DA2_lPN,DA2_lPN_L,DA2_lPN,ALPN,,cb_intrinsic,L,,SIFa_to_target,male-cns:v1.0,other,L
10342,21020,1,1,ANXXX165,ANXXX165_R,,,BA,ascending_neuron,R,,SIFa_to_target,male-cns:v1.0,other,R
10342,21022,1,1,MeVP39,MeVP39_L,,,,visual_projection,L,,SIFa_to_target,male-cns:v1.0,other,L
10342,21098,1,1,,,,,,cb_intrinsic,L,,SIFa_to_target,male-cns:v1.0,other,unknown
10342,21252,1,1,PRW031,PRW031_R,,,,cb_intrinsic,R,,SIFa_to_target,male-cns:v1.0,other,R
10342,21365,1,1,PRW063,PRW063_L,,,,cb_intrinsic,L,,SIFa_to_target,male-cns:v1.0,other,L
10342,21411,1,1,PRW040,PRW040_R,,,,cb_intrinsic,R,,SIFa_to_target,male-cns:v1.0,other,R
10342,21412,1,1,PRW008,PRW008_L,,,,cb_intrinsic,L,,SIFa_to_target,male-cns:v1.0,other,L
10342,21436,1,1,TmY14,TmY14_L,,,,visual_projection,L,,SIFa_to_target,male-cns:v1.0,other,L
10342,21512,1,1,AN08B013,AN08B013_L,,,BA,ascending_neuron,L,,SIFa_to_target,male-cns:v1.0,other,L
10342,21658,2,2,TmY19b,TmY19b_L,,,,ol_intrinsic,L,,SIFa_to_target,male-cns:v1.0,other,L
10342,21687,6,6,CB2228,CB2228_L,,,,cb_intrinsic,L,,SIFa_to_target,male-cns:v1.0,other,L
10342,21699,1,1,MeLo13,MeLo13_L,,,,ol_intrinsic,L,,SIFa_to_target,male-cns:v1.0,other,L
10342,21706,1,1,Pm10,Pm10_L,,,,ol_intrinsic,L,,SIFa_to_target,male-cns:v1.0,other,L
10342,21805,1,1,PRW006,PRW006_R,,,,cb_intrinsic,R,,SIFa_to_target,male-cns:v1.0,other,R
10342,21926,1,1,TmY19a,TmY19a_L,,,,ol_intrinsic,L,,SIFa_to_target,male-cns:v1.0,other,L
10342,21974,1,1,TmY14,TmY14_L,,,,visual_projection,L,,SIFa_to_target,male-cns:v1.0,other,L
10342,22004,1,1,Mi14,Mi14_L,,,,ol_intrinsic,L,,SIFa_to_target,male-cns:v1.0,other,L
10342,22008,1,1,AVLP420_a,AVLP420_a_L,AVLP420_a,,,cb_intrinsic,L,,SIFa_to_target,male-cns:v1.0,other,L
10342,22041,1,1,AVLP551,AVLP551_L,AVLP551,,,cb_intrinsic,L,,SIFa_to_target,male-cns:v1.0,other,L
10342,22086,1,1,hDeltaB,hDeltaB_13_C11,hDeltaB,CX,,cb_intrinsic,L,,SIFa_to_target,male-cns:v1.0,other,unknown
10342,22132,1,1,aMe1,aMe1_L,aMe1,,,visual_projection,L,,SIFa_to_target,male-cns:v1.0,other,L
10342,22166,20,20,lLN2P_c,lLN2P_c_L,lLN2P_c,ALLN,,cb_intrinsic,L,,SIFa_to_target,male-cns:v1.0,other,L
10342,22230,2,2,MeLo13,MeLo13_L,,,,ol_intrinsic,L,,SIFa_to_target,male-cns:v1.0,other,L
10342,22243,13,9,lLN2P_c,lLN2P_c_L,lLN2P_c,ALLN,,cb_intrinsic,L,,SIFa_to_target,male-cns:v1.0,other,L
10342,22270,2,2,WED055_b,WED055_b_L,WED055_b,,,cb_intrinsic,L,,SIFa_to_target,male-cns:v1.0,other,L
10342,22276,35,33,lLN2P_a,lLN2P_a_L,lLN2P_a,ALLN,,cb_intrinsic,L,,SIFa_to_target,male-cns:v1.0,other,L
10342,22395,3,2,CB2228,CB2228_L,,,,cb_intrinsic,L,,SIFa_to_target,male-cns:v1.0,other,L
10342,22441,5,4,CB2228,CB2228_L,,,,cb_intrinsic,L,,SIFa_to_target,male-cns:v1.0,other,L
10342,22442,1,1,SMP561,SMP561_R,SMP561,,,cb_intrinsic,R,,SIFa_to_target,male-cns:v1.0,other,R
10342,22569,1,1,VM5d_adPN,VM5d_adPN_L,VM5d_adPN,ALPN,,cb_intrinsic,L,,SIFa_to_target,male-cns:v1.0,other,L
10342,22717,1,1,M_lPNm11D,M_lPNm11D_L,M_lPNm11D,ALPN,,cb_intrinsic,L,,SIFa_to_target,male-cns:v1.0,other,L
10342,22758,1,1,DNg67,DNg67_R,,,xl,descending_neuron,R,,SIFa_to_target,male-cns:v1.0,other,R
10342,23004,8,7,SMP743,SMP743_R,,,,cb_intrinsic,R,,SIFa_to_target,male-cns:v1.0,other,R
10342,23080,1,1,ER4d,ER4d_R,ER4d,CX,,cb_intrinsic,R,,SIFa_to_target,male-cns:v1.0,other,R
10342,23209,2,2,PhG11,PhG11_L,,gustatory,pharyngeal sensillum,cb_sensory,,L,SIFa_to_target,male-cns:v1.0,other,L
10342,23281,1,1,ExR5,ExR5_L,ExR5,CX,,cb_intrinsic,L,,SIFa_to_target,male-cns:v1.0,other,L
10342,23387,2,1,,,,,,cb_intrinsic,L,,SIFa_to_target,male-cns:v1.0,other,unknown
10342,23401,1,1,lLN1_bc,lLN1_bc_L,"lLN1_b,lLN1_c",ALLN,,cb_intrinsic,L,,SIFa_to_target,male-cns:v1.0,other,L
10342,23494,3,3,DA3_adPN,DA3_adPN_L,DA3_adPN,ALPN,,cb_intrinsic,L,,SIFa_to_target,male-cns:v1.0,other,L
10342,23696,1,1,WEDPN1B,WEDPN1B_L,WEDPN1B,,,cb_intrinsic,L,,SIFa_to_target,male-cns:v1.0,other,L
10342,23785,1,1,TmY16,TmY16_L,,,,ol_intrinsic,L,,SIFa_to_target,male-cns:v1.0,other,L
10342,23970,1,1,LH002m,LH002m_L,,,,cb_intrinsic,L,,SIFa_to_target,male-cns:v1.0,other,L
10342,23979,2,1,CB1065,CB1065_L,,,,cb_intrinsic,L,,SIFa_to_target,male-cns:v1.0,other,L
10342,24001,1,1,Cm11b,Cm11b_L,,,,ol_intrinsic,L,,SIFa_to_target,male-cns:v1.0,other,L
10342,24122,1,1,ER4d,ER4d_R,ER4d,CX,,cb_intrinsic,R,,SIFa_to_target,male-cns:v1.0,other,R
10342,24140,1,1,MeVP4,MeVP4_L,MC62,,,visual_projection,L,,SIFa_to_target,male-cns:v1.0,other,L
10342,24310,2,2,AVLP387,AVLP387_L,AVLP387,,,cb_intrinsic,L,,SIFa_to_target,male-cns:v1.0,other,L
10342,24315,1,1,LHAV1a1,LHAV1a1_L,LHAV1a1,,,cb_intrinsic,L,,SIFa_to_target,male-cns:v1.0,other,L
10342,24387,1,1,hDeltaF,hDeltaF_10_C5b,hDeltaF,CX,,cb_intrinsic,L,,SIFa_to_target,male-cns:v1.0,other,unknown
10342,24488,1,1,Pm2a,Pm2a_L,,,,ol_intrinsic,L,,SIFa_to_target,male-cns:v1.0,other,L
10342,24837,4,4,PRW017,PRW017_L,,,,cb_intrinsic,L,,SIFa_to_target,male-cns:v1.0,other,L
10342,24841,3,3,DL2v_adPN,DL2v_adPN_L,DL2v_adPN,ALPN,,cb_intrinsic,L,,SIFa_to_target,male-cns:v1.0,other,L
10342,24852,1,1,WED025,WED025_L,WED025,,,cb_intrinsic,L,,SIFa_to_target,male-cns:v1.0,other,L
10342,24888,1,1,AN03B011,AN03B011_L,,,BA,ascending_neuron,L,,SIFa_to_target,male-cns:v1.0,other,L
10342,24928,3,2,CB1194,CB1194_L,,,,cb_intrinsic,L,,SIFa_to_target,male-cns:v1.0,other,L
10342,24946,2,2,PRW005,PRW005_L,,,,cb_intrinsic,L,,SIFa_to_target,male-cns:v1.0,other,L
10342,25184,1,1,PEN_b(PEN2),PEN_b(PB06b)_L4,PEN_b(PEN2),CX,,cb_intrinsic,L,,SIFa_to_target,male-cns:v1.0,other,unknown
10342,25260,1,1,LPLC1,LPLC1_L,LPLC1,,,visual_projection,L,,SIFa_to_target,male-cns:v1.0,other,L
10342,25294,1,1,Tm1,Tm1_L,,,,ol_intrinsic,L,,SIFa_to_target,male-cns:v1.0,other,L
10342,25346,1,1,SCL002m,SCL002m_L,,,,cb_intrinsic,L,,SIFa_to_target,male-cns:v1.0,other,L
10342,25399,1,1,TmY15,TmY15_L,,,,ol_intrinsic,L,,SIFa_to_target,male-cns:v1.0,other,L
10342,25464,1,1,SMP406_c,SMP406_c_R,SMP406,,,cb_intrinsic,R,,SIFa_to_target,male-cns:v1.0,other,R
10342,25474,1,1,DNg07,DNg07_L,,,ut,descending_neuron,L,,SIFa_to_target,male-cns:v1.0,other,L
10342,25487,1,1,CB2475,CB2475_L,,,,cb_intrinsic,L,,SIFa_to_target,male-cns:v1.0,other,L
10342,25539,3,1,Tm1,Tm1_L,,,,ol_intrinsic,L,,SIFa_to_target,male-cns:v1.0,other,L
10342,25687,2,2,AN10B022,AN10B022(22617)_R,,,BA,ascending_neuron,R,,SIFa_to_target,male-cns:v1.0,other,R
10342,25787,1,1,TmY14,TmY14_L,,,,visual_projection,L,,SIFa_to_target,male-cns:v1.0,other,L
10342,25792,1,1,PEN_a(PEN1),PEN_a(PB06a)_R4,PEN_a(PEN1),CX,,cb_intrinsic,R,,SIFa_to_target,male-cns:v1.0,other,unknown
10342,25949,1,1,TmY16,TmY16_L,,,,ol_intrinsic,L,,SIFa_to_target,male-cns:v1.0,other,L
10342,26021,1,1,CB3499,CB3499_L,,,,cb_intrinsic,L,,SIFa_to_target,male-cns:v1.0,other,L
10342,26095,1,1,v2LN3A1_a,v2LN3A1_a_R,,ALLN,,cb_intrinsic,R,,SIFa_to_target,male-cns:v1.0,other,R
10342,26241,1,1,AN01B002,AN01B002(26241)_L,,,BA,ascending_neuron,L,,SIFa_to_target,male-cns:v1.0,other,L
10342,26273,2,2,MeVP10,MeVP10_L,,,,visual_projection,L,,SIFa_to_target,male-cns:v1.0,other,L
10342,26338,1,1,LHPV2a3,LHPV2a3_L,LHPV2a3,,,cb_intrinsic,L,,SIFa_to_target,male-cns:v1.0,other,L
10342,26473,1,1,Pm2a,Pm2a_L,,,,ol_intrinsic,L,,SIFa_to_target,male-cns:v1.0,other,L
10342,26481,1,1,AVLP525,AVLP525(CL277)_R,"AVLP525,CL277",,,cb_intrinsic,R,,SIFa_to_target,male-cns:v1.0,other,R
10342,26632,1,1,TmY19a,TmY19a_L,,,,ol_intrinsic,L,,SIFa_to_target,male-cns:v1.0,other,L
10342,26642,1,1,LHPV2b5,LHPV2b5_L,LHPV2b5,,,cb_intrinsic,L,,SIFa_to_target,male-cns:v1.0,other,L
10342,26651,1,1,TmY16,TmY16_L,,,,ol_intrinsic,L,,SIFa_to_target,male-cns:v1.0,other,L
10342,26806,1,1,MeLo3b,MeLo3b_L,,,,ol_intrinsic,L,,SIFa_to_target,male-cns:v1.0,other,L
10342,26845,1,1,DL2v_adPN,DL2v_adPN_L,DL2v_adPN,ALPN,,cb_intrinsic,L,,SIFa_to_target,male-cns:v1.0,other,L
10342,27054,1,1,SIP077,SIP077_R,SIP077,,,cb_intrinsic,R,,SIFa_to_target,male-cns:v1.0,other,R
10342,27133,3,3,hDeltaK,hDeltaK_03_C3,hDeltaK,CX,,cb_intrinsic,R,,SIFa_to_target,male-cns:v1.0,other,unknown
10342,27166,1,1,PRW026,PRW026_L,,,,cb_intrinsic,L,,SIFa_to_target,male-cns:v1.0,other,L
10342,27296,1,1,PEN_a(PEN1),PEN_a(PB06a)_R6,PEN_a(PEN1),CX,,cb_intrinsic,R,,SIFa_to_target,male-cns:v1.0,other,unknown
10342,27333,1,1,DL3_lPN,DL3_lPN_L,DL3_lPN,ALPN,,cb_intrinsic,L,,SIFa_to_target,male-cns:v1.0,other,L
10342,27472,1,1,Pm3,Pm3_L,,,,ol_intrinsic,L,,SIFa_to_target,male-cns:v1.0,other,L
10342,27475,1,1,AN17B011,AN17B011_L,,,BA,ascending_neuron,L,,SIFa_to_target,male-cns:v1.0,other,L
10342,27483,1,1,TmY15,TmY15_L,,,,ol_intrinsic,L,,SIFa_to_target,male-cns:v1.0,other,L
10342,27557,1,1,CB2595,CB2595_L,,,,cb_intrinsic,L,,SIFa_to_target,male-cns:v1.0,other,L
10342,27661,4,4,Pm10,Pm10_L,,,,ol_intrinsic,L,,SIFa_to_target,male-cns:v1.0,other,L
10342,27697,1,1,LHAV4g13,LHAV4g13_L,LHAV4g13,,,cb_intrinsic,L,,SIFa_to_target,male-cns:v1.0,other,L
10342,27811,1,1,TmY14,TmY14_L,,,,visual_projection,L,,SIFa_to_target,male-cns:v1.0,other,L
10342,27840,1,1,AVLP377,AVLP377_L,AVLP377,,,cb_intrinsic,L,,SIFa_to_target,male-cns:v1.0,other,L
10342,27920,2,2,Pm2a,Pm2a_L,,,,ol_intrinsic,L,,SIFa_to_target,male-cns:v1.0,other,L
10342,27980,1,1,Pm3,Pm3_L,,,,ol_intrinsic,L,,SIFa_to_target,male-cns:v1.0,other,L
10342,28009,1,1,Cm19,Cm19_L,,,,ol_intrinsic,L,,SIFa_to_target,male-cns:v1.0,other,L
10342,28117,1,1,CB4116,CB4116_L,,,,cb_intrinsic,L,,SIFa_to_target,male-cns:v1.0,other,L
10342,28331,1,1,CB2558,CB2558_L,,,,cb_intrinsic,L,,SIFa_to_target,male-cns:v1.0,other,L
10342,28332,1,1,GNG150,GNG150_R,,,,cb_intrinsic,R,,SIFa_to_target,male-cns:v1.0,other,R
10342,28394,5,5,PRW036,PRW036_R,,,,cb_intrinsic,R,,SIFa_to_target,male-cns:v1.0,other,R
10342,28406,17,15,lLN2P_c,lLN2P_c_L,lLN2P_c,ALLN,,cb_intrinsic,L,,SIFa_to_target,male-cns:v1.0,other,L
10342,28485,1,1,Tm2,Tm2_L,,,,ol_intrinsic,L,,SIFa_to_target,male-cns:v1.0,other,L
10342,28580,1,1,ANXXX178,ANXXX178_L,,,BA,ascending_neuron,L,,SIFa_to_target,male-cns:v1.0,other,L
10342,28680,1,1,VM5d_adPN,VM5d_adPN_L,VM5d_adPN,ALPN,,cb_intrinsic,L,,SIFa_to_target,male-cns:v1.0,other,L
10342,28696,5,4,PRW009,PRW009_R,,,,cb_intrinsic,R,,SIFa_to_target,male-cns:v1.0,other,R
10342,28901,2,1,ANXXX136,ANXXX136_R,,,BA,ascending_neuron,R,,SIFa_to_target,male-cns:v1.0,other,R
10342,28981,1,1,TmY15,TmY15_L,,,,ol_intrinsic,L,,SIFa_to_target,male-cns:v1.0,other,L
10342,29144,1,1,CB2755,CB2755_L,,,,cb_intrinsic,L,,SIFa_to_target,male-cns:v1.0,other,L
10342,29215,2,2,PRW075,PRW075_L,,,,cb_intrinsic,L,,SIFa_to_target,male-cns:v1.0,other,L
10342,29234,7,6,ANXXX202,ANXXX202_L,,,BA,ascending_neuron,L,,SIFa_to_target,male-cns:v1.0,other,L
10342,29432,1,1,TmY19a,TmY19a_L,,,,ol_intrinsic,L,,SIFa_to_target,male-cns:v1.0,other,L
10342,29640,1,1,CB1387,CB1387_L,,,,cb_intrinsic,L,,SIFa_to_target,male-cns:v1.0,other,L
10342,29657,1,1,Pm2a,Pm2a_L,,,,ol_intrinsic,L,,SIFa_to_target,male-cns:v1.0,other,L
10342,29677,1,1,LHAV1a3,LHAV1a3_L,LHAV1a3,,,cb_intrinsic,L,,SIFa_to_target,male-cns:v1.0,other,L
10342,29908,3,3,AN04B023,AN04B023(19886)_L,,,IA,ascending_neuron,L,,SIFa_to_target,male-cns:v1.0,other,L
10342,30179,2,1,Pm10,Pm10_L,,,,ol_intrinsic,L,,SIFa_to_target,male-cns:v1.0,other,L
10342,30194,1,1,SAD013,SAD013_L,SAD013,,,cb_intrinsic,L,,SIFa_to_target,male-cns:v1.0,other,L
10342,30221,1,1,TmY15,TmY15_L,,,,ol_intrinsic,L,,SIFa_to_target,male-cns:v1.0,other,L
10342,30346,5,3,AN17A062,AN17A062_L,,,IA,ascending_neuron,L,,SIFa_to_target,male-cns:v1.0,other,L
10342,30593,1,1,TmY19a,TmY19a_L,,,,ol_intrinsic,L,,SIFa_to_target,male-cns:v1.0,other,L
10342,30769,1,1,Tm4,Tm4_L,,,,ol_intrinsic,L,,SIFa_to_target,male-cns:v1.0,other,L
10342,31191,1,1,TmY14,TmY14_L,,,,visual_projection,L,,SIFa_to_target,male-cns:v1.0,other,L
10342,31328,1,1,Tm1,Tm1_L,,,,ol_intrinsic,L,,SIFa_to_target,male-cns:v1.0,other,L
10342,31426,1,1,LHPV2b4,LHPV2b4_L,LHPV2b4,,,cb_intrinsic,L,,SIFa_to_target,male-cns:v1.0,other,L
10342,31459,1,1,LPT111,LPT111_L,LT71,,,visual_centrifugal,L,,SIFa_to_target,male-cns:v1.0,other,L
10342,31713,1,1,vDeltaM,vDeltaM_C4,vDeltaM,CX,,cb_intrinsic,R,,SIFa_to_target,male-cns:v1.0,other,unknown
10342,31778,2,2,PRW075,PRW075_R,,,,cb_intrinsic,R,,SIFa_to_target,male-cns:v1.0,other,R
10342,31860,1,1,FB6K,FB6K_L,FB6K,CX,,cb_intrinsic,L,,SIFa_to_target,male-cns:v1.0,other,L
10342,31891,1,1,CB4205,CB4205_R,SMP484,,,cb_intrinsic,R,,SIFa_to_target,male-cns:v1.0,other,R
10342,31905,1,1,WED001,WED001_L,WED001,,,cb_intrinsic,L,,SIFa_to_target,male-cns:v1.0,other,L
10342,31946,1,1,Pm5,Pm5_L,,,,ol_intrinsic,L,,SIFa_to_target,male-cns:v1.0,other,L
10342,31966,2,1,AN10B027,AN10B027(31966)_R,,,CA,ascending_neuron,R,,SIFa_to_target,male-cns:v1.0,other,R
10342,32057,1,1,CB4128,CB4128_L,,,,cb_intrinsic,L,,SIFa_to_target,male-cns:v1.0,other,L
10342,32261,1,1,TmY16,TmY16_L,,,,ol_intrinsic,L,,SIFa_to_target,male-cns:v1.0,other,L
10342,32316,4,3,MeLo3a,MeLo3a_L,,,,ol_intrinsic,L,,SIFa_to_target,male-cns:v1.0,other,L
10342,32369,2,1,Pm4,Pm4_L,,,,ol_intrinsic,L,,SIFa_to_target,male-cns:v1.0,other,L
10342,32617,1,1,LHPV4a2,LHPV4a2_L,LHPV4a2,,,cb_intrinsic,L,,SIFa_to_target,male-cns:v1.0,other,L
10342,32628,5,4,PS072,PS072_L,PS072,,,cb_intrinsic,L,,SIFa_to_target,male-cns:v1.0,other,L
10342,32881,1,1,AN10B027,AN10B027(32881)_R,,,CA,ascending_neuron,R,,SIFa_to_target,male-cns:v1.0,other,R
10342,33372,1,1,CB1417,CB1417_L,,,,cb_intrinsic,L,,SIFa_to_target,male-cns:v1.0,other,L
10342,34060,1,1,,,,,,cb_intrinsic,L,,SIFa_to_target,male-cns:v1.0,other,unknown
10342,34084,4,4,M_vPNml79,M_vPNml79_L,M_vPNml79,ALPN,,cb_intrinsic,L,,SIFa_to_target,male-cns:v1.0,other,L
10342,34260,2,1,PS072,PS072_L,PS072,,,cb_intrinsic,L,,SIFa_to_target,male-cns:v1.0,other,L
10342,34423,1,1,MeLo11,MeLo11_L,,,,ol_intrinsic,L,,SIFa_to_target,male-cns:v1.0,other,L
10342,34508,1,1,Tm5Y,Tm5Y_L,,,,ol_intrinsic,L,,SIFa_to_target,male-cns:v1.0,other,L
10342,34607,1,1,ER4d,ER4d_L,ER4d,CX,,cb_intrinsic,L,,SIFa_to_target,male-cns:v1.0,other,L
10342,34819,1,1,PRW009,PRW009_L,,,,cb_intrinsic,L,,SIFa_to_target,male-cns:v1.0,other,L
10342,34918,1,1,Tm1,Tm1_L,,,,ol_intrinsic,L,,SIFa_to_target,male-cns:v1.0,other,L
10342,34951,1,1,Tm23,Tm23_L,,,,ol_intrinsic,L,,SIFa_to_target,male-cns:v1.0,other,L
10342,35003,1,1,CB4064,CB4064_L,,,,cb_intrinsic,L,,SIFa_to_target,male-cns:v1.0,other,L
10342,35196,37,36,lLN2P_a,lLN2P_a_L,lLN2P_a,ALLN,,cb_intrinsic,L,,SIFa_to_target,male-cns:v1.0,other,L
10342,35334,2,2,PRW032,PRW032_R,,,,cb_intrinsic,R,,SIFa_to_target,male-cns:v1.0,other,R
10342,35344,2,2,PRW020,PRW020_R,,,,cb_intrinsic,R,,SIFa_to_target,male-cns:v1.0,other,R
10342,35662,2,2,Pm3,Pm3_L,,,,ol_intrinsic,L,,SIFa_to_target,male-cns:v1.0,other,L
10342,35737,1,1,LHAV4a5,LHAV4a5_L,LHAV4a5,,,cb_intrinsic,L,,SIFa_to_target,male-cns:v1.0,other,L
10342,35813,2,2,,,,,,cb_endocrine,L,,SIFa_to_target,male-cns:v1.0,other,unknown
10342,35930,2,1,CB0533,CB0533_L,,,,cb_intrinsic,L,,SIFa_to_target,male-cns:v1.0,other,L
10342,36040,1,1,LHAV2k9,LHAV2k9_L,LHAV2k9,,,cb_intrinsic,L,,SIFa_to_target,male-cns:v1.0,other,L
10342,36216,1,1,GNG513,GNG513_R,,,,cb_intrinsic,R,,SIFa_to_target,male-cns:v1.0,other,R
10342,36290,1,1,LHPV3a1,LHPV3a1_L,LHPV3a1,,,cb_intrinsic,L,,SIFa_to_target,male-cns:v1.0,other,L
10342,36422,1,1,PRW005,PRW005_L,,,,cb_intrinsic,L,,SIFa_to_target,male-cns:v1.0,other,L
10342,36443,1,1,CB2831,CB2831_L,,,,cb_intrinsic,L,,SIFa_to_target,male-cns:v1.0,other,L
10342,36477,1,1,AN01B005,AN01B005_L,,,BA,ascending_neuron,L,,SIFa_to_target,male-cns:v1.0,other,L
10342,36524,1,1,ER2_a,ER2_a_L,ER2_a,CX,,cb_intrinsic,L,,SIFa_to_target,male-cns:v1.0,other,L
10342,36600,1,1,Tm6,Tm6_L,,,,ol_intrinsic,L,,SIFa_to_target,male-cns:v1.0,other,L
10342,36947,1,1,WED102,WED102_L,WED102,,,cb_intrinsic,L,,SIFa_to_target,male-cns:v1.0,other,L
10342,37001,1,1,Cm11a,Cm11a_L,,,,ol_intrinsic,L,,SIFa_to_target,male-cns:v1.0,other,L
10342,37202,1,1,lLN15,lLN15_L,lLN15,ALLN,,cb_intrinsic,L,,SIFa_to_target,male-cns:v1.0,other,L
10342,37584,4,2,LHAV4a7,LHAV4a7_L,LHAV4a7,,,cb_intrinsic,L,,SIFa_to_target,male-cns:v1.0,other,L
10342,37729,1,1,Pm1,Pm1_L,,,,ol_intrinsic,L,,SIFa_to_target,male-cns:v1.0,other,L
10342,37909,1,1,Tm1,Tm1_L,,,,ol_intrinsic,L,,SIFa_to_target,male-cns:v1.0,other,L
10342,37950,2,2,LHAV4a7,LHAV4a7_L,LHAV4a7,,,cb_intrinsic,L,,SIFa_to_target,male-cns:v1.0,other,L
10342,38023,1,1,CB1782,CB1782_L,,,,cb_intrinsic,L,,SIFa_to_target,male-cns:v1.0,other,L
10342,38737,2,2,AVLP486,AVLP486_L,AVLP486,,,cb_intrinsic,L,,SIFa_to_target,male-cns:v1.0,other,L
10342,38829,1,1,PRW022,PRW022_R,,,,cb_intrinsic,R,,SIFa_to_target,male-cns:v1.0,other,R
10342,38919,2,1,PS329,PS329_L,,,,cb_intrinsic,L,,SIFa_to_target,male-cns:v1.0,other,L
10342,39485,1,1,CB3732,CB3732_L,,,,cb_intrinsic,L,,SIFa_to_target,male-cns:v1.0,other,L
10342,39496,3,3,PRW025,PRW025_R,,,,cb_intrinsic,R,,SIFa_to_target,male-cns:v1.0,other,R
10342,39504,6,5,PRW039,PRW039_R,,,,cb_intrinsic,R,,SIFa_to_target,male-cns:v1.0,other,R
10342,39700,1,1,Pm3,Pm3_L,,,,ol_intrinsic,L,,SIFa_to_target,male-cns:v1.0,other,L
10342,39731,2,2,TmY16,TmY16_L,,,,ol_intrinsic,L,,SIFa_to_target,male-cns:v1.0,other,L
10342,39847,1,1,PRW039,PRW039_L,,,,cb_intrinsic,L,,SIFa_to_target,male-cns:v1.0,other,L
10342,39922,1,1,M_lPNm11D,M_lPNm11D_L,M_lPNm11D,ALPN,,cb_intrinsic,L,,SIFa_to_target,male-cns:v1.0,other,L
10342,39992,1,1,Pm2a,Pm2a_L,,,,ol_intrinsic,L,,SIFa_to_target,male-cns:v1.0,other,L
10342,40137,1,1,CB2365,CB2365_L,,,,cb_intrinsic,L,,SIFa_to_target,male-cns:v1.0,other,L
10342,40223,1,1,Lawf1,Lawf1_L,,,,ol_intrinsic,L,,SIFa_to_target,male-cns:v1.0,other,L
10342,40588,1,1,AN10B029,AN10B029_R,,,BA,ascending_neuron,R,,SIFa_to_target,male-cns:v1.0,other,R
10342,40707,1,1,Tm1,Tm1_L,,,,ol_intrinsic,L,,SIFa_to_target,male-cns:v1.0,other,L
10342,40765,1,1,MeVP10,MeVP10_L,,,,visual_projection,L,,SIFa_to_target,male-cns:v1.0,other,L
10342,40831,1,1,Pm10,Pm10_L,,,,ol_intrinsic,L,,SIFa_to_target,male-cns:v1.0,other,L
10342,40838,1,1,M_adPNm3,M_adPNm3_L,M_adPNm3,ALPN,,cb_intrinsic,L,,SIFa_to_target,male-cns:v1.0,other,L
10342,40994,5,5,PRW039,PRW039_R,,,,cb_intrinsic,R,,SIFa_to_target,male-cns:v1.0,other,R
10342,41261,1,1,Tm4,Tm4_L,,,,ol_intrinsic,L,,SIFa_to_target,male-cns:v1.0,other,L
10342,41370,1,1,TmY3,TmY3_L,,,,ol_intrinsic,L,,SIFa_to_target,male-cns:v1.0,other,L
10342,41583,1,1,LHAV2b11,LHAV2b11_L,LHAV2b11,,,cb_intrinsic,L,,SIFa_to_target,male-cns:v1.0,other,L
10342,41897,1,1,TmY18,TmY18_L,,,,ol_intrinsic,L,,SIFa_to_target,male-cns:v1.0,other,L
10342,42004,1,1,Dm10,Dm10_L,,,,ol_intrinsic,L,,SIFa_to_target,male-cns:v1.0,other,L
10342,42077,2,1,Tm6,Tm6_L,,,,ol_intrinsic,L,,SIFa_to_target,male-cns:v1.0,other,L
10342,42140,1,1,KCg-m,KCg-m_L,KCg-m,Kenyon_Cell,,cb_intrinsic,L,,SIFa_to_target,male-cns:v1.0,KC_gamma,L
10342,42162,1,1,LHPV4c2,LHPV4c2_L,LHPV4c2,,,cb_intrinsic,L,,SIFa_to_target,male-cns:v1.0,other,L
10342,42441,1,1,LHPV6a3,LHPV6a3_L,LHPV6a3,,,cb_intrinsic,L,,SIFa_to_target,male-cns:v1.0,other,L
10342,43231,1,1,Tm1,Tm1_L,,,,ol_intrinsic,L,,SIFa_to_target,male-cns:v1.0,other,L
10342,43315,1,1,LHAV2f2_b,LHAV2f2_b_L,LHAV2f2_b,,,cb_intrinsic,L,,SIFa_to_target,male-cns:v1.0,other,L
10342,43494,1,1,PRW020,PRW020_R,,,,cb_intrinsic,R,,SIFa_to_target,male-cns:v1.0,other,R
10342,43565,1,1,MeVP14,MeVP14_L,,,,visual_projection,L,,SIFa_to_target,male-cns:v1.0,other,L
10342,43673,2,2,Tm1,Tm1_L,,,,ol_intrinsic,L,,SIFa_to_target,male-cns:v1.0,other,L
10342,43810,2,2,SMP734,SMP734_R,,,,cb_intrinsic,R,,SIFa_to_target,male-cns:v1.0,other,R
10342,43866,1,1,IbSpsP,IbSpsP(PB17)_L6,IbSpsP,CX,,cb_intrinsic,L,,SIFa_to_target,male-cns:v1.0,other,unknown
10342,43894,1,1,LHPV6h2,LHPV6h2_L,LHPV6h2,,,cb_intrinsic,L,,SIFa_to_target,male-cns:v1.0,other,L
10342,44124,1,1,CB1949,CB1949_R,,,,cb_intrinsic,R,,SIFa_to_target,male-cns:v1.0,other,R
10342,44472,2,2,LHPD2a6,LHPD2a6_L,LHPD2a6,,,cb_intrinsic,L,,SIFa_to_target,male-cns:v1.0,other,L
10342,44741,1,1,CB2133,CB2133_L,,,,cb_intrinsic,L,,SIFa_to_target,male-cns:v1.0,other,L
10342,44802,2,1,CB2596,CB2596_L,,,,cb_intrinsic,L,,SIFa_to_target,male-cns:v1.0,other,L
10342,45018,1,1,M_lvPNm35,M_lvPNm35_L,M_lvPNm35,ALPN,BI,cb_intrinsic,L,,SIFa_to_target,male-cns:v1.0,other,L
10342,45053,3,3,MeVP10,MeVP10_L,,,,visual_projection,L,,SIFa_to_target,male-cns:v1.0,other,L
10342,45100,1,1,TmY3,TmY3_L,,,,ol_intrinsic,L,,SIFa_to_target,male-cns:v1.0,other,L
10342,45267,1,1,Mi1,Mi1_L,,,,ol_intrinsic,L,,SIFa_to_target,male-cns:v1.0,other,L
10342,45288,1,1,GNG407,GNG407_R,,,,cb_intrinsic,R,,SIFa_to_target,male-cns:v1.0,other,R
10342,45295,2,2,Tm1,Tm1_L,,,,ol_intrinsic,L,,SIFa_to_target,male-cns:v1.0,other,L
10342,45698,2,1,T2,T2_L,,,,ol_intrinsic,L,,SIFa_to_target,male-cns:v1.0,other,L
10342,45764,1,1,TmY18,TmY18_L,,,,ol_intrinsic,L,,SIFa_to_target,male-cns:v1.0,other,L
10342,45818,1,1,CB3293,CB3293_L,,,,cb_intrinsic,L,,SIFa_to_target,male-cns:v1.0,other,L
10342,45956,1,1,MeVP3,MeVP3_R,MC62,,,visual_projection,R,,SIFa_to_target,male-cns:v1.0,other,R
10342,46320,2,2,Pm10,Pm10_L,,,,ol_intrinsic,L,,SIFa_to_target,male-cns:v1.0,other,L
10342,46571,1,1,FB6C_b,FB6C_b_R,FB6C_b,CX,,cb_intrinsic,R,,SIFa_to_target,male-cns:v1.0,other,R
10342,46649,1,1,Y3,Y3_L,,,,ol_intrinsic,L,,SIFa_to_target,male-cns:v1.0,other,L
10342,46783,1,1,CB1238,CB1238_L,,,,cb_intrinsic,L,,SIFa_to_target,male-cns:v1.0,other,L
10342,46828,1,1,T2,T2_L,,,,ol_intrinsic,L,,SIFa_to_target,male-cns:v1.0,other,L
10342,47046,1,1,Mi14,Mi14_L,,,,ol_intrinsic,L,,SIFa_to_target,male-cns:v1.0,other,L
10342,47104,1,1,PRW010,PRW010_R,,,,cb_intrinsic,R,,SIFa_to_target,male-cns:v1.0,other,R
10342,47331,1,1,TmY5a,TmY5a_L,,,,ol_intrinsic,L,,SIFa_to_target,male-cns:v1.0,other,L
10342,47564,4,4,PRW039,PRW039_R,,,,cb_intrinsic,R,,SIFa_to_target,male-cns:v1.0,other,R
10342,47644,1,1,AVLP549,AVLP549_L,AVLP549,,,cb_intrinsic,L,,SIFa_to_target,male-cns:v1.0,other,L
10342,47675,2,1,Pm4,Pm4_L,,,,ol_intrinsic,L,,SIFa_to_target,male-cns:v1.0,other,L
10342,47700,1,1,Pm5,Pm5_L,,,,ol_intrinsic,L,,SIFa_to_target,male-cns:v1.0,other,L
10342,47867,2,2,CB1792,CB1792_L,,,,cb_intrinsic,L,,SIFa_to_target,male-cns:v1.0,other,L
10342,47873,5,5,GNG402,GNG402_R,,,,cb_intrinsic,R,,SIFa_to_target,male-cns:v1.0,other,R
10342,48113,1,1,PAM10,PAM10(B1)_L,PAM10,DAN,,cb_intrinsic,L,,SIFa_to_target,male-cns:v1.0,DAN,L
10342,48147,1,1,KCg-d,KCg-d_R,KCg-d,Kenyon_Cell,,cb_intrinsic,R,,SIFa_to_target,male-cns:v1.0,KC_gamma,R
10342,48445,1,1,AVLP481,AVLP481_L,AVLP481,,,cb_intrinsic,L,,SIFa_to_target,male-cns:v1.0,other,L
10342,48450,2,2,Tm4,Tm4_L,,,,ol_intrinsic,L,,SIFa_to_target,male-cns:v1.0,other,L
10342,48974,1,1,LHPD2a2,LHPD2a2_L,LHPD2a2,,,cb_intrinsic,L,,SIFa_to_target,male-cns:v1.0,other,L
10342,49116,1,1,MeLo9,MeLo9_L,,,,ol_intrinsic,L,,SIFa_to_target,male-cns:v1.0,other,L
10342,49148,1,1,Tm1,Tm1_L,,,,ol_intrinsic,L,,SIFa_to_target,male-cns:v1.0,other,L
10342,49174,1,1,LHAV4a5,LHAV4a5_L,LHAV4a5,,,cb_intrinsic,L,,SIFa_to_target,male-cns:v1.0,other,L
10342,49570,1,1,v2LN34F,v2LN34F_L,v2LN34F,ALLN,,cb_intrinsic,L,,SIFa_to_target,male-cns:v1.0,other,L
10342,49693,8,8,AVLP545,AVLP545_L,AVLP545,,,cb_intrinsic,L,,SIFa_to_target,male-cns:v1.0,other,L
10342,49744,1,1,GNG445,GNG445_L,,,,cb_intrinsic,L,,SIFa_to_target,male-cns:v1.0,other,L
10342,49897,1,1,Pm4,Pm4_L,,,,ol_intrinsic,L,,SIFa_to_target,male-cns:v1.0,other,L
10342,49925,2,2,SAD021_a,SAD021_a_L,SAD021_a,,,cb_intrinsic,L,,SIFa_to_target,male-cns:v1.0,other,L
10342,50341,1,1,Tm2,Tm2_L,,,,ol_intrinsic,L,,SIFa_to_target,male-cns:v1.0,other,L
10342,50401,1,1,MeLo9,MeLo9_L,,,,ol_intrinsic,L,,SIFa_to_target,male-cns:v1.0,other,L
10342,50581,2,2,CB2805,CB2805_L,"LHAV2i5,LHAV2k3",,,cb_intrinsic,L,,SIFa_to_target,male-cns:v1.0,other,L
10342,51212,1,1,Cm8,Cm8_L,,,,ol_intrinsic,L,,SIFa_to_target,male-cns:v1.0,other,L
10342,51272,1,1,Tm1,Tm1_L,,,,ol_intrinsic,L,,SIFa_to_target,male-cns:v1.0,other,L
10342,51605,1,1,Tm1,Tm1_L,,,,ol_intrinsic,L,,SIFa_to_target,male-cns:v1.0,other,L
10342,51668,1,1,Tm1,Tm1_L,,,,ol_intrinsic,L,,SIFa_to_target,male-cns:v1.0,other,L
10342,51829,1,1,TmY3,TmY3_L,,,,ol_intrinsic,L,,SIFa_to_target,male-cns:v1.0,other,L
10342,52002,1,1,CB2116,CB2116_R,,,,cb_intrinsic,R,,SIFa_to_target,male-cns:v1.0,other,R
10342,52189,1,1,KCa'b'-ap2,KCa'b'-ap2_L,KCa'b'-ap2,Kenyon_Cell,,cb_intrinsic,L,,SIFa_to_target,male-cns:v1.0,KC_alpha_prime_beta_prime,L
10342,52222,2,2,MeVP10,MeVP10_L,,,,visual_projection,L,,SIFa_to_target,male-cns:v1.0,other,L
10342,52267,1,1,KCa'b'-m,KCa'b'-m_R,KCa'b'-m,Kenyon_Cell,,cb_intrinsic,R,,SIFa_to_target,male-cns:v1.0,KC_alpha_prime_beta_prime,R
10342,52455,1,1,GNG492,GNG492_L,,,,cb_intrinsic,L,,SIFa_to_target,male-cns:v1.0,other,L
10342,52641,1,1,LHPV6c1,LHPV6c1_L,LHPV6c1,,,cb_intrinsic,L,,SIFa_to_target,male-cns:v1.0,other,L
10342,52756,1,1,FB8C,FB8C_R,FB8C,CX,,cb_intrinsic,R,,SIFa_to_target,male-cns:v1.0,other,R
10342,52795,1,1,MeLo3a,MeLo3a_L,,,,ol_intrinsic,L,,SIFa_to_target,male-cns:v1.0,other,L
10342,52860,2,2,,,,,,cb_intrinsic,L,,SIFa_to_target,male-cns:v1.0,other,unknown
10342,53133,1,1,TmY15,TmY15_L,,,,ol_intrinsic,L,,SIFa_to_target,male-cns:v1.0,other,L
10342,53176,1,1,PFNa,PFNa(PB03)_R6_C5,PFNa,CX,,cb_intrinsic,R,,SIFa_to_target,male-cns:v1.0,other,unknown
10342,53197,1,1,CB4081,CB4081_R,,,,cb_intrinsic,R,,SIFa_to_target,male-cns:v1.0,other,R
10342,53822,1,1,TmY5a,TmY5a_L,,,,ol_intrinsic,L,,SIFa_to_target,male-cns:v1.0,other,L
10342,54110,1,1,Mi10,Mi10_L,,,,ol_intrinsic,L,,SIFa_to_target,male-cns:v1.0,other,L
10342,54118,3,3,PS072,PS072_L,PS072,,,cb_intrinsic,L,,SIFa_to_target,male-cns:v1.0,other,L
10342,54556,1,1,CB3744,CB3744_L,,,,cb_intrinsic,L,,SIFa_to_target,male-cns:v1.0,other,L
10342,54724,1,1,MeVP2,MeVP2_L,,,,visual_projection,L,,SIFa_to_target,male-cns:v1.0,other,L
10342,54835,1,1,Tm1,Tm1_L,,,,ol_intrinsic,L,,SIFa_to_target,male-cns:v1.0,other,L
10342,54904,1,1,CB3729,CB3729_L,,,,cb_intrinsic,L,,SIFa_to_target,male-cns:v1.0,other,L
10342,54949,3,3,MeVP10,MeVP10_L,,,,visual_projection,L,,SIFa_to_target,male-cns:v1.0,other,L
10342,55256,2,1,Tm1,Tm1_L,,,,ol_intrinsic,L,,SIFa_to_target,male-cns:v1.0,other,L
10342,55529,1,1,Tm1,Tm1_L,,,,ol_intrinsic,L,,SIFa_to_target,male-cns:v1.0,other,L
10342,55590,3,3,GNG336,GNG336_R,,,,cb_intrinsic,R,,SIFa_to_target,male-cns:v1.0,other,R
10342,55733,2,2,CB2116,CB2116_R,,,,cb_intrinsic,R,,SIFa_to_target,male-cns:v1.0,other,R
10342,55818,1,1,MeTu3b,MeTu3b_L,"MC61,MC64",,,visual_projection,L,,SIFa_to_target,male-cns:v1.0,other,L
10342,55855,3,2,SMP734,SMP734_R,,,,cb_intrinsic,R,,SIFa_to_target,male-cns:v1.0,other,R
10342,56034,1,1,CB2906,CB2906_L,,,,cb_intrinsic,L,,SIFa_to_target,male-cns:v1.0,other,L
10342,56253,1,1,,,"LHPV6f4_b,LHPV6f3_e",,,cb_intrinsic,R,,SIFa_to_target,male-cns:v1.0,other,unknown
10342,56351,1,1,LHAV4a4,LHAV4a4_L,LHAV4a4,,,cb_intrinsic,L,,SIFa_to_target,male-cns:v1.0,other,L
10342,56485,1,1,TmY3,TmY3_L,,,,ol_intrinsic,L,,SIFa_to_target,male-cns:v1.0,other,L
10342,57265,1,1,CB1201,CB1201_L,,,,cb_intrinsic,L,,SIFa_to_target,male-cns:v1.0,other,L
10342,57279,1,1,CB1387,CB1387_L,,,,cb_intrinsic,L,,SIFa_to_target,male-cns:v1.0,other,L
10342,57356,1,1,KCg-m,KCg-m_R,KCg-m,Kenyon_Cell,,cb_intrinsic,R,,SIFa_to_target,male-cns:v1.0,KC_gamma,R
10342,57532,2,2,KCg-m,KCg-m_R,KCg-m,Kenyon_Cell,,cb_intrinsic,R,,SIFa_to_target,male-cns:v1.0,KC_gamma,R
10342,57581,1,1,WED101,WED101_L,WED101,,,cb_intrinsic,L,,SIFa_to_target,male-cns:v1.0,other,L
10342,57797,1,1,SAD080,SAD080_L,SAD080,,,cb_intrinsic,L,,SIFa_to_target,male-cns:v1.0,other,L
10342,57861,1,1,WED143_d,WED143_d_L,WED143,,,cb_intrinsic,L,,SIFa_to_target,male-cns:v1.0,other,L
10342,58769,1,1,Mi9,Mi9_L,,,,ol_intrinsic,L,,SIFa_to_target,male-cns:v1.0,other,L
10342,58834,1,1,EL,EL_R,EL,CX,,cb_intrinsic,R,,SIFa_to_target,male-cns:v1.0,other,R
10342,58912,1,1,Tm3,Tm3_L,,,,ol_intrinsic,L,,SIFa_to_target,male-cns:v1.0,other,L
10342,58920,1,1,SLP405_b,SLP405_b_R,SLP405_b,,,cb_intrinsic,R,,SIFa_to_target,male-cns:v1.0,other,R
10342,59123,1,1,SMP518,SMP518_R,SMP518,,,cb_intrinsic,R,,SIFa_to_target,male-cns:v1.0,other,R
10342,59298,2,2,Tm1,Tm1_L,,,,ol_intrinsic,L,,SIFa_to_target,male-cns:v1.0,other,L
10342,59521,1,1,,,,,,cb_intrinsic,L,,SIFa_to_target,male-cns:v1.0,other,unknown
10342,59644,1,1,CB0972,CB0972_L,,,,cb_intrinsic,L,,SIFa_to_target,male-cns:v1.0,other,L
10342,59741,1,1,TmY3,TmY3_L,,,,ol_intrinsic,L,,SIFa_to_target,male-cns:v1.0,other,L
10342,59883,1,1,T2,T2_L,,,,ol_intrinsic,L,,SIFa_to_target,male-cns:v1.0,other,L
10342,60074,2,1,TmY3,TmY3_L,,,,ol_intrinsic,L,,SIFa_to_target,male-cns:v1.0,other,L
10342,60374,2,2,SMP733,SMP733_L,,,,cb_intrinsic,L,,SIFa_to_target,male-cns:v1.0,other,L
10342,60614,2,2,PRW039,PRW039_R,,,,cb_intrinsic,R,,SIFa_to_target,male-cns:v1.0,other,R
10342,60710,1,1,MeVP5,MeVP5_L,MC62,,,visual_projection,L,,SIFa_to_target,male-cns:v1.0,other,L
10342,60765,1,1,T2,T2_L,,,,ol_intrinsic,L,,SIFa_to_target,male-cns:v1.0,other,L
10342,60827,1,1,MeVP5,MeVP5_L,MC62,,,visual_projection,L,,SIFa_to_target,male-cns:v1.0,other,L
10342,60946,1,1,VES021,VES021_R,VES021,,,cb_intrinsic,R,,SIFa_to_target,male-cns:v1.0,other,R
10342,60956,1,1,Cm3,Cm3_L,,,,ol_intrinsic,L,,SIFa_to_target,male-cns:v1.0,other,L
10342,60998,2,1,SLP102,SLP102_R,SLP102,,,cb_intrinsic,R,,SIFa_to_target,male-cns:v1.0,other,R
10342,61206,1,1,WED094,WED094_L,WED094,,,cb_intrinsic,L,,SIFa_to_target,male-cns:v1.0,other,L
10342,61594,2,2,MeTu3b,MeTu3b_L,"MC61,MC64",,,visual_projection,L,,SIFa_to_target,male-cns:v1.0,other,L
10342,61718,1,1,SMP734,SMP734_R,,,,cb_intrinsic,R,,SIFa_to_target,male-cns:v1.0,other,R
10342,61812,1,1,Dm12,Dm12_L,,,,ol_intrinsic,L,,SIFa_to_target,male-cns:v1.0,other,L
10342,61903,1,1,Pm4,Pm4_L,,,,ol_intrinsic,L,,SIFa_to_target,male-cns:v1.0,other,L
10342,61904,1,1,TmY3,TmY3_L,,,,ol_intrinsic,L,,SIFa_to_target,male-cns:v1.0,other,L
10342,61938,1,1,KCa'b'-m,KCa'b'-m_R,KCa'b'-m,Kenyon_Cell,,cb_intrinsic,R,,SIFa_to_target,male-cns:v1.0,KC_alpha_prime_beta_prime,R
10342,62114,2,2,Tm12,Tm12_L,,,,ol_intrinsic,L,,SIFa_to_target,male-cns:v1.0,other,L
10342,62367,1,1,LHAV4a7,LHAV4a7_L,LHAV4a7,,,cb_intrinsic,L,,SIFa_to_target,male-cns:v1.0,other,L
10342,62429,1,1,CB3417,CB3417_L,,ALLN,,cb_intrinsic,L,,SIFa_to_target,male-cns:v1.0,other,L
10342,62517,1,1,KCab-m,KCab-m_R,"KCab-m,KCab-c,KCab-s",Kenyon_Cell,,cb_intrinsic,R,,SIFa_to_target,male-cns:v1.0,KC_alpha_beta,R
10342,62692,2,2,v2LN3A1_b,v2LN3A1_b_L,,ALLN,,cb_intrinsic,L,,SIFa_to_target,male-cns:v1.0,other,L
10342,62709,1,1,C3,C3_L,,,,ol_intrinsic,L,,SIFa_to_target,male-cns:v1.0,other,L
10342,63874,18,15,PRW059,PRW059_L,,,,cb_intrinsic,L,,SIFa_to_target,male-cns:v1.0,other,L
10342,63883,1,1,M_adPNm8,M_adPNm8_L,M_adPNm8,ALPN,,cb_intrinsic,L,,SIFa_to_target,male-cns:v1.0,other,L
10342,64125,1,1,T2,T2_L,,,,ol_intrinsic,L,,SIFa_to_target,male-cns:v1.0,other,L
10342,64513,1,1,MeVP15,MeVP15_L,,,,visual_projection,L,,SIFa_to_target,male-cns:v1.0,other,L
10342,64574,1,1,CB2051,CB2051_L,,,,cb_intrinsic,L,,SIFa_to_target,male-cns:v1.0,other,L
10342,64819,1,1,Tm1,Tm1_L,,,,ol_intrinsic,L,,SIFa_to_target,male-cns:v1.0,other,L
10342,64846,1,1,AVLP559,AVLP559_L,AVLP559,,,cb_intrinsic,L,,SIFa_to_target,male-cns:v1.0,other,L
10342,64916,12,12,AN01B004,AN01B004(57382)_L,,,BA,ascending_neuron,L,,SIFa_to_target,male-cns:v1.0,other,L
10342,65027,1,1,,,"LHPV6f4_b,LHPV6f3_e",,,cb_intrinsic,R,,SIFa_to_target,male-cns:v1.0,other,unknown
10342,65135,1,1,T4a,T4a_L,,,,ol_intrinsic,L,,SIFa_to_target,male-cns:v1.0,other,L
10342,65347,1,1,KCab-m,KCab-m_L,"KCab-m,KCab-c,KCab-s",Kenyon_Cell,,cb_intrinsic,L,,SIFa_to_target,male-cns:v1.0,KC_alpha_beta,L
10342,65630,1,1,CB2596,CB2596_L,,,,cb_intrinsic,L,,SIFa_to_target,male-cns:v1.0,other,L
10342,66046,1,1,C3,C3_L,,,,ol_intrinsic,L,,SIFa_to_target,male-cns:v1.0,other,L
10342,66109,1,1,T2,T2_L,,,,ol_intrinsic,L,,SIFa_to_target,male-cns:v1.0,other,L
10342,66244,1,1,M_vPNml87,M_vPNml87_L,M_vPNml87,ALPN,,cb_intrinsic,L,,SIFa_to_target,male-cns:v1.0,other,L
10342,66344,1,1,MeVP11,MeVP11_L,,,,visual_projection,L,,SIFa_to_target,male-cns:v1.0,other,L
10342,66752,1,1,SAD079,SAD079_L,SAD079,,,cb_intrinsic,L,,SIFa_to_target,male-cns:v1.0,other,L
10342,66828,1,1,T2,T2_L,,,,ol_intrinsic,L,,SIFa_to_target,male-cns:v1.0,other,L
10342,66865,1,1,KCab-m,KCab-m_L,"KCab-m,KCab-c,KCab-s",Kenyon_Cell,,cb_intrinsic,L,,SIFa_to_target,male-cns:v1.0,KC_alpha_beta,L
10342,66954,5,5,CB2880,CB2880_L,,,,cb_intrinsic,L,,SIFa_to_target,male-cns:v1.0,other,L
10342,67022,1,1,KCa'b'-ap1,KCa'b'-ap1_L,KCa'b'-ap1,Kenyon_Cell,,cb_intrinsic,L,,SIFa_to_target,male-cns:v1.0,KC_alpha_prime_beta_prime,L
10342,67143,1,1,T2a,T2a_L,,,,ol_intrinsic,L,,SIFa_to_target,male-cns:v1.0,other,L
10342,67169,1,1,Dm1,Dm1_L,,,,ol_intrinsic,L,,SIFa_to_target,male-cns:v1.0,other,L
10342,67237,2,1,Tm2,Tm2_L,,,,ol_intrinsic,L,,SIFa_to_target,male-cns:v1.0,other,L
10342,67254,1,1,CB1897,CB1897_R,,,,cb_intrinsic,R,,SIFa_to_target,male-cns:v1.0,other,R
10342,67398,2,2,LHPD5c1,LHPD5c1_L,LHPD5c1,,,cb_intrinsic,L,,SIFa_to_target,male-cns:v1.0,other,L
10342,67579,1,1,Tm2,Tm2_L,,,,ol_intrinsic,L,,SIFa_to_target,male-cns:v1.0,other,L
10342,68058,1,1,T4a,T4a_L,,,,ol_intrinsic,L,,SIFa_to_target,male-cns:v1.0,other,L
10342,68134,1,1,Pm4,Pm4_L,,,,ol_intrinsic,L,,SIFa_to_target,male-cns:v1.0,other,L
10342,68175,1,1,MeLo9,MeLo9_L,,,,ol_intrinsic,L,,SIFa_to_target,male-cns:v1.0,other,L
10342,68395,1,1,Mi4,Mi4_L,,,,ol_intrinsic,L,,SIFa_to_target,male-cns:v1.0,other,L
10342,68398,2,2,,,,,,cb_intrinsic,L,,SIFa_to_target,male-cns:v1.0,other,unknown
10342,68717,5,4,MeLo3a,MeLo3a_L,,,,ol_intrinsic,L,,SIFa_to_target,male-cns:v1.0,other,L
10342,68737,1,1,KCab-s,KCab-s_R,"KCab-m,KCab-c,KCab-s",Kenyon_Cell,,cb_intrinsic,R,,SIFa_to_target,male-cns:v1.0,KC_alpha_beta,R
10342,68757,1,1,Tm1,Tm1_L,,,,ol_intrinsic,L,,SIFa_to_target,male-cns:v1.0,other,L
10342,69076,1,1,ORN_D,ORN_D_R,ORN_D,olfactory,,cb_sensory,,R,SIFa_to_target,male-cns:v1.0,other,R
10342,69101,1,1,KCg-m,KCg-m_R,KCg-m,Kenyon_Cell,,cb_intrinsic,R,,SIFa_to_target,male-cns:v1.0,KC_gamma,R
10342,69224,1,1,KCab-m,KCab-m_L,"KCab-m,KCab-c,KCab-s",Kenyon_Cell,,cb_intrinsic,L,,SIFa_to_target,male-cns:v1.0,KC_alpha_beta,L
10342,69237,1,1,KCg-m,KCg-m_L,KCg-m,Kenyon_Cell,,cb_intrinsic,L,,SIFa_to_target,male-cns:v1.0,KC_gamma,L
10342,69442,1,1,TmY3,TmY3_L,,,,ol_intrinsic,L,,SIFa_to_target,male-cns:v1.0,other,L
10342,69639,1,1,LHPV4a5,LHPV4a5_L,LHPV4a5,,,cb_intrinsic,L,,SIFa_to_target,male-cns:v1.0,other,L
10342,69713,1,1,KCab-m,KCab-m_L,"KCab-m,KCab-c,KCab-s",Kenyon_Cell,,cb_intrinsic,L,,SIFa_to_target,male-cns:v1.0,KC_alpha_beta,L
10342,69837,1,1,LHPV2a1_a,LHPV2a1_a_L,LHPV2a1_a,,,cb_intrinsic,L,,SIFa_to_target,male-cns:v1.0,other,L
10342,69987,1,1,KCab-s,KCab-s_R,"KCab-m,KCab-c,KCab-s",Kenyon_Cell,,cb_intrinsic,R,,SIFa_to_target,male-cns:v1.0,KC_alpha_beta,R
10342,70111,1,1,KCab-s,KCab-s_L,"KCab-m,KCab-c,KCab-s",Kenyon_Cell,,cb_intrinsic,L,,SIFa_to_target,male-cns:v1.0,KC_alpha_beta,L
10342,70488,1,1,Dm10,Dm10_L,,,,ol_intrinsic,L,,SIFa_to_target,male-cns:v1.0,other,L
10342,70787,1,1,Mi14,Mi14_L,,,,ol_intrinsic,L,,SIFa_to_target,male-cns:v1.0,other,L
10342,70909,1,1,KCab-m,KCab-m_R,"KCab-m,KCab-c,KCab-s",Kenyon_Cell,,cb_intrinsic,R,,SIFa_to_target,male-cns:v1.0,KC_alpha_beta,R
10342,71273,1,1,Pm4,Pm4_L,,,,ol_intrinsic,L,,SIFa_to_target,male-cns:v1.0,other,L
10342,71330,1,1,PhG10,PhG10_R,,gustatory,pharyngeal sensillum,cb_sensory,,R,SIFa_to_target,male-cns:v1.0,other,R
10342,71431,1,1,TmY3,TmY3_L,,,,ol_intrinsic,L,,SIFa_to_target,male-cns:v1.0,other,L
10342,71940,1,1,AN14A003,AN14A003_R,,,CA,ascending_neuron,R,,SIFa_to_target,male-cns:v1.0,other,R
10342,71946,1,1,TmY3,TmY3_L,,,,ol_intrinsic,L,,SIFa_to_target,male-cns:v1.0,other,L
10342,72540,1,1,LHPV4b4,LHPV4b4_L,LHPV4b4,,,cb_intrinsic,L,,SIFa_to_target,male-cns:v1.0,other,L
10342,73049,1,1,CB3024,CB3024_L,,,,cb_intrinsic,L,,SIFa_to_target,male-cns:v1.0,other,L
10342,73090,1,1,WEDPN8C,WEDPN8C_L,WEDPN8C,,,cb_intrinsic,L,,SIFa_to_target,male-cns:v1.0,other,L
10342,73306,1,1,KCab-s,KCab-s_R,"KCab-m,KCab-c,KCab-s",Kenyon_Cell,,cb_intrinsic,R,,SIFa_to_target,male-cns:v1.0,KC_alpha_beta,R
10342,73337,1,1,KCab-m,KCab-m_L,"KCab-m,KCab-c,KCab-s",Kenyon_Cell,,cb_intrinsic,L,,SIFa_to_target,male-cns:v1.0,KC_alpha_beta,L
10342,73530,1,1,CB1448,CB1448_L,,,,cb_intrinsic,L,,SIFa_to_target,male-cns:v1.0,other,L
10342,73573,2,2,CB2051,CB2051_L,,,,cb_intrinsic,L,,SIFa_to_target,male-cns:v1.0,other,L
10342,73728,1,1,Pm10,Pm10_L,,,,ol_intrinsic,L,,SIFa_to_target,male-cns:v1.0,other,L
10342,73891,1,1,Tm3,Tm3_L,,,,ol_intrinsic,L,,SIFa_to_target,male-cns:v1.0,other,L
10342,74158,1,1,Dm10,Dm10_L,,,,ol_intrinsic,L,,SIFa_to_target,male-cns:v1.0,other,L
10342,74523,1,1,CB2678,CB2678_L,,,,cb_intrinsic,L,,SIFa_to_target,male-cns:v1.0,other,L
10342,74624,1,1,MeLo9,MeLo9_L,,,,ol_intrinsic,L,,SIFa_to_target,male-cns:v1.0,other,L
10342,74851,1,1,KCab-m,KCab-m_R,"KCab-m,KCab-c,KCab-s",Kenyon_Cell,,cb_intrinsic,R,,SIFa_to_target,male-cns:v1.0,KC_alpha_beta,R
10342,75302,1,1,LHAV3n1,LHAV3n1_L,LHAV3n1,,,cb_intrinsic,L,,SIFa_to_target,male-cns:v1.0,other,L
10342,75363,1,1,SMP347,SMP347_R,SMP347,,,cb_intrinsic,R,,SIFa_to_target,male-cns:v1.0,other,R
10342,75516,1,1,Dm-DRA1,Dm-DRA1_L,,,,ol_intrinsic,L,,SIFa_to_target,male-cns:v1.0,other,L
10342,75630,3,3,PRW023,PRW023_R,,,,cb_intrinsic,R,,SIFa_to_target,male-cns:v1.0,other,R
10342,75631,1,1,CB2116,CB2116_R,,,,cb_intrinsic,R,,SIFa_to_target,male-cns:v1.0,other,R
10342,75652,1,1,KCg-m,KCg-m_R,KCg-m,Kenyon_Cell,,cb_intrinsic,R,,SIFa_to_target,male-cns:v1.0,KC_gamma,R
10342,75713,1,1,Tm37,Tm37_L,,,,ol_intrinsic,L,,SIFa_to_target,male-cns:v1.0,other,L
10342,75897,1,1,VP2+_adPN,VP2+_adPN_L,VP2+_adPN,ALPN,,cb_intrinsic,L,,SIFa_to_target,male-cns:v1.0,other,L
10342,76109,4,2,CB1509,CB1509_L,,,,cb_intrinsic,L,,SIFa_to_target,male-cns:v1.0,other,L
10342,76153,1,1,CL154,CL154_R,CL154,,,cb_intrinsic,R,,SIFa_to_target,male-cns:v1.0,other,R
10342,76194,1,1,PEN_a(PEN1),PEN_a(PB06a)_R5,PEN_a(PEN1),CX,,cb_intrinsic,R,,SIFa_to_target,male-cns:v1.0,other,unknown
10342,76425,1,1,LHPV4a5,LHPV4a5_L,LHPV4a5,,,cb_intrinsic,L,,SIFa_to_target,male-cns:v1.0,other,L
10342,76633,1,1,Pm4,Pm4_L,,,,ol_intrinsic,L,,SIFa_to_target,male-cns:v1.0,other,L
10342,76672,2,1,Mi14,Mi14_L,,,,ol_intrinsic,L,,SIFa_to_target,male-cns:v1.0,other,L
10342,76746,1,1,CB1948,CB1948_L,,,,cb_intrinsic,L,,SIFa_to_target,male-cns:v1.0,other,L
10342,76851,1,1,TmY18,TmY18_L,,,,ol_intrinsic,L,,SIFa_to_target,male-cns:v1.0,other,L
10342,76931,1,1,PFL1,PFL1(PB12a)_R4_C5,PFL1,CX,,cb_intrinsic,R,,SIFa_to_target,male-cns:v1.0,other,unknown
10342,77186,1,1,Mi14,Mi14_L,,,,ol_intrinsic,L,,SIFa_to_target,male-cns:v1.0,other,L
10342,77523,1,1,KCg-m,KCg-m_R,KCg-m,Kenyon_Cell,,cb_intrinsic,R,,SIFa_to_target,male-cns:v1.0,KC_gamma,R
10342,77716,1,1,Cm8,Cm8_L,,,,ol_intrinsic,L,,SIFa_to_target,male-cns:v1.0,other,L
10342,77740,1,1,Tm12,Tm12_L,,,,ol_intrinsic,L,,SIFa_to_target,male-cns:v1.0,other,L
10342,78363,1,1,KCab-m,KCab-m_L,"KCab-m,KCab-c,KCab-s",Kenyon_Cell,,cb_intrinsic,L,,SIFa_to_target,male-cns:v1.0,KC_alpha_beta,L
10342,78945,2,2,Dm10,Dm10_L,,,,ol_intrinsic,L,,SIFa_to_target,male-cns:v1.0,other,L
10342,78981,1,1,Tm20,Tm20_L,,,,ol_intrinsic,L,,SIFa_to_target,male-cns:v1.0,other,L
10342,79032,1,1,SIP005,SIP005_R,SIP005,,,cb_intrinsic,R,,SIFa_to_target,male-cns:v1.0,other,R
10342,79299,1,1,KCab-s,KCab-s_L,"KCab-m,KCab-c,KCab-s",Kenyon_Cell,,cb_intrinsic,L,,SIFa_to_target,male-cns:v1.0,KC_alpha_beta,L
10342,79315,1,1,Tm4,Tm4_L,,,,ol_intrinsic,L,,SIFa_to_target,male-cns:v1.0,other,L
10342,79526,2,2,T5d,T5d_L,,,,ol_intrinsic,L,,SIFa_to_target,male-cns:v1.0,other,L
10342,79897,1,1,ANXXX202,ANXXX202_R,,,BA,ascending_neuron,R,,SIFa_to_target,male-cns:v1.0,other,R
10342,80118,1,1,LHPV4i3,LHPV4i3_L,LHPV4i3,,,cb_intrinsic,L,,SIFa_to_target,male-cns:v1.0,other,L
10342,80123,1,1,KCg-m,KCg-m_R,KCg-m,Kenyon_Cell,,cb_intrinsic,R,,SIFa_to_target,male-cns:v1.0,KC_gamma,R
10342,80539,1,1,KCab-s,KCab-s_R,"KCab-m,KCab-c,KCab-s",Kenyon_Cell,,cb_intrinsic,R,,SIFa_to_target,male-cns:v1.0,KC_alpha_beta,R
10342,80829,2,1,T5a,T5a_L,,,,ol_intrinsic,L,,SIFa_to_target,male-cns:v1.0,other,L
10342,81441,1,1,Tm5b,Tm5b_L,,,,ol_intrinsic,L,,SIFa_to_target,male-cns:v1.0,other,L
10342,81519,1,1,Tm4,Tm4_L,,,,ol_intrinsic,L,,SIFa_to_target,male-cns:v1.0,other,L
10342,81657,1,1,KCab-m,KCab-m_R,"KCab-m,KCab-c,KCab-s",Kenyon_Cell,,cb_intrinsic,R,,SIFa_to_target,male-cns:v1.0,KC_alpha_beta,R
10342,81810,1,1,SMP719m,SMP719m_R,,,,cb_intrinsic,R,,SIFa_to_target,male-cns:v1.0,other,R
10342,81821,1,1,LHAV2a2,LHAV2a2_L,LHAV2a2,,,cb_intrinsic,L,,SIFa_to_target,male-cns:v1.0,other,L
10342,82035,1,1,T5b,T5b_L,,,,ol_intrinsic,L,,SIFa_to_target,male-cns:v1.0,other,L
10342,82383,1,1,T5d,T5d_L,,,,ol_intrinsic,L,,SIFa_to_target,male-cns:v1.0,other,L
10342,82720,2,2,WED117,WED117_L,WED117,,,cb_intrinsic,L,,SIFa_to_target,male-cns:v1.0,other,L
10342,82869,1,1,Pm4,Pm4_L,,,,ol_intrinsic,L,,SIFa_to_target,male-cns:v1.0,other,L
10342,82977,1,1,T2a,T2a_L,,,,ol_intrinsic,L,,SIFa_to_target,male-cns:v1.0,other,L
10342,83091,1,1,KCab-m,KCab-m_L,"KCab-m,KCab-c,KCab-s",Kenyon_Cell,,cb_intrinsic,L,,SIFa_to_target,male-cns:v1.0,KC_alpha_beta,L
10342,83124,1,1,Tm9,Tm9_L,,,,ol_intrinsic,L,,SIFa_to_target,male-cns:v1.0,other,L
10342,83183,1,1,SLP403,SLP403_R,SLP403,,,cb_intrinsic,R,,SIFa_to_target,male-cns:v1.0,other,R
10342,83278,1,1,KCab-m,KCab-m_R,"KCab-m,KCab-c,KCab-s",Kenyon_Cell,,cb_intrinsic,R,,SIFa_to_target,male-cns:v1.0,KC_alpha_beta,R
10342,83720,2,1,GNG408,GNG408_R,,,,cb_intrinsic,R,,SIFa_to_target,male-cns:v1.0,other,R
10342,83808,1,1,TmY15,TmY15_L,,,,ol_intrinsic,L,,SIFa_to_target,male-cns:v1.0,other,L
10342,83820,1,1,KCg-m,KCg-m_R,KCg-m,Kenyon_Cell,,cb_intrinsic,R,,SIFa_to_target,male-cns:v1.0,KC_gamma,R
10342,83914,1,1,KCab-c,KCab-c_L,"KCab-m,KCab-c,KCab-s",Kenyon_Cell,,cb_intrinsic,L,,SIFa_to_target,male-cns:v1.0,KC_alpha_beta,L
10342,84296,1,1,FB3C,FB3C_L,FB3C,CX,,cb_intrinsic,L,,SIFa_to_target,male-cns:v1.0,other,L
10342,84467,1,1,T4a,T4a_L,,,,ol_intrinsic,L,,SIFa_to_target,male-cns:v1.0,other,L
10342,84485,1,1,KCab-m,KCab-m_R,"KCab-m,KCab-c,KCab-s",Kenyon_Cell,,cb_intrinsic,R,,SIFa_to_target,male-cns:v1.0,KC_alpha_beta,R
10342,84581,2,2,CB2904,CB2904_L,,,,cb_intrinsic,L,,SIFa_to_target,male-cns:v1.0,other,L
10342,84667,1,1,Dm8a,Dm8a_L,,,,ol_intrinsic,L,,SIFa_to_target,male-cns:v1.0,other,L
10342,84891,2,1,Dm10,Dm10_L,,,,ol_intrinsic,L,,SIFa_to_target,male-cns:v1.0,other,L
10342,84948,1,1,T2a,T2a_L,,,,ol_intrinsic,L,,SIFa_to_target,male-cns:v1.0,other,L
10342,85054,1,1,KCab-m,KCab-m_R,"KCab-m,KCab-c,KCab-s",Kenyon_Cell,,cb_intrinsic,R,,SIFa_to_target,male-cns:v1.0,KC_alpha_beta,R
10342,85149,1,1,Pm4,Pm4_L,,,,ol_intrinsic,L,,SIFa_to_target,male-cns:v1.0,other,L
10342,85190,1,1,TmY3,TmY3_L,,,,ol_intrinsic,L,,SIFa_to_target,male-cns:v1.0,other,L
10342,85305,1,1,TmY20,TmY20_L,,,,ol_intrinsic,L,,SIFa_to_target,male-cns:v1.0,other,L
10342,85340,1,1,KCg-m,KCg-m_L,KCg-m,Kenyon_Cell,,cb_intrinsic,L,,SIFa_to_target,male-cns:v1.0,KC_gamma,L
10342,85521,1,1,CB3519,CB3519_R,,,,cb_intrinsic,R,,SIFa_to_target,male-cns:v1.0,other,R
10342,85715,1,1,CB2205,CB2205_L,,,,cb_intrinsic,L,,SIFa_to_target,male-cns:v1.0,other,L
10342,86106,1,1,Tm9,Tm9_L,,,,ol_intrinsic,L,,SIFa_to_target,male-cns:v1.0,other,L
10342,86194,1,1,T5a,T5a_L,,,,ol_intrinsic,L,,SIFa_to_target,male-cns:v1.0,other,L
10342,86486,1,1,Tm5b,Tm5b_L,,,,ol_intrinsic,L,,SIFa_to_target,male-cns:v1.0,other,L
10342,86517,1,1,Tm3,Tm3_L,,,,ol_intrinsic,L,,SIFa_to_target,male-cns:v1.0,other,L
10342,86850,1,1,KCab-s,KCab-s_L,"KCab-m,KCab-c,KCab-s",Kenyon_Cell,,cb_intrinsic,L,,SIFa_to_target,male-cns:v1.0,KC_alpha_beta,L
10342,87004,1,1,SLP129_c,SLP129_c_L,SLP129_c,,,cb_intrinsic,L,,SIFa_to_target,male-cns:v1.0,other,L
10342,87695,1,1,T5a,T5a_L,,,,ol_intrinsic,L,,SIFa_to_target,male-cns:v1.0,other,L
10342,87758,1,1,KCab-s,KCab-s_R,"KCab-m,KCab-c,KCab-s",Kenyon_Cell,,cb_intrinsic,R,,SIFa_to_target,male-cns:v1.0,KC_alpha_beta,R
10342,88059,1,1,v2LN3A1_b,v2LN3A1_b_L,,ALLN,,cb_intrinsic,L,,SIFa_to_target,male-cns:v1.0,other,L
10342,88217,1,1,Cm8,Cm8_L,,,,ol_intrinsic,L,,SIFa_to_target,male-cns:v1.0,other,L
10342,88378,1,1,FS1B_b,FS1B_b_C3_L,FS1B,CX,,cb_intrinsic,L,,SIFa_to_target,male-cns:v1.0,other,L
10342,88941,1,1,CB2431,CB2431_L,,,,cb_intrinsic,L,,SIFa_to_target,male-cns:v1.0,other,L
10342,89067,1,1,KCab-m,KCab-m_L,"KCab-m,KCab-c,KCab-s",Kenyon_Cell,,cb_intrinsic,L,,SIFa_to_target,male-cns:v1.0,KC_alpha_beta,L
10342,89274,1,1,LHAV6a1,LHAV6a1_L,LHAV6a1,,,cb_intrinsic,L,,SIFa_to_target,male-cns:v1.0,other,L
10342,89276,2,2,Dm10,Dm10_L,,,,ol_intrinsic,L,,SIFa_to_target,male-cns:v1.0,other,L
10342,89623,2,2,KCab-m,KCab-m_R,"KCab-m,KCab-c,KCab-s",Kenyon_Cell,,cb_intrinsic,R,,SIFa_to_target,male-cns:v1.0,KC_alpha_beta,R
10342,89681,1,1,T5a,T5a_L,,,,ol_intrinsic,L,,SIFa_to_target,male-cns:v1.0,other,L
10342,89930,2,1,Dm-DRA1,Dm-DRA1_L,,,,ol_intrinsic,L,,SIFa_to_target,male-cns:v1.0,other,L
10342,89957,1,1,T2,T2_L,,,,ol_intrinsic,L,,SIFa_to_target,male-cns:v1.0,other,L
10342,90098,1,1,KCab-s,KCab-s_R,"KCab-m,KCab-c,KCab-s",Kenyon_Cell,,cb_intrinsic,R,,SIFa_to_target,male-cns:v1.0,KC_alpha_beta,R
10342,90116,1,1,PRW026,PRW026_L,,,,cb_intrinsic,L,,SIFa_to_target,male-cns:v1.0,other,L
10342,90281,1,1,Tm2,Tm2_L,,,,ol_intrinsic,L,,SIFa_to_target,male-cns:v1.0,other,L
10342,90364,2,2,lLN13,lLN13_L,lLN13,ALLN,,cb_intrinsic,L,,SIFa_to_target,male-cns:v1.0,other,L
10342,90589,1,1,AMMC035,AMMC035_L,,,,cb_intrinsic,L,,SIFa_to_target,male-cns:v1.0,other,L
10342,90648,1,1,LHAV5a2_a3,LHAV5a2_a3_L,LHAV5a2_a,,,cb_intrinsic,L,,SIFa_to_target,male-cns:v1.0,other,L
10342,90777,1,1,Pm10,Pm10_L,,,,ol_intrinsic,L,,SIFa_to_target,male-cns:v1.0,other,L
10342,90988,1,1,Tm3,Tm3_L,,,,ol_intrinsic,L,,SIFa_to_target,male-cns:v1.0,other,L
10342,90999,1,1,T4a,T4a_L,,,,ol_intrinsic,L,,SIFa_to_target,male-cns:v1.0,other,L
10342,91598,3,3,PRW006,PRW006_L,,,,cb_intrinsic,L,,SIFa_to_target,male-cns:v1.0,other,L
10342,91937,1,1,Tm4,Tm4_L,,,,ol_intrinsic,L,,SIFa_to_target,male-cns:v1.0,other,L
10342,92098,1,1,T5b,T5b_L,,,,ol_intrinsic,L,,SIFa_to_target,male-cns:v1.0,other,L
10342,92317,1,1,T5a,T5a_L,,,,ol_intrinsic,L,,SIFa_to_target,male-cns:v1.0,other,L
10342,92484,1,1,KCab-m,KCab-m_R,"KCab-m,KCab-c,KCab-s",Kenyon_Cell,,cb_intrinsic,R,,SIFa_to_target,male-cns:v1.0,KC_alpha_beta,R
10342,92601,1,1,CB2440,CB2440_L,,,,cb_intrinsic,L,,SIFa_to_target,male-cns:v1.0,other,L
10342,92667,1,1,T4b,T4b_L,,,,ol_intrinsic,L,,SIFa_to_target,male-cns:v1.0,other,L
10342,92690,2,1,AMMC007,AMMC007_L,,,,cb_intrinsic,L,,SIFa_to_target,male-cns:v1.0,other,L
10342,92905,1,1,Tm4,Tm4_L,,,,ol_intrinsic,L,,SIFa_to_target,male-cns:v1.0,other,L
10342,92916,1,1,T5b,T5b_L,,,,ol_intrinsic,L,,SIFa_to_target,male-cns:v1.0,other,L
10342,93253,1,1,PS072,PS072_L,PS072,,,cb_intrinsic,L,,SIFa_to_target,male-cns:v1.0,other,L
10342,93582,1,1,KCa'b'-m,KCa'b'-m_R,KCa'b'-m,Kenyon_Cell,,cb_intrinsic,R,,SIFa_to_target,male-cns:v1.0,KC_alpha_prime_beta_prime,R
10342,93833,1,1,AN08B096,AN08B096_L,,,BA,ascending_neuron,L,,SIFa_to_target,male-cns:v1.0,other,L
10342,93854,1,1,LHPV2b3,LHPV2b3_L,LHPV2b3,,,cb_intrinsic,L,,SIFa_to_target,male-cns:v1.0,other,L
10342,94018,1,1,KCab-m,KCab-m_R,"KCab-m,KCab-c,KCab-s",Kenyon_Cell,,cb_intrinsic,R,,SIFa_to_target,male-cns:v1.0,KC_alpha_beta,R
10342,94174,1,1,T5b,T5b_L,,,,ol_intrinsic,L,,SIFa_to_target,male-cns:v1.0,other,L
10342,94569,1,1,T2,T2_L,,,,ol_intrinsic,L,,SIFa_to_target,male-cns:v1.0,other,L
10342,94721,2,2,KCab-m,KCab-m_R,"KCab-m,KCab-c,KCab-s",Kenyon_Cell,,cb_intrinsic,R,,SIFa_to_target,male-cns:v1.0,KC_alpha_beta,R
10342,94833,1,1,T5d,T5d_L,,,,ol_intrinsic,L,,SIFa_to_target,male-cns:v1.0,other,L
10342,95371,1,1,LHPV6f5,LHPV6f5_L,LHPV6f5,,,cb_intrinsic,L,,SIFa_to_target,male-cns:v1.0,other,L
10342,95440,1,1,Tm3,Tm3_L,,,,ol_intrinsic,L,,SIFa_to_target,male-cns:v1.0,other,L
10342,95943,2,2,T5d,T5d_L,,,,ol_intrinsic,L,,SIFa_to_target,male-cns:v1.0,other,L
10342,96165,1,1,TmY3,TmY3_L,,,,ol_intrinsic,L,,SIFa_to_target,male-cns:v1.0,other,L
10342,96183,1,1,T5a,T5a_L,,,,ol_intrinsic,L,,SIFa_to_target,male-cns:v1.0,other,L
10342,96213,5,5,CB1619,CB1619_L,,,,cb_intrinsic,L,,SIFa_to_target,male-cns:v1.0,other,L
10342,96320,1,1,WED102,WED102_L,WED102,,,cb_intrinsic,L,,SIFa_to_target,male-cns:v1.0,other,L
10342,96383,1,1,KCab-s,KCab-s_R,"KCab-m,KCab-c,KCab-s",Kenyon_Cell,,cb_intrinsic,R,,SIFa_to_target,male-cns:v1.0,KC_alpha_beta,R
10342,96557,1,1,LHPV4b4,LHPV4b4_L,LHPV4b4,,,cb_intrinsic,L,,SIFa_to_target,male-cns:v1.0,other,L
10342,96583,1,1,Tm20,Tm20_L,,,,ol_intrinsic,L,,SIFa_to_target,male-cns:v1.0,other,L
10342,96981,3,3,MeVP5,MeVP5_L,MC62,,,visual_projection,L,,SIFa_to_target,male-cns:v1.0,other,L
10342,97069,1,1,T4a,T4a_L,,,,ol_intrinsic,L,,SIFa_to_target,male-cns:v1.0,other,L
10342,97619,1,1,ORN_D,ORN_D_R,ORN_D,olfactory,,cb_sensory,,R,SIFa_to_target,male-cns:v1.0,other,R
10342,97860,1,1,T5c,T5c_L,,,,ol_intrinsic,L,,SIFa_to_target,male-cns:v1.0,other,L
10342,98081,1,1,CB2678,CB2678_L,,,,cb_intrinsic,L,,SIFa_to_target,male-cns:v1.0,other,L
10342,98508,1,1,T5b,T5b_L,,,,ol_intrinsic,L,,SIFa_to_target,male-cns:v1.0,other,L
10342,98509,1,1,KCab-m,KCab-m_R,"KCab-m,KCab-c,KCab-s",Kenyon_Cell,,cb_intrinsic,R,,SIFa_to_target,male-cns:v1.0,KC_alpha_beta,R
10342,98724,1,1,T4c,T4c_L,,,,ol_intrinsic,L,,SIFa_to_target,male-cns:v1.0,other,L
10342,99153,2,2,Mi14,Mi14_L,,,,ol_intrinsic,L,,SIFa_to_target,male-cns:v1.0,other,L
10342,99684,1,1,Mi9,Mi9_L,,,,ol_intrinsic,L,,SIFa_to_target,male-cns:v1.0,other,L
10342,99931,1,1,T5a,T5a_L,,,,ol_intrinsic,L,,SIFa_to_target,male-cns:v1.0,other,L
10342,101391,1,1,Mi15,Mi15_L,,,,ol_intrinsic,L,,SIFa_to_target,male-cns:v1.0,other,L
10342,101555,1,1,T4b,T4b_L,,,,ol_intrinsic,L,,SIFa_to_target,male-cns:v1.0,other,L
10342,101726,1,1,Tm4,Tm4_L,,,,ol_intrinsic,L,,SIFa_to_target,male-cns:v1.0,other,L
10342,102077,1,1,T5d,T5d_L,,,,ol_intrinsic,L,,SIFa_to_target,male-cns:v1.0,other,L
10342,102468,1,1,KCab-m,KCab-m_R,"KCab-m,KCab-c,KCab-s",Kenyon_Cell,,cb_intrinsic,R,,SIFa_to_target,male-cns:v1.0,KC_alpha_beta,R
10342,102545,1,1,AVLP087,AVLP087_L,AVLP087,,,cb_intrinsic,L,,SIFa_to_target,male-cns:v1.0,other,L
10342,103186,2,2,CB2678,CB2678_L,,,,cb_intrinsic,L,,SIFa_to_target,male-cns:v1.0,other,L
10342,103231,1,1,Dm10,Dm10_L,,,,ol_intrinsic,L,,SIFa_to_target,male-cns:v1.0,other,L
10342,103502,1,1,KCab-s,KCab-s_L,"KCab-m,KCab-c,KCab-s",Kenyon_Cell,,cb_intrinsic,L,,SIFa_to_target,male-cns:v1.0,KC_alpha_beta,L
10342,103608,1,1,Cm8,Cm8_L,,,,ol_intrinsic,L,,SIFa_to_target,male-cns:v1.0,other,L
10342,103737,1,1,T5b,T5b_L,,,,ol_intrinsic,L,,SIFa_to_target,male-cns:v1.0,other,L
10342,103939,1,1,T5a,T5a_L,,,,ol_intrinsic,L,,SIFa_to_target,male-cns:v1.0,other,L
10342,104088,1,1,T5d,T5d_L,,,,ol_intrinsic,L,,SIFa_to_target,male-cns:v1.0,other,L
10342,104986,1,1,TmY18,TmY18_L,,,,ol_intrinsic,L,,SIFa_to_target,male-cns:v1.0,other,L
10342,105127,1,1,T4d,T4d_L,,,,ol_intrinsic,L,,SIFa_to_target,male-cns:v1.0,other,L
10342,105624,1,1,T5a,T5a_L,,,,ol_intrinsic,L,,SIFa_to_target,male-cns:v1.0,other,L
10342,105713,1,1,T2,T2_L,,,,ol_intrinsic,L,,SIFa_to_target,male-cns:v1.0,other,L
10342,105714,1,1,PRW019,PRW019_R,,,,cb_intrinsic,R,,SIFa_to_target,male-cns:v1.0,other,R
10342,105719,1,1,T5b,T5b_L,,,,ol_intrinsic,L,,SIFa_to_target,male-cns:v1.0,other,L
10342,105929,1,1,KCab-m,KCab-m_L,"KCab-m,KCab-c,KCab-s",Kenyon_Cell,,cb_intrinsic,L,,SIFa_to_target,male-cns:v1.0,KC_alpha_beta,L
10342,106511,1,1,KCab-m,KCab-m_L,"KCab-m,KCab-c,KCab-s",Kenyon_Cell,,cb_intrinsic,L,,SIFa_to_target,male-cns:v1.0,KC_alpha_beta,L
10342,107009,1,1,KCab-s,KCab-s_L,"KCab-m,KCab-c,KCab-s",Kenyon_Cell,,cb_intrinsic,L,,SIFa_to_target,male-cns:v1.0,KC_alpha_beta,L
10342,107474,1,1,T5a,T5a_L,,,,ol_intrinsic,L,,SIFa_to_target,male-cns:v1.0,other,L
10342,107629,1,1,M_vPNml84,M_vPNml84_R,M_vPNml84,ALPN,,cb_intrinsic,R,,SIFa_to_target,male-cns:v1.0,other,R
10342,107741,1,1,T5d,T5d_L,,,,ol_intrinsic,L,,SIFa_to_target,male-cns:v1.0,other,L
10342,107943,1,1,T5b,T5b_L,,,,ol_intrinsic,L,,SIFa_to_target,male-cns:v1.0,other,L
10342,107998,1,1,T5b,T5b_L,,,,ol_intrinsic,L,,SIFa_to_target,male-cns:v1.0,other,L
10342,108049,4,4,,,,gustatory,leg bristle,sensory_ascending,,L,SIFa_to_target,male-cns:v1.0,other,unknown
10342,108298,1,1,JO-CM,JO-CM_L,,mechanosensory,,cb_sensory,,L,SIFa_to_target,male-cns:v1.0,other,L
10342,108605,1,1,T4d,T4d_L,,,,ol_intrinsic,L,,SIFa_to_target,male-cns:v1.0,other,L
10342,109160,1,1,T5c,T5c_L,,,,ol_intrinsic,L,,SIFa_to_target,male-cns:v1.0,other,L
10342,109194,1,1,T5b,T5b_L,,,,ol_intrinsic,L,,SIFa_to_target,male-cns:v1.0,other,L
10342,109439,1,1,Mi17,Mi17_L,,,,ol_intrinsic,L,,SIFa_to_target,male-cns:v1.0,other,L
10342,109482,1,1,T4d,T4d_L,,,,ol_intrinsic,L,,SIFa_to_target,male-cns:v1.0,other,L
10342,109676,1,1,KCg-m,KCg-m_L,KCg-m,Kenyon_Cell,,cb_intrinsic,L,,SIFa_to_target,male-cns:v1.0,KC_gamma,L
10342,109802,1,1,KCab-s,KCab-s_L,"KCab-m,KCab-c,KCab-s",Kenyon_Cell,,cb_intrinsic,L,,SIFa_to_target,male-cns:v1.0,KC_alpha_beta,L
10342,109919,1,1,KCab-s,KCab-s_L,"KCab-m,KCab-c,KCab-s",Kenyon_Cell,,cb_intrinsic,L,,SIFa_to_target,male-cns:v1.0,KC_alpha_beta,L
10342,109954,1,1,T4a,T4a_L,,,,ol_intrinsic,L,,SIFa_to_target,male-cns:v1.0,other,L
10342,110050,1,1,KCab-m,KCab-m_L,"KCab-m,KCab-c,KCab-s",Kenyon_Cell,,cb_intrinsic,L,,SIFa_to_target,male-cns:v1.0,KC_alpha_beta,L
10342,110085,1,1,T5c,T5c_L,,,,ol_intrinsic,L,,SIFa_to_target,male-cns:v1.0,other,L
10342,110995,1,1,T4a,T4a_L,,,,ol_intrinsic,L,,SIFa_to_target,male-cns:v1.0,other,L
10342,111085,1,1,T5d,T5d_L,,,,ol_intrinsic,L,,SIFa_to_target,male-cns:v1.0,other,L
10342,111447,1,1,Mi4,Mi4_L,,,,ol_intrinsic,L,,SIFa_to_target,male-cns:v1.0,other,L
10342,111670,3,2,T5b,T5b_L,,,,ol_intrinsic,L,,SIFa_to_target,male-cns:v1.0,other,L
10342,111689,2,2,ORN_D,ORN_D_L,ORN_D,olfactory,,cb_sensory,,L,SIFa_to_target,male-cns:v1.0,other,L
10342,112075,1,1,T5d,T5d_L,,,,ol_intrinsic,L,,SIFa_to_target,male-cns:v1.0,other,L
10342,112103,2,2,WED103,WED103_L,WED103,,,cb_intrinsic,L,,SIFa_to_target,male-cns:v1.0,other,L
10342,112373,1,1,T4d,T4d_L,,,,ol_intrinsic,L,,SIFa_to_target,male-cns:v1.0,other,L
10342,113047,1,1,ORN_DC1,ORN_DC1_L,ORN_DC1,olfactory,,cb_sensory,,L,SIFa_to_target,male-cns:v1.0,other,L
10342,113161,2,1,T5b,T5b_L,,,,ol_intrinsic,L,,SIFa_to_target,male-cns:v1.0,other,L
10342,113244,1,1,KCab-m,KCab-m_L,"KCab-m,KCab-c,KCab-s",Kenyon_Cell,,cb_intrinsic,L,,SIFa_to_target,male-cns:v1.0,KC_alpha_beta,L
10342,113429,2,1,KCab-c,KCab-c_L,"KCab-m,KCab-c,KCab-s",Kenyon_Cell,,cb_intrinsic,L,,SIFa_to_target,male-cns:v1.0,KC_alpha_beta,L
10342,113661,1,1,KCab-m,KCab-m_R,"KCab-m,KCab-c,KCab-s",Kenyon_Cell,,cb_intrinsic,R,,SIFa_to_target,male-cns:v1.0,KC_alpha_beta,R
10342,114026,1,1,TmY15,TmY15_L,,,,ol_intrinsic,L,,SIFa_to_target,male-cns:v1.0,other,L
10342,114115,1,1,TuBu01,TuBu01_ABU_L,TuBu01,,,cb_intrinsic,L,,SIFa_to_target,male-cns:v1.0,other,L
10342,114543,1,1,T5d,T5d_L,,,,ol_intrinsic,L,,SIFa_to_target,male-cns:v1.0,other,L
10342,115026,1,1,T5c,T5c_L,,,,ol_intrinsic,L,,SIFa_to_target,male-cns:v1.0,other,L
10342,115042,1,1,Tm4,Tm4_L,,,,ol_intrinsic,L,,SIFa_to_target,male-cns:v1.0,other,L
10342,115297,1,1,AMMC005,AMMC005_R,,,,cb_intrinsic,R,,SIFa_to_target,male-cns:v1.0,other,R
10342,116019,1,1,TmY18,TmY18_L,,,,ol_intrinsic,L,,SIFa_to_target,male-cns:v1.0,other,L
10342,116104,1,1,Pm2a,Pm2a_L,,,,ol_intrinsic,L,,SIFa_to_target,male-cns:v1.0,other,L
10342,116162,2,1,LHPV4b3,LHPV4b3_L,LHPV4b3,,,cb_intrinsic,L,,SIFa_to_target,male-cns:v1.0,other,L
10342,117228,2,2,KCab-m,KCab-m_R,"KCab-m,KCab-c,KCab-s",Kenyon_Cell,,cb_intrinsic,R,,SIFa_to_target,male-cns:v1.0,KC_alpha_beta,R
10342,117553,1,1,Mi16,Mi16_L,,,,ol_intrinsic,L,,SIFa_to_target,male-cns:v1.0,other,L
10342,117635,1,1,M_vPNml69,M_vPNml69_L,M_vPNml69,ALPN,,cb_intrinsic,L,,SIFa_to_target,male-cns:v1.0,other,L
10342,117824,1,1,ORN_D,ORN_D_L,ORN_D,olfactory,,cb_sensory,,L,SIFa_to_target,male-cns:v1.0,other,L
10342,117915,1,1,TmY18,TmY18_L,,,,ol_intrinsic,L,,SIFa_to_target,male-cns:v1.0,other,L
10342,117987,1,1,T5b,T5b_L,,,,ol_intrinsic,L,,SIFa_to_target,male-cns:v1.0,other,L
10342,118021,1,1,KCab-m,KCab-m_R,"KCab-m,KCab-c,KCab-s",Kenyon_Cell,,cb_intrinsic,R,,SIFa_to_target,male-cns:v1.0,KC_alpha_beta,R
10342,118412,1,1,T5b,T5b_L,,,,ol_intrinsic,L,,SIFa_to_target,male-cns:v1.0,other,L
10342,118722,1,1,T5a,T5a_L,,,,ol_intrinsic,L,,SIFa_to_target,male-cns:v1.0,other,L
10342,119004,1,1,TmY18,TmY18_L,,,,ol_intrinsic,L,,SIFa_to_target,male-cns:v1.0,other,L
10342,120182,4,3,Dm-DRA1,Dm-DRA1_L,,,,ol_intrinsic,L,,SIFa_to_target,male-cns:v1.0,other,L
10342,121001,1,1,T4b,T4b_L,,,,ol_intrinsic,L,,SIFa_to_target,male-cns:v1.0,other,L
10342,121047,1,1,T5a,T5a_L,,,,ol_intrinsic,L,,SIFa_to_target,male-cns:v1.0,other,L
10342,121462,1,1,Mi17,Mi17_L,,,,ol_intrinsic,L,,SIFa_to_target,male-cns:v1.0,other,L
10342,121624,1,1,T5c,T5c_L,,,,ol_intrinsic,L,,SIFa_to_target,male-cns:v1.0,other,L
10342,121910,1,1,KCab-c,KCab-c_L,"KCab-m,KCab-c,KCab-s",Kenyon_Cell,,cb_intrinsic,L,,SIFa_to_target,male-cns:v1.0,KC_alpha_beta,L
10342,122463,1,1,KCab-s,KCab-s_L,"KCab-m,KCab-c,KCab-s",Kenyon_Cell,,cb_intrinsic,L,,SIFa_to_target,male-cns:v1.0,KC_alpha_beta,L
10342,123016,1,1,T5c,T5c_L,,,,ol_intrinsic,L,,SIFa_to_target,male-cns:v1.0,other,L
10342,123140,1,1,KCab-m,KCab-m_L,"KCab-m,KCab-c,KCab-s",Kenyon_Cell,,cb_intrinsic,L,,SIFa_to_target,male-cns:v1.0,KC_alpha_beta,L
10342,123152,1,1,SIP080,SIP080_L,SIP080,,,cb_intrinsic,L,,SIFa_to_target,male-cns:v1.0,other,L
10342,123472,1,1,KCab-m,KCab-m_L,"KCab-m,KCab-c,KCab-s",Kenyon_Cell,,cb_intrinsic,L,,SIFa_to_target,male-cns:v1.0,KC_alpha_beta,L
10342,123658,1,1,T5a,T5a_L,,,,ol_intrinsic,L,,SIFa_to_target,male-cns:v1.0,other,L
10342,123727,1,1,T5a,T5a_L,,,,ol_intrinsic,L,,SIFa_to_target,male-cns:v1.0,other,L
10342,124314,1,1,Dm10,Dm10_L,,,,ol_intrinsic,L,,SIFa_to_target,male-cns:v1.0,other,L
10342,124454,1,1,KCab-c,KCab-c_L,"KCab-m,KCab-c,KCab-s",Kenyon_Cell,,cb_intrinsic,L,,SIFa_to_target,male-cns:v1.0,KC_alpha_beta,L
10342,124463,2,2,T5d,T5d_L,,,,ol_intrinsic,L,,SIFa_to_target,male-cns:v1.0,other,L
10342,124936,1,1,LHPV6a9_b,LHPV6a9_b_L,LHPV6a9_b,,,cb_intrinsic,L,,SIFa_to_target,male-cns:v1.0,other,L
10342,124987,1,1,T5a,T5a_L,,,,ol_intrinsic,L,,SIFa_to_target,male-cns:v1.0,other,L
10342,125291,1,1,CB2711,CB2711_R,,ALPN,,cb_intrinsic,R,,SIFa_to_target,male-cns:v1.0,other,R
10342,125399,1,1,vDeltaA_b,vDeltaA_b_C2,vDeltaA_b,CX,,cb_intrinsic,L,,SIFa_to_target,male-cns:v1.0,other,unknown
10342,125420,1,1,Tm29,Tm29_L,,,,ol_intrinsic,L,,SIFa_to_target,male-cns:v1.0,other,L
10342,126654,1,1,JO-EV6,JO-EV6_L,,mechanosensory,wind_gravity,cb_sensory,,L,SIFa_to_target,male-cns:v1.0,other,L
10342,126708,1,1,Dm10,Dm10_L,,,,ol_intrinsic,L,,SIFa_to_target,male-cns:v1.0,other,L
10342,126997,1,1,T5c,T5c_L,,,,ol_intrinsic,L,,SIFa_to_target,male-cns:v1.0,other,L
10342,127361,1,1,TmY18,TmY18_L,,,,ol_intrinsic,L,,SIFa_to_target,male-cns:v1.0,other,L
10342,127531,1,1,T5b,T5b_L,,,,ol_intrinsic,L,,SIFa_to_target,male-cns:v1.0,other,L
10342,128236,1,1,T5a,T5a_L,,,,ol_intrinsic,L,,SIFa_to_target,male-cns:v1.0,other,L
10342,128382,1,1,T4d,T4d_L,,,,ol_intrinsic,L,,SIFa_to_target,male-cns:v1.0,other,L
10342,128513,1,1,MeLo3a,MeLo3a_L,,,,ol_intrinsic,L,,SIFa_to_target,male-cns:v1.0,other,L
10342,128856,1,1,Tm20,Tm20_L,,,,ol_intrinsic,L,,SIFa_to_target,male-cns:v1.0,other,L
10342,128942,1,1,KCab-c,KCab-c_L,"KCab-m,KCab-c,KCab-s",Kenyon_Cell,,cb_intrinsic,L,,SIFa_to_target,male-cns:v1.0,KC_alpha_beta,L
10342,128946,1,1,T2,T2_L,,,,ol_intrinsic,L,,SIFa_to_target,male-cns:v1.0,other,L
10342,129634,1,1,T5a,T5a_L,,,,ol_intrinsic,L,,SIFa_to_target,male-cns:v1.0,other,L
10342,129684,1,1,LHPV5c1_a,LHPV5c1_a_L,LHPV5c1_a,,,cb_intrinsic,L,,SIFa_to_target,male-cns:v1.0,other,L
10342,129814,1,1,T5b,T5b_L,,,,ol_intrinsic,L,,SIFa_to_target,male-cns:v1.0,other,L
10342,129855,1,1,TmY18,TmY18_L,,,,ol_intrinsic,L,,SIFa_to_target,male-cns:v1.0,other,L
10342,130031,4,4,LHAV4a4,LHAV4a4_L,LHAV4a4,,,cb_intrinsic,L,,SIFa_to_target,male-cns:v1.0,other,L
10342,130056,1,1,T5a,T5a_L,,,,ol_intrinsic,L,,SIFa_to_target,male-cns:v1.0,other,L
10342,130158,1,1,T5c,T5c_L,,,,ol_intrinsic,L,,SIFa_to_target,male-cns:v1.0,other,L
10342,130213,1,1,T5c,T5c_L,,,,ol_intrinsic,L,,SIFa_to_target,male-cns:v1.0,other,L
10342,130340,1,1,Tm1,Tm1_L,,,,ol_intrinsic,L,,SIFa_to_target,male-cns:v1.0,other,L
10342,130582,1,1,TmY18,TmY18_L,,,,ol_intrinsic,L,,SIFa_to_target,male-cns:v1.0,other,L
10342,130656,1,1,LHPV4b3,LHPV4b3_L,LHPV4b3,,,cb_intrinsic,L,,SIFa_to_target,male-cns:v1.0,other,L
10342,130665,1,1,T5a,T5a_L,,,,ol_intrinsic,L,,SIFa_to_target,male-cns:v1.0,other,L
10342,131560,1,1,T5d,T5d_L,,,,ol_intrinsic,L,,SIFa_to_target,male-cns:v1.0,other,L
10342,131593,1,1,T5c,T5c_L,,,,ol_intrinsic,L,,SIFa_to_target,male-cns:v1.0,other,L
10342,132066,2,2,KCab-c,KCab-c_L,"KCab-m,KCab-c,KCab-s",Kenyon_Cell,,cb_intrinsic,L,,SIFa_to_target,male-cns:v1.0,KC_alpha_beta,L
10342,132420,1,1,T2,T2_L,,,,ol_intrinsic,L,,SIFa_to_target,male-cns:v1.0,other,L
10342,132694,1,1,T4c,T4c_L,,,,ol_intrinsic,L,,SIFa_to_target,male-cns:v1.0,other,L
10342,132860,1,1,T5b,T5b_L,,,,ol_intrinsic,L,,SIFa_to_target,male-cns:v1.0,other,L
10342,133211,1,1,SMP261,SMP261_R,SMP261,,,cb_intrinsic,R,,SIFa_to_target,male-cns:v1.0,other,R
10342,133942,1,1,T5d,T5d_L,,,,ol_intrinsic,L,,SIFa_to_target,male-cns:v1.0,other,L
10342,134535,1,1,T4d,T4d_L,,,,ol_intrinsic,L,,SIFa_to_target,male-cns:v1.0,other,L
10342,134619,1,1,T5d,T5d_L,,,,ol_intrinsic,L,,SIFa_to_target,male-cns:v1.0,other,L
10342,134951,1,1,Tm2,Tm2_L,,,,ol_intrinsic,L,,SIFa_to_target,male-cns:v1.0,other,L
10342,135007,1,1,Mi15,Mi15_L,,,,ol_intrinsic,L,,SIFa_to_target,male-cns:v1.0,other,L
10342,135344,1,1,Tm9,Tm9_L,,,,ol_intrinsic,L,,SIFa_to_target,male-cns:v1.0,other,L
10342,136070,1,1,LHAD3f1_a,LHAD3f1_a_L,LHAD3f1_a,,,cb_intrinsic,L,,SIFa_to_target,male-cns:v1.0,other,L
10342,136394,1,1,CB4110,CB4110_R,,,,cb_intrinsic,R,,SIFa_to_target,male-cns:v1.0,other,R
10342,136643,1,1,Dm-DRA1,Dm-DRA1_L,,,,ol_intrinsic,L,,SIFa_to_target,male-cns:v1.0,other,L
10342,137136,2,1,T2,T2_L,,,,ol_intrinsic,L,,SIFa_to_target,male-cns:v1.0,other,L
10342,137304,1,1,CB1456,CB1456_L,"SMP097,SMP098_b",,,cb_intrinsic,L,,SIFa_to_target,male-cns:v1.0,other,L
10342,137414,1,1,T5a,T5a_L,,,,ol_intrinsic,L,,SIFa_to_target,male-cns:v1.0,other,L
10342,138165,1,1,Dm10,Dm10_L,,,,ol_intrinsic,L,,SIFa_to_target,male-cns:v1.0,other,L
10342,139059,1,1,Dm8a,Dm8a_L,,,,ol_intrinsic,L,,SIFa_to_target,male-cns:v1.0,other,L
10342,139200,1,1,T5b,T5b_L,,,,ol_intrinsic,L,,SIFa_to_target,male-cns:v1.0,other,L
10342,139388,1,1,Mi15,Mi15_L,,,,ol_intrinsic,L,,SIFa_to_target,male-cns:v1.0,other,L
10342,139500,1,1,T5c,T5c_L,,,,ol_intrinsic,L,,SIFa_to_target,male-cns:v1.0,other,L
10342,140080,2,2,T5a,T5a_L,,,,ol_intrinsic,L,,SIFa_to_target,male-cns:v1.0,other,L
10342,140278,2,2,LHPV4b5,LHPV4b5_L,LHPV4b5,,,cb_intrinsic,L,,SIFa_to_target,male-cns:v1.0,other,L
10342,141022,1,1,T5d,T5d_L,,,,ol_intrinsic,L,,SIFa_to_target,male-cns:v1.0,other,L
10342,141197,1,1,T5d,T5d_L,,,,ol_intrinsic,L,,SIFa_to_target,male-cns:v1.0,other,L
10342,141354,1,1,Tm2,Tm2_L,,,,ol_intrinsic,L,,SIFa_to_target,male-cns:v1.0,other,L
10342,141801,1,1,T5d,T5d_L,,,,ol_intrinsic,L,,SIFa_to_target,male-cns:v1.0,other,L
10342,142024,1,1,T5b,T5b_L,,,,ol_intrinsic,L,,SIFa_to_target,male-cns:v1.0,other,L
10342,142807,1,1,T5b,T5b_L,,,,ol_intrinsic,L,,SIFa_to_target,male-cns:v1.0,other,L
10342,142968,1,1,,,,,,cb_intrinsic,L,,SIFa_to_target,male-cns:v1.0,other,unknown
10342,143477,2,2,CB3729,CB3729_L,,,,cb_intrinsic,L,,SIFa_to_target,male-cns:v1.0,other,L
10342,143752,1,1,LHPV4c4,LHPV4c4_L,LHPV4c4,,,cb_intrinsic,L,,SIFa_to_target,male-cns:v1.0,other,L
10342,143806,1,1,KCab-m,KCab-m_L,"KCab-m,KCab-c,KCab-s",Kenyon_Cell,,cb_intrinsic,L,,SIFa_to_target,male-cns:v1.0,KC_alpha_beta,L
10342,143821,1,1,LHPV5b1,LHPV5b1_L,LHPV5b1,,,cb_intrinsic,L,,SIFa_to_target,male-cns:v1.0,other,L
10342,144100,1,1,T4d,T4d_L,,,,ol_intrinsic,L,,SIFa_to_target,male-cns:v1.0,other,L
10342,144128,1,1,T2,T2_L,,,,ol_intrinsic,L,,SIFa_to_target,male-cns:v1.0,other,L
10342,145198,1,1,JO-EV6,JO-EV6_L,,mechanosensory,wind_gravity,cb_sensory,,L,SIFa_to_target,male-cns:v1.0,other,L
10342,145425,1,1,KCab-c,KCab-c_L,"KCab-m,KCab-c,KCab-s",Kenyon_Cell,,cb_intrinsic,L,,SIFa_to_target,male-cns:v1.0,KC_alpha_beta,L
10342,147157,1,1,T5c,T5c_L,,,,ol_intrinsic,L,,SIFa_to_target,male-cns:v1.0,other,L
10342,147487,1,1,Tm9,Tm9_L,,,,ol_intrinsic,L,,SIFa_to_target,male-cns:v1.0,other,L
10342,147743,1,1,T5a,T5a_L,,,,ol_intrinsic,L,,SIFa_to_target,male-cns:v1.0,other,L
10342,147994,1,1,Mi15,Mi15_L,,,,ol_intrinsic,L,,SIFa_to_target,male-cns:v1.0,other,L
10342,148307,1,1,T5c,T5c_L,,,,ol_intrinsic,L,,SIFa_to_target,male-cns:v1.0,other,L
10342,148959,1,1,T5c,T5c_L,,,,ol_intrinsic,L,,SIFa_to_target,male-cns:v1.0,other,L
10342,149075,1,1,AN19B051,AN19B051_R,,,BA,ascending_neuron,R,,SIFa_to_target,male-cns:v1.0,other,R
10342,149587,1,1,SMP221,SMP221_L,SMP221,,,cb_intrinsic,L,,SIFa_to_target,male-cns:v1.0,other,L
10342,149793,1,1,Tm9,Tm9_L,,,,ol_intrinsic,L,,SIFa_to_target,male-cns:v1.0,other,L
10342,149854,1,1,JO-B2,JO-B2_L,,mechanosensory,wind_gravity,cb_sensory,,L,SIFa_to_target,male-cns:v1.0,other,L
10342,150109,1,1,KCab-m,KCab-m_R,"KCab-m,KCab-c,KCab-s",Kenyon_Cell,,cb_intrinsic,R,,SIFa_to_target,male-cns:v1.0,KC_alpha_beta,R
10342,150279,1,1,AVLP387,AVLP387_L,AVLP387,,,cb_intrinsic,L,,SIFa_to_target,male-cns:v1.0,other,L
10342,150984,1,1,T4d,T4d_L,,,,ol_intrinsic,L,,SIFa_to_target,male-cns:v1.0,other,L
10342,151316,1,1,Tm3,Tm3_L,,,,ol_intrinsic,L,,SIFa_to_target,male-cns:v1.0,other,L
10342,151346,1,1,KCab-m,KCab-m_L,"KCab-m,KCab-c,KCab-s",Kenyon_Cell,,cb_intrinsic,L,,SIFa_to_target,male-cns:v1.0,KC_alpha_beta,L
10342,151385,1,1,T5b,T5b_L,,,,ol_intrinsic,L,,SIFa_to_target,male-cns:v1.0,other,L
10342,151915,1,1,ORN_DC2,ORN_DC2_L,ORN_DC2,olfactory,,cb_sensory,,L,SIFa_to_target,male-cns:v1.0,other,L
10342,152398,1,1,T3,T3_L,,,,ol_intrinsic,L,,SIFa_to_target,male-cns:v1.0,other,L
10342,153948,2,2,ORN_DL1,ORN_DL1_L,ORN_DL1,olfactory,,cb_sensory,,L,SIFa_to_target,male-cns:v1.0,other,L
10342,154003,5,5,Cm6,Cm6_L,,,,ol_intrinsic,L,,SIFa_to_target,male-cns:v1.0,other,L
10342,154435,1,1,AN10B035,AN10B035_R,,,BA,ascending_neuron,R,,SIFa_to_target,male-cns:v1.0,other,R
10342,155264,1,1,T5d,T5d_L,,,,ol_intrinsic,L,,SIFa_to_target,male-cns:v1.0,other,L
10342,155767,2,2,Dm10,Dm10_L,,,,ol_intrinsic,L,,SIFa_to_target,male-cns:v1.0,other,L
10342,155821,1,1,Dm2,Dm2_L,,,,ol_intrinsic,L,,SIFa_to_target,male-cns:v1.0,other,L
10342,156009,1,1,T5d,T5d_L,,,,ol_intrinsic,L,,SIFa_to_target,male-cns:v1.0,other,L
10342,157054,1,1,Tm20,Tm20_L,,,,ol_intrinsic,L,,SIFa_to_target,male-cns:v1.0,other,L
10342,157244,1,1,LHPD4a1,LHPD4a1_L,LHPD4a1,,,cb_intrinsic,L,,SIFa_to_target,male-cns:v1.0,other,L
10342,157389,1,1,KCab-s,KCab-s_L,"KCab-m,KCab-c,KCab-s",Kenyon_Cell,,cb_intrinsic,L,,SIFa_to_target,male-cns:v1.0,KC_alpha_beta,L
10342,157499,1,1,T4a,T4a_L,,,,ol_intrinsic,L,,SIFa_to_target,male-cns:v1.0,other,L
10342,157669,1,1,LHPD3a5,LHPD3a5_L,LHPD3a5,,,cb_intrinsic,L,,SIFa_to_target,male-cns:v1.0,other,L
10342,157791,1,1,CB2920,CB2920_L,,,,cb_intrinsic,L,,SIFa_to_target,male-cns:v1.0,other,L
10342,159069,1,1,Cm1,Cm1_L,,,,ol_intrinsic,L,,SIFa_to_target,male-cns:v1.0,other,L
10342,159094,2,1,Dm10,Dm10_L,,,,ol_intrinsic,L,,SIFa_to_target,male-cns:v1.0,other,L
10342,159653,1,1,CB2038,CB2038_L,,,,cb_intrinsic,L,,SIFa_to_target,male-cns:v1.0,other,L
10342,160055,1,1,,,,,,cb_intrinsic,L,,SIFa_to_target,male-cns:v1.0,other,unknown
10342,160295,1,1,T2,T2_L,,,,ol_intrinsic,L,,SIFa_to_target,male-cns:v1.0,other,L
10342,161613,1,1,,,,,,,,,SIFa_to_target,male-cns:v1.0,other,unknown
10342,162048,1,1,KCab-s,KCab-s_L,"KCab-m,KCab-c,KCab-s",Kenyon_Cell,,cb_intrinsic,L,,SIFa_to_target,male-cns:v1.0,KC_alpha_beta,L
10342,163045,1,1,CB3733,CB3733_L,,,,cb_intrinsic,L,,SIFa_to_target,male-cns:v1.0,other,L
10342,163499,5,5,MeLo3a,MeLo3a_L,,,,ol_intrinsic,L,,SIFa_to_target,male-cns:v1.0,other,L
10342,164853,1,1,FS4B,FS4B_C5_R,FS4B,CX,,cb_intrinsic,R,,SIFa_to_target,male-cns:v1.0,other,R
10342,165076,1,1,TmY18,TmY18_L,,,,ol_intrinsic,L,,SIFa_to_target,male-cns:v1.0,other,L
10342,165623,1,1,vDeltaK,vDeltaK_C7,vDeltaK,CX,,cb_intrinsic,R,,SIFa_to_target,male-cns:v1.0,other,unknown
10342,165664,2,2,ANXXX169,ANXXX169_L,,,BA,ascending_neuron,L,,SIFa_to_target,male-cns:v1.0,other,L
10342,166057,1,1,KCab-s,KCab-s_R,"KCab-m,KCab-c,KCab-s",Kenyon_Cell,,cb_intrinsic,R,,SIFa_to_target,male-cns:v1.0,KC_alpha_beta,R
10342,166237,1,1,Tm37,Tm37_L,,,,ol_intrinsic,L,,SIFa_to_target,male-cns:v1.0,other,L
10342,166459,1,1,T5d,T5d_L,,,,ol_intrinsic,L,,SIFa_to_target,male-cns:v1.0,other,L
10342,166617,1,1,KCab-s,KCab-s_L,"KCab-m,KCab-c,KCab-s",Kenyon_Cell,,cb_intrinsic,L,,SIFa_to_target,male-cns:v1.0,KC_alpha_beta,L
10342,167620,1,1,Dm8a,Dm8a_L,,,,ol_intrinsic,L,,SIFa_to_target,male-cns:v1.0,other,L
10342,169141,1,1,KCab-m,KCab-m_R,"KCab-m,KCab-c,KCab-s",Kenyon_Cell,,cb_intrinsic,R,,SIFa_to_target,male-cns:v1.0,KC_alpha_beta,R
10342,169403,1,1,KCab-c,KCab-c_L,"KCab-m,KCab-c,KCab-s",Kenyon_Cell,,cb_intrinsic,L,,SIFa_to_target,male-cns:v1.0,KC_alpha_beta,L
10342,169639,1,1,KCab-c,KCab-c_L,"KCab-m,KCab-c,KCab-s",Kenyon_Cell,,cb_intrinsic,L,,SIFa_to_target,male-cns:v1.0,KC_alpha_beta,L
10342,170403,1,1,ORN_DM1,ORN_DM1_R,ORN_DM1,olfactory,,cb_sensory,,R,SIFa_to_target,male-cns:v1.0,other,R
10342,171000,1,1,KCab-c,KCab-c_L,"KCab-m,KCab-c,KCab-s",Kenyon_Cell,,cb_intrinsic,L,,SIFa_to_target,male-cns:v1.0,KC_alpha_beta,L
10342,171497,1,1,T5a,T5a_L,,,,ol_intrinsic,L,,SIFa_to_target,male-cns:v1.0,other,L
10342,172116,1,1,Tm5a,Tm5a_L,,,,ol_intrinsic,L,,SIFa_to_target,male-cns:v1.0,other,L
10342,172310,1,1,LPT111,LPT111_L,LT71,,,visual_centrifugal,L,,SIFa_to_target,male-cns:v1.0,other,L
10342,172881,1,1,CB2877,CB2877_L,,,,cb_intrinsic,L,,SIFa_to_target,male-cns:v1.0,other,L
10342,173066,1,1,T4a,T4a_L,,,,ol_intrinsic,L,,SIFa_to_target,male-cns:v1.0,other,L
10342,173496,1,1,T4a,T4a_L,,,,ol_intrinsic,L,,SIFa_to_target,male-cns:v1.0,other,L
10342,173942,1,1,Tm9,Tm9_L,,,,ol_intrinsic,L,,SIFa_to_target,male-cns:v1.0,other,L
10342,174669,1,1,Dm12,Dm12_L,,,,ol_intrinsic,L,,SIFa_to_target,male-cns:v1.0,other,L
10342,174967,1,1,LHPD3a2_a,LHPD3a2_a_L,LHPD3a2_a,,,cb_intrinsic,L,,SIFa_to_target,male-cns:v1.0,other,L
10342,175704,1,1,vDeltaA_b,vDeltaA_b_C7,vDeltaA_b,CX,,cb_intrinsic,R,,SIFa_to_target,male-cns:v1.0,other,unknown
10342,177010,1,1,KCab-m,KCab-m_L,"KCab-m,KCab-c,KCab-s",Kenyon_Cell,,cb_intrinsic,L,,SIFa_to_target,male-cns:v1.0,KC_alpha_beta,L
10342,177619,1,1,GNG335,GNG335_R,,,,cb_intrinsic,R,,SIFa_to_target,male-cns:v1.0,other,R
10342,177814,1,1,ORN_VA7m,ORN_VA7m_R,ORN_VA7m,olfactory,,cb_sensory,,R,SIFa_to_target,male-cns:v1.0,other,R
10342,178061,1,1,T5c,T5c_L,,,,ol_intrinsic,L,,SIFa_to_target,male-cns:v1.0,other,L
10342,178193,1,1,SIP054,SIP054_R,SIP054,,,cb_intrinsic,R,,SIFa_to_target,male-cns:v1.0,other,R
10342,178620,1,1,vDeltaA_b,vDeltaA_b_C8,vDeltaA_b,CX,,cb_intrinsic,R,,SIFa_to_target,male-cns:v1.0,other,unknown
10342,178768,1,1,KCab-c,KCab-c_L,"KCab-m,KCab-c,KCab-s",Kenyon_Cell,,cb_intrinsic,L,,SIFa_to_target,male-cns:v1.0,KC_alpha_beta,L
10342,178810,1,1,KCab-m,KCab-m_R,"KCab-m,KCab-c,KCab-s",Kenyon_Cell,,cb_intrinsic,R,,SIFa_to_target,male-cns:v1.0,KC_alpha_beta,R
10342,181262,1,1,Mi17,Mi17_L,,,,ol_intrinsic,L,,SIFa_to_target,male-cns:v1.0,other,L
10342,181461,1,1,T5c,T5c_L,,,,ol_intrinsic,L,,SIFa_to_target,male-cns:v1.0,other,L
10342,181755,1,1,ORN_DC1,ORN_DC1_R,ORN_DC1,olfactory,,cb_sensory,,R,SIFa_to_target,male-cns:v1.0,other,R
10342,182857,1,1,KCab-c,KCab-c_L,"KCab-m,KCab-c,KCab-s",Kenyon_Cell,,cb_intrinsic,L,,SIFa_to_target,male-cns:v1.0,KC_alpha_beta,L
10342,183154,1,1,T5a,T5a_L,,,,ol_intrinsic,L,,SIFa_to_target,male-cns:v1.0,other,L
10342,185022,2,2,T5b,T5b_L,,,,ol_intrinsic,L,,SIFa_to_target,male-cns:v1.0,other,L
10342,185186,1,1,Mi15,Mi15_L,,,,ol_intrinsic,L,,SIFa_to_target,male-cns:v1.0,other,L
10342,185726,3,2,v2LN3A,v2LN3A_L,v2LN3A,ALLN,,cb_intrinsic,L,,SIFa_to_target,male-cns:v1.0,other,L
10342,186380,5,5,DNge144,DNge144_L,,,xl,descending_neuron,L,,SIFa_to_target,male-cns:v1.0,other,L
10342,187155,1,1,T5d,T5d_L,,,,ol_intrinsic,L,,SIFa_to_target,male-cns:v1.0,other,L
10342,187287,1,1,T5d,T5d_L,,,,ol_intrinsic,L,,SIFa_to_target,male-cns:v1.0,other,L
10342,187755,1,1,T5b,T5b_L,,,,ol_intrinsic,L,,SIFa_to_target,male-cns:v1.0,other,L
10342,187909,1,1,KCab-c,KCab-c_L,"KCab-m,KCab-c,KCab-s",Kenyon_Cell,,cb_intrinsic,L,,SIFa_to_target,male-cns:v1.0,KC_alpha_beta,L
10342,188027,2,2,AN10B045,AN10B045_R,,,BA,ascending_neuron,R,,SIFa_to_target,male-cns:v1.0,other,R
10342,189724,1,1,T5b,T5b_L,,,,ol_intrinsic,L,,SIFa_to_target,male-cns:v1.0,other,L
10342,191040,1,1,T5d,T5d_L,,,,ol_intrinsic,L,,SIFa_to_target,male-cns:v1.0,other,L
10342,191062,1,1,Tm20,Tm20_L,,,,ol_intrinsic,L,,SIFa_to_target,male-cns:v1.0,other,L
10342,191633,1,1,Mi15,Mi15_L,,,,ol_intrinsic,L,,SIFa_to_target,male-cns:v1.0,other,L
10342,192545,1,1,Mi15,Mi15_L,,,,ol_intrinsic,L,,SIFa_to_target,male-cns:v1.0,other,L
10342,192587,1,1,T5d,T5d_L,,,,ol_intrinsic,L,,SIFa_to_target,male-cns:v1.0,other,L
10342,193578,1,1,KCab-s,KCab-s_L,"KCab-m,KCab-c,KCab-s",Kenyon_Cell,,cb_intrinsic,L,,SIFa_to_target,male-cns:v1.0,KC_alpha_beta,L
10342,195627,1,1,T4d,T4d_L,,,,ol_intrinsic,L,,SIFa_to_target,male-cns:v1.0,other,L
10342,197319,1,1,KCab-m,KCab-m_R,"KCab-m,KCab-c,KCab-s",Kenyon_Cell,,cb_intrinsic,R,,SIFa_to_target,male-cns:v1.0,KC_alpha_beta,R
10342,198610,1,1,T4c,T4c_L,,,,ol_intrinsic,L,,SIFa_to_target,male-cns:v1.0,other,L
10342,198995,2,2,,,,,,,,,SIFa_to_target,male-cns:v1.0,other,unknown
10342,199359,1,1,Mi15,Mi15_L,,,,ol_intrinsic,L,,SIFa_to_target,male-cns:v1.0,other,L
10342,200137,1,1,Mi16,Mi16_L,,,,ol_intrinsic,L,,SIFa_to_target,male-cns:v1.0,other,L
10342,201724,1,1,T5a,T5a_L,,,,ol_intrinsic,L,,SIFa_to_target,male-cns:v1.0,other,L
10342,202903,1,1,T4a,T4a_L,,,,ol_intrinsic,L,,SIFa_to_target,male-cns:v1.0,other,L
10342,203425,2,1,T5a,T5a_L,,,,ol_intrinsic,L,,SIFa_to_target,male-cns:v1.0,other,L
10342,203688,1,1,LHAV2g2_a,LHAV2g2_a_L,LHAV2g2_a,,,cb_intrinsic,L,,SIFa_to_target,male-cns:v1.0,other,L
10342,205223,1,1,ORN_VC5,ORN_VC5_L,ORN_VC3m,olfactory,,cb_sensory,,L,SIFa_to_target,male-cns:v1.0,other,L
10342,206644,1,1,SIP113m,SIP113m_R,,,,cb_intrinsic,R,,SIFa_to_target,male-cns:v1.0,other,R
10342,208069,1,1,ORN_DM2,ORN_DM2_L,ORN_DM2,olfactory,,cb_sensory,,L,SIFa_to_target,male-cns:v1.0,other,L
10342,208642,1,1,TmY18,TmY18_L,,,,ol_intrinsic,L,,SIFa_to_target,male-cns:v1.0,other,L
10342,210611,2,1,T5c,T5c_L,,,,ol_intrinsic,L,,SIFa_to_target,male-cns:v1.0,other,L
10342,210644,1,1,Cm4,Cm4_L,,,,ol_intrinsic,L,,SIFa_to_target,male-cns:v1.0,other,L
10342,211754,1,1,ORN_DM6,ORN_DM6_R,ORN_DM6,olfactory,,cb_sensory,,R,SIFa_to_target,male-cns:v1.0,other,R
10342,212907,1,1,,,,,,,,,SIFa_to_target,male-cns:v1.0,other,unknown
10342,213470,1,1,,,,,,,,,SIFa_to_target,male-cns:v1.0,other,unknown
10342,213902,2,1,Mi15,Mi15_L,,,,ol_intrinsic,L,,SIFa_to_target,male-cns:v1.0,other,L
10342,214833,1,1,T5a,T5a_L,,,,ol_intrinsic,L,,SIFa_to_target,male-cns:v1.0,other,L
10342,215957,1,1,ORN_VA7m,ORN_VA7m_R,ORN_VA7m,olfactory,,cb_sensory,,R,SIFa_to_target,male-cns:v1.0,other,R
10342,216130,1,1,Mi15,Mi15_L,,,,ol_intrinsic,L,,SIFa_to_target,male-cns:v1.0,other,L
10342,220109,1,1,T5a,T5a_L,,,,ol_intrinsic,L,,SIFa_to_target,male-cns:v1.0,other,L
10342,220941,1,1,,,,gustatory,leg bristle,sensory_ascending,,L,SIFa_to_target,male-cns:v1.0,other,unknown
10342,222777,1,1,AN09A005,AN09A005_R,,,BI,ascending_neuron,R,,SIFa_to_target,male-cns:v1.0,other,R
10342,222974,1,1,ORN_DM1,ORN_DM1_L,ORN_DM1,olfactory,,cb_sensory,,L,SIFa_to_target,male-cns:v1.0,other,L
10342,226751,1,1,,,,,,,,,SIFa_to_target,male-cns:v1.0,other,unknown
10342,226846,1,1,SMP261,SMP261_R,SMP261,,,cb_intrinsic,R,,SIFa_to_target,male-cns:v1.0,other,R
10342,230110,1,1,VP1l+_lvPN,VP1l+_lvPN_L,VP1l+_lvPN,ALPN,,cb_intrinsic,L,,SIFa_to_target,male-cns:v1.0,other,L
10342,235885,1,1,CB2363,CB2363_R,,,,cb_intrinsic,R,,SIFa_to_target,male-cns:v1.0,other,R
10342,245458,1,1,SIP078,SIP078_L,SIP078,,,cb_intrinsic,L,,SIFa_to_target,male-cns:v1.0,other,L
10342,252837,1,1,KCab-c,KCab-c_L,"KCab-m,KCab-c,KCab-s",Kenyon_Cell,,cb_intrinsic,L,,SIFa_to_target,male-cns:v1.0,KC_alpha_beta,L
10342,268615,2,2,,,,,,,,,SIFa_to_target,male-cns:v1.0,other,unknown
10342,270605,1,1,,,,,,,,,SIFa_to_target,male-cns:v1.0,other,unknown
10342,272106,2,2,KCab-m,KCab-m_R,"KCab-m,KCab-c,KCab-s",Kenyon_Cell,,cb_intrinsic,R,,SIFa_to_target,male-cns:v1.0,KC_alpha_beta,R
10342,282479,1,1,AN10B034,AN10B034_R,,,BA,ascending_neuron,R,,SIFa_to_target,male-cns:v1.0,other,R
10342,282783,1,1,ORN_VL1,ORN_VL1_L,ORN_VL1,olfactory,,cb_sensory,,L,SIFa_to_target,male-cns:v1.0,other,L
10342,287798,1,1,KCab-s,KCab-s_R,"KCab-m,KCab-c,KCab-s",Kenyon_Cell,,cb_intrinsic,R,,SIFa_to_target,male-cns:v1.0,KC_alpha_beta,R
10342,294178,1,1,EL,EL_L,EL,CX,,cb_intrinsic,L,,SIFa_to_target,male-cns:v1.0,other,L
10342,300324,1,1,,,,,,,,,SIFa_to_target,male-cns:v1.0,other,unknown
10342,301867,1,1,JO-EV1,JO-EV1_L,,mechanosensory,wind_gravity,cb_sensory,,L,SIFa_to_target,male-cns:v1.0,other,L
10342,305382,1,1,Tm1,Tm1_L,,,,ol_intrinsic,L,,SIFa_to_target,male-cns:v1.0,other,L
10342,331721,2,2,AN27X004,AN27X004_R,,,BA,ascending_neuron,R,,SIFa_to_target,male-cns:v1.0,other,R
10342,349357,1,1,ORN_DA3,ORN_DA3_R,ORN_DA3,olfactory,,cb_sensory,,R,SIFa_to_target,male-cns:v1.0,other,R
10342,350976,4,4,,,,,,,,,SIFa_to_target,male-cns:v1.0,other,unknown
10342,351910,1,1,,Pm12_fragment_L,,,,,,,SIFa_to_target,male-cns:v1.0,other,L
10342,361420,1,1,,,,,,,,,SIFa_to_target,male-cns:v1.0,other,unknown
10342,417297,1,1,ORN_VA6,ORN_VA6_L,ORN_VA6,olfactory,,cb_sensory,,L,SIFa_to_target,male-cns:v1.0,other,L
10342,430406,1,1,,MeLo9_fragment_L,,,,,,,SIFa_to_target,male-cns:v1.0,other,L
10342,511752,1,1,CB0307,CB0307_L,,,,cb_intrinsic,L,,SIFa_to_target,male-cns:v1.0,other,L
10342,511804,1,1,TmY18,TmY18_L,,,,ol_intrinsic,L,,SIFa_to_target,male-cns:v1.0,other,L
10342,511810,2,2,ANXXX308,ANXXX308_R,,,BA,ascending_neuron,R,,SIFa_to_target,male-cns:v1.0,other,R
10342,511815,1,1,,,,,,,,,SIFa_to_target,male-cns:v1.0,other,unknown
10342,511828,5,5,AN09A005,AN09A005_L,,,XA,ascending_neuron,L,,SIFa_to_target,male-cns:v1.0,other,L
10342,512216,1,1,LHAV1a3,LHAV1a3_L,LHAV1a3,,,cb_intrinsic,L,,SIFa_to_target,male-cns:v1.0,other,L
10342,512245,13,12,DNc01,DNc01_R,SIFa,,xn,descending_neuron,R,,SIFa_to_target,male-cns:v1.0,other,R
10342,512266,2,1,GNG060,GNG060_R,,,,cb_intrinsic,R,,SIFa_to_target,male-cns:v1.0,other,R
10342,512319,1,1,ER6,ER6_L,ER6,CX,,cb_intrinsic,L,,SIFa_to_target,male-cns:v1.0,other,L
10342,512324,1,1,SAD052,SAD052_L,SAD052,,,cb_intrinsic,L,,SIFa_to_target,male-cns:v1.0,other,L
10342,512370,1,1,Tm2,Tm2_L,,,,ol_intrinsic,L,,SIFa_to_target,male-cns:v1.0,other,L
10342,512375,3,3,AVLP111,AVLP111_L,AVLP111,,,cb_intrinsic,L,,SIFa_to_target,male-cns:v1.0,other,L
10342,512387,1,1,TmY14,TmY14_L,,,,visual_projection,L,,SIFa_to_target,male-cns:v1.0,other,L
10342,512388,1,1,C3,C3_L,,,,ol_intrinsic,L,,SIFa_to_target,male-cns:v1.0,other,L
10342,512418,1,1,SLP259,SLP259_R,SLP259,,,cb_intrinsic,R,,SIFa_to_target,male-cns:v1.0,other,R
10342,512509,5,4,GNG067,GNG067_L,,,,cb_intrinsic,L,,SIFa_to_target,male-cns:v1.0,other,L
10342,512530,1,1,AN17B002,AN17B002_R,,,BA,ascending_neuron,R,,SIFa_to_target,male-cns:v1.0,other,R
10342,512716,1,1,FB6M,FB6M_L,FB6M,CX,,cb_intrinsic,L,,SIFa_to_target,male-cns:v1.0,other,L
10342,512867,1,1,MeLo11,MeLo11_L,,,,ol_intrinsic,L,,SIFa_to_target,male-cns:v1.0,other,L
10342,512927,1,1,PEN_a(PEN1),PEN_a(PB06a)_R2,PEN_a(PEN1),CX,,cb_intrinsic,R,,SIFa_to_target,male-cns:v1.0,other,unknown
10342,513033,2,2,EPG,EPG(PB08)_L8,EPG,CX,,cb_intrinsic,L,,SIFa_to_target,male-cns:v1.0,other,unknown
10342,513060,1,1,Tm1,Tm1_L,,,,ol_intrinsic,L,,SIFa_to_target,male-cns:v1.0,other,L
10342,513307,1,1,aMe26,aMe26_L,aMe26,,,visual_projection,L,,SIFa_to_target,male-cns:v1.0,other,L
10342,513463,1,1,EPG,EPG(PB08)_R2,EPG,CX,,cb_intrinsic,R,,SIFa_to_target,male-cns:v1.0,other,unknown
10342,513517,2,2,EPG,EPG(PB08)_L4,EPG,CX,,cb_intrinsic,L,,SIFa_to_target,male-cns:v1.0,other,unknown
10342,513672,1,1,MeVP10,MeVP10_L,,,,visual_projection,L,,SIFa_to_target,male-cns:v1.0,other,L
10342,513681,1,1,SAD104,SAD104_L,,,,cb_intrinsic,L,,SIFa_to_target,male-cns:v1.0,other,L
10342,513785,3,3,WED055_b,WED055_b_L,,,,cb_intrinsic,L,,SIFa_to_target,male-cns:v1.0,other,L
10342,513830,1,1,,,,,,cb_intrinsic,R,,SIFa_to_target,male-cns:v1.0,other,unknown
10342,513930,1,1,MeVPMe2,MeVPMe2_L,,,,visual_projection,L,,SIFa_to_target,male-cns:v1.0,other,L
10342,513991,1,1,Cm17,Cm17_L,,,,ol_intrinsic,L,,SIFa_to_target,male-cns:v1.0,other,L
10342,514252,1,1,AVLP488,AVLP488_L,AVLP488,,,cb_intrinsic,L,,SIFa_to_target,male-cns:v1.0,other,L
10342,514257,1,1,CB1208,CB1208_L,"AVLP386,AVLP388",,,cb_intrinsic,L,,SIFa_to_target,male-cns:v1.0,other,L
10342,514407,1,1,Li29,Li29_L,,,,ol_intrinsic,L,,SIFa_to_target,male-cns:v1.0,other,L
10342,514410,4,4,GNG198,GNG198_R,,,,cb_intrinsic,R,,SIFa_to_target,male-cns:v1.0,other,R
10342,514472,1,1,T4a,T4a_L,,,,ol_intrinsic,L,,SIFa_to_target,male-cns:v1.0,other,L
10342,514532,1,1,FLA001m,FLA001m_L,,,,cb_intrinsic,L,,SIFa_to_target,male-cns:v1.0,other,L
10342,514554,1,1,SIP103m,SIP103m_L,,,,cb_intrinsic,L,,SIFa_to_target,male-cns:v1.0,other,L
10342,514598,1,1,LHAV2b5,LHAV2b5_L,LHAV2b5,,,cb_intrinsic,L,,SIFa_to_target,male-cns:v1.0,other,L
10342,514803,1,1,ER2_b,ER2_b_L,ER2_b,CX,,cb_intrinsic,L,,SIFa_to_target,male-cns:v1.0,other,L
10342,515067,2,2,TmY19a,TmY19a_L,,,,ol_intrinsic,L,,SIFa_to_target,male-cns:v1.0,other,L
10342,515177,2,1,AVLP120,AVLP120_L,AVLP120,,,cb_intrinsic,L,,SIFa_to_target,male-cns:v1.0,other,L
10342,515254,1,1,SIP103m,SIP103m_R,,,,cb_intrinsic,R,,SIFa_to_target,male-cns:v1.0,other,R
10342,515317,1,1,TmY13,TmY13_L,,,,ol_intrinsic,L,,SIFa_to_target,male-cns:v1.0,other,L
10342,515450,1,1,Pm2b,Pm2b_L,,,,ol_intrinsic,L,,SIFa_to_target,male-cns:v1.0,other,L
10342,515577,1,1,AVLP465,AVLP465_L,AVLP465,,,cb_intrinsic,L,,SIFa_to_target,male-cns:v1.0,other,L
10342,515642,2,2,CB1927,CB1927_L,,,,cb_intrinsic,L,,SIFa_to_target,male-cns:v1.0,other,L
10342,515675,1,1,EPG,EPG(PB08)_R1,EPG,CX,,cb_intrinsic,R,,SIFa_to_target,male-cns:v1.0,other,unknown
10342,515805,1,1,CB2348,CB2348_R,,,,cb_intrinsic,R,,SIFa_to_target,male-cns:v1.0,other,R
10342,515933,2,1,ExR2,ExR2_R,ExR2,CX,,cb_intrinsic,R,,SIFa_to_target,male-cns:v1.0,other,R
10342,516025,3,3,Tm4,Tm4_L,,,,ol_intrinsic,L,,SIFa_to_target,male-cns:v1.0,other,L
10342,516101,3,3,Cm28,Cm28_L,,,,ol_intrinsic,L,,SIFa_to_target,male-cns:v1.0,other,L
10342,516197,1,1,LHAV4g14,LHAV4g14_L,LHAV4g14,,,cb_intrinsic,L,,SIFa_to_target,male-cns:v1.0,other,L
10342,516231,1,1,MeLo13,MeLo13_L,,,,ol_intrinsic,L,,SIFa_to_target,male-cns:v1.0,other,L
10342,516323,1,1,CB4209,CB4209_L,,,,cb_intrinsic,L,,SIFa_to_target,male-cns:v1.0,other,L
10342,516500,2,2,WED206,WED206_L,,,,cb_intrinsic,L,,SIFa_to_target,male-cns:v1.0,other,L
10342,516889,1,1,CB3667,CB3667_L,,,,cb_intrinsic,L,,SIFa_to_target,male-cns:v1.0,other,L
10342,516976,3,3,GNG070,GNG070_L,,,,cb_intrinsic,L,,SIFa_to_target,male-cns:v1.0,other,L
10342,517004,1,1,AVLP143,AVLP143_L,AVLP143,,,cb_intrinsic,L,,SIFa_to_target,male-cns:v1.0,other,L
10342,517012,1,1,FB6C_b,FB6C_b_L,FB6C_b,CX,,cb_intrinsic,L,,SIFa_to_target,male-cns:v1.0,other,L
10342,517050,1,1,SMP143,SMP143(SMP149)_R,"SMP143,SMP149",,,cb_intrinsic,R,,SIFa_to_target,male-cns:v1.0,other,R
10342,517164,3,2,CB2831,CB2831_L,,,,cb_intrinsic,L,,SIFa_to_target,male-cns:v1.0,other,L
10342,517165,1,1,CB4176,CB4176_L,,,,cb_intrinsic,L,,SIFa_to_target,male-cns:v1.0,other,L
10342,517264,1,1,ER3w_a,ER3w_a_R,ER3w_a,CX,,cb_intrinsic,R,,SIFa_to_target,male-cns:v1.0,other,R
10342,517351,1,1,DL2d_adPN,DL2d_adPN_L,DL2d_adPN,ALPN,,cb_intrinsic,L,,SIFa_to_target,male-cns:v1.0,other,L
10342,517439,1,1,Tm2,Tm2_L,,,,ol_intrinsic,L,,SIFa_to_target,male-cns:v1.0,other,L
10342,517548,1,1,FB4Y,FB4Y_L,FB4Y,CX,,cb_intrinsic,L,,SIFa_to_target,male-cns:v1.0,other,L
10342,517675,1,1,CB4118,CB4118_L,,,,cb_intrinsic,L,,SIFa_to_target,male-cns:v1.0,other,L
10342,517788,1,1,AOTU046,AOTU046_L,AOTU046,,,cb_intrinsic,L,,SIFa_to_target,male-cns:v1.0,other,L
10342,517949,1,1,Pm10,Pm10_L,,,,ol_intrinsic,L,,SIFa_to_target,male-cns:v1.0,other,L
10342,518038,3,3,WED055_b,WED055_b_L,WED055_b,,,cb_intrinsic,L,,SIFa_to_target,male-cns:v1.0,other,L
10342,518039,8,8,WED055_a,WED055_a_L,WED055_a,,,cb_intrinsic,L,,SIFa_to_target,male-cns:v1.0,other,L
10342,518252,1,1,PRW054,PRW054_R,,,,cb_intrinsic,R,,SIFa_to_target,male-cns:v1.0,other,R
10342,518256,1,1,T2,T2_L,,,,ol_intrinsic,L,,SIFa_to_target,male-cns:v1.0,other,L
10342,518281,1,1,MeLo7,MeLo7_L,,,,ol_intrinsic,L,,SIFa_to_target,male-cns:v1.0,other,L
10342,518580,1,1,LHAV4a1_b,LHAV4a1_b_L,LHAV4a1_b,,,cb_intrinsic,L,,SIFa_to_target,male-cns:v1.0,other,L
10342,518686,1,1,Pm10,Pm10_L,,,,ol_intrinsic,L,,SIFa_to_target,male-cns:v1.0,other,L
10342,519043,1,1,AMMC031,AMMC031_L,,,,cb_intrinsic,L,,SIFa_to_target,male-cns:v1.0,other,L
10342,519102,1,1,Tm2,Tm2_L,,,,ol_intrinsic,L,,SIFa_to_target,male-cns:v1.0,other,L
10342,519140,1,1,EPG,EPG(PB08)_L1,EPG,CX,,cb_intrinsic,L,,SIFa_to_target,male-cns:v1.0,other,unknown
10342,519343,1,1,AVLP112,AVLP112_L,AVLP112,,,cb_intrinsic,L,,SIFa_to_target,male-cns:v1.0,other,L
10342,519348,1,1,PFL1,PFL1(PB12a)_L3_C4,PFL1,CX,,cb_intrinsic,L,,SIFa_to_target,male-cns:v1.0,other,unknown
10342,519365,2,2,VES092,VES092_L,,,,cb_intrinsic,L,,SIFa_to_target,male-cns:v1.0,other,L
10342,519411,1,1,CB3024,CB3024_L,,,,cb_intrinsic,L,,SIFa_to_target,male-cns:v1.0,other,L
10342,519415,1,1,SAD014,SAD014_L,SAD014,,,cb_intrinsic,L,,SIFa_to_target,male-cns:v1.0,other,L
10342,519463,1,1,Dm10,Dm10_L,,,,ol_intrinsic,L,,SIFa_to_target,male-cns:v1.0,other,L
10342,519516,1,1,AN09B004,AN09B004_a_R,,,CA,ascending_neuron,R,,SIFa_to_target,male-cns:v1.0,other,R
10342,519636,1,1,WED118,WED118_L,WED118,,,cb_intrinsic,L,,SIFa_to_target,male-cns:v1.0,other,L
10342,519701,1,1,CB2851,CB2851_L,,,,cb_intrinsic,L,,SIFa_to_target,male-cns:v1.0,other,L
10342,519717,2,2,VES047,VES047_L,VES047,,,cb_intrinsic,L,,SIFa_to_target,male-cns:v1.0,other,L
10342,520030,1,1,AVLP719m,AVLP719m_L,,,,cb_intrinsic,L,,SIFa_to_target,male-cns:v1.0,other,L
10342,520064,1,1,CL210_a,CL210_a_R,CL210_a,,,cb_intrinsic,R,,SIFa_to_target,male-cns:v1.0,other,R
10342,520236,1,1,SMP049,SMP049_R,SMP049,,,cb_intrinsic,R,,SIFa_to_target,male-cns:v1.0,other,R
10342,520345,1,1,Tm16,Tm16_L,,,,ol_intrinsic,L,,SIFa_to_target,male-cns:v1.0,other,L
10342,520432,2,2,AVLP722m,AVLP722m_L,,,,cb_intrinsic,L,,SIFa_to_target,male-cns:v1.0,other,L
10342,520646,3,3,PRW060,PRW060_R,,,,cb_intrinsic,R,,SIFa_to_target,male-cns:v1.0,other,R
10342,520698,1,1,MeVC20,MeVC20_L,,,,visual_centrifugal,L,,SIFa_to_target,male-cns:v1.0,other,L
10342,520787,7,7,lLN2T_a,lLN2T_a(Tortuous)_L,lLN2T_a,ALLN,,cb_intrinsic,L,,SIFa_to_target,male-cns:v1.0,other,L
10342,520812,1,1,EPG,EPG(PB08)_R8,EPG,CX,,cb_intrinsic,R,,SIFa_to_target,male-cns:v1.0,other,unknown
10342,520817,1,1,ExR4,ExR4_R,ExR4,CX,,cb_intrinsic,R,,SIFa_to_target,male-cns:v1.0,other,R
10342,520818,1,1,EPG,EPG(PB08)_L4,EPG,CX,,cb_intrinsic,L,,SIFa_to_target,male-cns:v1.0,other,unknown
10342,521099,1,1,AVLP111,AVLP111_L,AVLP111,,,cb_intrinsic,L,,SIFa_to_target,male-cns:v1.0,other,L
10342,521105,1,1,PRW005,PRW005_L,,,,cb_intrinsic,L,,SIFa_to_target,male-cns:v1.0,other,L
10342,521373,1,1,AN09B004,AN09B004_e_R,,,BA,ascending_neuron,R,,SIFa_to_target,male-cns:v1.0,other,R
10342,521409,2,1,EPG,EPG(PB08)_L8,EPG,CX,,cb_intrinsic,L,,SIFa_to_target,male-cns:v1.0,other,unknown
10342,521490,1,1,AVLP721m,AVLP721m_L,,,,cb_intrinsic,L,,SIFa_to_target,male-cns:v1.0,other,L
10342,521503,2,2,TmY3,TmY3_L,,,,ol_intrinsic,L,,SIFa_to_target,male-cns:v1.0,other,L
10342,521506,1,1,T4c,T4c_L,,,,ol_intrinsic,L,,SIFa_to_target,male-cns:v1.0,other,L
10342,521537,1,1,PS320,PS320_L,,,,cb_intrinsic,L,,SIFa_to_target,male-cns:v1.0,other,L
10342,521586,3,1,ALBN1,ALBN1_L,ALBN1,ALLN,,cb_intrinsic,L,,SIFa_to_target,male-cns:v1.0,other,L
10342,521635,2,2,PFR_b,PFR_b(PB11b)_L3_C3,PFR_b,CX,,cb_intrinsic,L,,SIFa_to_target,male-cns:v1.0,other,unknown
10342,521656,5,2,AN05B106,AN05B106_R,,,CA,ascending_neuron,R,,SIFa_to_target,male-cns:v1.0,other,R
10342,521666,1,1,WED092,WED092_L,WED092,,,cb_intrinsic,L,,SIFa_to_target,male-cns:v1.0,other,L
10342,521776,1,1,DNpe048,DNpe048(SMP367)_L,SMP367,,,descending_neuron,L,,SIFa_to_target,male-cns:v1.0,other,L
10342,521935,4,4,lLN1_bc,lLN1_bc_L,"lLN1_b,lLN1_c",ALLN,,cb_intrinsic,L,,SIFa_to_target,male-cns:v1.0,other,L
10342,522386,1,1,SMP276,SMP276_R,SMP276,,,cb_intrinsic,R,,SIFa_to_target,male-cns:v1.0,other,R
10342,522410,4,4,AVLP532,AVLP532_L,AVLP532,,,cb_intrinsic,L,,SIFa_to_target,male-cns:v1.0,other,L
10342,522755,1,1,PhG8,PhG8_R,,gustatory,pharyngeal sensillum,cb_sensory,,R,SIFa_to_target,male-cns:v1.0,other,R
10342,523036,1,1,PFL1,PFL1(PB12a)_L2_C3,PFL1,CX,,cb_intrinsic,L,,SIFa_to_target,male-cns:v1.0,other,unknown
10342,523476,1,1,CB4173,CB4173_L,,,,cb_intrinsic,L,,SIFa_to_target,male-cns:v1.0,other,L
10342,523581,1,1,AVLP399,AVLP399_L,AVLP399,,,cb_intrinsic,L,,SIFa_to_target,male-cns:v1.0,other,L
10342,523591,1,1,il3LN6,il3LN6_L,il3LN6,ALLN,,cb_intrinsic,L,,SIFa_to_target,male-cns:v1.0,other,L
10342,523624,1,1,PVLP018,PVLP018_L,PVLP018,,,cb_intrinsic,L,,SIFa_to_target,male-cns:v1.0,other,L
10342,523636,1,1,VES092,VES092(hb1629383757)_R,(hb1629383757),,,cb_intrinsic,R,,SIFa_to_target,male-cns:v1.0,other,R
10342,523640,1,1,AMMC013,AMMC013_L,,,,cb_intrinsic,L,,SIFa_to_target,male-cns:v1.0,other,L
10342,523850,1,1,TmY19a,TmY19a_L,,,,ol_intrinsic,L,,SIFa_to_target,male-cns:v1.0,other,L
10342,524139,1,1,CB3404,CB3404_L,,,,cb_intrinsic,L,,SIFa_to_target,male-cns:v1.0,other,L
10342,524164,6,4,,,,ALLN,,cb_intrinsic,L,,SIFa_to_target,male-cns:v1.0,other,unknown
10342,524284,1,1,ALIN7,ALIN7_R,,ALIN,,cb_intrinsic,R,,SIFa_to_target,male-cns:v1.0,other,R
10342,524308,1,1,Pm7,Pm7_L,,,,ol_intrinsic,L,,SIFa_to_target,male-cns:v1.0,other,L
10342,524419,2,2,MeVP17,MeVP17_L,,,,visual_projection,L,,SIFa_to_target,male-cns:v1.0,other,L
10342,524727,1,1,Pm3,Pm3_L,,,,ol_intrinsic,L,,SIFa_to_target,male-cns:v1.0,other,L
10342,524761,2,2,AN09A005,AN09A005_L,,,XA,ascending_neuron,L,,SIFa_to_target,male-cns:v1.0,other,L
10342,524945,1,1,hDeltaJ,hDeltaJ_06_C6b,hDeltaJ,CX,,cb_intrinsic,R,,SIFa_to_target,male-cns:v1.0,other,unknown
10342,524959,1,1,MeVP10,MeVP10_L,,,,visual_projection,L,,SIFa_to_target,male-cns:v1.0,other,L
10342,525010,1,1,,,,,,cb_intrinsic,R,,SIFa_to_target,male-cns:v1.0,other,unknown
10342,525061,2,2,PFGs,PFGs(PB10)_L7_C7,PFGs,CX,,cb_intrinsic,L,,SIFa_to_target,male-cns:v1.0,other,unknown
10342,525289,3,3,CB0956,CB0956_L,,,,cb_intrinsic,L,,SIFa_to_target,male-cns:v1.0,other,L
10342,525364,1,1,FB7F,FB7F_R,FB7F,CX,,cb_intrinsic,R,,SIFa_to_target,male-cns:v1.0,other,R
10342,525499,1,1,Pm10,Pm10_L,,,,ol_intrinsic,L,,SIFa_to_target,male-cns:v1.0,other,L
10342,525902,2,2,Tm1,Tm1_L,,,,ol_intrinsic,L,,SIFa_to_target,male-cns:v1.0,other,L
10342,526108,2,2,Tm3,Tm3_L,,,,ol_intrinsic,L,,SIFa_to_target,male-cns:v1.0,other,L
10342,526505,10,10,ANXXX308,ANXXX308_L,,,BA,ascending_neuron,L,,SIFa_to_target,male-cns:v1.0,other,L
10342,526521,2,1,PRW073,PRW073_L,,,,cb_intrinsic,L,,SIFa_to_target,male-cns:v1.0,other,L
10342,526698,4,4,ANXXX202,ANXXX202_L,,,BA,ascending_neuron,L,,SIFa_to_target,male-cns:v1.0,other,L
10342,527409,1,1,CB0683,CB0683_L,,ALON,,cb_intrinsic,L,,SIFa_to_target,male-cns:v1.0,other,L
10342,527461,2,2,LHAV4e4,LHAV4e4_L,LHAV4e4,,,cb_intrinsic,L,,SIFa_to_target,male-cns:v1.0,other,L
10342,527470,27,24,lLN2T_c,lLN2T_c(Tortuous)_L,lLN2T_c,ALLN,,cb_intrinsic,L,,SIFa_to_target,male-cns:v1.0,other,L
10342,529109,1,1,Tm1,Tm1_L,,,,ol_intrinsic,L,,SIFa_to_target,male-cns:v1.0,other,L
10342,529118,1,1,T2,T2_L,,,,ol_intrinsic,L,,SIFa_to_target,male-cns:v1.0,other,L
10342,529149,2,1,TmY5a,TmY5a_L,,,,ol_intrinsic,L,,SIFa_to_target,male-cns:v1.0,other,L
10342,529259,1,1,GNG345,GNG345_R,,,,cb_intrinsic,M,,SIFa_to_target,male-cns:v1.0,other,R
10342,529325,1,1,TmY16,TmY16_L,,,,ol_intrinsic,L,,SIFa_to_target,male-cns:v1.0,other,L
10342,529326,1,1,Pm10,Pm10_L,,,,ol_intrinsic,L,,SIFa_to_target,male-cns:v1.0,other,L
10342,529370,1,1,Pm10,Pm10_L,,,,ol_intrinsic,L,,SIFa_to_target,male-cns:v1.0,other,L
10342,529405,1,1,TmY16,TmY16_L,,,,ol_intrinsic,L,,SIFa_to_target,male-cns:v1.0,other,L
10342,529560,1,1,Tm12,Tm12_L,,,,ol_intrinsic,L,,SIFa_to_target,male-cns:v1.0,other,L
10342,529665,2,2,VA7l_adPN,VA7l_adPN_L,VA7l_adPN,ALPN,,cb_intrinsic,L,,SIFa_to_target,male-cns:v1.0,other,L
10342,529753,5,4,PRW006,PRW006_R,,,,cb_intrinsic,R,,SIFa_to_target,male-cns:v1.0,other,R
10342,529800,2,2,LHAV4a4,LHAV4a4_L,LHAV4a4,,,cb_intrinsic,L,,SIFa_to_target,male-cns:v1.0,other,L
10342,529811,1,1,AVLP476,AVLP476_L,AVLP476,,,cb_intrinsic,L,,SIFa_to_target,male-cns:v1.0,other,L
10342,529856,2,2,TmY15,TmY15_L,,,,ol_intrinsic,L,,SIFa_to_target,male-cns:v1.0,other,L
10342,530435,1,1,AN09B037,AN09B037_R,,,BA,ascending_neuron,R,,SIFa_to_target,male-cns:v1.0,other,R
10342,530553,1,1,MeLo13,MeLo13_L,,,,ol_intrinsic,L,,SIFa_to_target,male-cns:v1.0,other,L
10342,530561,1,1,PRW046,PRW046_R,,,,cb_intrinsic,R,,SIFa_to_target,male-cns:v1.0,other,R
10342,530699,1,1,Mi4,Mi4_L,,,,ol_intrinsic,L,,SIFa_to_target,male-cns:v1.0,other,L
10342,530853,1,1,MeLo13,MeLo13_L,,,,ol_intrinsic,L,,SIFa_to_target,male-cns:v1.0,other,L
10342,531343,1,1,Tm37,Tm37_L,,,,ol_intrinsic,L,,SIFa_to_target,male-cns:v1.0,other,L
10342,531425,2,2,GNG506,GNG506_L,,,,cb_intrinsic,L,,SIFa_to_target,male-cns:v1.0,other,L
10342,531445,1,1,LHPV5c1_a,LHPV5c1_a_L,LHPV5c1_a,,,cb_intrinsic,L,,SIFa_to_target,male-cns:v1.0,other,L
10342,531552,1,1,Pm7,Pm7_L,,,,ol_intrinsic,L,,SIFa_to_target,male-cns:v1.0,other,L
10342,531691,1,1,T5b,T5b_L,,,,ol_intrinsic,L,,SIFa_to_target,male-cns:v1.0,other,L
10342,531954,1,1,SMP095,SMP095_R,SMP095,,,cb_intrinsic,R,,SIFa_to_target,male-cns:v1.0,other,R
10342,532497,1,1,SMP484,SMP484_R,SMP484,,,cb_intrinsic,R,,SIFa_to_target,male-cns:v1.0,other,R
10342,532593,1,1,Tm2,Tm2_L,,,,ol_intrinsic,L,,SIFa_to_target,male-cns:v1.0,other,L
10342,532643,9,8,AN09B004,AN09B004_d_R,,,CA,ascending_neuron,R,,SIFa_to_target,male-cns:v1.0,other,R
10342,532655,11,8,lLN2T_a,lLN2T_a(Tortuous)_L,lLN2T_a,ALLN,,cb_intrinsic,L,,SIFa_to_target,male-cns:v1.0,other,L
10342,532662,1,1,CB2711,CB2711_L,,ALPN,,cb_intrinsic,L,,SIFa_to_target,male-cns:v1.0,other,L
10342,532766,1,1,M_l2PNm16,M_l2PNm16_L,M_l2PNm16,ALPN,,cb_intrinsic,L,,SIFa_to_target,male-cns:v1.0,other,L
10342,532846,1,1,T4c,T4c_L,,,,ol_intrinsic,L,,SIFa_to_target,male-cns:v1.0,other,L
10342,533265,3,3,Pm4,Pm4_L,,,,ol_intrinsic,L,,SIFa_to_target,male-cns:v1.0,other,L
10342,533382,1,1,T2,T2_L,,,,ol_intrinsic,L,,SIFa_to_target,male-cns:v1.0,other,L
10342,533713,1,1,JO-ED1,JO-ED1_L,,mechanosensory,wind_gravity,cb_sensory,,L,SIFa_to_target,male-cns:v1.0,other,L
10342,533747,2,1,AVLP110_b,AVLP110_b_L,AVLP110,,,cb_intrinsic,L,,SIFa_to_target,male-cns:v1.0,other,L
10342,533792,1,1,Tm2,Tm2_L,,,,ol_intrinsic,L,,SIFa_to_target,male-cns:v1.0,other,L
10342,533811,1,1,Pm6,Pm6_L,,,,ol_intrinsic,L,,SIFa_to_target,male-cns:v1.0,other,L
10342,534115,1,1,T5c,T5c_L,,,,ol_intrinsic,L,,SIFa_to_target,male-cns:v1.0,other,L
10342,534225,1,1,TmY14,TmY14_L,,,,visual_projection,L,,SIFa_to_target,male-cns:v1.0,other,L
10342,534364,1,1,Cm3,Cm3_L,,,,ol_intrinsic,L,,SIFa_to_target,male-cns:v1.0,other,L
10342,534837,1,1,T4a,T4a_L,,,,ol_intrinsic,L,,SIFa_to_target,male-cns:v1.0,other,L
10342,534899,1,1,TmY5a,TmY5a_L,,,,ol_intrinsic,L,,SIFa_to_target,male-cns:v1.0,other,L
10342,535053,1,1,FB7F,FB7F_R,FB7F,CX,,cb_intrinsic,R,,SIFa_to_target,male-cns:v1.0,other,R
10342,535438,1,1,LHPD2a6,LHPD2a6_L,LHPD2a6,,,cb_intrinsic,L,,SIFa_to_target,male-cns:v1.0,other,L
10342,535630,1,1,Y3,Y3_L,,,,ol_intrinsic,L,,SIFa_to_target,male-cns:v1.0,other,L
10342,535731,1,1,T4d,T4d_L,,,,ol_intrinsic,L,,SIFa_to_target,male-cns:v1.0,other,L
10342,536884,1,1,Tm4,Tm4_L,,,,ol_intrinsic,L,,SIFa_to_target,male-cns:v1.0,other,L
10342,536993,1,1,Tm6,Tm6_L,,,,ol_intrinsic,L,,SIFa_to_target,male-cns:v1.0,other,L
10342,537455,1,1,TmY3,TmY3_L,,,,ol_intrinsic,L,,SIFa_to_target,male-cns:v1.0,other,L
10342,539349,1,1,Tm3,Tm3_L,,,,ol_intrinsic,L,,SIFa_to_target,male-cns:v1.0,other,L
10342,541635,1,1,LHAV4a4,LHAV4a4_L,LHAV4a4,,,cb_intrinsic,L,,SIFa_to_target,male-cns:v1.0,other,L
10342,542050,1,1,Tm3,Tm3_L,,,,ol_intrinsic,L,,SIFa_to_target,male-cns:v1.0,other,L
10342,542812,1,1,Tm3,Tm3_L,,,,ol_intrinsic,L,,SIFa_to_target,male-cns:v1.0,other,L
10342,542848,1,1,T5a,T5a_L,,,,ol_intrinsic,L,,SIFa_to_target,male-cns:v1.0,other,L
10342,542880,2,1,Mi16,Mi16_L,,,,ol_intrinsic,L,,SIFa_to_target,male-cns:v1.0,other,L
10342,542947,2,2,LHPV2a4,LHPV2a4_L,LHPV2a4,,,cb_intrinsic,L,,SIFa_to_target,male-cns:v1.0,other,L
10342,543137,1,1,TmY18,TmY18_L,,,,ol_intrinsic,L,,SIFa_to_target,male-cns:v1.0,other,L
10342,544359,1,1,PAM10,PAM10(B1)_R,PAM10,DAN,,cb_intrinsic,R,,SIFa_to_target,male-cns:v1.0,DAN,R
10342,544439,1,1,CB2038,CB2038_L,,,,cb_intrinsic,L,,SIFa_to_target,male-cns:v1.0,other,L
10342,544753,1,1,Tm4,Tm4_L,,,,ol_intrinsic,L,,SIFa_to_target,male-cns:v1.0,other,L
10342,544813,1,1,KCab-m,KCab-m_L,"KCab-m,KCab-c,KCab-s",Kenyon_Cell,,cb_intrinsic,L,,SIFa_to_target,male-cns:v1.0,KC_alpha_beta,L
10342,545017,1,1,Tm20,Tm20_L,,,,ol_intrinsic,L,,SIFa_to_target,male-cns:v1.0,other,L
10342,545591,1,1,Dm10,Dm10_L,,,,ol_intrinsic,L,,SIFa_to_target,male-cns:v1.0,other,L
10342,545892,1,1,MeLo3a,MeLo3a_L,,,,ol_intrinsic,L,,SIFa_to_target,male-cns:v1.0,other,L
10342,545990,1,1,PRW006,PRW006_L,,,,cb_intrinsic,L,,SIFa_to_target,male-cns:v1.0,other,L
10342,546088,1,1,TmY18,TmY18_L,,,,ol_intrinsic,L,,SIFa_to_target,male-cns:v1.0,other,L
10342,546102,1,1,LHAV4a4,LHAV4a4_L,LHAV4a4,,,cb_intrinsic,L,,SIFa_to_target,male-cns:v1.0,other,L
10342,546191,1,1,Dm10,Dm10_L,,,,ol_intrinsic,L,,SIFa_to_target,male-cns:v1.0,other,L
10342,546252,1,1,T4a,T4a_L,,,,ol_intrinsic,L,,SIFa_to_target,male-cns:v1.0,other,L
10342,546289,1,1,T5a,T5a_L,,,,ol_intrinsic,L,,SIFa_to_target,male-cns:v1.0,other,L
10342,546400,2,2,Tm3,Tm3_L,,,,ol_intrinsic,L,,SIFa_to_target,male-cns:v1.0,other,L
10342,547030,1,1,Mi4,Mi4_L,,,,ol_intrinsic,L,,SIFa_to_target,male-cns:v1.0,other,L
10342,547267,1,1,SAD079,SAD079_L,SAD079,,,cb_intrinsic,L,,SIFa_to_target,male-cns:v1.0,other,L
10342,547345,1,1,Mi15,Mi15_L,,,,ol_intrinsic,L,,SIFa_to_target,male-cns:v1.0,other,L
10342,548220,1,1,LHAV5b1,LHAV5b1_L,LHAV5b1,,,cb_intrinsic,L,,SIFa_to_target,male-cns:v1.0,other,L
10342,549187,1,1,Mi14,Mi14_L,,,,ol_intrinsic,L,,SIFa_to_target,male-cns:v1.0,other,L
10342,549229,2,2,EA27X006,EA27X006_R,,,,efferent_ascending,R,,SIFa_to_target,male-cns:v1.0,other,R
10342,549330,1,1,T5a,T5a_L,,,,ol_intrinsic,L,,SIFa_to_target,male-cns:v1.0,other,L
10342,549464,1,1,Dm10,Dm10_L,,,,ol_intrinsic,L,,SIFa_to_target,male-cns:v1.0,other,L
10342,549654,2,2,T2,T2_L,,,,ol_intrinsic,L,,SIFa_to_target,male-cns:v1.0,other,L
10342,550113,1,1,T4a,T4a_L,,,,ol_intrinsic,L,,SIFa_to_target,male-cns:v1.0,other,L
10342,550378,1,1,KCab-s,KCab-s_L,"KCab-m,KCab-c,KCab-s",Kenyon_Cell,,cb_intrinsic,L,,SIFa_to_target,male-cns:v1.0,KC_alpha_beta,L
10342,550784,1,1,Tm9,Tm9_L,,,,ol_intrinsic,L,,SIFa_to_target,male-cns:v1.0,other,L
10342,550793,1,1,L5,L5_L,,,,ol_intrinsic,L,,SIFa_to_target,male-cns:v1.0,other,L
10342,551030,1,1,Mi17,Mi17_L,,,,ol_intrinsic,L,,SIFa_to_target,male-cns:v1.0,other,L
10342,551590,1,1,TmY3,TmY3_L,,,,ol_intrinsic,L,,SIFa_to_target,male-cns:v1.0,other,L
10342,552035,1,1,JO-A2,JO-A2_L,,mechanosensory,auditory,cb_sensory,,L,SIFa_to_target,male-cns:v1.0,other,L
10342,552227,1,1,T5b,T5b_L,,,,ol_intrinsic,L,,SIFa_to_target,male-cns:v1.0,other,L
10342,552527,1,1,LHPV6f3_b,LHPV6f3_b_L,LHPV6f3_b,,,cb_intrinsic,L,,SIFa_to_target,male-cns:v1.0,other,L
10342,552673,1,1,T5a,T5a_L,,,,ol_intrinsic,L,,SIFa_to_target,male-cns:v1.0,other,L
10342,553201,1,1,PAM09,PAM09(B1ped)_R,PAM09,DAN,,cb_intrinsic,R,,SIFa_to_target,male-cns:v1.0,DAN,R
10342,553860,4,4,,,,,,cb_intrinsic,R,,SIFa_to_target,male-cns:v1.0,other,unknown
10342,554133,1,1,T4d,T4d_L,,,,ol_intrinsic,L,,SIFa_to_target,male-cns:v1.0,other,L
10342,555258,2,2,PRW071,PRW071_R,,,,cb_intrinsic,R,,SIFa_to_target,male-cns:v1.0,other,R
10342,555259,1,1,PRW004,PRW004(hb1140012085)_M,(hb1140012085),,,cb_intrinsic,M,,SIFa_to_target,male-cns:v1.0,other,unknown
10342,555312,1,1,LHAV6b1,LHAV6b1_L,LHAV6b1,,,cb_intrinsic,L,,SIFa_to_target,male-cns:v1.0,other,L
10342,555318,2,1,lLN2X04,lLN2X04_L,,ALLN,,cb_intrinsic,L,,SIFa_to_target,male-cns:v1.0,other,L
10342,555767,4,4,DH44,DH44_R,"PI1,PI2,PI3",,,cb_endocrine,R,,SIFa_to_target,male-cns:v1.0,other,R
10342,555768,3,3,IPC,IPC_R,"PI1,PI2,PI3",,,cb_endocrine,R,,SIFa_to_target,male-cns:v1.0,other,R
10342,556286,1,1,DNp32,DNp32_L,DNp32,,xl,descending_neuron,L,,SIFa_to_target,male-cns:v1.0,other,L
10342,556684,1,1,Cm5,Cm5_L,,,,ol_intrinsic,L,,SIFa_to_target,male-cns:v1.0,other,L
10342,556812,3,3,PRW063,PRW063_R,,,,cb_intrinsic,R,,SIFa_to_target,male-cns:v1.0,other,R
10342,558864,1,1,Tm1,Tm1_L,,,,ol_intrinsic,L,,SIFa_to_target,male-cns:v1.0,other,L
10342,559437,2,2,CB3320,CB3320_L,,,,cb_intrinsic,L,,SIFa_to_target,male-cns:v1.0,other,L
10342,559555,1,1,JO-ED2_c,JO-ED2_c_L,,mechanosensory,wind_gravity,cb_sensory,,L,SIFa_to_target,male-cns:v1.0,other,L
10342,563873,1,1,M_lPNm11D,M_lPNm11D_L,M_lPNm11D,ALPN,,cb_intrinsic,L,,SIFa_to_target,male-cns:v1.0,other,L
10342,565674,1,1,Dm10,Dm10_L,,,,ol_intrinsic,L,,SIFa_to_target,male-cns:v1.0,other,L
10342,567407,3,2,IPC,IPC_R,"PI1,PI2,PI3",,,cb_endocrine,R,,SIFa_to_target,male-cns:v1.0,other,R
10342,568502,1,1,ER5,ER5_R,ER5,CX,,cb_intrinsic,R,,SIFa_to_target,male-cns:v1.0,other,R
10342,570199,4,3,PRW013,PRW013_L,,,,cb_intrinsic,L,,SIFa_to_target,male-cns:v1.0,other,L
10342,570844,1,1,Tm3,Tm3_L,,,,ol_intrinsic,L,,SIFa_to_target,male-cns:v1.0,other,L
10342,574357,1,1,AN09A005,AN09A005_L,,,BA,ascending_neuron,L,,SIFa_to_target,male-cns:v1.0,other,L
10342,575716,1,1,Tm1,Tm1_L,,,,ol_intrinsic,L,,SIFa_to_target,male-cns:v1.0,other,L
10342,580079,1,1,Tm4,Tm4_L,,,,ol_intrinsic,L,,SIFa_to_target,male-cns:v1.0,other,L
10342,580097,2,1,PRW039,PRW039_L,,,,cb_intrinsic,L,,SIFa_to_target,male-cns:v1.0,other,L
10342,580386,1,1,KCab-m,KCab-m_L,"KCab-m,KCab-c,KCab-s",Kenyon_Cell,,cb_intrinsic,L,,SIFa_to_target,male-cns:v1.0,KC_alpha_beta,L
10342,580497,1,1,FB8F_b,FB8F_b_R,FB8F_b,CX,,cb_intrinsic,R,,SIFa_to_target,male-cns:v1.0,other,R
10342,580735,1,1,MeLo3a,MeLo3a_L,,,,ol_intrinsic,L,,SIFa_to_target,male-cns:v1.0,other,L
10342,800072,2,2,INXXX464,INXXX464_L,,,IR,vnc_intrinsic,L,,SIFa_to_target,male-cns:v1.0,other,L
10342,800130,1,1,INXXX077,INXXX077_R,,,BR,vnc_intrinsic,R,,SIFa_to_target,male-cns:v1.0,other,R
10342,800156,1,1,IN13B011,IN13B011_R,,,CR,vnc_intrinsic,R,,SIFa_to_target,male-cns:v1.0,other,R
10342,800166,1,1,INXXX149,INXXX149_R,,,BR,vnc_intrinsic,R,,SIFa_to_target,male-cns:v1.0,other,R
10342,800183,1,1,IN13A003,IN13A003_L,,,IR,vnc_intrinsic,L,,SIFa_to_target,male-cns:v1.0,other,L
10342,800233,1,1,IN19A007,IN19A007_L,,,IR,vnc_intrinsic,L,,SIFa_to_target,male-cns:v1.0,other,L
10342,800262,1,1,IN05B003,IN05B003_R,,,BI,vnc_intrinsic,R,,SIFa_to_target,male-cns:v1.0,other,R
10342,800428,1,1,IN13A002,IN13A002_L,,,IR,vnc_intrinsic,L,,SIFa_to_target,male-cns:v1.0,other,L
10342,800506,1,1,IN19A009,IN19A009_L,,,II,vnc_intrinsic,L,,SIFa_to_target,male-cns:v1.0,other,L
10342,800536,1,1,IN19A011,IN19A011_L,,,IR,vnc_intrinsic,L,,SIFa_to_target,male-cns:v1.0,other,L
10342,800659,1,1,MNad22,MNad22_R,,,ad,vnc_motor,R,,SIFa_to_target,male-cns:v1.0,other,R
10342,800747,1,1,IN19A012,IN19A012_L,,,II,vnc_intrinsic,L,,SIFa_to_target,male-cns:v1.0,other,L
10342,800756,1,1,IN20A.22A001,IN20A.22A001_L,,,IR,vnc_intrinsic,L,,SIFa_to_target,male-cns:v1.0,other,L
10342,800838,4,4,IN19A012,IN19A012_L,,,II,vnc_intrinsic,L,,SIFa_to_target,male-cns:v1.0,other,L
10342,800968,2,2,INXXX290,INXXX290_L,,,BR,vnc_intrinsic,L,,SIFa_to_target,male-cns:v1.0,other,L
10342,801103,1,1,IN21A008,IN21A008_L,,,IR,vnc_intrinsic,L,,SIFa_to_target,male-cns:v1.0,other,L
10342,801199,2,2,INXXX034,INXXX034_M,,,BA,vnc_intrinsic,M,,SIFa_to_target,male-cns:v1.0,other,unknown
10342,801242,1,1,INXXX167,INXXX167_L,,,BR,vnc_intrinsic,L,,SIFa_to_target,male-cns:v1.0,other,L
10342,801313,1,1,IN17A019,IN17A019_L,,,II,vnc_intrinsic,L,,SIFa_to_target,male-cns:v1.0,other,L
10342,801466,1,1,INXXX223,INXXX223_L,,,BR,vnc_intrinsic,L,,SIFa_to_target,male-cns:v1.0,other,L
10342,801494,1,1,IN12B012,IN12B012_R,,,BR,vnc_intrinsic,R,,SIFa_to_target,male-cns:v1.0,other,R
10342,801659,1,1,IN09A014,IN09A014_L,,,IR,vnc_intrinsic,L,,SIFa_to_target,male-cns:v1.0,other,L
10342,801684,1,1,IN06B019,IN06B019_R,,,BI,vnc_intrinsic,R,,SIFa_to_target,male-cns:v1.0,other,R
10342,801723,2,2,IN21A019,IN21A019_L,,,IR,vnc_intrinsic,L,,SIFa_to_target,male-cns:v1.0,other,L
10342,801810,1,1,INXXX209,INXXX209_R,,,BR,vnc_intrinsic,R,,SIFa_to_target,male-cns:v1.0,other,R
10342,801845,1,1,IN27X002,IN27X002_L,,,BI,vnc_intrinsic,L,,SIFa_to_target,male-cns:v1.0,other,L
10342,801961,1,1,IN17A022,IN17A022_L,,,IR,vnc_intrinsic,L,,SIFa_to_target,male-cns:v1.0,other,L
10342,802017,1,1,IN07B014,IN07B014_L,,,II,vnc_intrinsic,L,,SIFa_to_target,male-cns:v1.0,other,L
10342,802043,1,1,IN19A029,IN19A029_L,,,IR,vnc_intrinsic,L,,SIFa_to_target,male-cns:v1.0,other,L
10342,802049,1,1,IN19B050,IN19B050_R,,,BI,vnc_intrinsic,R,,SIFa_to_target,male-cns:v1.0,other,R
10342,802100,1,1,INXXX405,INXXX405_L,,,,vnc_intrinsic,L,,SIFa_to_target,male-cns:v1.0,other,L
10342,802138,1,1,IN10B013,IN10B013_R,,,BI,vnc_intrinsic,R,,SIFa_to_target,male-cns:v1.0,other,R
10342,802240,1,1,MNad62,MNad62_L,,,ad,vnc_motor,L,,SIFa_to_target,male-cns:v1.0,other,L
10342,802392,1,1,IN04B008,IN04B008_L,,,IR,vnc_intrinsic,L,,SIFa_to_target,male-cns:v1.0,other,L
10342,802413,1,1,MNad53,MNad53_L,,,ad,vnc_motor,L,,SIFa_to_target,male-cns:v1.0,other,L
10342,802415,1,1,IN23B012,IN23B012_R,,,BI,vnc_intrinsic,R,,SIFa_to_target,male-cns:v1.0,other,R
10342,802650,2,2,INXXX351,INXXX351_R,,,BR,vnc_intrinsic,R,,SIFa_to_target,male-cns:v1.0,other,R
10342,802762,1,1,INXXX267,INXXX267_R,,,BR,vnc_intrinsic,R,,SIFa_to_target,male-cns:v1.0,other,R
10342,802853,1,1,"IN17A043,IN17A046","IN17A043,IN17A046_L",,,,vnc_intrinsic,L,,SIFa_to_target,male-cns:v1.0,other,L
10342,802907,1,1,MNad23,MNad23_R,,,ad,vnc_motor,R,,SIFa_to_target,male-cns:v1.0,other,R
10342,802911,1,1,INXXX350,INXXX350_R,,,BR,vnc_intrinsic,R,,SIFa_to_target,male-cns:v1.0,other,R
10342,802955,1,1,EA27X006,EA27X006_L,,,,efferent_ascending,L,,SIFa_to_target,male-cns:v1.0,other,L
10342,802983,1,1,INXXX215,INXXX215_L,,,BI,vnc_intrinsic,L,,SIFa_to_target,male-cns:v1.0,other,L
10342,803076,1,1,INXXX192,INXXX192_L,,,BI,vnc_intrinsic,L,,SIFa_to_target,male-cns:v1.0,other,L
10342,803079,1,1,IN01B006,IN01B006_L,,,IR,vnc_intrinsic,L,,SIFa_to_target,male-cns:v1.0,other,L
10342,803139,1,1,INXXX269,INXXX269_R,,,BI,vnc_intrinsic,R,,SIFa_to_target,male-cns:v1.0,other,R
10342,803184,6,6,INXXX083,INXXX083_L,,,BR,vnc_intrinsic,L,,SIFa_to_target,male-cns:v1.0,other,L
10342,803185,1,1,IN13B050,IN13B050_R,,,CR,vnc_intrinsic,R,,SIFa_to_target,male-cns:v1.0,other,R
10342,803470,2,2,IN20A.22A017,IN20A.22A017_L,,,,vnc_intrinsic,L,,SIFa_to_target,male-cns:v1.0,other,L
10342,803480,1,1,MNml82,MNml82_L,,,ml,vnc_motor,L,,SIFa_to_target,male-cns:v1.0,other,L
10342,803514,1,1,IN19A032,IN19A032_L,,,II,vnc_intrinsic,L,,SIFa_to_target,male-cns:v1.0,other,L
10342,803631,3,2,IN20A.22A017,IN20A.22A017_L,,,,vnc_intrinsic,L,,SIFa_to_target,male-cns:v1.0,other,L
10342,803646,4,3,IN14A020,IN14A020_R,,,CI,vnc_intrinsic,R,,SIFa_to_target,male-cns:v1.0,other,R
10342,803694,1,1,IN20A.22A090,IN20A.22A090_L,,,IR,vnc_intrinsic,L,,SIFa_to_target,male-cns:v1.0,other,L
10342,803712,2,2,IN19B050,IN19B050_L,,,BR,vnc_intrinsic,L,,SIFa_to_target,male-cns:v1.0,other,L
10342,803748,1,1,IN27X004,IN27X004_R,,,BI,vnc_intrinsic,R,,SIFa_to_target,male-cns:v1.0,other,R
10342,803806,1,1,IN04B055,IN04B055_L,,,II,vnc_intrinsic,L,,SIFa_to_target,male-cns:v1.0,other,L
10342,803888,3,3,IN09A031,IN09A031_L,,,IR,vnc_intrinsic,L,,SIFa_to_target,male-cns:v1.0,other,L
10342,803956,2,2,IN20A.22A039,IN20A.22A039_L,,,IR,vnc_intrinsic,L,,SIFa_to_target,male-cns:v1.0,other,L
10342,804379,2,1,IN04B064,IN04B064_L,,,BR,vnc_intrinsic,L,,SIFa_to_target,male-cns:v1.0,other,L
10342,804383,2,1,INXXX263,INXXX263_R,,,BR,vnc_intrinsic,R,,SIFa_to_target,male-cns:v1.0,other,R
10342,804403,1,1,INXXX290,INXXX290_L,,,BR,vnc_intrinsic,L,,SIFa_to_target,male-cns:v1.0,other,L
10342,804435,2,1,IN12B024_b,IN12B024_b_R,,,BR,vnc_intrinsic,R,,SIFa_to_target,male-cns:v1.0,other,R
10342,804583,1,1,IN13B026,IN13B026_R,,,CR,vnc_intrinsic,R,,SIFa_to_target,male-cns:v1.0,other,R
10342,804623,1,1,IN04B083,IN04B083_L,,,IR,vnc_intrinsic,L,,SIFa_to_target,male-cns:v1.0,other,L
10342,804707,1,1,IN12B027,IN12B027_R,,,BR,vnc_intrinsic,R,,SIFa_to_target,male-cns:v1.0,other,R
10342,804888,1,1,,,,mechanosensory_proprioceptive,leg,vnc_sensory,,L,SIFa_to_target,male-cns:v1.0,other,unknown
10342,804940,2,2,IN09A012,IN09A012_L,,,IR,vnc_intrinsic,L,,SIFa_to_target,male-cns:v1.0,other,L
10342,804982,1,1,INXXX230,INXXX230_R,,,BR,vnc_intrinsic,R,,SIFa_to_target,male-cns:v1.0,other,R
10342,804984,1,1,INXXX382_b,INXXX382_b_L,,,BR,vnc_intrinsic,L,,SIFa_to_target,male-cns:v1.0,other,L
10342,805362,1,1,AN27X011,AN27X011_L,,,BA,ascending_neuron,L,,SIFa_to_target,male-cns:v1.0,other,L
10342,805383,1,1,IN13B078,IN13B078_R,,,CR,vnc_intrinsic,R,,SIFa_to_target,male-cns:v1.0,other,R
10342,805474,1,1,IN03A060,IN03A060_L,,,IR,vnc_intrinsic,L,,SIFa_to_target,male-cns:v1.0,other,L
10342,805485,1,1,IN05B085,IN05B085_L,,,BI,vnc_intrinsic,L,,SIFa_to_target,male-cns:v1.0,other,L
10342,805525,1,1,IN18B034,IN18B034_L,,,BI,vnc_intrinsic,L,,SIFa_to_target,male-cns:v1.0,other,L
10342,805726,2,1,IN09A022,IN09A022_L,,,,vnc_intrinsic,L,,SIFa_to_target,male-cns:v1.0,other,L
10342,805810,3,3,IN04B060,IN04B060_L,,,BR,vnc_intrinsic,L,,SIFa_to_target,male-cns:v1.0,other,L
10342,805968,1,1,IN04B032,IN04B032_R,,,BR,vnc_intrinsic,R,,SIFa_to_target,male-cns:v1.0,other,R
10342,805982,1,1,IN14A052,IN14A052_R,,,CR,vnc_intrinsic,R,,SIFa_to_target,male-cns:v1.0,other,R
10342,806161,1,1,MNad24,MNad24_L,,,ad,vnc_motor,L,,SIFa_to_target,male-cns:v1.0,other,L
10342,806219,1,1,IN04B031,IN04B031_L,,,IR,vnc_intrinsic,L,,SIFa_to_target,male-cns:v1.0,other,L
10342,806251,1,1,IN12B036,IN12B036_R,,,CR,vnc_intrinsic,R,,SIFa_to_target,male-cns:v1.0,other,R
10342,806257,1,1,INXXX336,INXXX336_L,,,BR,vnc_intrinsic,L,,SIFa_to_target,male-cns:v1.0,other,L
10342,806367,1,1,IN12B037_c,IN12B037_c_R,,,CR,vnc_intrinsic,R,,SIFa_to_target,male-cns:v1.0,other,R
10342,806433,1,1,INXXX412,INXXX412_L,,,BR,vnc_intrinsic,L,,SIFa_to_target,male-cns:v1.0,other,L
10342,806496,1,1,INXXX393,INXXX393_L,,,BR,vnc_intrinsic,L,,SIFa_to_target,male-cns:v1.0,other,L
10342,806559,1,1,INXXX332,INXXX332_L,,,BR,vnc_intrinsic,L,,SIFa_to_target,male-cns:v1.0,other,L
10342,806951,1,1,IN12B044_a,IN12B044_a_R,,,BI,vnc_intrinsic,R,,SIFa_to_target,male-cns:v1.0,other,R
10342,807007,2,2,INXXX290,INXXX290_L,,,BR,vnc_intrinsic,L,,SIFa_to_target,male-cns:v1.0,other,L
10342,807016,1,1,IN09A028,IN09A028_L,,,IR,vnc_intrinsic,L,,SIFa_to_target,male-cns:v1.0,other,L
10342,807072,3,3,INXXX343,INXXX343_L,,,BR,vnc_intrinsic,L,,SIFa_to_target,male-cns:v1.0,other,L
10342,807136,1,1,IN23B085,IN23B085_L,,,BR,vnc_intrinsic,L,,SIFa_to_target,male-cns:v1.0,other,L
10342,807220,1,1,SNppxx,,,mechanosensory_proprioceptive,leg,vnc_sensory,,L,SIFa_to_target,male-cns:v1.0,other,unknown
10342,807288,3,3,LK,LK_L,,,ad,vnc_endocrine,L,,SIFa_to_target,male-cns:v1.0,other,L
10342,807292,1,1,INXXX290,INXXX290_R,,,BR,vnc_intrinsic,R,,SIFa_to_target,male-cns:v1.0,other,R
10342,807718,1,1,IN23B054,IN23B054_L,,,BR,vnc_intrinsic,L,,SIFa_to_target,male-cns:v1.0,other,L
10342,807767,1,1,SNxx29,,,unknown_sensory,leg,vnc_sensory,,L,SIFa_to_target,male-cns:v1.0,other,unknown
10342,807901,2,1,IN23B057,IN23B057_L,,,BR,vnc_intrinsic,L,,SIFa_to_target,male-cns:v1.0,other,L
10342,808183,1,1,IN09A005,IN09A005_L,,,BR,vnc_intrinsic,L,,SIFa_to_target,male-cns:v1.0,other,L
10342,808267,1,1,IN09A022,IN09A022_L,,,,vnc_intrinsic,L,,SIFa_to_target,male-cns:v1.0,other,L
10342,808325,2,2,IN23B087,IN23B087_L,,,BR,vnc_intrinsic,L,,SIFa_to_target,male-cns:v1.0,other,L
10342,808355,1,1,IN19A044,IN19A044_L,,,IR,vnc_intrinsic,L,,SIFa_to_target,male-cns:v1.0,other,L
10342,808418,1,1,IN23B070,IN23B070_L,,,BR,vnc_intrinsic,L,,SIFa_to_target,male-cns:v1.0,other,L
10342,808464,1,1,MNad57,MNad57_R,,,ad,vnc_motor,R,,SIFa_to_target,male-cns:v1.0,other,R
10342,808503,1,1,SNxx29,,,unknown_sensory,leg,vnc_sensory,,L,SIFa_to_target,male-cns:v1.0,other,unknown
10342,808534,1,1,IN23B035,IN23B035_L,,,BI,vnc_intrinsic,L,,SIFa_to_target,male-cns:v1.0,other,L
10342,808572,1,1,MNad57,MNad57_L,,,ad,vnc_motor,L,,SIFa_to_target,male-cns:v1.0,other,L
10342,808661,2,1,IN23B056,IN23B056_L,,,BI,vnc_intrinsic,L,,SIFa_to_target,male-cns:v1.0,other,L
10342,808679,1,1,IN02A044,IN02A044_L,,,BR,vnc_intrinsic,L,,SIFa_to_target,male-cns:v1.0,other,L
10342,808755,1,1,IN09A051,IN09A051_L,,,IR,vnc_intrinsic,L,,SIFa_to_target,male-cns:v1.0,other,L
10342,809190,2,1,IN23B081,IN23B081_L,,,BI,vnc_intrinsic,L,,SIFa_to_target,male-cns:v1.0,other,L
10342,809223,1,1,IN19A044,IN19A044_L,,,,vnc_intrinsic,L,,SIFa_to_target,male-cns:v1.0,other,L
10342,809341,1,1,IN12B042,IN12B042_R,,,CI,vnc_intrinsic,R,,SIFa_to_target,male-cns:v1.0,other,R
10342,809545,1,1,IN13B063,IN13B063_R,,,CR,vnc_intrinsic,R,,SIFa_to_target,male-cns:v1.0,other,R
10342,809621,1,1,IN12B073,IN12B073_R,,,,vnc_intrinsic,R,,SIFa_to_target,male-cns:v1.0,other,R
10342,809688,2,1,IN01B084,IN01B084_L,,,,vnc_intrinsic,L,,SIFa_to_target,male-cns:v1.0,other,L
10342,809690,1,1,IN14A029,IN14A029_R,,,BR,vnc_intrinsic,R,,SIFa_to_target,male-cns:v1.0,other,R
10342,810166,5,5,IN01B065,IN01B065_L,,,IR,vnc_intrinsic,L,,SIFa_to_target,male-cns:v1.0,other,L
10342,810242,1,1,IN12B074,IN12B074_R,,,,vnc_intrinsic,R,,SIFa_to_target,male-cns:v1.0,other,R
10342,810351,1,1,IN23B057,IN23B057_L,,,,vnc_intrinsic,L,,SIFa_to_target,male-cns:v1.0,other,L
10342,810458,1,1,IN23B059,IN23B059_L,,,BI,vnc_intrinsic,L,,SIFa_to_target,male-cns:v1.0,other,L
10342,810706,1,1,IN12A061_c,IN12A061_c_L,,,,vnc_intrinsic,L,,SIFa_to_target,male-cns:v1.0,other,L
10342,810750,1,1,ENXXX286,ENXXX286_L,,,,vnc_efferent,L,,SIFa_to_target,male-cns:v1.0,other,L
10342,811060,1,1,IN14A029,IN14A029_L,,,BR,vnc_intrinsic,L,,SIFa_to_target,male-cns:v1.0,other,L
10342,811295,1,1,IN14A029,IN14A029_R,,,BR,vnc_intrinsic,R,,SIFa_to_target,male-cns:v1.0,other,R
10342,811297,2,2,IN01B065,IN01B065_L,,,IR,vnc_intrinsic,L,,SIFa_to_target,male-cns:v1.0,other,L
10342,811418,1,1,IN01B084,IN01B084_L,,,IR,vnc_intrinsic,L,,SIFa_to_target,male-cns:v1.0,other,L
10342,811911,1,1,IN13B082,IN13B082_R,,,CR,vnc_intrinsic,R,,SIFa_to_target,male-cns:v1.0,other,R
10342,811999,2,2,MNad09,MNad09_L,,,ad,vnc_motor,L,,SIFa_to_target,male-cns:v1.0,other,L
10342,812077,4,4,IN13B093,IN13B093_R,,,CR,vnc_intrinsic,R,,SIFa_to_target,male-cns:v1.0,other,R
10342,812099,1,1,INXXX448,INXXX448_R,,,,vnc_intrinsic,R,,SIFa_to_target,male-cns:v1.0,other,R
10342,812103,5,4,IN01B065,IN01B065_L,,,IR,vnc_intrinsic,L,,SIFa_to_target,male-cns:v1.0,other,L
10342,812373,1,1,IN13B076,IN13B076_R,,,CR,vnc_intrinsic,R,,SIFa_to_target,male-cns:v1.0,other,R
10342,812954,1,1,INXXX448,INXXX448_R,,,,vnc_intrinsic,R,,SIFa_to_target,male-cns:v1.0,other,R
10342,813024,1,1,IN01B081,IN01B081_L,,,IR,vnc_intrinsic,L,,SIFa_to_target,male-cns:v1.0,other,L
10342,813103,3,3,IN01B101,IN01B101_L,,,IR,vnc_intrinsic,L,,SIFa_to_target,male-cns:v1.0,other,L
10342,813104,1,1,IN09A005,IN09A005_R,,,BI,vnc_intrinsic,R,,SIFa_to_target,male-cns:v1.0,other,R
10342,813304,1,1,IN01B077_b,IN01B077_b_L,,,IR,vnc_intrinsic,L,,SIFa_to_target,male-cns:v1.0,other,L
10342,813348,1,1,SNxxxx,,,mechanosensory_proprioceptive,leg,vnc_sensory,,L,SIFa_to_target,male-cns:v1.0,other,unknown
10342,813853,1,1,SNta21,,,mechanosensory_tactile,mechanosensory bristle,vnc_sensory,,L,SIFa_to_target,male-cns:v1.0,other,unknown
10342,813872,1,1,IN23B090,IN23B090_L,,,BI,vnc_intrinsic,L,,SIFa_to_target,male-cns:v1.0,other,L
10342,814037,1,1,SNxxxx,,,mechanosensory_proprioceptive,leg,vnc_sensory,,L,SIFa_to_target,male-cns:v1.0,other,unknown
10342,814244,1,1,,,,mechanosensory_proprioceptive,leg,vnc_sensory,,L,SIFa_to_target,male-cns:v1.0,other,unknown
10342,814263,1,1,INXXX295,INXXX295_L,,,BR,vnc_intrinsic,L,,SIFa_to_target,male-cns:v1.0,other,L
10342,814430,2,2,MNad03,MNad03_L,,,ad,vnc_motor,L,,SIFa_to_target,male-cns:v1.0,other,L
10342,814572,1,1,IN21A034,IN21A034_L,,,BI,vnc_intrinsic,L,,SIFa_to_target,male-cns:v1.0,other,L
10342,814595,1,1,IN09A092,IN09A092_L,,,IR,vnc_intrinsic,L,,SIFa_to_target,male-cns:v1.0,other,L
10342,814965,1,1,INXXX377,INXXX377_L,,,BR,vnc_intrinsic,L,,SIFa_to_target,male-cns:v1.0,other,L
10342,815036,1,1,IN09A079,IN09A079_L,,,,vnc_intrinsic,L,,SIFa_to_target,male-cns:v1.0,other,L
10342,815054,1,1,INXXX295,INXXX295_L,,,BR,vnc_intrinsic,L,,SIFa_to_target,male-cns:v1.0,other,L
10342,815195,1,1,SNta21,,,mechanosensory_tactile,mechanosensory bristle,vnc_sensory,,L,SIFa_to_target,male-cns:v1.0,other,unknown
10342,815205,1,1,MNad03,MNad03_L,,,ad,vnc_motor,L,,SIFa_to_target,male-cns:v1.0,other,L
10342,815256,1,1,IN01B090,IN01B090_L,,,II,vnc_intrinsic,L,,SIFa_to_target,male-cns:v1.0,other,L
10342,815281,1,1,MNad03,MNad03_R,,,ad,vnc_motor,R,,SIFa_to_target,male-cns:v1.0,other,R
10342,815714,2,1,IN19A043,IN19A043_L,,,II,vnc_intrinsic,L,,SIFa_to_target,male-cns:v1.0,other,L
10342,816151,5,5,LgLG4,LgLG4_L,,gustatory,leg bristle,vnc_sensory,,L,SIFa_to_target,male-cns:v1.0,other,L
10342,816539,2,1,IN09A092,IN09A092_L,,,IR,vnc_intrinsic,L,,SIFa_to_target,male-cns:v1.0,other,L
10342,816865,1,1,,,,,,,,,SIFa_to_target,male-cns:v1.0,other,unknown
10342,816932,7,5,IN01B080,IN01B080_L,,,,vnc_intrinsic,L,,SIFa_to_target,male-cns:v1.0,other,L
10342,816997,1,1,IN02A058,IN02A058_L,,,,vnc_intrinsic,L,,SIFa_to_target,male-cns:v1.0,other,L
10342,817259,1,1,IN09A092,IN09A092_L,,,,vnc_intrinsic,L,,SIFa_to_target,male-cns:v1.0,other,L
10342,817813,1,1,IN18B055,IN18B055_L,,,BI,vnc_intrinsic,L,,SIFa_to_target,male-cns:v1.0,other,L
10342,818334,1,1,IN14A029,INXXX392_L,,,BR,vnc_intrinsic,L,,SIFa_to_target,male-cns:v1.0,other,L
10342,818882,1,1,SNxx16,,,unknown_sensory,abdomen,vnc_sensory,,R,SIFa_to_target,male-cns:v1.0,other,unknown
10342,820902,1,1,,,,,,vnc_intrinsic,L,,SIFa_to_target,male-cns:v1.0,other,unknown
10342,822246,4,2,LgLG4,LgLG4_L,,gustatory,leg bristle,vnc_sensory,,L,SIFa_to_target,male-cns:v1.0,other,L
10342,895449,3,3,MNml78,MNml78_L,,,ml,vnc_motor,L,,SIFa_to_target,male-cns:v1.0,other,L
10342,900949,1,1,JO-EV6,JO-EV6_L,,mechanosensory,wind_gravity,cb_sensory,,L,SIFa_to_target,male-cns:v1.0,other,L
10342,902502,1,1,INXXX181,INXXX181_R,,,BR,vnc_intrinsic,R,,SIFa_to_target,male-cns:v1.0,other,R
10342,902728,1,1,INXXX209,INXXX209_R,,,BR,vnc_intrinsic,R,,SIFa_to_target,male-cns:v1.0,other,R
10342,903394,1,1,IN20A.22A059,IN20A.22A059_L,,,IR,vnc_intrinsic,L,,SIFa_to_target,male-cns:v1.0,other,L
10342,903855,1,1,IN08B004,IN08B004_R,,,BI,vnc_intrinsic,R,,SIFa_to_target,male-cns:v1.0,other,R
10342,904004,1,1,IN20A.22A017,IN20A.22A017_L,,,IR,vnc_intrinsic,L,,SIFa_to_target,male-cns:v1.0,other,L
10342,904124,1,1,IN13B080,IN13B080_R,,,CR,vnc_intrinsic,R,,SIFa_to_target,male-cns:v1.0,other,R
10342,904421,1,1,IN01B062,IN01B062_L,,,IR,vnc_intrinsic,L,,SIFa_to_target,male-cns:v1.0,other,L
10342,904939,1,1,IN12B039,IN12B039_R,,,CR,vnc_intrinsic,R,,SIFa_to_target,male-cns:v1.0,other,R
10342,904965,1,1,INXXX209,INXXX209_L,,,BR,vnc_intrinsic,L,,SIFa_to_target,male-cns:v1.0,other,L
10342,905253,1,1,INXXX421,INXXX421_L,,,BR,vnc_intrinsic,L,,SIFa_to_target,male-cns:v1.0,other,L
10342,905312,2,1,INXXX385,INXXX385_R,,,BR,vnc_intrinsic,R,,SIFa_to_target,male-cns:v1.0,other,R
10342,905463,1,1,IN19A021,IN19A021_L,,,IR,vnc_intrinsic,L,,SIFa_to_target,male-cns:v1.0,other,L
10342,906071,3,3,INXXX209,INXXX209_L,,,BR,vnc_intrinsic,L,,SIFa_to_target,male-cns:v1.0,other,L
10342,907189,1,1,INXXX348,INXXX348_L,,,IR,vnc_intrinsic,L,,SIFa_to_target,male-cns:v1.0,other,L
10342,907995,1,1,IN14A090,IN14A090_R,,,CR,vnc_intrinsic,R,,SIFa_to_target,male-cns:v1.0,other,R
10342,908119,1,1,,,,,,vnc_intrinsic,R,,SIFa_to_target,male-cns:v1.0,other,unknown
10342,908482,1,1,INXXX351,INXXX351_L,,,BR,vnc_intrinsic,L,,SIFa_to_target,male-cns:v1.0,other,L
10342,908934,1,1,INXXX448,INXXX448_R,,,,vnc_intrinsic,R,,SIFa_to_target,male-cns:v1.0,other,R
10342,909028,3,3,LgLG4,LgLG4_L,,gustatory,leg bristle,vnc_sensory,,L,SIFa_to_target,male-cns:v1.0,other,L
10342,909478,1,1,SNpp39,,,mechanosensory_proprioceptive,chordotonal organ,vnc_sensory,,L,SIFa_to_target,male-cns:v1.0,other,unknown
10342,910320,1,1,SNxx20,,,unknown_sensory,abdomen,vnc_sensory,,R,SIFa_to_target,male-cns:v1.0,other,unknown
10342,910487,1,1,"IN20A.22A070,IN20A.22A080","IN20A.22A070,IN20A.22A080_L",,,,vnc_intrinsic,L,,SIFa_to_target,male-cns:v1.0,other,L
10342,911713,2,2,,,,,,vnc_efferent,M,,SIFa_to_target,male-cns:v1.0,other,unknown
10342,913397,1,1,IN06B016,IN06B016_L,,,BI,vnc_intrinsic,L,,SIFa_to_target,male-cns:v1.0,other,L
10342,914764,1,1,,,,,,vnc_intrinsic,L,,SIFa_to_target,male-cns:v1.0,other,unknown
10342,919277,1,1,AMMC021,AMMC021_L,,,,cb_intrinsic,L,,SIFa_to_target,male-cns:v1.0,other,L
10342,919830,1,1,JO-ED2_a,JO-ED2_a_L,,mechanosensory,wind_gravity,cb_sensory,,L,SIFa_to_target,male-cns:v1.0,other,L
10342,922343,1,1,ORN_VL1,ORN_VL1_L,ORN_VL1,olfactory,,cb_sensory,,L,SIFa_to_target,male-cns:v1.0,other,L
10342,923713,1,1,PhG8,PhG8_L,,gustatory,pharyngeal sensillum,cb_sensory,,L,SIFa_to_target,male-cns:v1.0,other,L
10342,935009,1,1,IN13B057,IN13B057_R,,,CR,vnc_intrinsic,R,,SIFa_to_target,male-cns:v1.0,other,R
10342,935670,1,1,IN12B056,IN12B056_R,,,CR,vnc_intrinsic,R,,SIFa_to_target,male-cns:v1.0,other,R
10342,936452,1,1,IN07B023,IN07B023_L,,,BI,vnc_intrinsic,L,,SIFa_to_target,male-cns:v1.0,other,L
10342,936523,1,1,SNxx33,,,unknown_sensory,leg,vnc_sensory,,L,SIFa_to_target,male-cns:v1.0,other,unknown
10342,936838,1,1,,,,,,vnc_efferent,M,,SIFa_to_target,male-cns:v1.0,other,unknown
10342,938989,1,1,IN01B052,IN01B052_L,,,IR,vnc_intrinsic,L,,SIFa_to_target,male-cns:v1.0,other,L
10342,940581,5,4,IN01B080,IN01B080_L,,,,vnc_intrinsic,L,,SIFa_to_target,male-cns:v1.0,other,L
10342,944269,1,1,IN04B100,IN04B100_L,,,,vnc_intrinsic,L,,SIFa_to_target,male-cns:v1.0,other,L
10342,953020,1,1,Tm1,Tm1_L,,,,ol_intrinsic,L,,SIFa_to_target,male-cns:v1.0,other,L
10342,288638336,1,1,ORN_DM6,ORN_DM6_L,ORN_DM6,olfactory,,cb_sensory,,L,SIFa_to_target,male-cns:v1.0,other,L
10342,344566626,1,1,ORN_VM6m,ORN_VM6m_L,ORN_VC5,olfactory,,cb_sensory,,L,SIFa_to_target,male-cns:v1.0,other,L
10342,356783826,1,1,HRN_VP1d,HRN_VP1d_L,HRN_VP1d,hygrosensory,,cb_sensory,,L,SIFa_to_target,male-cns:v1.0,other,L
10342,360278126,1,1,TRN_VP2,TRN_VP2_L,TRN_VP2,thermosensory,,cb_sensory,,L,SIFa_to_target,male-cns:v1.0,other,L
10342,435223099,1,1,JO-CM,JO-CM_L,,mechanosensory,,cb_sensory,,L,SIFa_to_target,male-cns:v1.0,other,L
10342,821459348,1,1,ORN_DM1,ORN_DM1_L,ORN_DM1,olfactory,,cb_sensory,,L,SIFa_to_target,male-cns:v1.0,other,L
10342,1050003044,1,1,LK,LK_L,,,ad,vnc_endocrine,L,,SIFa_to_target,male-cns:v1.0,other,L
10342,1054499659,1,1,IN12B011,IN12B011_R,,,BR,vnc_intrinsic,R,,SIFa_to_target,male-cns:v1.0,other,R
10705,10009,12,8,CT1,CT1_L,CT1,,,ol_intrinsic,L,,SIFa_to_target,male-cns:v1.0,other,L
10705,10017,1,1,AMMC-A1,AMMC-A1_L,AMMC-A1,,,cb_intrinsic,L,,SIFa_to_target,male-cns:v1.0,other,L
10705,10029,2,1,LoVC16,LoVC16_R,PVLP132,,,visual_centrifugal,R,,SIFa_to_target,male-cns:v1.0,other,R
10705,10039,5,4,VL2a_adPN,VL2a_adPN_R,VL2a_adPN,ALPN,,cb_intrinsic,R,,SIFa_to_target,male-cns:v1.0,other,R
10705,10074,2,2,PVLP010,PVLP010_L,PVLP010,,,cb_intrinsic,L,,SIFa_to_target,male-cns:v1.0,other,L
10705,10093,5,3,Am1,Am1_R,,,,ol_intrinsic,R,,SIFa_to_target,male-cns:v1.0,other,R
10705,10097,1,1,oviIN,oviIN_L,oviIN,,,cb_intrinsic,L,,SIFa_to_target,male-cns:v1.0,other,L
10705,10100,1,1,LoVCLo3,LoVCLo3_R,PLP244,,,visual_centrifugal,R,,SIFa_to_target,male-cns:v1.0,other,R
10705,10102,3,2,MeVC25,MeVC25_R,,,,visual_centrifugal,R,,SIFa_to_target,male-cns:v1.0,other,R
10705,10107,1,1,MeVCMe1,MeVCMe1_L,aMe14b,,,visual_centrifugal,L,,SIFa_to_target,male-cns:v1.0,other,L
10705,10111,1,1,DM3_adPN,DM3_adPN_L,DM3_adPN,ALPN,,cb_intrinsic,L,,SIFa_to_target,male-cns:v1.0,other,L
10705,10133,8,6,lLN2F_b,lLN2F_b(Full)_L,lLN2F_b,ALLN,,cb_intrinsic,L,,SIFa_to_target,male-cns:v1.0,other,L
10705,10134,6,5,VL2a_adPN,VL2a_adPN_L,VL2a_adPN,ALPN,,cb_intrinsic,L,,SIFa_to_target,male-cns:v1.0,other,L
10705,10150,2,2,AN27X013,AN27X013_R,,,XA,ascending_neuron,R,,SIFa_to_target,male-cns:v1.0,other,R
10705,10167,1,1,VES041,VES041_R,VES041,,,cb_intrinsic,R,,SIFa_to_target,male-cns:v1.0,other,R
10705,10169,8,5,lLN2F_b,lLN2F_b(Full)_R,lLN2F_b,ALLN,,cb_intrinsic,R,,SIFa_to_target,male-cns:v1.0,other,R
10705,10201,8,8,lLN2T_c,lLN2T_c(Tortuous)_R,lLN2T_c,ALLN,,cb_intrinsic,R,,SIFa_to_target,male-cns:v1.0,other,R
10705,10209,4,4,LHPV12a1,LHPV12a1_R,LHPV12a1,,,cb_intrinsic,R,,SIFa_to_target,male-cns:v1.0,other,R
10705,10228,1,1,DNp06,DNp06_L,DNp06,,lt,descending_neuron,L,,SIFa_to_target,male-cns:v1.0,other,L
10705,10241,1,1,AVLP001,AVLP001_R,AVLP001,,,cb_intrinsic,R,,SIFa_to_target,male-cns:v1.0,other,R
10705,10244,1,1,DNp55,DNp55(WED180)_L,WED180,,xn,descending_neuron,L,,SIFa_to_target,male-cns:v1.0,other,L
10705,10254,3,2,lLN2F_a,lLN2F_a(Full)_R,lLN2F_a,ALLN,,cb_intrinsic,R,,SIFa_to_target,male-cns:v1.0,other,R
10705,10274,1,1,DNg108,DNg108_L,,,xl,descending_neuron,L,,SIFa_to_target,male-cns:v1.0,other,L
10705,10297,3,1,LHAD1g1,LHAD1g1_R,LHAD1g1,,,cb_intrinsic,R,,SIFa_to_target,male-cns:v1.0,other,R
10705,10302,1,1,Li38,Li38_L,mALC1,,,ol_intrinsic,L,,SIFa_to_target,male-cns:v1.0,other,L
10705,10305,1,1,LHPV12a1,LHPV12a1_L,LHPV12a1,,,cb_intrinsic,L,,SIFa_to_target,male-cns:v1.0,other,L
10705,10307,3,2,AVLP083,AVLP083(no left?)_R,AVLP083,,,cb_intrinsic,R,,SIFa_to_target,male-cns:v1.0,other,L
10705,10324,2,2,ExR1,ExR1_R,ExR1,CX,,cb_intrinsic,R,,SIFa_to_target,male-cns:v1.0,other,R
10705,10342,2,2,DNc02,DNc02(SIFa)_R,SIFa,,xn,descending_neuron,R,,SIFa_to_target,male-cns:v1.0,other,R
10705,10343,1,1,MeVPMe1,MeVPMe1_R,,,,visual_projection,R,,SIFa_to_target,male-cns:v1.0,other,R
10705,10348,2,2,AVLP501,AVLP501_L,AVLP501,,,cb_intrinsic,L,,SIFa_to_target,male-cns:v1.0,other,L
10705,10361,2,2,DNg40,DNg40(hb5813056435)_L,hb5813056435,,lt,descending_neuron,L,,SIFa_to_target,male-cns:v1.0,other,L
10705,10367,1,1,MeVPMe1,MeVPMe1_R,,,,visual_projection,R,,SIFa_to_target,male-cns:v1.0,other,R
10705,10372,1,1,LT1d,LT1d_R,,,,visual_projection,R,,SIFa_to_target,male-cns:v1.0,other,R
10705,10376,3,2,lLN2F_b,lLN2F_b(Full)_L,lLN2F_b,ALLN,,cb_intrinsic,L,,SIFa_to_target,male-cns:v1.0,other,L
10705,10385,1,1,GNG572,GNG572_R,,,,cb_intrinsic,R,,SIFa_to_target,male-cns:v1.0,other,R
10705,10386,1,1,PVLP031,PVLP031_L,PVLP031,,,cb_intrinsic,L,,SIFa_to_target,male-cns:v1.0,other,L
10705,10390,4,3,VA2_adPN,VA2_adPN_R,VA2_adPN,ALPN,,cb_intrinsic,R,,SIFa_to_target,male-cns:v1.0,other,R
10705,10394,1,1,DNg98,DNg98_L,,,xn,descending_neuron,L,,SIFa_to_target,male-cns:v1.0,other,L
10705,10397,2,2,lLN2T_a,lLN2T_a(Tortuous)_L,lLN2T_a,ALLN,,cb_intrinsic,L,,SIFa_to_target,male-cns:v1.0,other,L
10705,10407,1,1,AVLP609,AVLP609_L,,,,cb_intrinsic,L,,SIFa_to_target,male-cns:v1.0,other,L
10705,10408,3,3,VP1d+VP4_l2PN2,VP1d+VP4_l2PN2_R,VP1d+VP4_l2PN2,ALPN,,cb_intrinsic,R,,SIFa_to_target,male-cns:v1.0,other,R
10705,10428,1,1,MeVCMe1,MeVCMe1_R,aMe14b,,,visual_centrifugal,R,,SIFa_to_target,male-cns:v1.0,other,R
10705,10432,1,1,LoVCLo3,LoVCLo3_L,PLP244,,,visual_centrifugal,L,,SIFa_to_target,male-cns:v1.0,other,L
10705,10447,1,1,DNge138,DNge138_M,,,xn,descending_neuron,M,,SIFa_to_target,male-cns:v1.0,other,unknown
10705,10456,3,2,lLN2F_a,lLN2F_a(Full)_R,lLN2F_a,ALLN,,cb_intrinsic,R,,SIFa_to_target,male-cns:v1.0,other,R
10705,10459,1,1,lLN2F_a,lLN2F_a(Full)_L,lLN2F_a,ALLN,,cb_intrinsic,L,,SIFa_to_target,male-cns:v1.0,other,L
10705,10480,3,3,MeVP53,MeVP53_R,,,,visual_projection,R,,SIFa_to_target,male-cns:v1.0,other,R
10705,10510,2,2,GNG105,GNG105_L,,,,cb_intrinsic,L,,SIFa_to_target,male-cns:v1.0,other,L
10705,10515,2,1,lLN2F_b,lLN2F_b(Full)_R,lLN2F_b,ALLN,,cb_intrinsic,R,,SIFa_to_target,male-cns:v1.0,other,R
10705,10518,1,1,Cm31b,Cm31b_R,,,,ol_intrinsic,R,,SIFa_to_target,male-cns:v1.0,other,R
10705,10522,2,2,VL2p_adPN,VL2p_adPN_R,VL2p_adPN,ALPN,,cb_intrinsic,R,,SIFa_to_target,male-cns:v1.0,other,R
10705,10524,4,2,DP1l_adPN,DP1l_adPN_L,DP1l_adPN,ALPN,,cb_intrinsic,L,,SIFa_to_target,male-cns:v1.0,other,L
10705,10525,1,1,SMP544,SMP544_L,SMP544,,,cb_intrinsic,L,,SIFa_to_target,male-cns:v1.0,other,L
10705,10530,1,1,VL1_ilPN,VL1_ilPN_L,VL1_ilPN,ALPN,BI,cb_intrinsic,L,,SIFa_to_target,male-cns:v1.0,other,L
10705,10550,1,1,AN02A001,AN02A001_R,,,BA,ascending_neuron,R,,SIFa_to_target,male-cns:v1.0,other,R
10705,10569,1,1,DC1_adPN,DC1_adPN_R,DC1_adPN,ALPN,,cb_intrinsic,R,,SIFa_to_target,male-cns:v1.0,other,R
10705,10593,3,3,AL-MBDL1,AL-MBDL1_L,AL-MBDL1,ALIN,,cb_intrinsic,L,,SIFa_to_target,male-cns:v1.0,other,L
10705,10602,2,2,AVLP200,AVLP200_L,AVLP200,,,cb_intrinsic,L,,SIFa_to_target,male-cns:v1.0,other,L
10705,10617,1,1,GNG105,GNG105_R,,,,cb_intrinsic,R,,SIFa_to_target,male-cns:v1.0,other,R
10705,10639,1,1,LoVC22,LoVC22_R,CL033,,,visual_centrifugal,R,,SIFa_to_target,male-cns:v1.0,other,R
10705,10650,11,9,lLN2T_c,lLN2T_c(Tortuous)_R,lLN2T_c,ALLN,,cb_intrinsic,R,,SIFa_to_target,male-cns:v1.0,other,R
10705,10671,2,2,AN02A002,AN02A002_L,,,BA,ascending_neuron,L,,SIFa_to_target,male-cns:v1.0,other,L
10705,10680,1,1,DNp48,DNp48(SMP462)_L,SMP462,,xn,descending_neuron,L,,SIFa_to_target,male-cns:v1.0,other,L
10705,10687,1,1,OA-AL2i3,OA-AL2i3_R,aMe14a,,,visual_centrifugal,R,,SIFa_to_target,male-cns:v1.0,other,R
10705,10702,1,1,M_l2PNl20,M_l2PNl20_L,M_l2PNl20,ALPN,BI,cb_intrinsic,L,,SIFa_to_target,male-cns:v1.0,other,L
10705,10709,2,2,WED193,WED193_R,,,,cb_intrinsic,R,,SIFa_to_target,male-cns:v1.0,other,R
10705,10712,1,1,DNp36,DNp36(CL342)_L,CL342,,xn,descending_neuron,L,,SIFa_to_target,male-cns:v1.0,other,L
10705,10719,3,3,AVLP079,AVLP079_R,AVLP079,,,cb_intrinsic,R,,SIFa_to_target,male-cns:v1.0,other,R
10705,10773,1,1,SAD108,SAD108(hb2033109040)_R,(hb2033109040),,,cb_intrinsic,R,,SIFa_to_target,male-cns:v1.0,other,R
10705,10778,1,1,CL286,CL286_L,CL286,,,cb_intrinsic,L,,SIFa_to_target,male-cns:v1.0,other,L
10705,10786,3,3,VC5_lvPN,VC5_lvPN_R,VC3m_lvPN,ALPN,,cb_intrinsic,R,,SIFa_to_target,male-cns:v1.0,other,R
10705,10807,18,16,Pm11,Pm11_R,,,,ol_intrinsic,R,,SIFa_to_target,male-cns:v1.0,other,R
10705,10825,3,1,OA-AL2i3,OA-AL2i3_R,aMe14a,,,visual_centrifugal,R,,SIFa_to_target,male-cns:v1.0,other,R
10705,10845,2,1,Dm17,Dm17_R,,,,ol_intrinsic,R,,SIFa_to_target,male-cns:v1.0,other,R
10705,10847,6,6,AVLP532,AVLP532_R,AVLP532,,,cb_intrinsic,R,,SIFa_to_target,male-cns:v1.0,other,R
10705,10863,1,1,,,,,am,cb_motor,R,,SIFa_to_target,male-cns:v1.0,other,unknown
10705,10867,1,1,PVLP076,PVLP076_R,PVLP076,,,cb_intrinsic,R,,SIFa_to_target,male-cns:v1.0,other,R
10705,10876,1,1,SAD111,SAD111_R,,,,cb_intrinsic,R,,SIFa_to_target,male-cns:v1.0,other,R
10705,10879,2,2,AVLP076,AVLP076_R,AVLP076,,,cb_intrinsic,R,,SIFa_to_target,male-cns:v1.0,other,R
10705,10902,2,1,AVLP544,AVLP544_R,AVLP544,,,cb_intrinsic,R,,SIFa_to_target,male-cns:v1.0,other,R
10705,10914,1,1,LoVC18,LoVC18_R,PLP030,,,visual_centrifugal,R,,SIFa_to_target,male-cns:v1.0,other,R
10705,10923,3,2,DNg40,DNg40(hb5813056435)_R,hb5813056435,,lt,descending_neuron,R,,SIFa_to_target,male-cns:v1.0,other,R
10705,10925,22,21,AVLP542,AVLP542_R,AVLP542,,,cb_intrinsic,R,,SIFa_to_target,male-cns:v1.0,other,R
10705,10929,1,1,lLN2T_a,lLN2T_a(Tortuous)_R,lLN2T_a,ALLN,,cb_intrinsic,R,,SIFa_to_target,male-cns:v1.0,other,R
10705,10942,3,2,lLN2T_a,lLN2T_a(Tortuous)_R,lLN2T_a,ALLN,,cb_intrinsic,R,,SIFa_to_target,male-cns:v1.0,other,R
10705,10943,2,1,AVLP531,AVLP531_R,AVLP531,,,cb_intrinsic,R,,SIFa_to_target,male-cns:v1.0,other,R
10705,10949,3,1,GNG506,GNG506_R,,,,cb_intrinsic,R,,SIFa_to_target,male-cns:v1.0,other,R
10705,10950,24,24,Pm11,Pm11_R,,,,ol_intrinsic,R,,SIFa_to_target,male-cns:v1.0,other,R
10705,10957,2,2,DNp69,DNp69(CL304)_R,CL304,,xn,descending_neuron,R,,SIFa_to_target,male-cns:v1.0,other,R
10705,10995,1,1,PVLP120,PVLP120_R,PVLP120,,,cb_intrinsic,R,,SIFa_to_target,male-cns:v1.0,other,R
10705,10996,2,1,VA4_lPN,VA4_lPN_R,VA4_lPN,ALPN,,cb_intrinsic,R,,SIFa_to_target,male-cns:v1.0,other,R
10705,11018,1,1,AVLP258,AVLP258_L,AVLP258,,,cb_intrinsic,L,,SIFa_to_target,male-cns:v1.0,other,L
10705,11061,1,1,VES045,VES045_L,VES045,,,cb_intrinsic,L,,SIFa_to_target,male-cns:v1.0,other,L
10705,11087,1,1,PRW060,PRW060_L,,,,cb_intrinsic,L,,SIFa_to_target,male-cns:v1.0,other,L
10705,11108,1,1,CL286,CL286_R,CL286,,,cb_intrinsic,R,,SIFa_to_target,male-cns:v1.0,other,R
10705,11113,2,1,Mi19,Mi19_R,,,,ol_intrinsic,R,,SIFa_to_target,male-cns:v1.0,other,R
10705,11123,1,1,ALBN1,ALBN1_R,ALBN1,ALLN,,cb_intrinsic,R,,SIFa_to_target,male-cns:v1.0,other,R
10705,11130,2,2,Cm35,Cm35_R,,,,ol_intrinsic,R,,SIFa_to_target,male-cns:v1.0,other,R
10705,11175,1,1,SAD113,SAD113_R,,,,cb_intrinsic,R,,SIFa_to_target,male-cns:v1.0,other,R
10705,11178,1,1,SIP091,SIP091_L,hb953013850,,,cb_intrinsic,L,,SIFa_to_target,male-cns:v1.0,other,L
10705,11212,1,1,l-LNv,l-LNv_R,l-LNv,ol_bilateral,,ol_intrinsic,R,,SIFa_to_target,male-cns:v1.0,PDF_positive_LNv,R
10705,11237,1,1,AVLP594,AVLP594_R,AVLP594,,,cb_intrinsic,R,,SIFa_to_target,male-cns:v1.0,other,R
10705,11244,1,1,lLN1_bc,lLN1_bc_R,"lLN1_b,lLN1_c",ALLN,,cb_intrinsic,R,,SIFa_to_target,male-cns:v1.0,other,R
10705,11255,1,1,FB1C,FB1C_L,FB1C,CX,,cb_intrinsic,L,,SIFa_to_target,male-cns:v1.0,other,L
10705,11268,1,1,CL319,CL319_L,CL319,,,cb_intrinsic,L,,SIFa_to_target,male-cns:v1.0,other,L
10705,11272,1,1,PVLP062,PVLP062_L,PVLP062,,,cb_intrinsic,L,,SIFa_to_target,male-cns:v1.0,other,L
10705,11294,7,7,lLN2T_e,lLN2T_e(Tortuous)_L,lLN2T_e,ALLN,,cb_intrinsic,L,,SIFa_to_target,male-cns:v1.0,other,L
10705,11308,1,1,CL092,CL092_R,CL092,,,cb_intrinsic,R,,SIFa_to_target,male-cns:v1.0,other,R
10705,11328,1,1,CB2763,CB2763_L,,,,cb_intrinsic,L,,SIFa_to_target,male-cns:v1.0,other,L
10705,11334,1,1,DNpe045,DNpe045(DNp23)_R,DNp23,,xn,descending_neuron,R,,SIFa_to_target,male-cns:v1.0,other,R
10705,11353,1,1,CL319,CL319_R,CL319,,,cb_intrinsic,R,,SIFa_to_target,male-cns:v1.0,other,R
10705,11359,5,3,lLN2T_e,lLN2T_e(Tortuous)_L,lLN2T_e,ALLN,,cb_intrinsic,L,,SIFa_to_target,male-cns:v1.0,other,L
10705,11369,10,9,DNc01,DNc01_L,SIFa,,xn,descending_neuron,L,,SIFa_to_target,male-cns:v1.0,other,L
10705,11379,8,7,lLN2T_e,lLN2T_e(Tortuous)_R,lLN2T_e,ALLN,,cb_intrinsic,R,,SIFa_to_target,male-cns:v1.0,other,R
10705,11385,2,2,MeVC22,MeVC22_R,,,,visual_centrifugal,R,,SIFa_to_target,male-cns:v1.0,other,R
10705,11390,1,1,VL1_ilPN,VL1_ilPN_R,VL1_ilPN,ALPN,BI,cb_intrinsic,R,,SIFa_to_target,male-cns:v1.0,other,R
10705,11399,9,7,lLN2T_d,lLN2T_d(Tortuous)_L,lLN2T_d,ALLN,,cb_intrinsic,L,,SIFa_to_target,male-cns:v1.0,other,L
10705,11460,3,1,AVLP086,AVLP086_R,AVLP086,,,cb_intrinsic,R,,SIFa_to_target,male-cns:v1.0,other,R
10705,11462,1,1,AVLP502,AVLP502_R,AVLP502,,,cb_intrinsic,R,,SIFa_to_target,male-cns:v1.0,other,R
10705,11467,1,1,VA4_lPN,VA4_lPN_L,VA4_lPN,ALPN,,cb_intrinsic,L,,SIFa_to_target,male-cns:v1.0,other,L
10705,11469,1,1,DM3_adPN,DM3_adPN_R,DM3_adPN,ALPN,,cb_intrinsic,R,,SIFa_to_target,male-cns:v1.0,other,R
10705,11517,11,10,lLN2T_c,lLN2T_c(Tortuous)_L,lLN2T_c,ALLN,,cb_intrinsic,L,,SIFa_to_target,male-cns:v1.0,other,L
10705,11546,3,1,v2LN30,v2LN30_L,v2LN30,ALLN,,cb_intrinsic,L,,SIFa_to_target,male-cns:v1.0,other,L
10705,11556,12,11,lLN2T_d,lLN2T_d(Tortuous)_L,lLN2T_d,ALLN,,cb_intrinsic,L,,SIFa_to_target,male-cns:v1.0,other,L
10705,11601,1,1,5-HTPLP01,5-HTPLP01_R,5-HTPLP01,,,cb_intrinsic,R,,SIFa_to_target,male-cns:v1.0,other,R
10705,11604,3,3,AN05B004,AN05B004_R,,,BA,ascending_neuron,R,,SIFa_to_target,male-cns:v1.0,other,R
10705,11631,2,2,AVLP084,AVLP084_R,AVLP084,,,cb_intrinsic,R,,SIFa_to_target,male-cns:v1.0,other,R
10705,11650,1,1,GNG467,GNG467_R,,,,cb_intrinsic,R,,SIFa_to_target,male-cns:v1.0,other,R
10705,11676,1,1,DNg26,DNg26_L,,,xn,descending_neuron,L,,SIFa_to_target,male-cns:v1.0,other,L
10705,11697,1,1,AVLP500,AVLP500_L,AVLP500,,,cb_intrinsic,L,,SIFa_to_target,male-cns:v1.0,other,L
10705,11708,2,2,SMP604,SMP604_L,SMP604,,,cb_intrinsic,L,,SIFa_to_target,male-cns:v1.0,other,L
10705,11710,1,1,GNG088,GNG088_R,,,,cb_intrinsic,R,,SIFa_to_target,male-cns:v1.0,other,R
10705,11722,4,3,v2LN30,v2LN30_R,v2LN30,ALLN,,cb_intrinsic,R,,SIFa_to_target,male-cns:v1.0,other,R
10705,11749,1,1,M_l2PNl21,M_l2PNl21_L,M_l2PNl21,ALPN,BI,cb_intrinsic,L,,SIFa_to_target,male-cns:v1.0,other,L
10705,11761,2,1,VP1d+VP4_l2PN1,VP1d+VP4_l2PN1_R,VP1d+VP4_l2PN1,ALPN,BI,cb_intrinsic,R,,SIFa_to_target,male-cns:v1.0,other,R
10705,11774,3,1,SLP031,SLP031_R,SLP031,,,cb_intrinsic,R,,SIFa_to_target,male-cns:v1.0,other,R
10705,11782,2,2,SAD106,SAD106_L,,,,cb_intrinsic,L,,SIFa_to_target,male-cns:v1.0,other,L
10705,11788,4,3,lLN2T_d,lLN2T_d(Tortuous)_R,lLN2T_d,ALLN,,cb_intrinsic,R,,SIFa_to_target,male-cns:v1.0,other,R
10705,11801,1,1,SMP545,SMP545_L,SMP545,,,cb_intrinsic,L,,SIFa_to_target,male-cns:v1.0,other,L
10705,11832,1,1,CL367,CL367(hb1073428001)_L,(hb1073428001),,,cb_intrinsic,L,,SIFa_to_target,male-cns:v1.0,other,L
10705,11837,4,4,lLN2X05,lLN2X05_L,lLN2T_a,ALLN,,cb_intrinsic,L,,SIFa_to_target,male-cns:v1.0,other,L
10705,11883,1,1,PVLP017,PVLP017_R,PVLP017,,,cb_intrinsic,R,,SIFa_to_target,male-cns:v1.0,other,R
10705,11886,2,2,ExR1,ExR1_R,ExR1,CX,,cb_intrinsic,R,,SIFa_to_target,male-cns:v1.0,other,R
10705,11914,2,2,lLN2X05,lLN2X05_R,lLN2T_a,ALLN,,cb_intrinsic,R,,SIFa_to_target,male-cns:v1.0,other,R
10705,11918,2,2,aMe4,aMe4_R,aMe4,,,visual_centrifugal,R,,SIFa_to_target,male-cns:v1.0,other,R
10705,11922,1,1,lLN1_bc,lLN1_bc_R,"lLN1_b,lLN1_c",ALLN,,cb_intrinsic,R,,SIFa_to_target,male-cns:v1.0,other,R
10705,11931,1,1,DNd04,DNd04_R,,,xl,descending_neuron,R,,SIFa_to_target,male-cns:v1.0,other,R
10705,11958,1,1,SLP230,SLP230_R,SLP230,,,cb_intrinsic,R,,SIFa_to_target,male-cns:v1.0,other,R
10705,11991,1,1,lLN2X05,lLN2X05_L,lLN2T_a,ALLN,,cb_intrinsic,L,,SIFa_to_target,male-cns:v1.0,other,L
10705,11993,2,2,lLN2X05,lLN2X05_R,lLN2T_a,ALLN,,cb_intrinsic,R,,SIFa_to_target,male-cns:v1.0,other,R
10705,11999,1,1,l-LNv,l-LNv_L,l-LNv,ol_bilateral,,ol_intrinsic,L,,SIFa_to_target,male-cns:v1.0,PDF_positive_LNv,L
10705,12015,1,1,AVLP087,AVLP087_R,AVLP087,,,cb_intrinsic,R,,SIFa_to_target,male-cns:v1.0,other,R
10705,12031,1,1,DC4_adPN,DC4_adPN_L,DC4_adPN,ALPN,,cb_intrinsic,L,,SIFa_to_target,male-cns:v1.0,other,L
10705,12053,3,3,SAD106,SAD106_R,,,,cb_intrinsic,R,,SIFa_to_target,male-cns:v1.0,other,R
10705,12099,1,1,Dm6,Dm6_R,,,,ol_intrinsic,R,,SIFa_to_target,male-cns:v1.0,other,R
10705,12112,1,1,MeVC12,MeVC12_L,,,,visual_centrifugal,L,,SIFa_to_target,male-cns:v1.0,other,L
10705,12128,1,1,GNG047,GNG047_R,,,,cb_intrinsic,R,,SIFa_to_target,male-cns:v1.0,other,R
10705,12160,2,2,DC4_adPN,DC4_adPN_R,DC4_adPN,ALPN,,cb_intrinsic,R,,SIFa_to_target,male-cns:v1.0,other,R
10705,12171,3,3,DM2_lPN,DM2_lPN_R,DM2_lPN,ALPN,,cb_intrinsic,R,,SIFa_to_target,male-cns:v1.0,other,R
10705,12192,2,2,SMP168,SMP168_L,SMP168,,,cb_intrinsic,L,,SIFa_to_target,male-cns:v1.0,other,L
10705,12262,1,1,CL213,CL213_R,CL213,,,cb_intrinsic,R,,SIFa_to_target,male-cns:v1.0,other,R
10705,12272,1,1,PS156,PS156_R,PS156,,,cb_intrinsic,R,,SIFa_to_target,male-cns:v1.0,other,R
10705,12322,1,1,PLP054,PLP054_L,PLP054,,,cb_intrinsic,L,,SIFa_to_target,male-cns:v1.0,other,L
10705,12354,7,6,lLN2T_e,lLN2T_e(Tortuous)_R,lLN2T_e,ALLN,,cb_intrinsic,R,,SIFa_to_target,male-cns:v1.0,other,R
10705,12390,1,1,AVLP562,AVLP562_R,AVLP562,,,cb_intrinsic,R,,SIFa_to_target,male-cns:v1.0,other,R
10705,12396,2,2,AVLP533,AVLP533_R,AVLP533,,,cb_intrinsic,R,,SIFa_to_target,male-cns:v1.0,other,R
10705,12398,1,1,AN27X013,AN27X013_L,,,XA,ascending_neuron,L,,SIFa_to_target,male-cns:v1.0,other,L
10705,12423,7,6,AVLP536,AVLP536_R,AVLP536,,,cb_intrinsic,R,,SIFa_to_target,male-cns:v1.0,other,R
10705,12441,1,1,CB4176,CB4176_R,,,,cb_intrinsic,R,,SIFa_to_target,male-cns:v1.0,other,R
10705,12507,1,1,AVLP340,AVLP340_R,AVLP340,,,cb_intrinsic,R,,SIFa_to_target,male-cns:v1.0,other,R
10705,12512,2,2,DNge010,DNge010_R,,,ml,descending_neuron,R,,SIFa_to_target,male-cns:v1.0,other,R
10705,12524,1,1,AVLP343,AVLP343_L,AVLP343,,,cb_intrinsic,L,,SIFa_to_target,male-cns:v1.0,other,L
10705,12589,3,2,GNG094,GNG094_R,,,,cb_intrinsic,R,,SIFa_to_target,male-cns:v1.0,other,R
10705,12610,1,1,DNg102,DNg102_L,,,xn,descending_neuron,L,,SIFa_to_target,male-cns:v1.0,other,L
10705,12630,1,1,Mi19,Mi19_R,,,,ol_intrinsic,R,,SIFa_to_target,male-cns:v1.0,other,R
10705,12645,1,1,AVLP213,AVLP213_R,AVLP213,,,cb_intrinsic,R,,SIFa_to_target,male-cns:v1.0,other,R
10705,12656,1,1,ExR1,ExR1_L,ExR1,CX,,cb_intrinsic,L,,SIFa_to_target,male-cns:v1.0,other,L
10705,12675,1,1,DNg103,DNg103_L,,,xl,descending_neuron,L,,SIFa_to_target,male-cns:v1.0,other,L
10705,12707,1,1,DNpe043,DNpe043(CL207)_R,CL207,,xn,descending_neuron,R,,SIFa_to_target,male-cns:v1.0,other,R
10705,12716,2,2,GNG551,GNG551_R,,,,cb_intrinsic,R,,SIFa_to_target,male-cns:v1.0,other,R
10705,12855,1,1,AOTU046,AOTU046_R,AOTU046,,,cb_intrinsic,R,,SIFa_to_target,male-cns:v1.0,other,R
10705,12861,1,1,Mi19,Mi19_R,,,,ol_intrinsic,R,,SIFa_to_target,male-cns:v1.0,other,R
10705,12870,1,1,AVLP500,AVLP500_R,AVLP500,,,cb_intrinsic,R,,SIFa_to_target,male-cns:v1.0,other,R
10705,12896,1,1,OA-VUMa5,OA-VUMa5_M,OA-VUMa5,ALLN,,cb_intrinsic,M,,SIFa_to_target,male-cns:v1.0,other,unknown
10705,12916,1,1,AVLP339,AVLP339_R,AVLP339,,,cb_intrinsic,R,,SIFa_to_target,male-cns:v1.0,other,R
10705,12959,1,1,AVLP103,AVLP103_R,AVLP103,,,cb_intrinsic,R,,SIFa_to_target,male-cns:v1.0,other,R
10705,12983,1,1,AVLP599,AVLP599_L,,,,cb_intrinsic,L,,SIFa_to_target,male-cns:v1.0,other,L
10705,13039,2,2,Mi19,Mi19_R,,,,ol_intrinsic,R,,SIFa_to_target,male-cns:v1.0,other,R
10705,13078,3,3,GNG351,GNG351_R,,,,cb_intrinsic,R,,SIFa_to_target,male-cns:v1.0,other,R
10705,13108,1,1,AVLP370_b,AVLP370_b_R,AVLP370,,,cb_intrinsic,R,,SIFa_to_target,male-cns:v1.0,other,R
10705,13116,1,1,V_l2PN,V_l2PN_R,V_l2PN,ALPN,,cb_intrinsic,R,,SIFa_to_target,male-cns:v1.0,other,R
10705,13118,2,2,GNG154,GNG154_R,,,,cb_intrinsic,R,,SIFa_to_target,male-cns:v1.0,other,R
10705,13136,5,3,PVLP002,PVLP002_R,PVLP002,,,cb_intrinsic,R,,SIFa_to_target,male-cns:v1.0,other,R
10705,13190,2,1,aMe12,aMe12_R,aMe12,,,visual_projection,R,,SIFa_to_target,male-cns:v1.0,other,R
10705,13208,1,1,AVLP098,AVLP098_R,AVLP098,,,cb_intrinsic,R,,SIFa_to_target,male-cns:v1.0,other,R
10705,13225,1,1,VM7d_adPN,VM7d_adPN_R,VM7d_adPN,ALPN,,cb_intrinsic,R,,SIFa_to_target,male-cns:v1.0,other,R
10705,13256,1,1,PS001,PS001_R,PS001,,,cb_intrinsic,R,,SIFa_to_target,male-cns:v1.0,other,R
10705,13257,1,1,DNp25,DNp25_R,DNp25,,xn,descending_neuron,R,,SIFa_to_target,male-cns:v1.0,other,R
10705,13260,2,2,Dm6,Dm6_R,,,,ol_intrinsic,R,,SIFa_to_target,male-cns:v1.0,other,R
10705,13271,1,1,PVLP018,PVLP018_R,PVLP018,,,cb_intrinsic,R,,SIFa_to_target,male-cns:v1.0,other,R
10705,13283,1,1,VM1_lPN,VM1_lPN_R,VM1_lPN,ALPN,,cb_intrinsic,R,,SIFa_to_target,male-cns:v1.0,other,R
10705,13288,1,1,AVLP019,AVLP019_R,AVLP019,,,cb_intrinsic,R,,SIFa_to_target,male-cns:v1.0,other,R
10705,13317,3,3,DNg33,DNg33_L,,,xn,descending_neuron,L,,SIFa_to_target,male-cns:v1.0,other,L
10705,13337,1,1,AN08B020,AN08B020_L,,,BA,ascending_neuron,L,,SIFa_to_target,male-cns:v1.0,other,L
10705,13353,1,1,AVLP204,AVLP204_L,AVLP204,,,cb_intrinsic,L,,SIFa_to_target,male-cns:v1.0,other,L
10705,13363,1,1,GNG090,GNG090_R,,,,cb_intrinsic,R,,SIFa_to_target,male-cns:v1.0,other,R
10705,13379,1,1,VA1v_adPN,VA1v_adPN_R,VA1v_adPN,ALPN,,cb_intrinsic,R,,SIFa_to_target,male-cns:v1.0,other,R
10705,13381,2,2,ANXXX027,ANXXX027_L,,,CA,ascending_neuron,L,,SIFa_to_target,male-cns:v1.0,other,L
10705,13386,1,1,VM7v_adPN,VM7v_adPN_R,VM7v_adPN,ALPN,,cb_intrinsic,R,,SIFa_to_target,male-cns:v1.0,other,R
10705,13432,2,1,DNg66,DNg66_M,,,ad,descending_neuron,M,,SIFa_to_target,male-cns:v1.0,other,unknown
10705,13436,1,1,GNG517,GNG517_L,,,,cb_intrinsic,L,,SIFa_to_target,male-cns:v1.0,other,L
10705,13442,2,1,DNg33,DNg33_R,,,xn,descending_neuron,R,,SIFa_to_target,male-cns:v1.0,other,R
10705,13467,1,1,AVLP443,AVLP443_R,AVLP443,,,cb_intrinsic,R,,SIFa_to_target,male-cns:v1.0,other,R
10705,13489,1,1,AN08B018,AN08B018_c_L,,,BA,ascending_neuron,L,,SIFa_to_target,male-cns:v1.0,other,L
10705,13519,1,1,GNG701m,GNG701m_R,,,,cb_intrinsic,R,,SIFa_to_target,male-cns:v1.0,other,R
10705,13528,1,1,GNG169,GNG169_R,,,,cb_intrinsic,R,,SIFa_to_target,male-cns:v1.0,other,R
10705,13556,5,4,LHAD1f2,LHAD1f2_R,LHAD1f2,,,cb_intrinsic,R,,SIFa_to_target,male-cns:v1.0,other,R
10705,13561,1,1,GNG145,GNG145_R,,,,cb_intrinsic,R,,SIFa_to_target,male-cns:v1.0,other,R
10705,13610,1,1,M_l2PNm16,M_l2PNm16_R,M_l2PNm16,ALPN,,cb_intrinsic,R,,SIFa_to_target,male-cns:v1.0,other,R
10705,13623,1,1,aMe4,aMe4_R,aMe4,,,visual_centrifugal,R,,SIFa_to_target,male-cns:v1.0,other,R
10705,13634,3,3,aMe4,aMe4_R,aMe4,,,visual_centrifugal,R,,SIFa_to_target,male-cns:v1.0,other,R
10705,13654,1,1,AVLP547,AVLP547_R,AVLP547,,,cb_intrinsic,R,,SIFa_to_target,male-cns:v1.0,other,R
10705,13664,2,1,LHAV3k1,LHAV3k1_R,LHAV3k1,,,cb_intrinsic,R,,SIFa_to_target,male-cns:v1.0,other,R
10705,13678,1,1,Dm13,Dm13_R,,,,ol_intrinsic,R,,SIFa_to_target,male-cns:v1.0,other,R
10705,13683,1,1,M_vPNml55,M_vPNml55_L,M_vPNml55,ALPN,,cb_intrinsic,L,,SIFa_to_target,male-cns:v1.0,other,L
10705,13789,2,1,AVLP578,AVLP578_R,AVLP578,,,cb_intrinsic,R,,SIFa_to_target,male-cns:v1.0,other,R
10705,13832,2,1,M_vPNml50,M_vPNml50_R,M_vPNml50,ALPN,,cb_intrinsic,R,,SIFa_to_target,male-cns:v1.0,other,R
10705,13836,2,2,GNG487,GNG487_R,,,,cb_intrinsic,R,,SIFa_to_target,male-cns:v1.0,other,R
10705,13953,1,1,AVLP430,AVLP430_R,AVLP430,,,cb_intrinsic,R,,SIFa_to_target,male-cns:v1.0,other,R
10705,13957,1,1,aMe4,aMe4_R,aMe4,,,visual_centrifugal,R,,SIFa_to_target,male-cns:v1.0,other,R
10705,13982,4,3,Mi19,Mi19_R,,,,ol_intrinsic,R,,SIFa_to_target,male-cns:v1.0,other,R
10705,14010,1,1,AN17A026,AN17A026_R,,,IA,ascending_neuron,R,,SIFa_to_target,male-cns:v1.0,other,R
10705,14028,1,1,Dm6,Dm6_R,,,,ol_intrinsic,R,,SIFa_to_target,male-cns:v1.0,other,R
10705,14111,1,1,WED092,WED092_R,WED092,,,cb_intrinsic,R,,SIFa_to_target,male-cns:v1.0,other,R
10705,14112,1,1,AVLP370_a,AVLP370_a_R,AVLP370,,,cb_intrinsic,R,,SIFa_to_target,male-cns:v1.0,other,R
10705,14147,1,1,AVLP110_b,AVLP110_b_R,AVLP110,,,cb_intrinsic,R,,SIFa_to_target,male-cns:v1.0,other,R
10705,14186,1,1,AVLP506,AVLP506_R,AVLP506,,,cb_intrinsic,R,,SIFa_to_target,male-cns:v1.0,other,R
10705,14207,9,8,aMe3,aMe3_R,aMe3,,,visual_projection,R,,SIFa_to_target,male-cns:v1.0,other,R
10705,14245,1,1,MeLo8,MeLo8_R,,,,ol_intrinsic,R,,SIFa_to_target,male-cns:v1.0,other,R
10705,14246,1,1,AN17B012,AN17B012_R,,,BA,ascending_neuron,R,,SIFa_to_target,male-cns:v1.0,other,R
10705,14272,1,1,AVLP120,AVLP120_R,AVLP120,,,cb_intrinsic,R,,SIFa_to_target,male-cns:v1.0,other,R
10705,14321,1,1,GNG588,GNG588_R,,,,cb_intrinsic,R,,SIFa_to_target,male-cns:v1.0,other,R
10705,14334,1,1,GNG461,GNG461_R,,,,cb_intrinsic,R,,SIFa_to_target,male-cns:v1.0,other,R
10705,14352,1,1,GNG072,GNG072_R,,,,cb_intrinsic,R,,SIFa_to_target,male-cns:v1.0,other,R
10705,14387,3,3,DNge151,DNge151_M,,,ad,descending_neuron,M,,SIFa_to_target,male-cns:v1.0,other,unknown
10705,14443,1,1,Dm6,Dm6_R,,,,ol_intrinsic,R,,SIFa_to_target,male-cns:v1.0,other,R
10705,14489,4,3,GNG631,GNG631_R,,,,cb_intrinsic,R,,SIFa_to_target,male-cns:v1.0,other,R
10705,14510,1,1,VA1v_adPN,VA1v_adPN_R,VA1v_adPN,ALPN,,cb_intrinsic,R,,SIFa_to_target,male-cns:v1.0,other,R
10705,14531,1,1,Dm6,Dm6_R,,,,ol_intrinsic,R,,SIFa_to_target,male-cns:v1.0,other,R
10705,14555,1,1,AVLP548_g1,AVLP548_g1_R,AVLP548_g,,,cb_intrinsic,R,,SIFa_to_target,male-cns:v1.0,other,R
10705,14559,1,1,SLP455,SLP455_R,SLP455,,,cb_intrinsic,R,,SIFa_to_target,male-cns:v1.0,other,R
10705,14567,1,1,AN27X009,AN27X009_L,,,BA,ascending_neuron,L,,SIFa_to_target,male-cns:v1.0,other,L
10705,14610,1,1,AVLP546,AVLP546_R,AVLP546,,,cb_intrinsic,R,,SIFa_to_target,male-cns:v1.0,other,R
10705,14639,1,1,PVLP002,PVLP002_L,PVLP002,,,cb_intrinsic,L,,SIFa_to_target,male-cns:v1.0,other,L
10705,14693,2,1,AVLP126,AVLP126_L,AVLP126,,,cb_intrinsic,L,,SIFa_to_target,male-cns:v1.0,other,L
10705,14723,1,1,AVLP431,AVLP431_R,AVLP431,,,cb_intrinsic,R,,SIFa_to_target,male-cns:v1.0,other,R
10705,14761,1,1,AVLP039,AVLP039_L,AVLP039,,,cb_intrinsic,L,,SIFa_to_target,male-cns:v1.0,other,L
10705,14800,1,1,Pm7,Pm7_R,,,,ol_intrinsic,R,,SIFa_to_target,male-cns:v1.0,other,R
10705,14822,1,1,aMe4,aMe4_R,aMe4,,,visual_centrifugal,R,,SIFa_to_target,male-cns:v1.0,other,R
10705,14859,1,1,AVLP323,AVLP323_R,AVLP323,,,cb_intrinsic,R,,SIFa_to_target,male-cns:v1.0,other,R
10705,14878,1,1,aMe4,aMe4_R,aMe4,,,visual_centrifugal,R,,SIFa_to_target,male-cns:v1.0,other,R
10705,14899,1,1,AN05B006,AN05B006_L,,,BA,ascending_neuron,L,,SIFa_to_target,male-cns:v1.0,other,L
10705,14944,3,1,CB1312,CB1312_R,,,,cb_intrinsic,R,,SIFa_to_target,male-cns:v1.0,other,R
10705,14985,1,1,VA5_lPN,VA5_lPN_R,VA5_lPN,ALPN,,cb_intrinsic,R,,SIFa_to_target,male-cns:v1.0,other,R
10705,15063,1,1,DNg50,DNg50_L,,,xn,descending_neuron,L,,SIFa_to_target,male-cns:v1.0,other,L
10705,15134,1,1,AVLP418,AVLP418_R,AVLP418,,,cb_intrinsic,R,,SIFa_to_target,male-cns:v1.0,other,R
10705,15138,1,1,PVLP031,PVLP031_L,PVLP031,,,cb_intrinsic,L,,SIFa_to_target,male-cns:v1.0,other,L
10705,15153,4,3,GNG631,GNG631_L,,,,cb_intrinsic,L,,SIFa_to_target,male-cns:v1.0,other,L
10705,15183,1,1,,,,ALLN,,cb_intrinsic,R,,SIFa_to_target,male-cns:v1.0,other,unknown
10705,15318,1,1,AVLP398,AVLP398_L,AVLP398,,,cb_intrinsic,L,,SIFa_to_target,male-cns:v1.0,other,L
10705,15331,2,2,AVLP722m,AVLP722m_R,,,,cb_intrinsic,R,,SIFa_to_target,male-cns:v1.0,other,R
10705,15403,1,1,AVLP714m,AVLP714m_L,,,,cb_intrinsic,L,,SIFa_to_target,male-cns:v1.0,other,L
10705,15412,2,2,Dm18,Dm18_R,,,,ol_intrinsic,R,,SIFa_to_target,male-cns:v1.0,other,R
10705,15424,1,1,PVLP031,PVLP031_R,PVLP031,,,cb_intrinsic,R,,SIFa_to_target,male-cns:v1.0,other,R
10705,15431,1,1,VM5d_adPN,VM5d_adPN_R,VM5d_adPN,ALPN,,cb_intrinsic,R,,SIFa_to_target,male-cns:v1.0,other,R
10705,15494,1,1,Dm18,Dm18_R,,,,ol_intrinsic,R,,SIFa_to_target,male-cns:v1.0,other,R
10705,15497,1,1,TmY19a,TmY19a_R,,,,ol_intrinsic,R,,SIFa_to_target,male-cns:v1.0,other,R
10705,15523,1,1,AVLP417,AVLP417(AVLP438)_R,"AVLP417,AVLP438",,,cb_intrinsic,R,,SIFa_to_target,male-cns:v1.0,other,R
10705,15531,1,1,AVLP124,AVLP124_L,AVLP124,,,cb_intrinsic,L,,SIFa_to_target,male-cns:v1.0,other,L
10705,15577,1,1,AVLP263,AVLP263_L,AVLP263,,,cb_intrinsic,L,,SIFa_to_target,male-cns:v1.0,other,L
10705,15592,1,1,GNG211,GNG211_L,,,,cb_intrinsic,L,,SIFa_to_target,male-cns:v1.0,other,L
10705,15644,3,3,Pm3,Pm3_R,,,,ol_intrinsic,R,,SIFa_to_target,male-cns:v1.0,other,R
10705,15646,2,2,GNG542,GNG542_R,,,,cb_intrinsic,R,,SIFa_to_target,male-cns:v1.0,other,R
10705,15695,1,1,PhG1b,PhG1b_R,,gustatory,pharyngeal sensillum,cb_sensory,,R,SIFa_to_target,male-cns:v1.0,other,R
10705,15719,1,1,Mi18,Mi18_R,,,,ol_intrinsic,R,,SIFa_to_target,male-cns:v1.0,other,R
10705,15727,1,1,CB4083,CB4083_R,,ALLN,,cb_intrinsic,R,,SIFa_to_target,male-cns:v1.0,other,R
10705,15732,1,1,GNG198,GNG198_R,,,,cb_intrinsic,R,,SIFa_to_target,male-cns:v1.0,other,R
10705,15733,2,2,CB3544,CB3544_R,,,,cb_intrinsic,R,,SIFa_to_target,male-cns:v1.0,other,R
10705,15742,4,3,AVLP099,AVLP099_R,AVLP099,,,cb_intrinsic,R,,SIFa_to_target,male-cns:v1.0,other,R
10705,15814,1,1,TmY19a,TmY19a_R,,,,ol_intrinsic,R,,SIFa_to_target,male-cns:v1.0,other,R
10705,15891,1,1,Dm18,Dm18_R,,,,ol_intrinsic,R,,SIFa_to_target,male-cns:v1.0,other,R
10705,15920,1,1,LHAV2b2_d,LHAV2b2_d_R,LHAV2b2,,,cb_intrinsic,R,,SIFa_to_target,male-cns:v1.0,other,R
10705,15926,2,2,GNG167,GNG167_R,,,,cb_intrinsic,R,,SIFa_to_target,male-cns:v1.0,other,R
10705,15966,2,2,WED106,WED106_R,WED106,,,cb_intrinsic,R,,SIFa_to_target,male-cns:v1.0,other,R
10705,15981,8,8,AN09B004,AN09B004_d_L,,,CA,ascending_neuron,L,,SIFa_to_target,male-cns:v1.0,other,L
10705,15994,1,1,CB3513,CB3513_L,,,,cb_intrinsic,L,,SIFa_to_target,male-cns:v1.0,other,L
10705,16037,1,1,GNG201,GNG201_L,,,,cb_intrinsic,L,,SIFa_to_target,male-cns:v1.0,other,L
10705,16047,1,1,AVLP748m,AVLP748m_R,,,,cb_intrinsic,R,,SIFa_to_target,male-cns:v1.0,other,R
10705,16049,1,1,GNG157,GNG157_R,,,,cb_intrinsic,R,,SIFa_to_target,male-cns:v1.0,other,R
10705,16080,3,3,AVLP323,AVLP323_L,AVLP323,,,cb_intrinsic,L,,SIFa_to_target,male-cns:v1.0,other,L
10705,16102,1,1,CB2642,CB2642_L,,,,cb_intrinsic,L,,SIFa_to_target,male-cns:v1.0,other,L
10705,16128,1,1,LC4,LC4_R,LC4,,,visual_projection,R,,SIFa_to_target,male-cns:v1.0,other,R
10705,16141,1,1,VM4_adPN,VM4_adPN_R,VM4_adPN,ALPN,,cb_intrinsic,R,,SIFa_to_target,male-cns:v1.0,other,R
10705,16170,1,1,Dm14,Dm14_R,,,,ol_intrinsic,R,,SIFa_to_target,male-cns:v1.0,other,R
10705,16298,1,1,PRW055,PRW055_R,,,,cb_intrinsic,R,,SIFa_to_target,male-cns:v1.0,other,R
10705,16336,1,1,ANXXX098,ANXXX098(16336)_L,,,BA,ascending_neuron,L,,SIFa_to_target,male-cns:v1.0,other,L
10705,16363,1,1,AVLP115,AVLP115_R,AVLP115,,,cb_intrinsic,R,,SIFa_to_target,male-cns:v1.0,other,R
10705,16426,1,1,VM5v_adPN,VM5v_adPN_R,VM5v_adPN,ALPN,,cb_intrinsic,R,,SIFa_to_target,male-cns:v1.0,other,R
10705,16452,2,2,AVLP096,AVLP096_R,AVLP096,,,cb_intrinsic,R,,SIFa_to_target,male-cns:v1.0,other,R
10705,16456,1,1,,,,,,cb_intrinsic,L,,SIFa_to_target,male-cns:v1.0,other,unknown
10705,16520,1,1,PLP219,PLP219_L,,,,cb_intrinsic,L,,SIFa_to_target,male-cns:v1.0,other,L
10705,16682,1,1,DNd01,DNd01_R,DNd01,,,cb_intrinsic,R,,SIFa_to_target,male-cns:v1.0,other,R
10705,16721,1,1,AVLP268,AVLP268_L,AVLP268,,,cb_intrinsic,L,,SIFa_to_target,male-cns:v1.0,other,L
10705,16723,1,1,CB3201,CB3201_R,,,,cb_intrinsic,R,,SIFa_to_target,male-cns:v1.0,other,R
10705,16743,1,1,Dm18,Dm18_R,,,,ol_intrinsic,R,,SIFa_to_target,male-cns:v1.0,other,R
10705,16752,1,1,AVLP111,AVLP111_R,AVLP111,,,cb_intrinsic,R,,SIFa_to_target,male-cns:v1.0,other,R
10705,16755,1,1,Dm13,Dm13_R,,,,ol_intrinsic,R,,SIFa_to_target,male-cns:v1.0,other,R
10705,16794,1,1,GNG016,GNG016_R,,,,cb_intrinsic,R,,SIFa_to_target,male-cns:v1.0,other,R
10705,16805,1,1,AVLP761m,AVLP761m_R,,,,cb_intrinsic,R,,SIFa_to_target,male-cns:v1.0,other,R
10705,16865,1,1,MeLo9,MeLo9_R,,,,ol_intrinsic,R,,SIFa_to_target,male-cns:v1.0,other,R
10705,16887,1,1,AVLP259,AVLP259_R,AVLP259,,,cb_intrinsic,R,,SIFa_to_target,male-cns:v1.0,other,R
10705,17012,1,1,CB0440,CB0440_L,,,,cb_intrinsic,L,,SIFa_to_target,male-cns:v1.0,other,L
10705,17027,1,1,DL2v_adPN,DL2v_adPN_L,DL2v_adPN,ALPN,,cb_intrinsic,L,,SIFa_to_target,male-cns:v1.0,other,L
10705,17078,1,1,ER5,ER5_R,ER5,CX,,cb_intrinsic,R,,SIFa_to_target,male-cns:v1.0,other,R
10705,17086,1,1,Dm18,Dm18_R,,,,ol_intrinsic,R,,SIFa_to_target,male-cns:v1.0,other,R
10705,17088,1,1,AVLP402,AVLP402_R,AVLP402,,,cb_intrinsic,R,,SIFa_to_target,male-cns:v1.0,other,R
10705,17103,1,1,AN09B017a,AN09B017a_R,,,BA,ascending_neuron,R,,SIFa_to_target,male-cns:v1.0,other,R
10705,17107,1,1,,,,ALLN,,cb_intrinsic,R,,SIFa_to_target,male-cns:v1.0,other,unknown
10705,17136,1,1,Pm3,Pm3_R,,,,ol_intrinsic,R,,SIFa_to_target,male-cns:v1.0,other,R
10705,17137,1,1,AVLP217,AVLP217_R,AVLP217,,,cb_intrinsic,R,,SIFa_to_target,male-cns:v1.0,other,R
10705,17150,1,1,LHAV3k2,LHAV3k2_R,LHAV3k2,,,cb_intrinsic,R,,SIFa_to_target,male-cns:v1.0,other,R
10705,17268,1,1,GNG241,GNG241_L,,,,cb_intrinsic,L,,SIFa_to_target,male-cns:v1.0,other,L
10705,17308,1,1,CB1044,CB1044_R,,,,cb_intrinsic,R,,SIFa_to_target,male-cns:v1.0,other,R
10705,17322,1,1,AN27X016,AN27X016_R,,,BA,ascending_neuron,R,,SIFa_to_target,male-cns:v1.0,other,R
10705,17325,7,7,lLN2P_a,lLN2P_a_L,lLN2P_a,ALLN,,cb_intrinsic,L,,SIFa_to_target,male-cns:v1.0,other,L
10705,17354,1,1,Dm18,Dm18_R,,,,ol_intrinsic,R,,SIFa_to_target,male-cns:v1.0,other,R
10705,17378,1,1,AN27X017,AN27X017_R,,,BA,ascending_neuron,R,,SIFa_to_target,male-cns:v1.0,other,R
10705,17383,1,1,AVLP265,AVLP265_L,AVLP265,,,cb_intrinsic,L,,SIFa_to_target,male-cns:v1.0,other,L
10705,17442,1,1,PVLP098,PVLP098_R,PVLP098,,,cb_intrinsic,R,,SIFa_to_target,male-cns:v1.0,other,R
10705,17467,1,1,AVLP111,AVLP111_R,AVLP111,,,cb_intrinsic,R,,SIFa_to_target,male-cns:v1.0,other,R
10705,17470,1,1,vpoEN,vpoEN_L,vpoEN,,,cb_intrinsic,L,,SIFa_to_target,male-cns:v1.0,other,L
10705,17484,6,6,DC2_adPN,DC2_adPN_R,DC2_adPN,ALPN,,cb_intrinsic,R,,SIFa_to_target,male-cns:v1.0,other,R
10705,17493,2,2,,CB4116_L,,,,cb_intrinsic,L,,SIFa_to_target,male-cns:v1.0,other,L
10705,17540,1,1,DL2v_adPN,DL2v_adPN_L,DL2v_adPN,ALPN,,cb_intrinsic,L,,SIFa_to_target,male-cns:v1.0,other,L
10705,17556,1,1,,,,,,cb_intrinsic,L,,SIFa_to_target,male-cns:v1.0,other,unknown
10705,17573,1,1,LHAV2k6,LHAV2k6_R,LHAV2k6,,,cb_intrinsic,R,,SIFa_to_target,male-cns:v1.0,other,R
10705,17618,1,1,AVLP761m,AVLP761m_L,,,,cb_intrinsic,L,,SIFa_to_target,male-cns:v1.0,other,L
10705,17637,4,4,AN08B027,AN08B027_L,,,BA,ascending_neuron,L,,SIFa_to_target,male-cns:v1.0,other,L
10705,17658,1,1,MeLo14,MeLo14_R,,,,ol_intrinsic,R,,SIFa_to_target,male-cns:v1.0,other,R
10705,17699,1,1,TmY19a,TmY19a_R,,,,ol_intrinsic,R,,SIFa_to_target,male-cns:v1.0,other,R
10705,17708,1,1,CL080,CL080_R,CL080,,,cb_intrinsic,R,,SIFa_to_target,male-cns:v1.0,other,R
10705,17755,2,2,Pm7,Pm7_R,,,,ol_intrinsic,R,,SIFa_to_target,male-cns:v1.0,other,R
10705,17759,1,1,FB5N,FB5N_R,FB5N,CX,,cb_intrinsic,R,,SIFa_to_target,male-cns:v1.0,other,R
10705,17808,1,1,CB3598,CB3598_L,,,,cb_intrinsic,L,,SIFa_to_target,male-cns:v1.0,other,L
10705,17811,2,1,AVLP102,AVLP102_R,AVLP102,,,cb_intrinsic,R,,SIFa_to_target,male-cns:v1.0,other,R
10705,17839,1,1,AVLP722m,AVLP722m_R,,,,cb_intrinsic,R,,SIFa_to_target,male-cns:v1.0,other,R
10705,17841,1,1,vpoEN,vpoEN_R,vpoEN,,,cb_intrinsic,R,,SIFa_to_target,male-cns:v1.0,other,R
10705,17842,1,1,SAD021_b,SAD021_b_R,SAD021_b,,,cb_intrinsic,R,,SIFa_to_target,male-cns:v1.0,other,R
10705,17869,1,1,AVLP111,AVLP111_R,AVLP111,,,cb_intrinsic,R,,SIFa_to_target,male-cns:v1.0,other,R
10705,17883,2,2,MeVP17,MeVP17_R,,,,visual_projection,R,,SIFa_to_target,male-cns:v1.0,other,R
10705,17884,1,1,TmY19a,TmY19a_R,,,,ol_intrinsic,R,,SIFa_to_target,male-cns:v1.0,other,R
10705,17889,1,1,AVLP037,AVLP037_L,AVLP037,,,cb_intrinsic,L,,SIFa_to_target,male-cns:v1.0,other,L
10705,17901,1,1,GNG195,GNG195_R,,,,cb_intrinsic,R,,SIFa_to_target,male-cns:v1.0,other,R
10705,17947,1,1,Dm13,Dm13_R,,,,ol_intrinsic,R,,SIFa_to_target,male-cns:v1.0,other,R
10705,18011,1,1,AVLP107,AVLP107_R,AVLP107,,,cb_intrinsic,R,,SIFa_to_target,male-cns:v1.0,other,R
10705,18016,11,10,lLN2P_c,lLN2T_a(Tortuous)_R,lLN2P_c,ALLN,,cb_intrinsic,R,,SIFa_to_target,male-cns:v1.0,other,R
10705,18023,1,1,,,,,,cb_intrinsic,R,,SIFa_to_target,male-cns:v1.0,other,unknown
10705,18037,1,1,AVLP110_a,AVLP110_a_R,AVLP110,,,cb_intrinsic,R,,SIFa_to_target,male-cns:v1.0,other,R
10705,18084,1,1,VM7d_adPN,VM7d_adPN_R,VM7d_adPN,ALPN,,cb_intrinsic,R,,SIFa_to_target,male-cns:v1.0,other,R
10705,18165,6,5,lLN2P_b,lLN2P_b_L,lLN2P_b,ALLN,,cb_intrinsic,L,,SIFa_to_target,male-cns:v1.0,other,L
10705,18176,1,1,TmY14,TmY14_R,,,,visual_projection,R,,SIFa_to_target,male-cns:v1.0,other,R
10705,18266,3,3,aMe4,aMe4_R,aMe4,,,visual_centrifugal,R,,SIFa_to_target,male-cns:v1.0,other,R
10705,18269,1,1,AMMC021,AMMC021_R,,,,cb_intrinsic,R,,SIFa_to_target,male-cns:v1.0,other,R
10705,18372,1,1,aMe4,aMe4_R,aMe4,,,visual_centrifugal,R,,SIFa_to_target,male-cns:v1.0,other,R
10705,18391,1,1,Dm18,Dm18_R,,,,ol_intrinsic,R,,SIFa_to_target,male-cns:v1.0,other,R
10705,18416,1,1,DA2_lPN,DA2_lPN_R,DA2_lPN,ALPN,,cb_intrinsic,R,,SIFa_to_target,male-cns:v1.0,other,R
10705,18504,1,1,PEN_a(PEN1),PEN_a(PB06a)_R7,PEN_a(PEN1),CX,,cb_intrinsic,R,,SIFa_to_target,male-cns:v1.0,other,unknown
10705,18553,1,1,AVLP372,AVLP372_R,AVLP372,,,cb_intrinsic,R,,SIFa_to_target,male-cns:v1.0,other,R
10705,18595,1,1,Dm18,Dm18_R,,,,ol_intrinsic,R,,SIFa_to_target,male-cns:v1.0,other,R
10705,18648,1,1,PVLP100,PVLP100_R,PVLP100,,,cb_intrinsic,R,,SIFa_to_target,male-cns:v1.0,other,R
10705,18649,1,1,CB3598,CB3598_R,,,,cb_intrinsic,R,,SIFa_to_target,male-cns:v1.0,other,R
10705,18691,1,1,Pm10,Pm10_R,,,,ol_intrinsic,R,,SIFa_to_target,male-cns:v1.0,other,R
10705,18712,1,1,Dm18,Dm18_R,,,,ol_intrinsic,R,,SIFa_to_target,male-cns:v1.0,other,R
10705,18726,7,7,lLN2P_c,lLN2P_c_L,lLN2P_c,ALLN,,cb_intrinsic,L,,SIFa_to_target,male-cns:v1.0,other,L
10705,18730,3,3,lLN2P_b,lLN2P_b_L,lLN2P_b,ALLN,,cb_intrinsic,L,,SIFa_to_target,male-cns:v1.0,other,L
10705,18779,1,1,PEN_a(PEN1),PEN_a(PB06a)_R8,PEN_a(PEN1),CX,,cb_intrinsic,R,,SIFa_to_target,male-cns:v1.0,other,unknown
10705,18824,2,2,LHPD4d1,LHPD4d1_R,LHPD4d1,,,cb_intrinsic,R,,SIFa_to_target,male-cns:v1.0,other,R
10705,18834,1,1,VM7d_adPN,VM7d_adPN_L,VM7d_adPN,ALPN,,cb_intrinsic,L,,SIFa_to_target,male-cns:v1.0,other,L
10705,18854,1,1,LHAV2m1,LHAV2m1_R,LHAV2m1,,,cb_intrinsic,R,,SIFa_to_target,male-cns:v1.0,other,R
10705,18915,2,1,Dm1,Dm1_R,,,,ol_intrinsic,R,,SIFa_to_target,male-cns:v1.0,other,R
10705,19033,1,1,AVLP139,AVLP139_L,AVLP139,,,cb_intrinsic,L,,SIFa_to_target,male-cns:v1.0,other,L
10705,19067,1,1,WEDPN7B,WEDPN7B_R,WEDPN7B,,,cb_intrinsic,R,,SIFa_to_target,male-cns:v1.0,other,R
10705,19082,1,1,CB1314,CB1314_R,,,,cb_intrinsic,R,,SIFa_to_target,male-cns:v1.0,other,R
10705,19305,1,1,v2LN3A1_b,v2LN3A1_b_L,,ALLN,,cb_intrinsic,L,,SIFa_to_target,male-cns:v1.0,other,L
10705,19402,1,1,PS324,PS324_R,,,,cb_intrinsic,R,,SIFa_to_target,male-cns:v1.0,other,R
10705,19415,1,1,aIPg7,aIPg7_R,SMP574,,,cb_intrinsic,R,,SIFa_to_target,male-cns:v1.0,other,R
10705,19480,3,2,ANXXX462a,ANXXX462a_R,,,XA,ascending_neuron,R,,SIFa_to_target,male-cns:v1.0,other,R
10705,19601,1,1,Pm3,Pm3_R,,,,ol_intrinsic,R,,SIFa_to_target,male-cns:v1.0,other,R
10705,19606,2,2,,,,,,cb_intrinsic,L,,SIFa_to_target,male-cns:v1.0,other,unknown
10705,19665,1,1,CB2691,CB2691_R,,,,cb_intrinsic,R,,SIFa_to_target,male-cns:v1.0,other,R
10705,19706,2,1,CB3409,CB3409(hb2008139952)_R,(hb2008139952),,,cb_intrinsic,R,,SIFa_to_target,male-cns:v1.0,other,R
10705,19735,1,1,TmY14,TmY14_R,,,,visual_projection,R,,SIFa_to_target,male-cns:v1.0,other,R
10705,19767,5,5,lLN2P_b,lLN2P_b_L,lLN2P_b,ALLN,,cb_intrinsic,L,,SIFa_to_target,male-cns:v1.0,other,L
10705,19888,1,1,GNG528,GNG528_R,,,,cb_intrinsic,R,,SIFa_to_target,male-cns:v1.0,other,R
10705,19921,7,5,lLN2P_a,lLN2P_a_L,lLN2P_a,ALLN,,cb_intrinsic,L,,SIFa_to_target,male-cns:v1.0,other,L
10705,19950,1,1,Dm14,Dm14_R,,,,ol_intrinsic,R,,SIFa_to_target,male-cns:v1.0,other,R
10705,20001,1,1,VM5v_adPN,VM5v_adPN_R,VM5v_adPN,ALPN,,cb_intrinsic,R,,SIFa_to_target,male-cns:v1.0,other,R
10705,20050,1,1,CB4116,CB4116_R,,,,cb_intrinsic,R,,SIFa_to_target,male-cns:v1.0,other,R
10705,20055,1,1,,,,,,cb_intrinsic,R,,SIFa_to_target,male-cns:v1.0,other,unknown
10705,20099,2,1,AVLP309,AVLP309_R,AVLP309,,,cb_intrinsic,R,,SIFa_to_target,male-cns:v1.0,other,R
10705,20114,1,1,Dm20,Dm20_R,,,,ol_intrinsic,R,,SIFa_to_target,male-cns:v1.0,other,R
10705,20138,1,1,CB2254,CB2254_R,,,,cb_intrinsic,R,,SIFa_to_target,male-cns:v1.0,other,R
10705,20180,1,1,AVLP401,AVLP401_R,AVLP401,,,cb_intrinsic,R,,SIFa_to_target,male-cns:v1.0,other,R
10705,20244,1,1,Pm4,Pm4_R,,,,ol_intrinsic,R,,SIFa_to_target,male-cns:v1.0,other,R
10705,20375,1,1,Pm10,Pm10_R,,,,ol_intrinsic,R,,SIFa_to_target,male-cns:v1.0,other,R
10705,20387,2,2,AVLP103,AVLP103_R,AVLP103,,,cb_intrinsic,R,,SIFa_to_target,male-cns:v1.0,other,R
10705,20402,11,11,lLN2P_b,lLN2P_b_L,lLN2P_b,ALLN,,cb_intrinsic,L,,SIFa_to_target,male-cns:v1.0,other,L
10705,20435,2,2,WED117,WED117_R,WED117,,,cb_intrinsic,R,,SIFa_to_target,male-cns:v1.0,other,R
10705,20454,2,2,AVLP264,AVLP264_L,AVLP264,,,cb_intrinsic,L,,SIFa_to_target,male-cns:v1.0,other,L
10705,20495,1,1,CB3552,CB3552_R,,,,cb_intrinsic,R,,SIFa_to_target,male-cns:v1.0,other,R
10705,20538,1,1,Dm18,Dm18_R,,,,ol_intrinsic,R,,SIFa_to_target,male-cns:v1.0,other,R
10705,20544,1,1,SAD077,SAD077_R,SAD077,,,cb_intrinsic,R,,SIFa_to_target,male-cns:v1.0,other,R
10705,20558,1,1,AVLP120,AVLP120_L,AVLP120,,,cb_intrinsic,L,,SIFa_to_target,male-cns:v1.0,other,L
10705,20581,11,9,lLN2P_c,lLN2P_c_L,lLN2P_c,ALLN,,cb_intrinsic,L,,SIFa_to_target,male-cns:v1.0,other,L
10705,20620,7,7,lLN2P_b,lLN2P_b_L,lLN2P_b,ALLN,,cb_intrinsic,L,,SIFa_to_target,male-cns:v1.0,other,L
10705,20670,1,1,AVLP338,AVLP338_L,AVLP338,,,cb_intrinsic,L,,SIFa_to_target,male-cns:v1.0,other,L
10705,20774,1,1,DNg36_a,DNg36_a_R,,,ut,descending_neuron,R,,SIFa_to_target,male-cns:v1.0,other,R
10705,20851,1,1,AVLP419_b,AVLP419_b_R,AVLP419,,,cb_intrinsic,R,,SIFa_to_target,male-cns:v1.0,other,R
10705,20901,1,1,CB1340,CB1340_R,,,,cb_intrinsic,R,,SIFa_to_target,male-cns:v1.0,other,R
10705,20909,1,1,TmY14,TmY14_R,,,,visual_projection,R,,SIFa_to_target,male-cns:v1.0,other,R
10705,20979,1,1,LT80,LT80_R,LT80,,,visual_projection,R,,SIFa_to_target,male-cns:v1.0,other,R
10705,20984,1,1,CB3545,CB3545_R,,,,cb_intrinsic,R,,SIFa_to_target,male-cns:v1.0,other,R
10705,21030,1,1,Dm20,Dm20_R,,,,ol_intrinsic,R,,SIFa_to_target,male-cns:v1.0,other,R
10705,21057,1,1,AVLP103,AVLP103_R,AVLP103,,,cb_intrinsic,R,,SIFa_to_target,male-cns:v1.0,other,R
10705,21093,2,2,,21093_R,,,,cb_intrinsic,R,,SIFa_to_target,male-cns:v1.0,other,R
10705,21106,1,1,AVLP548_d,AVLP548_d_R,AVLP548_d,,,cb_intrinsic,R,,SIFa_to_target,male-cns:v1.0,other,R
10705,21114,1,1,CB1955,CB1955_R,,,,cb_intrinsic,R,,SIFa_to_target,male-cns:v1.0,other,R
10705,21212,5,5,CB3305,CB3305_L,,,,cb_intrinsic,L,,SIFa_to_target,male-cns:v1.0,other,L
10705,21251,1,1,CB4173,CB4173_R,,,,cb_intrinsic,R,,SIFa_to_target,male-cns:v1.0,other,R
10705,21378,2,1,CB3598,CB3598_R,,,,cb_intrinsic,R,,SIFa_to_target,male-cns:v1.0,other,R
10705,21485,2,2,CB4116,CB4116_L,,,,cb_intrinsic,L,,SIFa_to_target,male-cns:v1.0,other,L
10705,21526,1,1,AVLP038,AVLP038_R,AVLP038,,,cb_intrinsic,R,,SIFa_to_target,male-cns:v1.0,other,R
10705,21529,1,1,Pm2b,Pm2b_R,,,,ol_intrinsic,R,,SIFa_to_target,male-cns:v1.0,other,R
10705,21545,1,1,CB3305,CB3305_R,,,,cb_intrinsic,R,,SIFa_to_target,male-cns:v1.0,other,R
10705,21567,2,1,lLN2P_c,lLN2P_c_R,lLN2P_c,ALLN,,cb_intrinsic,R,,SIFa_to_target,male-cns:v1.0,other,R
10705,21576,2,1,AVLP599,AVLP599_R,,,,cb_intrinsic,R,,SIFa_to_target,male-cns:v1.0,other,R
10705,21597,1,1,Pm2a,Pm2a_R,,,,ol_intrinsic,R,,SIFa_to_target,male-cns:v1.0,other,R
10705,21621,1,1,CB2512,CB2512_R,AVLP331,,,cb_intrinsic,R,,SIFa_to_target,male-cns:v1.0,other,R
10705,21746,1,1,GNG038,GNG038_L,,,,cb_intrinsic,L,,SIFa_to_target,male-cns:v1.0,other,L
10705,21850,1,1,LPLC1,LPLC1_R,LPLC1,,,visual_projection,R,,SIFa_to_target,male-cns:v1.0,other,R
10705,21903,1,1,Dm1,Dm1_R,,,,ol_intrinsic,R,,SIFa_to_target,male-cns:v1.0,other,R
10705,21910,1,1,CB3863,CB3863_R,,,,cb_intrinsic,R,,SIFa_to_target,male-cns:v1.0,other,R
10705,21997,2,2,AVLP517,AVLP517_R,AVLP517,,,cb_intrinsic,R,,SIFa_to_target,male-cns:v1.0,other,R
10705,22106,2,2,AVLP413,AVLP413_R,AVLP413,,,cb_intrinsic,R,,SIFa_to_target,male-cns:v1.0,other,R
10705,22166,1,1,lLN2P_c,lLN2P_c_L,lLN2P_c,ALLN,,cb_intrinsic,L,,SIFa_to_target,male-cns:v1.0,other,L
10705,22243,3,2,lLN2P_c,lLN2P_c_L,lLN2P_c,ALLN,,cb_intrinsic,L,,SIFa_to_target,male-cns:v1.0,other,L
10705,22276,6,6,lLN2P_a,lLN2P_a_L,lLN2P_a,ALLN,,cb_intrinsic,L,,SIFa_to_target,male-cns:v1.0,other,L
10705,22324,1,1,LPLC1,LPLC1_R,LPLC1,,,visual_projection,R,,SIFa_to_target,male-cns:v1.0,other,R
10705,22354,6,6,aPhM2b,aPhM2b_R,,mechanosensory,pharyngeal sensillum,cb_sensory,,R,SIFa_to_target,male-cns:v1.0,other,R
10705,22407,1,1,TmY14,TmY14_R,,,,visual_projection,R,,SIFa_to_target,male-cns:v1.0,other,R
10705,22431,1,1,Pm5,Pm5_R,,,,ol_intrinsic,R,,SIFa_to_target,male-cns:v1.0,other,R
10705,22445,1,1,CB2489,CB2489_R,,,,cb_intrinsic,R,,SIFa_to_target,male-cns:v1.0,other,R
10705,22454,1,1,Pm2a,Pm2a_R,,,,ol_intrinsic,R,,SIFa_to_target,male-cns:v1.0,other,R
10705,22531,1,1,Pm10,Pm10_R,,,,ol_intrinsic,R,,SIFa_to_target,male-cns:v1.0,other,R
10705,22592,1,1,AVLP140,AVLP140_L,AVLP140,,,cb_intrinsic,L,,SIFa_to_target,male-cns:v1.0,other,L
10705,22593,1,1,CB2472,CB2472_L,,,,cb_intrinsic,L,,SIFa_to_target,male-cns:v1.0,other,L
10705,22644,1,1,ER3d_a,ER3d_a_R,ER3d_a,CX,,cb_intrinsic,R,,SIFa_to_target,male-cns:v1.0,other,R
10705,22651,1,1,Pm7_Li28,Pm7_Li28_R,,,,ol_intrinsic,R,,SIFa_to_target,male-cns:v1.0,other,R
10705,22660,1,1,Lawf1,Lawf1_R,,,,ol_intrinsic,R,,SIFa_to_target,male-cns:v1.0,other,R
10705,22730,1,1,CB2321,CB2321_R,AVLP233,,,cb_intrinsic,R,,SIFa_to_target,male-cns:v1.0,other,R
10705,22776,1,1,CB0218,CB0218_R,,,,cb_intrinsic,R,,SIFa_to_target,male-cns:v1.0,other,R
10705,22910,1,1,CB2769,CB2769_R,,,,cb_intrinsic,R,,SIFa_to_target,male-cns:v1.0,other,R
10705,22977,1,1,VL2a_vPN,VL2a_vPN_R,VL2a_vPN,ALPN,,cb_intrinsic,R,,SIFa_to_target,male-cns:v1.0,other,R
10705,23034,1,1,AVLP136,AVLP136_R,AVLP136,,,cb_intrinsic,R,,SIFa_to_target,male-cns:v1.0,other,R
10705,23112,1,1,PVLP074,PVLP074_R,PVLP074,,,cb_intrinsic,R,,SIFa_to_target,male-cns:v1.0,other,R
10705,23116,1,1,LPLC1,LPLC1_R,LPLC1,,,visual_projection,R,,SIFa_to_target,male-cns:v1.0,other,R
10705,23147,1,1,PVLP111,PVLP111_R,PVLP111,,,cb_intrinsic,R,,SIFa_to_target,male-cns:v1.0,other,R
10705,23168,5,5,AN01B002,AN01B002(12457)_R,,,BA,ascending_neuron,R,,SIFa_to_target,male-cns:v1.0,other,R
10705,23219,1,1,Pm4,Pm4_R,,,,ol_intrinsic,R,,SIFa_to_target,male-cns:v1.0,other,R
10705,23307,1,1,WED193,WED193_L,,,,cb_intrinsic,L,,SIFa_to_target,male-cns:v1.0,other,L
10705,23382,1,1,AN01B002,AN01B002(23382)_R,,,BA,ascending_neuron,R,,SIFa_to_target,male-cns:v1.0,other,R
10705,23638,3,3,Mi14,Mi14_R,,,,ol_intrinsic,R,,SIFa_to_target,male-cns:v1.0,other,R
10705,23656,2,2,Pm4,Pm4_R,,,,ol_intrinsic,R,,SIFa_to_target,male-cns:v1.0,other,R
10705,23683,1,1,CB4172,CB4172_R,,,,cb_intrinsic,R,,SIFa_to_target,male-cns:v1.0,other,R
10705,23727,1,1,AVLP256,AVLP256_R,AVLP256,,,cb_intrinsic,R,,SIFa_to_target,male-cns:v1.0,other,R
10705,23755,3,2,AN08B048,AN08B048_L,,,BA,ascending_neuron,L,,SIFa_to_target,male-cns:v1.0,other,L
10705,23826,2,2,AN05B005,AN05B005_L,,,BA,ascending_neuron,L,,SIFa_to_target,male-cns:v1.0,other,L
10705,23854,18,16,lLN2P_a,lLN2P_a_R,lLN2P_a,ALLN,,cb_intrinsic,R,,SIFa_to_target,male-cns:v1.0,other,R
10705,23958,2,2,DA2_lPN,DA2_lPN_R,DA2_lPN,ALPN,,cb_intrinsic,R,,SIFa_to_target,male-cns:v1.0,other,R
10705,23965,1,1,TmY15,TmY15_R,,,,ol_intrinsic,R,,SIFa_to_target,male-cns:v1.0,other,R
10705,24010,1,1,AVLP254,AVLP254_L,AVLP254,,,cb_intrinsic,L,,SIFa_to_target,male-cns:v1.0,other,L
10705,24134,1,1,AVLP067,AVLP067_R,AVLP067,,,cb_intrinsic,R,,SIFa_to_target,male-cns:v1.0,other,R
10705,24214,1,1,CB1903,CB1903_L,,,,cb_intrinsic,L,,SIFa_to_target,male-cns:v1.0,other,L
10705,24278,1,1,Pm2a,Pm2a_R,,,,ol_intrinsic,R,,SIFa_to_target,male-cns:v1.0,other,R
10705,24329,1,1,PVLP073,PVLP073_R,PVLP073,,,cb_intrinsic,R,,SIFa_to_target,male-cns:v1.0,other,R
10705,24495,1,1,AVLP269_b,AVLP269_b_L,AVLP269,,,cb_intrinsic,L,,SIFa_to_target,male-cns:v1.0,other,L
10705,24502,1,1,M_lPNm11D,M_lPNm11D_L,M_lPNm11D,ALPN,,cb_intrinsic,L,,SIFa_to_target,male-cns:v1.0,other,L
10705,24525,1,1,CB1549,CB1549_L,,,,cb_intrinsic,L,,SIFa_to_target,male-cns:v1.0,other,L
10705,24633,1,1,AVLP222,AVLP222_R,AVLP222,,,cb_intrinsic,R,,SIFa_to_target,male-cns:v1.0,other,R
10705,24761,2,2,,,,,,cb_intrinsic,R,,SIFa_to_target,male-cns:v1.0,other,unknown
10705,24783,1,1,,,,,,cb_intrinsic,R,,SIFa_to_target,male-cns:v1.0,other,unknown
10705,24826,2,1,TmY14,TmY14_R,,,,visual_projection,R,,SIFa_to_target,male-cns:v1.0,other,R
10705,24828,4,4,lLN2P_b,lLN2P_b_R,lLN2P_b,ALLN,,cb_intrinsic,R,,SIFa_to_target,male-cns:v1.0,other,R
10705,25007,2,2,AVLP137,AVLP137_L,AVLP137,,,cb_intrinsic,L,,SIFa_to_target,male-cns:v1.0,other,L
10705,25033,1,1,L2,L2_R,,,,ol_intrinsic,R,,SIFa_to_target,male-cns:v1.0,other,R
10705,25092,2,1,ANXXX082,ANXXX082_L,,,CA,ascending_neuron,L,,SIFa_to_target,male-cns:v1.0,other,L
10705,25112,1,1,,,,,,cb_intrinsic,L,,SIFa_to_target,male-cns:v1.0,other,unknown
10705,25190,2,2,Pm4,Pm4_R,,,,ol_intrinsic,R,,SIFa_to_target,male-cns:v1.0,other,R
10705,25274,1,1,CB3552,CB3552_R,,,,cb_intrinsic,R,,SIFa_to_target,male-cns:v1.0,other,R
10705,25288,1,1,LHAV5d1,LHAV5d1_R,LHAV5d1,,,cb_intrinsic,R,,SIFa_to_target,male-cns:v1.0,other,R
10705,25330,4,3,Dm1,Dm1_R,,,,ol_intrinsic,R,,SIFa_to_target,male-cns:v1.0,other,R
10705,25544,1,1,CB3329,CB3329_R,,,,cb_intrinsic,R,,SIFa_to_target,male-cns:v1.0,other,R
10705,25563,1,1,GNG471,GNG471_R,,,,cb_intrinsic,R,,SIFa_to_target,male-cns:v1.0,other,R
10705,25593,1,1,CB1194,CB1194_R,,,,cb_intrinsic,R,,SIFa_to_target,male-cns:v1.0,other,R
10705,25688,1,1,AVLP385,AVLP385_R,AVLP385,,,cb_intrinsic,R,,SIFa_to_target,male-cns:v1.0,other,R
10705,25892,2,2,Dm1,Dm1_R,,,,ol_intrinsic,R,,SIFa_to_target,male-cns:v1.0,other,R
10705,25956,1,1,Li30,Li30_R,,,,ol_intrinsic,R,,SIFa_to_target,male-cns:v1.0,other,R
10705,26046,1,1,TmY19a,TmY19a_R,,,,ol_intrinsic,R,,SIFa_to_target,male-cns:v1.0,other,R
10705,26096,1,1,AVLP379,AVLP379_L,AVLP379,,,cb_intrinsic,L,,SIFa_to_target,male-cns:v1.0,other,L
10705,26102,1,1,DL2v_adPN,DL2v_adPN_R,DL2v_adPN,ALPN,,cb_intrinsic,R,,SIFa_to_target,male-cns:v1.0,other,R
10705,26104,3,3,Pm10,Pm10_R,,,,ol_intrinsic,R,,SIFa_to_target,male-cns:v1.0,other,R
10705,26123,1,1,Pm10,Pm10_R,,,,ol_intrinsic,R,,SIFa_to_target,male-cns:v1.0,other,R
10705,26231,1,1,TmY15,TmY15_R,,,,ol_intrinsic,R,,SIFa_to_target,male-cns:v1.0,other,R
10705,26239,2,2,CB2107,CB2107_R,,,,cb_intrinsic,R,,SIFa_to_target,male-cns:v1.0,other,R
10705,26241,3,3,AN01B002,AN01B002(26241)_L,,,BA,ascending_neuron,L,,SIFa_to_target,male-cns:v1.0,other,L
10705,26284,2,2,AN05B005,AN05B005_R,,,BA,ascending_neuron,R,,SIFa_to_target,male-cns:v1.0,other,R
10705,26436,1,1,,26436_R,,,,cb_intrinsic,R,,SIFa_to_target,male-cns:v1.0,other,R
10705,26459,1,1,Pm2a,Pm2a_R,,,,ol_intrinsic,R,,SIFa_to_target,male-cns:v1.0,other,R
10705,26471,11,9,AN01B002,AN01B002(26241)_R,,,BA,ascending_neuron,R,,SIFa_to_target,male-cns:v1.0,other,R
10705,26492,1,1,MeLo3b,MeLo3b_R,,,,ol_intrinsic,R,,SIFa_to_target,male-cns:v1.0,other,R
10705,26497,1,1,CB2107,CB2107_R,,,,cb_intrinsic,R,,SIFa_to_target,male-cns:v1.0,other,R
10705,26558,1,1,Pm2a,Pm2a_R,,,,ol_intrinsic,R,,SIFa_to_target,male-cns:v1.0,other,R
10705,26577,1,1,AVLP274_a,AVLP274_a_R,AVLP274,,,cb_intrinsic,R,,SIFa_to_target,male-cns:v1.0,other,R
10705,26621,1,1,SLP222,SLP222_R,SLP222,,,cb_intrinsic,R,,SIFa_to_target,male-cns:v1.0,other,R
10705,26628,1,1,DL3_lPN,DL3_lPN_R,DL3_lPN,ALPN,,cb_intrinsic,R,,SIFa_to_target,male-cns:v1.0,other,R
10705,26643,1,1,GNG452,GNG452_R,,,,cb_intrinsic,R,,SIFa_to_target,male-cns:v1.0,other,R
10705,26791,1,1,AVLP137,AVLP137_R,AVLP137,,,cb_intrinsic,R,,SIFa_to_target,male-cns:v1.0,other,R
10705,26896,2,2,Pm7,Pm7_R,,,,ol_intrinsic,R,,SIFa_to_target,male-cns:v1.0,other,R
10705,26953,1,1,LHPD2a2,LHPD2a2_R,LHPD2a2,,,cb_intrinsic,R,,SIFa_to_target,male-cns:v1.0,other,R
10705,27091,2,1,WED118,WED118_R,WED118,,,cb_intrinsic,R,,SIFa_to_target,male-cns:v1.0,other,R
10705,27121,1,1,AVLP145,AVLP145_L,AVLP145,,,cb_intrinsic,L,,SIFa_to_target,male-cns:v1.0,other,L
10705,27179,1,1,PFNv,PFNv(PB05)_L2_C1,PFNv,CX,,cb_intrinsic,L,,SIFa_to_target,male-cns:v1.0,other,unknown
10705,27214,1,1,Pm4,Pm4_R,,,,ol_intrinsic,R,,SIFa_to_target,male-cns:v1.0,other,R
10705,27265,1,1,Pm4,Pm4_R,,,,ol_intrinsic,R,,SIFa_to_target,male-cns:v1.0,other,R
10705,27283,1,1,Pm10,Pm10_R,,,,ol_intrinsic,R,,SIFa_to_target,male-cns:v1.0,other,R
10705,27296,1,1,PEN_a(PEN1),PEN_a(PB06a)_R6,PEN_a(PEN1),CX,,cb_intrinsic,R,,SIFa_to_target,male-cns:v1.0,other,unknown
10705,27316,1,1,CB4116,CB4116_R,,,,cb_intrinsic,R,,SIFa_to_target,male-cns:v1.0,other,R
10705,27416,8,6,lLN2P_b,lLN2P_b_R,lLN2P_b,ALLN,,cb_intrinsic,R,,SIFa_to_target,male-cns:v1.0,other,R
10705,27470,1,1,LHPV6l1,LHPV6l1_R,LHPV6l1,,,cb_intrinsic,R,,SIFa_to_target,male-cns:v1.0,other,R
10705,27509,3,2,Dm1,Dm1_R,,,,ol_intrinsic,R,,SIFa_to_target,male-cns:v1.0,other,R
10705,27538,3,3,Dm1,Dm1_R,,,,ol_intrinsic,R,,SIFa_to_target,male-cns:v1.0,other,R
10705,27557,1,1,CB2595,CB2595_L,,,,cb_intrinsic,L,,SIFa_to_target,male-cns:v1.0,other,L
10705,27614,4,4,lLN2P_b,lLN2P_b_R,lLN2P_b,ALLN,,cb_intrinsic,R,,SIFa_to_target,male-cns:v1.0,other,R
10705,27650,1,1,L2,L2_R,,,,ol_intrinsic,R,,SIFa_to_target,male-cns:v1.0,other,R
10705,27684,3,3,Dm1,Dm1_R,,,,ol_intrinsic,R,,SIFa_to_target,male-cns:v1.0,other,R
10705,27713,1,1,AVLP192_a,AVLP192_a_R,AVLP192,,,cb_intrinsic,R,,SIFa_to_target,male-cns:v1.0,other,R
10705,27774,1,1,LHAV2b7_a,LHAV2b7_a_R,LHAV2b7_a,,,cb_intrinsic,R,,SIFa_to_target,male-cns:v1.0,other,R
10705,27931,1,1,CB1104,CB1104_R,,,,cb_intrinsic,R,,SIFa_to_target,male-cns:v1.0,other,R
10705,27932,1,1,MeVP4,MeVP4_R,MC62,,,visual_projection,R,,SIFa_to_target,male-cns:v1.0,other,R
10705,27995,2,2,CB2048,CB2048_R,,,,cb_intrinsic,R,,SIFa_to_target,male-cns:v1.0,other,R
10705,28110,2,1,AVLP234,AVLP234_R,AVLP234,,,cb_intrinsic,R,,SIFa_to_target,male-cns:v1.0,other,R
10705,28200,1,1,LHAV2g3,LHAV2g3_R,LHAV2g3,,,cb_intrinsic,R,,SIFa_to_target,male-cns:v1.0,other,R
10705,28257,1,1,CB1885,CB1885_R,,,,cb_intrinsic,R,,SIFa_to_target,male-cns:v1.0,other,R
10705,28381,1,1,GNG319,GNG319_R,,,,cb_intrinsic,R,,SIFa_to_target,male-cns:v1.0,other,R
10705,28406,4,4,lLN2P_c,lLN2P_c_L,lLN2P_c,ALLN,,cb_intrinsic,L,,SIFa_to_target,male-cns:v1.0,other,L
10705,28440,1,1,LC14b,LC14b_L,,ol_bilateral,,ol_intrinsic,L,,SIFa_to_target,male-cns:v1.0,other,L
10705,28470,1,1,L1,L1_R,,,,ol_intrinsic,R,,SIFa_to_target,male-cns:v1.0,other,R
10705,28525,1,1,lLN2P_b,lLN2P_b_R,lLN2P_b,ALLN,,cb_intrinsic,R,,SIFa_to_target,male-cns:v1.0,other,R
10705,28578,1,1,CB2805,CB2805_R,"LHAV2i5,LHAV2k3",,,cb_intrinsic,R,,SIFa_to_target,male-cns:v1.0,other,R
10705,28584,3,2,ANXXX013,ANXXX013_R,,,BA,ascending_neuron,R,,SIFa_to_target,male-cns:v1.0,other,R
10705,28607,1,1,M_lvPNm41,M_lvPNm41_L,M_lvPNm41,ALPN,,cb_intrinsic,L,,SIFa_to_target,male-cns:v1.0,other,L
10705,28648,1,1,,28648_R,,,,cb_intrinsic,R,,SIFa_to_target,male-cns:v1.0,other,R
10705,28768,1,1,TmY14,TmY14_R,,,,visual_projection,R,,SIFa_to_target,male-cns:v1.0,other,R
10705,28814,1,1,L1,L1_R,,,,ol_intrinsic,R,,SIFa_to_target,male-cns:v1.0,other,R
10705,29031,1,1,CB4116,CB4116_R,,,,cb_intrinsic,R,,SIFa_to_target,male-cns:v1.0,other,R
10705,29169,2,2,CB3411,CB3411_R,,,,cb_intrinsic,R,,SIFa_to_target,male-cns:v1.0,other,R
10705,29177,1,1,ER3d_b,ER3d_b_R,ER3d_b,CX,,cb_intrinsic,R,,SIFa_to_target,male-cns:v1.0,other,R
10705,29476,2,2,PRW041,PRW041_L,,,,cb_intrinsic,L,,SIFa_to_target,male-cns:v1.0,other,L
10705,29477,1,1,Lawf1,Lawf1_R,,,,ol_intrinsic,R,,SIFa_to_target,male-cns:v1.0,other,R
10705,29536,1,1,v2LN3A1_b,v2LN3A1_b_L,,ALLN,,cb_intrinsic,L,,SIFa_to_target,male-cns:v1.0,other,L
10705,29547,1,1,CB1314,CB1314_R,,,,cb_intrinsic,R,,SIFa_to_target,male-cns:v1.0,other,R
10705,29556,1,1,Pm2a,Pm2a_R,,,,ol_intrinsic,R,,SIFa_to_target,male-cns:v1.0,other,R
10705,29654,1,1,L1,L1_R,,,,ol_intrinsic,R,,SIFa_to_target,male-cns:v1.0,other,R
10705,29722,1,1,Dm1,Dm1_R,,,,ol_intrinsic,R,,SIFa_to_target,male-cns:v1.0,other,R
10705,29750,4,3,VM4_lvPN,VM4_lvPN_R,VC3m_lvPN,ALPN,,cb_intrinsic,R,,SIFa_to_target,male-cns:v1.0,other,R
10705,29885,1,1,LHAV5b2,LHAV5b2_R,LHAV5b2,,,cb_intrinsic,R,,SIFa_to_target,male-cns:v1.0,other,R
10705,30088,1,1,AN13B002,AN13B002_L,,,CA,ascending_neuron,L,,SIFa_to_target,male-cns:v1.0,other,L
10705,30229,1,1,PVLP036,PVLP036_R,PVLP036,,,cb_intrinsic,R,,SIFa_to_target,male-cns:v1.0,other,R
10705,30273,1,1,WED118,WED118_R,WED118,,,cb_intrinsic,R,,SIFa_to_target,male-cns:v1.0,other,R
10705,30348,1,1,TmY15,TmY15_R,,,,ol_intrinsic,R,,SIFa_to_target,male-cns:v1.0,other,R
10705,30401,1,1,VES021,VES021_L,VES021,,,cb_intrinsic,L,,SIFa_to_target,male-cns:v1.0,other,L
10705,30421,1,1,lLN2P_b,lLN2P_b_R,lLN2P_b,ALLN,,cb_intrinsic,R,,SIFa_to_target,male-cns:v1.0,other,R
10705,30724,1,1,Tm23,Tm23_R,,,,ol_intrinsic,R,,SIFa_to_target,male-cns:v1.0,other,R
10705,30943,1,1,LHAV2g2_b,LHAV2g2_b_R,LHAV2g2_b,,,cb_intrinsic,R,,SIFa_to_target,male-cns:v1.0,other,R
10705,30974,1,1,L1,L1_R,,,,ol_intrinsic,R,,SIFa_to_target,male-cns:v1.0,other,R
10705,30977,1,1,CB1717,CB1717_L,,,,cb_intrinsic,L,,SIFa_to_target,male-cns:v1.0,other,L
10705,30990,1,1,Lawf1,Lawf1_R,,,,ol_intrinsic,R,,SIFa_to_target,male-cns:v1.0,other,R
10705,31018,1,1,GNG232,GNG232_R,,,,cb_intrinsic,R,,SIFa_to_target,male-cns:v1.0,other,R
10705,31102,1,1,L1,L1_R,,,,ol_intrinsic,R,,SIFa_to_target,male-cns:v1.0,other,R
10705,31116,1,1,LC11,LC11_R,LC11,,,visual_projection,R,,SIFa_to_target,male-cns:v1.0,other,R
10705,31118,1,1,MeVPLo2,MeVPLo2_R,,,,visual_projection,R,,SIFa_to_target,male-cns:v1.0,other,R
10705,31119,2,2,LHPV2b5,LHPV2b5_R,LHPV2b5,,,cb_intrinsic,R,,SIFa_to_target,male-cns:v1.0,other,R
10705,31147,1,1,AVLP423,AVLP423_R,AVLP423,,,cb_intrinsic,R,,SIFa_to_target,male-cns:v1.0,other,R
10705,31206,1,1,LHPV2b5,LHPV2b5_R,LHPV2b5,,,cb_intrinsic,R,,SIFa_to_target,male-cns:v1.0,other,R
10705,31245,1,1,Pm2a,Pm2a_R,,,,ol_intrinsic,R,,SIFa_to_target,male-cns:v1.0,other,R
10705,31331,1,1,LHPV2b5,LHPV2b5_R,LHPV2b5,,,cb_intrinsic,R,,SIFa_to_target,male-cns:v1.0,other,R
10705,31350,1,1,CB4106,CB4106_L,,,,cb_intrinsic,L,,SIFa_to_target,male-cns:v1.0,other,L
10705,31386,1,1,AVLP310,AVLP310_R,AVLP310,,,cb_intrinsic,R,,SIFa_to_target,male-cns:v1.0,other,R
10705,31388,1,1,aSP10C_a,aSP10C_a_L,aSP10C_a,,,cb_intrinsic,L,,SIFa_to_target,male-cns:v1.0,other,L
10705,31440,1,1,AVLP442,AVLP442_R,AVLP442,,,cb_intrinsic,R,,SIFa_to_target,male-cns:v1.0,other,R
10705,31466,1,1,CB1575,CB1575_R,,,,cb_intrinsic,R,,SIFa_to_target,male-cns:v1.0,other,R
10705,31517,1,1,L1,L1_R,,,,ol_intrinsic,R,,SIFa_to_target,male-cns:v1.0,other,R
10705,31624,1,1,CB2596,CB2596_R,,,,cb_intrinsic,R,,SIFa_to_target,male-cns:v1.0,other,R
10705,31689,2,2,CB2377,CB2377_R,,,,cb_intrinsic,R,,SIFa_to_target,male-cns:v1.0,other,R
10705,31722,1,1,Tm23,Tm23_R,,,,ol_intrinsic,R,,SIFa_to_target,male-cns:v1.0,other,R
10705,31956,1,1,PVLP037_unclear,PVLP037_unclear_R,,,,cb_intrinsic,R,,SIFa_to_target,male-cns:v1.0,other,R
10705,31977,3,3,Tm23,Tm23_R,,,,ol_intrinsic,R,,SIFa_to_target,male-cns:v1.0,other,R
10705,32016,1,1,AN01A049,AN01A049_R,,,IA,ascending_neuron,R,,SIFa_to_target,male-cns:v1.0,other,R
10705,32093,1,1,PVLP033,PVLP033_L,PVLP033,,,cb_intrinsic,L,,SIFa_to_target,male-cns:v1.0,other,L
10705,32209,1,1,Pm2a,Pm2a_R,,,,ol_intrinsic,R,,SIFa_to_target,male-cns:v1.0,other,R
10705,32229,1,1,PRW005,PRW005_R,,,,cb_intrinsic,R,,SIFa_to_target,male-cns:v1.0,other,R
10705,32276,1,1,LHAV2f2_b,LHAV2f2_b_R,LHAV2f2_b,,,cb_intrinsic,R,,SIFa_to_target,male-cns:v1.0,other,R
10705,32312,2,1,Pm2a,Pm2a_R,,,,ol_intrinsic,R,,SIFa_to_target,male-cns:v1.0,other,R
10705,32356,1,1,Lawf1,Lawf1_R,,,,ol_intrinsic,R,,SIFa_to_target,male-cns:v1.0,other,R
10705,32414,1,1,AN10B029,AN10B029_R,,,BA,ascending_neuron,R,,SIFa_to_target,male-cns:v1.0,other,R
10705,32439,3,3,CB1927,CB1927_R,,,,cb_intrinsic,R,,SIFa_to_target,male-cns:v1.0,other,R
10705,32540,2,1,CB4116,CB4116_R,,,,cb_intrinsic,R,,SIFa_to_target,male-cns:v1.0,other,R
10705,32545,1,1,AVLP427,AVLP427_R,AVLP427,,,cb_intrinsic,R,,SIFa_to_target,male-cns:v1.0,other,R
10705,32671,1,1,TmY15,TmY15_R,,,,ol_intrinsic,R,,SIFa_to_target,male-cns:v1.0,other,R
10705,32825,1,1,Lawf2,Lawf2_R,,,,ol_intrinsic,R,,SIFa_to_target,male-cns:v1.0,other,R
10705,32889,1,1,AVLP005,AVLP005_R,AVLP005,,,cb_intrinsic,R,,SIFa_to_target,male-cns:v1.0,other,R
10705,32913,2,2,CB4205,CB4205_R,SMP484,,,cb_intrinsic,R,,SIFa_to_target,male-cns:v1.0,other,R
10705,33009,1,1,WED118,WED118_R,WED118,,,cb_intrinsic,R,,SIFa_to_target,male-cns:v1.0,other,R
10705,33027,1,1,CB2805,CB2805_R,"LHAV2i5,LHAV2k3",,,cb_intrinsic,R,,SIFa_to_target,male-cns:v1.0,other,R
10705,33092,1,1,LPT113,LPT113_R,,,,visual_centrifugal,R,,SIFa_to_target,male-cns:v1.0,other,R
10705,33097,1,1,CB1964,CB1964_R,,,,cb_intrinsic,R,,SIFa_to_target,male-cns:v1.0,other,R
10705,33109,1,1,Lawf1,Lawf1_R,,,,ol_intrinsic,R,,SIFa_to_target,male-cns:v1.0,other,R
10705,33162,1,1,AVLP145,AVLP145_R,AVLP145,,,cb_intrinsic,R,,SIFa_to_target,male-cns:v1.0,other,R
10705,33229,1,1,LHPV4a2,LHPV4a2_R,LHPV4a2,,,cb_intrinsic,R,,SIFa_to_target,male-cns:v1.0,other,R
10705,33471,1,1,PLP064_b,PLP064_b_R,PLP064_b,,,cb_intrinsic,R,,SIFa_to_target,male-cns:v1.0,other,R
10705,33800,1,1,Tm23,Tm23_R,,,,ol_intrinsic,R,,SIFa_to_target,male-cns:v1.0,other,R
10705,33872,1,1,T1,T1_R,,,,ol_intrinsic,R,,SIFa_to_target,male-cns:v1.0,other,R
10705,33945,1,1,Cm21,Cm21_R,,,,ol_intrinsic,R,,SIFa_to_target,male-cns:v1.0,other,R
10705,33957,1,1,LHAV2b9,LHAV2b9_R,LHAV2b9,,,cb_intrinsic,R,,SIFa_to_target,male-cns:v1.0,other,R
10705,34059,1,1,Tm23,Tm23_R,,,,ol_intrinsic,R,,SIFa_to_target,male-cns:v1.0,other,R
10705,34156,1,1,Lawf1,Lawf1_R,,,,ol_intrinsic,R,,SIFa_to_target,male-cns:v1.0,other,R
10705,34246,1,1,PVLP066,PVLP066_R,PVLP066,,,cb_intrinsic,R,,SIFa_to_target,male-cns:v1.0,other,R
10705,34280,1,1,Lawf2,Lawf2_R,,,,ol_intrinsic,R,,SIFa_to_target,male-cns:v1.0,other,R
10705,34301,1,1,DA2_lPN,DA2_lPN_R,DA2_lPN,ALPN,,cb_intrinsic,R,,SIFa_to_target,male-cns:v1.0,other,R
10705,34455,1,1,AVLP549,AVLP549_L,AVLP549,,,cb_intrinsic,L,,SIFa_to_target,male-cns:v1.0,other,L
10705,34470,1,1,Lawf2,Lawf2_R,,,,ol_intrinsic,R,,SIFa_to_target,male-cns:v1.0,other,R
10705,34533,1,1,LHAV4e1_a,LHAV4e1_a_R,LHAV4e1_a,,,cb_intrinsic,R,,SIFa_to_target,male-cns:v1.0,other,R
10705,34650,1,1,Lawf1,Lawf1_R,,,,ol_intrinsic,R,,SIFa_to_target,male-cns:v1.0,other,R
10705,34743,1,1,PVLP033,PVLP033_R,PVLP033,,,cb_intrinsic,R,,SIFa_to_target,male-cns:v1.0,other,R
10705,34882,1,1,Lawf2,Lawf2_R,,,,ol_intrinsic,R,,SIFa_to_target,male-cns:v1.0,other,R
10705,35136,2,1,ANXXX099,ANXXX099_R,,,BA,ascending_neuron,R,,SIFa_to_target,male-cns:v1.0,other,R
10705,35196,9,9,lLN2P_a,lLN2P_a_L,lLN2P_a,ALLN,,cb_intrinsic,L,,SIFa_to_target,male-cns:v1.0,other,L
10705,35208,1,1,LHPV2b4,LHPV2b4_R,LHPV2b4,,,cb_intrinsic,R,,SIFa_to_target,male-cns:v1.0,other,R
10705,35323,3,2,Lawf1,Lawf1_R,,,,ol_intrinsic,R,,SIFa_to_target,male-cns:v1.0,other,R
10705,35374,1,1,Lawf1,Lawf1_R,,,,ol_intrinsic,R,,SIFa_to_target,male-cns:v1.0,other,R
10705,35406,1,1,Dm1,Dm1_R,,,,ol_intrinsic,R,,SIFa_to_target,male-cns:v1.0,other,R
10705,35409,1,1,AN08B049,AN08B049_L,,,BA,ascending_neuron,L,,SIFa_to_target,male-cns:v1.0,other,L
10705,35466,1,1,CB4116,CB4116_L,,,,cb_intrinsic,L,,SIFa_to_target,male-cns:v1.0,other,L
10705,35522,2,1,Lawf1,Lawf1_R,,,,ol_intrinsic,R,,SIFa_to_target,male-cns:v1.0,other,R
10705,35752,1,1,AVLP548_a,AVLP548_a_R,AVLP548_a,,,cb_intrinsic,R,,SIFa_to_target,male-cns:v1.0,other,R
10705,35826,1,1,AVLP156,AVLP156_R,AVLP156,,,cb_intrinsic,R,,SIFa_to_target,male-cns:v1.0,other,R
10705,35849,1,1,,,,,,cb_intrinsic,R,,SIFa_to_target,male-cns:v1.0,other,unknown
10705,35982,2,2,Lawf1,Lawf1_R,,,,ol_intrinsic,R,,SIFa_to_target,male-cns:v1.0,other,R
10705,36162,1,1,CB4216,CB4216_R,,,,cb_intrinsic,R,,SIFa_to_target,male-cns:v1.0,other,R
10705,36196,1,1,Lawf1,Lawf1_R,,,,ol_intrinsic,R,,SIFa_to_target,male-cns:v1.0,other,R
10705,36265,1,1,CB3657,CB3657_R,,,,cb_intrinsic,R,,SIFa_to_target,male-cns:v1.0,other,R
10705,36402,1,1,Tlp11,Tlp11_R,,,,ol_intrinsic,R,,SIFa_to_target,male-cns:v1.0,other,R
10705,36483,1,1,T1,T1_R,,,,ol_intrinsic,R,,SIFa_to_target,male-cns:v1.0,other,R
10705,36703,1,1,Y3,Y3_R,,,,ol_intrinsic,R,,SIFa_to_target,male-cns:v1.0,other,R
10705,36825,1,1,LHAD1b2_b,LHAD1b2_b_R,LHAD1b2_b,,,cb_intrinsic,R,,SIFa_to_target,male-cns:v1.0,other,R
10705,36909,1,1,AVLP062,AVLP062_R,AVLP062,,,cb_intrinsic,R,,SIFa_to_target,male-cns:v1.0,other,R
10705,37029,1,1,SLP043,SLP043_R,SLP043,,,cb_intrinsic,R,,SIFa_to_target,male-cns:v1.0,other,R
10705,37070,1,1,CB1238,CB1238_R,,,,cb_intrinsic,R,,SIFa_to_target,male-cns:v1.0,other,R
10705,37076,1,1,T1,T1_R,,,,ol_intrinsic,R,,SIFa_to_target,male-cns:v1.0,other,R
10705,37441,1,1,LPLC1,LPLC1_R,LPLC1,,,visual_projection,R,,SIFa_to_target,male-cns:v1.0,other,R
10705,37601,1,1,LHAV1d2,LHAV1d2_L,LHAV1d2,,,cb_intrinsic,L,,SIFa_to_target,male-cns:v1.0,other,L
10705,37656,1,1,AVLP147,AVLP147_R,AVLP147,,,cb_intrinsic,R,,SIFa_to_target,male-cns:v1.0,other,R
10705,37692,5,5,,,,,,cb_intrinsic,R,,SIFa_to_target,male-cns:v1.0,other,unknown
10705,37705,1,1,CB1804,CB1804_R,,,,cb_intrinsic,R,,SIFa_to_target,male-cns:v1.0,other,R
10705,37757,1,1,Y12,Y12_R,,,,ol_intrinsic,R,,SIFa_to_target,male-cns:v1.0,other,R
10705,37951,1,1,CB3728,CB3728_R,,,,cb_intrinsic,R,,SIFa_to_target,male-cns:v1.0,other,R
10705,37965,2,1,CB2763,CB2763_R,,,,cb_intrinsic,R,,SIFa_to_target,male-cns:v1.0,other,R
10705,37979,1,1,AN09B018,AN09B018_L,,,BA,ascending_neuron,L,,SIFa_to_target,male-cns:v1.0,other,L
10705,37994,1,1,CB2004,CB2004_R,"M_vPNml56,M_vPNml58",ALPN,,cb_intrinsic,R,,SIFa_to_target,male-cns:v1.0,other,R
10705,38070,1,1,CB3606,CB3606_R,,,,cb_intrinsic,R,,SIFa_to_target,male-cns:v1.0,other,R
10705,38150,1,1,Tm23,Tm23_R,,,,ol_intrinsic,R,,SIFa_to_target,male-cns:v1.0,other,R
10705,38296,1,1,CB2642,CB2642_L,,,,cb_intrinsic,L,,SIFa_to_target,male-cns:v1.0,other,L
10705,38485,1,1,TmY15,TmY15_R,,,,ol_intrinsic,R,,SIFa_to_target,male-cns:v1.0,other,R
10705,38601,1,1,AVLP145,AVLP145_R,AVLP145,,,cb_intrinsic,R,,SIFa_to_target,male-cns:v1.0,other,R
10705,38608,4,4,OCC02a,OCC02a_R,OCG07,,,visual_centrifugal,R,,SIFa_to_target,male-cns:v1.0,other,R
10705,38620,1,1,Mi1,Mi1_R,,,,ol_intrinsic,R,,SIFa_to_target,male-cns:v1.0,other,R
10705,38707,1,1,LHAV2g2_a,LHAV2g2_a_R,LHAV2g2_a,,,cb_intrinsic,R,,SIFa_to_target,male-cns:v1.0,other,R
10705,38860,1,1,LHAV4b4,LHAV4b4_R,LHAV4b4,,,cb_intrinsic,R,,SIFa_to_target,male-cns:v1.0,other,R
10705,39094,1,1,CB2642,CB2642_R,,,,cb_intrinsic,R,,SIFa_to_target,male-cns:v1.0,other,R
10705,39165,1,1,MeTu3b,MeTu3b_R,"MC61,MC64",,,visual_projection,R,,SIFa_to_target,male-cns:v1.0,other,R
10705,39224,1,1,PRW010,PRW010_L,,,,cb_intrinsic,L,,SIFa_to_target,male-cns:v1.0,other,L
10705,39338,1,1,GNG669,GNG669_L,,,,cb_intrinsic,L,,SIFa_to_target,male-cns:v1.0,other,L
10705,39343,1,1,Lawf1,Lawf1_R,,,,ol_intrinsic,R,,SIFa_to_target,male-cns:v1.0,other,R
10705,39691,1,1,Lawf1,Lawf1_R,,,,ol_intrinsic,R,,SIFa_to_target,male-cns:v1.0,other,R
10705,39695,1,1,AN09B006,AN09B006_L,,,BA,ascending_neuron,L,,SIFa_to_target,male-cns:v1.0,other,L
10705,39743,1,1,Mi1,Mi1_R,,,,ol_intrinsic,R,,SIFa_to_target,male-cns:v1.0,other,R
10705,39912,1,1,PS072,PS072_R,PS072,,,cb_intrinsic,R,,SIFa_to_target,male-cns:v1.0,other,R
10705,39927,1,1,Lawf1,Lawf1_R,,,,ol_intrinsic,R,,SIFa_to_target,male-cns:v1.0,other,R
10705,40215,1,1,PVLP037,PVLP037_R,PVLP037,,,cb_intrinsic,R,,SIFa_to_target,male-cns:v1.0,other,R
10705,40261,1,1,LHPV2a1_a,LHPV2a1_a_R,LHPV2a1_a,,,cb_intrinsic,R,,SIFa_to_target,male-cns:v1.0,other,R
10705,40410,1,1,Tm1,Tm1_R,,,,ol_intrinsic,R,,SIFa_to_target,male-cns:v1.0,other,R
10705,40420,1,1,Pm1,Pm1_R,,,,ol_intrinsic,R,,SIFa_to_target,male-cns:v1.0,other,R
10705,40466,1,1,PVLP033,PVLP033_L,PVLP033,,,cb_intrinsic,L,,SIFa_to_target,male-cns:v1.0,other,L
10705,40697,1,1,Lawf1,Lawf1_R,,,,ol_intrinsic,R,,SIFa_to_target,male-cns:v1.0,other,R
10705,40699,1,1,LHAV2k5,LHAV2k5_R,LHAV2k5,,,cb_intrinsic,R,,SIFa_to_target,male-cns:v1.0,other,R
10705,40846,1,1,GNG379,GNG379_R,,,,cb_intrinsic,R,,SIFa_to_target,male-cns:v1.0,other,R
10705,41260,2,2,PVLP036,PVLP036_L,PVLP036,,,cb_intrinsic,L,,SIFa_to_target,male-cns:v1.0,other,L
10705,41300,2,1,MeTu3b,MeTu3b_R,"MC61,MC64",,,visual_projection,R,,SIFa_to_target,male-cns:v1.0,other,R
10705,41349,1,1,TmY3,TmY3_R,,,,ol_intrinsic,R,,SIFa_to_target,male-cns:v1.0,other,R
10705,41708,1,1,CB4173,CB4173_R,,,,cb_intrinsic,R,,SIFa_to_target,male-cns:v1.0,other,R
10705,41812,1,1,CB4209,CB4209_R,,,,cb_intrinsic,R,,SIFa_to_target,male-cns:v1.0,other,R
10705,41949,1,1,PS078,PS078_L,PS078,,,cb_intrinsic,L,,SIFa_to_target,male-cns:v1.0,other,L
10705,42009,1,1,AVLP005,AVLP005_R,AVLP005,,,cb_intrinsic,R,,SIFa_to_target,male-cns:v1.0,other,R
10705,42028,3,3,PhG15,PhG15_R,,gustatory,pharyngeal sensillum,cb_sensory,,R,SIFa_to_target,male-cns:v1.0,other,R
10705,42101,2,2,M_vPNml83,M_vPNml83_L,M_vPNml83,ALPN,,cb_intrinsic,L,,SIFa_to_target,male-cns:v1.0,other,L
10705,42176,2,2,T1,T1_R,,,,ol_intrinsic,R,,SIFa_to_target,male-cns:v1.0,other,R
10705,42435,1,1,TmY15,TmY15_R,,,,ol_intrinsic,R,,SIFa_to_target,male-cns:v1.0,other,R
10705,42519,1,1,Mi1,Mi1_R,,,,ol_intrinsic,R,,SIFa_to_target,male-cns:v1.0,other,R
10705,42567,1,1,SCL002m,SCL002m_R,,,,cb_intrinsic,R,,SIFa_to_target,male-cns:v1.0,other,R
10705,42580,2,2,ANXXX092,ANXXX092_L,,,BA,ascending_neuron,L,,SIFa_to_target,male-cns:v1.0,other,L
10705,42895,1,1,Mi1,Mi1_R,,,,ol_intrinsic,R,,SIFa_to_target,male-cns:v1.0,other,R
10705,42904,1,1,CB2733,CB2733_R,,,,cb_intrinsic,R,,SIFa_to_target,male-cns:v1.0,other,R
10705,43010,1,1,Lawf1,Lawf1_R,,,,ol_intrinsic,R,,SIFa_to_target,male-cns:v1.0,other,R
10705,43031,1,1,LH001m,LH001m_R,,,,cb_intrinsic,R,,SIFa_to_target,male-cns:v1.0,other,R
10705,43065,1,1,LHPV6i1_a,LHPV6i1_a_R,LHPV6i1_a,,,cb_intrinsic,R,,SIFa_to_target,male-cns:v1.0,other,R
10705,43134,2,2,AVLP225_a,AVLP225_a_R,AVLP225_a,,,cb_intrinsic,R,,SIFa_to_target,male-cns:v1.0,other,R
10705,43184,1,1,MeTu4a,MeTu4a_R,"MC61,MC64",,,visual_projection,R,,SIFa_to_target,male-cns:v1.0,other,R
10705,43269,1,1,Tm1,Tm1_R,,,,ol_intrinsic,R,,SIFa_to_target,male-cns:v1.0,other,R
10705,43302,1,1,CB3343,CB3343_R,,,,cb_intrinsic,R,,SIFa_to_target,male-cns:v1.0,other,R
10705,43544,1,1,LHAV2k1,LHAV2k1_R,LHAV2k1,,,cb_intrinsic,R,,SIFa_to_target,male-cns:v1.0,other,R
10705,43657,1,1,CB0061,CB0061_R,,,,cb_intrinsic,R,,SIFa_to_target,male-cns:v1.0,other,R
10705,43665,1,1,CB3021,CB3021_R,,,,cb_intrinsic,R,,SIFa_to_target,male-cns:v1.0,other,R
10705,43709,1,1,Tm1,Tm1_R,,,,ol_intrinsic,R,,SIFa_to_target,male-cns:v1.0,other,R
10705,43785,1,1,CB1432,CB1432_R,LHAV4a3_a,,,cb_intrinsic,R,,SIFa_to_target,male-cns:v1.0,other,R
10705,43968,2,2,Tm1,Tm1_R,,,,ol_intrinsic,R,,SIFa_to_target,male-cns:v1.0,other,R
10705,44048,1,1,Tm1,Tm1_R,,,,ol_intrinsic,R,,SIFa_to_target,male-cns:v1.0,other,R
10705,44262,1,1,Tm2,Tm2_R,,,,ol_intrinsic,R,,SIFa_to_target,male-cns:v1.0,other,R
10705,44275,2,1,,,,,,cb_intrinsic,R,,SIFa_to_target,male-cns:v1.0,other,unknown
10705,44315,1,1,ANXXX410,ANXXX410_R,,,BA,ascending_neuron,R,,SIFa_to_target,male-cns:v1.0,other,R
10705,44393,1,1,ANXXX007,ANXXX007_L,,,BA,ascending_neuron,L,,SIFa_to_target,male-cns:v1.0,other,L
10705,44408,1,1,Tm16,Tm16_R,,,,ol_intrinsic,R,,SIFa_to_target,male-cns:v1.0,other,R
10705,44450,2,1,Tm1,Tm1_R,,,,ol_intrinsic,R,,SIFa_to_target,male-cns:v1.0,other,R
10705,44637,1,1,SIP076,SIP076_L,SIP076,,,cb_intrinsic,L,,SIFa_to_target,male-cns:v1.0,other,L
10705,44660,1,1,GNG269,GNG269_R,,,,cb_intrinsic,R,,SIFa_to_target,male-cns:v1.0,other,R
10705,44727,1,1,Lawf1,Lawf1_R,,,,ol_intrinsic,R,,SIFa_to_target,male-cns:v1.0,other,R
10705,44745,1,1,LHPV6h1_b,LHPV6h1_b_R,LHPV6h1_b,,,cb_intrinsic,R,,SIFa_to_target,male-cns:v1.0,other,R
10705,44782,1,1,TmY3,TmY3_R,,,,ol_intrinsic,R,,SIFa_to_target,male-cns:v1.0,other,R
10705,44929,1,1,Tm1,Tm1_R,,,,ol_intrinsic,R,,SIFa_to_target,male-cns:v1.0,other,R
10705,45024,1,1,FB1C,FB1C_R,FB1C,CX,,cb_intrinsic,R,,SIFa_to_target,male-cns:v1.0,other,R
10705,45166,1,1,MeTu3b,MeTu3b_R,"MC61,MC64",,,visual_projection,R,,SIFa_to_target,male-cns:v1.0,other,R
10705,45580,1,1,PRW037,PRW037_L,,,,cb_intrinsic,L,,SIFa_to_target,male-cns:v1.0,other,L
10705,45601,1,1,Mi1,Mi1_R,,,,ol_intrinsic,R,,SIFa_to_target,male-cns:v1.0,other,R
10705,45636,1,1,LHAD3a1,LHAD3a1_R,LHAD3a1,,,cb_intrinsic,R,,SIFa_to_target,male-cns:v1.0,other,R
10705,45886,1,1,,,,,,cb_intrinsic,R,,SIFa_to_target,male-cns:v1.0,other,unknown
10705,46148,1,1,PLP101,PLP101_R,PLP101,,,cb_intrinsic,R,,SIFa_to_target,male-cns:v1.0,other,R
10705,46299,1,1,LHAV2h1,LHAV2h1_R,LHAV2h1,,,cb_intrinsic,R,,SIFa_to_target,male-cns:v1.0,other,R
10705,46477,1,1,Y14,Y14_R,,,,ol_intrinsic,R,,SIFa_to_target,male-cns:v1.0,other,R
10705,46614,1,1,,,,,,cb_intrinsic,L,,SIFa_to_target,male-cns:v1.0,other,unknown
10705,46650,1,1,AVLP147,AVLP147_L,AVLP147,,,cb_intrinsic,L,,SIFa_to_target,male-cns:v1.0,other,L
10705,46888,1,1,CB2880,CB2880_R,,,,cb_intrinsic,R,,SIFa_to_target,male-cns:v1.0,other,R
10705,46893,1,1,CB1333,CB1333_R,,,,cb_intrinsic,R,,SIFa_to_target,male-cns:v1.0,other,R
10705,46958,1,1,GNG610,GNG610_R,,,,cb_intrinsic,R,,SIFa_to_target,male-cns:v1.0,other,R
10705,47138,1,1,Tm1,Tm1_R,,,,ol_intrinsic,R,,SIFa_to_target,male-cns:v1.0,other,R
10705,47492,2,2,CB4143,CB4143_R,,,,cb_intrinsic,R,,SIFa_to_target,male-cns:v1.0,other,R
10705,47537,2,2,CB3287b,CB3287b_R,,,,cb_intrinsic,R,,SIFa_to_target,male-cns:v1.0,other,R
10705,47972,1,1,Lawf1,Lawf1_R,,,,ol_intrinsic,R,,SIFa_to_target,male-cns:v1.0,other,R
10705,47999,1,1,Tm1,Tm1_R,,,,ol_intrinsic,R,,SIFa_to_target,male-cns:v1.0,other,R
10705,48026,1,1,SMP297,SMP297_L,SMP297,,,cb_intrinsic,L,,SIFa_to_target,male-cns:v1.0,other,L
10705,48110,1,1,LHPV6f5,LHPV6f5_R,LHPV6f5,,,cb_intrinsic,R,,SIFa_to_target,male-cns:v1.0,other,R
10705,48210,2,2,LHPV4c1_a,LHPV4c1_a_R,LHPV4c1_a,,,cb_intrinsic,R,,SIFa_to_target,male-cns:v1.0,other,R
10705,48231,1,1,LHPV4b4,LHPV4b4_R,LHPV4b4,,,cb_intrinsic,R,,SIFa_to_target,male-cns:v1.0,other,R
10705,48320,1,1,TmY3,TmY3_R,,,,ol_intrinsic,R,,SIFa_to_target,male-cns:v1.0,other,R
10705,48398,2,2,Mi14,Mi14_R,,,,ol_intrinsic,R,,SIFa_to_target,male-cns:v1.0,other,R
10705,48720,1,1,CB3287b,CB3287b_R,,,,cb_intrinsic,R,,SIFa_to_target,male-cns:v1.0,other,R
10705,48870,1,1,LHAV1d1,LHAV1d1_L,LHAV1d1,,,cb_intrinsic,L,,SIFa_to_target,male-cns:v1.0,other,L
10705,48906,2,2,Tm1,Tm1_R,,,,ol_intrinsic,R,,SIFa_to_target,male-cns:v1.0,other,R
10705,49092,2,2,CB1509,CB1509_R,,,,cb_intrinsic,R,,SIFa_to_target,male-cns:v1.0,other,R
10705,49218,1,1,Tm1,Tm1_R,,,,ol_intrinsic,R,,SIFa_to_target,male-cns:v1.0,other,R
10705,49238,1,1,Cm22,Cm22_R,,,,ol_intrinsic,R,,SIFa_to_target,male-cns:v1.0,other,R
10705,49316,1,1,C3,C3_R,,,,ol_intrinsic,R,,SIFa_to_target,male-cns:v1.0,other,R
10705,49591,1,1,LHPV6h2,LHPV6h2_R,LHPV6h2,,,cb_intrinsic,R,,SIFa_to_target,male-cns:v1.0,other,R
10705,49626,1,1,WED166_d,WED166_d_L,"WED166_c,WED027",,,cb_intrinsic,L,,SIFa_to_target,male-cns:v1.0,other,L
10705,49659,1,1,CB3202,CB3202_R,,ALLN,,cb_intrinsic,R,,SIFa_to_target,male-cns:v1.0,other,R
10705,49693,2,1,AVLP545,AVLP545_L,AVLP545,,,cb_intrinsic,L,,SIFa_to_target,male-cns:v1.0,other,L
10705,49720,2,2,Tm1,Tm1_R,,,,ol_intrinsic,R,,SIFa_to_target,male-cns:v1.0,other,R
10705,49856,3,2,GNG183,GNG183_R,,,,cb_intrinsic,R,,SIFa_to_target,male-cns:v1.0,other,R
10705,49945,2,2,LHPV4b5,LHPV4b5_R,LHPV4b5,,,cb_intrinsic,R,,SIFa_to_target,male-cns:v1.0,other,R
10705,50199,4,4,CB1619,CB1619_R,,,,cb_intrinsic,R,,SIFa_to_target,male-cns:v1.0,other,R
10705,50330,1,1,Y3,Y3_R,,,,ol_intrinsic,R,,SIFa_to_target,male-cns:v1.0,other,R
10705,50371,1,1,Lawf1,Lawf1_R,,,,ol_intrinsic,R,,SIFa_to_target,male-cns:v1.0,other,R
10705,50870,1,1,Mi4,Mi4_R,,,,ol_intrinsic,R,,SIFa_to_target,male-cns:v1.0,other,R
10705,51012,1,1,Tm1,Tm1_R,,,,ol_intrinsic,R,,SIFa_to_target,male-cns:v1.0,other,R
10705,51125,1,1,Tm1,Tm1_R,,,,ol_intrinsic,R,,SIFa_to_target,male-cns:v1.0,other,R
10705,51173,1,1,TmY15,TmY15_R,,,,ol_intrinsic,R,,SIFa_to_target,male-cns:v1.0,other,R
10705,51230,1,1,CB3103,CB3103_R,,,,cb_intrinsic,R,,SIFa_to_target,male-cns:v1.0,other,R
10705,51280,2,2,PVLP033,PVLP033_R,PVLP033,,,cb_intrinsic,R,,SIFa_to_target,male-cns:v1.0,other,R
10705,51306,1,1,TmY3,TmY3_R,,,,ol_intrinsic,R,,SIFa_to_target,male-cns:v1.0,other,R
10705,51522,2,2,Tm1,Tm1_R,,,,ol_intrinsic,R,,SIFa_to_target,male-cns:v1.0,other,R
10705,51554,1,1,Cm8,Cm8_R,,,,ol_intrinsic,R,,SIFa_to_target,male-cns:v1.0,other,R
10705,51747,1,1,T1,T1_R,,,,ol_intrinsic,R,,SIFa_to_target,male-cns:v1.0,other,R
10705,51750,4,4,CB1619,CB1619_R,,,,cb_intrinsic,R,,SIFa_to_target,male-cns:v1.0,other,R
10705,51818,1,1,AVLP748m,AVLP748m_L,,,,cb_intrinsic,L,,SIFa_to_target,male-cns:v1.0,other,L
10705,51870,1,1,TmY3,TmY3_R,,,,ol_intrinsic,R,,SIFa_to_target,male-cns:v1.0,other,R
10705,51956,1,1,Tm1,Tm1_R,,,,ol_intrinsic,R,,SIFa_to_target,male-cns:v1.0,other,R
10705,52161,1,1,SMP221,SMP221_R,SMP221,,,cb_intrinsic,R,,SIFa_to_target,male-cns:v1.0,other,R
10705,52373,1,1,Tm1,Tm1_R,,,,ol_intrinsic,R,,SIFa_to_target,male-cns:v1.0,other,R
10705,52389,1,1,Tm1,Tm1_R,,,,ol_intrinsic,R,,SIFa_to_target,male-cns:v1.0,other,R
10705,52462,3,2,Tm1,Tm1_R,,,,ol_intrinsic,R,,SIFa_to_target,male-cns:v1.0,other,R
10705,52616,1,1,VL2a_vPN,VL2a_vPN_R,VL2a_vPN,ALPN,,cb_intrinsic,R,,SIFa_to_target,male-cns:v1.0,other,R
10705,52660,1,1,TmY10,TmY10_R,,,,ol_intrinsic,R,,SIFa_to_target,male-cns:v1.0,other,R
10705,52693,1,1,CB1500,CB1500_R,,,,cb_intrinsic,R,,SIFa_to_target,male-cns:v1.0,other,R
10705,52700,1,1,LPi2e,LPi2e_R,,,,ol_intrinsic,R,,SIFa_to_target,male-cns:v1.0,other,R
10705,52711,1,1,Tm2,Tm2_R,,,,ol_intrinsic,R,,SIFa_to_target,male-cns:v1.0,other,R
10705,52724,1,1,LHPV2a5,LHPV2a5_R,LHPV2a5,,,cb_intrinsic,R,,SIFa_to_target,male-cns:v1.0,other,R
10705,52780,1,1,LHPV4a8,LHPV4a8_R,LHPV4a8,,,cb_intrinsic,R,,SIFa_to_target,male-cns:v1.0,other,R
10705,52812,1,1,Dm10,Dm10_R,,,,ol_intrinsic,R,,SIFa_to_target,male-cns:v1.0,other,R
10705,52826,1,1,Tm2,Tm2_R,,,,ol_intrinsic,R,,SIFa_to_target,male-cns:v1.0,other,R
10705,52847,1,1,CB0956,CB0956_R,,,,cb_intrinsic,R,,SIFa_to_target,male-cns:v1.0,other,R
10705,52886,1,1,AVLP260,AVLP260_L,AVLP260,,,cb_intrinsic,L,,SIFa_to_target,male-cns:v1.0,other,L
10705,52888,1,1,Tm1,Tm1_R,,,,ol_intrinsic,R,,SIFa_to_target,male-cns:v1.0,other,R
10705,52917,1,1,Tm1,Tm1_R,,,,ol_intrinsic,R,,SIFa_to_target,male-cns:v1.0,other,R
10705,52951,1,1,SLP337,SLP337_R,SLP337,,,cb_intrinsic,R,,SIFa_to_target,male-cns:v1.0,other,R
10705,53056,5,5,AN08B059,AN08B059_L,,,BA,ascending_neuron,L,,SIFa_to_target,male-cns:v1.0,other,L
10705,53137,1,1,Dm10,Dm10_R,,,,ol_intrinsic,R,,SIFa_to_target,male-cns:v1.0,other,R
10705,53297,1,1,Tm3,Tm3_R,,,,ol_intrinsic,R,,SIFa_to_target,male-cns:v1.0,other,R
10705,53337,1,1,Tm2,Tm2_R,,,,ol_intrinsic,R,,SIFa_to_target,male-cns:v1.0,other,R
10705,53374,2,1,CB1413,CB1413_R,,,,cb_intrinsic,R,,SIFa_to_target,male-cns:v1.0,other,R
10705,53639,1,1,WED033,WED033_R,WED033,,,cb_intrinsic,R,,SIFa_to_target,male-cns:v1.0,other,R
10705,53885,1,1,CB2678,CB2678_R,,,,cb_intrinsic,R,,SIFa_to_target,male-cns:v1.0,other,R
10705,54237,1,1,TmY3,TmY3_R,,,,ol_intrinsic,R,,SIFa_to_target,male-cns:v1.0,other,R
10705,54263,1,1,Dm10,Dm10_R,,,,ol_intrinsic,R,,SIFa_to_target,male-cns:v1.0,other,R
10705,54621,1,1,LHPV4c4,LHPV4c4_R,LHPV4c4,,,cb_intrinsic,R,,SIFa_to_target,male-cns:v1.0,other,R
10705,54860,1,1,,,,,,cb_intrinsic,R,,SIFa_to_target,male-cns:v1.0,other,unknown
10705,55040,2,2,T1,T1_R,,,,ol_intrinsic,R,,SIFa_to_target,male-cns:v1.0,other,R
10705,55304,1,1,,,,,,cb_intrinsic,R,,SIFa_to_target,male-cns:v1.0,other,unknown
10705,55374,1,1,CB4114,CB4114_R,,,,cb_intrinsic,R,,SIFa_to_target,male-cns:v1.0,other,R
10705,55627,1,1,LPLC2,LPLC2_R,LPLC2,,,visual_projection,R,,SIFa_to_target,male-cns:v1.0,other,R
10705,55674,2,1,TmY3,TmY3_R,,,,ol_intrinsic,R,,SIFa_to_target,male-cns:v1.0,other,R
10705,55684,1,1,Dm10,Dm10_R,,,,ol_intrinsic,R,,SIFa_to_target,male-cns:v1.0,other,R
10705,55705,1,1,CB2633,CB2633_R,,,,cb_intrinsic,R,,SIFa_to_target,male-cns:v1.0,other,R
10705,55793,1,1,WED037,WED037_R,WED037,,,cb_intrinsic,R,,SIFa_to_target,male-cns:v1.0,other,R
10705,55795,1,1,AN10B025,AN10B025_L,,,BI,ascending_neuron,L,,SIFa_to_target,male-cns:v1.0,other,L
10705,55883,1,1,PhG9,PhG9_L,,gustatory,pharyngeal sensillum,cb_sensory,,L,SIFa_to_target,male-cns:v1.0,other,L
10705,56007,1,1,TmY3,TmY3_R,,,,ol_intrinsic,R,,SIFa_to_target,male-cns:v1.0,other,R
10705,56072,1,1,CB1432,CB1432_R,LHAV4a3_a,,,cb_intrinsic,R,,SIFa_to_target,male-cns:v1.0,other,R
10705,56337,1,1,Tm1,Tm1_R,,,,ol_intrinsic,R,,SIFa_to_target,male-cns:v1.0,other,R
10705,56582,1,1,T1,T1_R,,,,ol_intrinsic,R,,SIFa_to_target,male-cns:v1.0,other,R
10705,56897,1,1,Tm1,Tm1_R,,,,ol_intrinsic,R,,SIFa_to_target,male-cns:v1.0,other,R
10705,56912,1,1,TmY3,TmY3_R,,,,ol_intrinsic,R,,SIFa_to_target,male-cns:v1.0,other,R
10705,56919,1,1,MeVP2,MeVP2_R,,,,visual_projection,R,,SIFa_to_target,male-cns:v1.0,other,R
10705,56951,1,1,Tm37,Tm37_R,,,,ol_intrinsic,R,,SIFa_to_target,male-cns:v1.0,other,R
10705,56981,1,1,Dm10,Dm10_R,,,,ol_intrinsic,R,,SIFa_to_target,male-cns:v1.0,other,R
10705,57013,1,1,,,,,,cb_intrinsic,R,,SIFa_to_target,male-cns:v1.0,other,unknown
10705,57220,1,1,L5,L5_R,,,,ol_intrinsic,R,,SIFa_to_target,male-cns:v1.0,other,R
10705,57242,1,1,Y3,Y3_R,,,,ol_intrinsic,R,,SIFa_to_target,male-cns:v1.0,other,R
10705,57522,1,1,WED033,WED033_R,WED033,,,cb_intrinsic,R,,SIFa_to_target,male-cns:v1.0,other,R
10705,57527,1,1,CB2194,CB2194_R,,,,cb_intrinsic,R,,SIFa_to_target,male-cns:v1.0,other,R
10705,57609,1,1,Tm2,Tm2_R,,,,ol_intrinsic,R,,SIFa_to_target,male-cns:v1.0,other,R
10705,57763,1,1,Tm5c,Tm5c_R,,,,ol_intrinsic,R,,SIFa_to_target,male-cns:v1.0,other,R
10705,57936,1,1,LHAV4e7_b,LHAV4e7_b_R,LHAV4e7_b,,,cb_intrinsic,R,,SIFa_to_target,male-cns:v1.0,other,R
10705,57950,1,1,Tm3,Tm3_R,,,,ol_intrinsic,R,,SIFa_to_target,male-cns:v1.0,other,R
10705,58001,1,1,CB2079,CB2079_R,,,,cb_intrinsic,R,,SIFa_to_target,male-cns:v1.0,other,R
10705,58394,2,2,AN09A005,AN09A005_R,,,BA,ascending_neuron,R,,SIFa_to_target,male-cns:v1.0,other,R
10705,58433,1,1,LHPV4b2,LHPV4b2_R,LHPV4b2,,,cb_intrinsic,R,,SIFa_to_target,male-cns:v1.0,other,R
10705,58448,1,1,C3,C3_R,,,,ol_intrinsic,R,,SIFa_to_target,male-cns:v1.0,other,R
10705,58603,1,1,LHPV4d4,LHPV4d4_R,LHPV4d4,,,cb_intrinsic,R,,SIFa_to_target,male-cns:v1.0,other,R
10705,58779,1,1,CB4114,CB4114_R,,,,cb_intrinsic,R,,SIFa_to_target,male-cns:v1.0,other,R
10705,58967,1,1,TmY3,TmY3_R,,,,ol_intrinsic,R,,SIFa_to_target,male-cns:v1.0,other,R
10705,59086,1,1,CB2111,CB2111_R,,,,cb_intrinsic,R,,SIFa_to_target,male-cns:v1.0,other,R
10705,59228,1,1,Dm10,Dm10_R,,,,ol_intrinsic,R,,SIFa_to_target,male-cns:v1.0,other,R
10705,59274,1,1,Tm2,Tm2_R,,,,ol_intrinsic,R,,SIFa_to_target,male-cns:v1.0,other,R
10705,59441,1,1,Tm1,Tm1_R,,,,ol_intrinsic,R,,SIFa_to_target,male-cns:v1.0,other,R
10705,59474,1,1,Y3,Y3_R,,,,ol_intrinsic,R,,SIFa_to_target,male-cns:v1.0,other,R
10705,59502,1,1,LHPV2a4,LHPV2a4_R,LHPV2a4,,,cb_intrinsic,R,,SIFa_to_target,male-cns:v1.0,other,R
10705,59564,1,1,Y3,Y3_R,,,,ol_intrinsic,R,,SIFa_to_target,male-cns:v1.0,other,R
10705,59919,1,1,LHPV4b2,LHPV4b2_R,LHPV4b2,,,cb_intrinsic,R,,SIFa_to_target,male-cns:v1.0,other,R
10705,60036,1,1,PVLP036,PVLP036_R,PVLP036,,,cb_intrinsic,R,,SIFa_to_target,male-cns:v1.0,other,R
10705,60286,1,1,Tm2,Tm2_R,,,,ol_intrinsic,R,,SIFa_to_target,male-cns:v1.0,other,R
10705,60292,1,1,LHPV4b3,LHPV4b3_R,LHPV4b3,,,cb_intrinsic,R,,SIFa_to_target,male-cns:v1.0,other,R
10705,60331,1,1,Cm3,Cm3_R,,,,ol_intrinsic,R,,SIFa_to_target,male-cns:v1.0,other,R
10705,60447,1,1,Tm1,Tm1_R,,,,ol_intrinsic,R,,SIFa_to_target,male-cns:v1.0,other,R
10705,60486,1,1,Tm1,Tm1_R,,,,ol_intrinsic,R,,SIFa_to_target,male-cns:v1.0,other,R
10705,60759,1,1,PLP165,PLP165_L,PLP165,,,cb_intrinsic,L,,SIFa_to_target,male-cns:v1.0,other,L
10705,61078,1,1,Tm1,Tm1_R,,,,ol_intrinsic,R,,SIFa_to_target,male-cns:v1.0,other,R
10705,61274,1,1,Tm1,Tm1_R,,,,ol_intrinsic,R,,SIFa_to_target,male-cns:v1.0,other,R
10705,61320,1,1,WED103,WED103_R,WED103,,,cb_intrinsic,R,,SIFa_to_target,male-cns:v1.0,other,R
10705,61521,1,1,Dm10,Dm10_R,,,,ol_intrinsic,R,,SIFa_to_target,male-cns:v1.0,other,R
10705,61560,1,1,CB4169,CB4169_L,,,,cb_intrinsic,L,,SIFa_to_target,male-cns:v1.0,other,L
10705,61732,1,1,CB2625,CB2625_R,,,,cb_intrinsic,R,,SIFa_to_target,male-cns:v1.0,other,R
10705,61908,4,2,LHAV3g1,LHAV3g1_R,LHAV3g1,,,cb_intrinsic,R,,SIFa_to_target,male-cns:v1.0,other,R
10705,62008,3,3,Cm8,Cm8_R,,,,ol_intrinsic,R,,SIFa_to_target,male-cns:v1.0,other,R
10705,62045,1,1,Dm10,Dm10_R,,,,ol_intrinsic,R,,SIFa_to_target,male-cns:v1.0,other,R
10705,62080,1,1,T2,T2_R,,,,ol_intrinsic,R,,SIFa_to_target,male-cns:v1.0,other,R
10705,62318,3,3,Mi14,Mi14_R,,,,ol_intrinsic,R,,SIFa_to_target,male-cns:v1.0,other,R
10705,62348,1,1,Tm1,Tm1_R,,,,ol_intrinsic,R,,SIFa_to_target,male-cns:v1.0,other,R
10705,62497,1,1,T2,T2_R,,,,ol_intrinsic,R,,SIFa_to_target,male-cns:v1.0,other,R
10705,62737,1,1,SMP206,SMP206_R,SMP206,,,cb_intrinsic,R,,SIFa_to_target,male-cns:v1.0,other,R
10705,62771,1,1,LHPV4g1,LHPV4g1_R,LHPV4g1,,,cb_intrinsic,R,,SIFa_to_target,male-cns:v1.0,other,R
10705,62907,1,1,Mi4,Mi4_R,,,,ol_intrinsic,R,,SIFa_to_target,male-cns:v1.0,other,R
10705,63276,1,1,Mi14,Mi14_R,,,,ol_intrinsic,R,,SIFa_to_target,male-cns:v1.0,other,R
10705,63655,2,2,WED102,WED102_R,WED102,,,cb_intrinsic,R,,SIFa_to_target,male-cns:v1.0,other,R
10705,63737,1,1,Mi14,Mi14_R,,,,ol_intrinsic,R,,SIFa_to_target,male-cns:v1.0,other,R
10705,63824,1,1,Tm3,Tm3_R,,,,ol_intrinsic,R,,SIFa_to_target,male-cns:v1.0,other,R
10705,63840,1,1,LHPD4a1,LHPD4a1_R,LHPD4a1,,,cb_intrinsic,R,,SIFa_to_target,male-cns:v1.0,other,R
10705,64132,1,1,Dm10,Dm10_R,,,,ol_intrinsic,R,,SIFa_to_target,male-cns:v1.0,other,R
10705,64411,1,1,Mi14,Mi14_R,,,,ol_intrinsic,R,,SIFa_to_target,male-cns:v1.0,other,R
10705,64539,1,1,Tm3,Tm3_R,,,,ol_intrinsic,R,,SIFa_to_target,male-cns:v1.0,other,R
10705,64582,2,2,Tm2,Tm2_R,,,,ol_intrinsic,R,,SIFa_to_target,male-cns:v1.0,other,R
10705,64597,1,1,Mi14,Mi14_R,,,,ol_intrinsic,R,,SIFa_to_target,male-cns:v1.0,other,R
10705,64710,1,1,"SNxx27,SNxx29","SNxx27,SNxx29_R",,unknown_sensory,leg,sensory_ascending,,R,SIFa_to_target,male-cns:v1.0,other,R
10705,64817,1,1,Tm5c,Tm5c_R,,,,ol_intrinsic,R,,SIFa_to_target,male-cns:v1.0,other,R
10705,64976,1,1,Tm2,Tm2_R,,,,ol_intrinsic,R,,SIFa_to_target,male-cns:v1.0,other,R
10705,65132,2,2,PS072,PS072_R,PS072,,,cb_intrinsic,R,,SIFa_to_target,male-cns:v1.0,other,R
10705,65176,1,1,C3,C3_R,,,,ol_intrinsic,R,,SIFa_to_target,male-cns:v1.0,other,R
10705,65314,1,1,GNG398,GNG398_R,,,,cb_intrinsic,R,,SIFa_to_target,male-cns:v1.0,other,R
10705,65346,1,1,Tm2,Tm2_R,,,,ol_intrinsic,R,,SIFa_to_target,male-cns:v1.0,other,R
10705,65381,1,1,LHPV4h1,LHPV4h1_R,LHPV4h1,,,cb_intrinsic,R,,SIFa_to_target,male-cns:v1.0,other,R
10705,65539,1,1,CB2770,CB2770_R,,,,cb_intrinsic,R,,SIFa_to_target,male-cns:v1.0,other,R
10705,65636,1,1,T2,T2_R,,,,ol_intrinsic,R,,SIFa_to_target,male-cns:v1.0,other,R
10705,65702,1,1,Tm1,Tm1_R,,,,ol_intrinsic,R,,SIFa_to_target,male-cns:v1.0,other,R
10705,66000,1,1,Tm37,Tm37_R,,,,ol_intrinsic,R,,SIFa_to_target,male-cns:v1.0,other,R
10705,66085,1,1,MeVP6,MeVP6_R,MC66,,,visual_projection,R,,SIFa_to_target,male-cns:v1.0,other,R
10705,66311,1,1,Tm2,Tm2_R,,,,ol_intrinsic,R,,SIFa_to_target,male-cns:v1.0,other,R
10705,66598,1,1,Mi9,Mi9_R,,,,ol_intrinsic,R,,SIFa_to_target,male-cns:v1.0,other,R
10705,66714,1,1,Cm9,Cm9_R,,,,ol_intrinsic,R,,SIFa_to_target,male-cns:v1.0,other,R
10705,67052,1,1,lLN2T_b,lLN2T_b(Tortuous)_R,lLN2T_b,ALLN,,cb_intrinsic,R,,SIFa_to_target,male-cns:v1.0,other,R
10705,67288,1,1,Tm2,Tm2_R,,,,ol_intrinsic,R,,SIFa_to_target,male-cns:v1.0,other,R
10705,67301,1,1,LC10_unclear,LC10_unclear_R,,,,visual_projection,R,,SIFa_to_target,male-cns:v1.0,other,R
10705,67303,1,1,FB8B,FB8B_R,FB8B,CX,,cb_intrinsic,R,,SIFa_to_target,male-cns:v1.0,other,R
10705,67645,1,1,Dm10,Dm10_R,,,,ol_intrinsic,R,,SIFa_to_target,male-cns:v1.0,other,R
10705,67778,2,2,Tm1,Tm1_R,,,,ol_intrinsic,R,,SIFa_to_target,male-cns:v1.0,other,R
10705,67875,1,1,TmY3,TmY3_R,,,,ol_intrinsic,R,,SIFa_to_target,male-cns:v1.0,other,R
10705,67937,1,1,Dm10,Dm10_R,,,,ol_intrinsic,R,,SIFa_to_target,male-cns:v1.0,other,R
10705,68188,2,1,Tm37,Tm37_R,,,,ol_intrinsic,R,,SIFa_to_target,male-cns:v1.0,other,R
10705,68344,1,1,Cm5,Cm5_R,,,,ol_intrinsic,R,,SIFa_to_target,male-cns:v1.0,other,R
10705,68429,1,1,Dm10,Dm10_R,,,,ol_intrinsic,R,,SIFa_to_target,male-cns:v1.0,other,R
10705,68605,1,1,T2,T2_R,,,,ol_intrinsic,R,,SIFa_to_target,male-cns:v1.0,other,R
10705,68650,1,1,Dm10,Dm10_R,,,,ol_intrinsic,R,,SIFa_to_target,male-cns:v1.0,other,R
10705,68686,1,1,LHAV4g6_a,LHAV4g6_a_R,LHAV4g6_a,,,cb_intrinsic,R,,SIFa_to_target,male-cns:v1.0,other,R
10705,68808,1,1,Dm10,Dm10_R,,,,ol_intrinsic,R,,SIFa_to_target,male-cns:v1.0,other,R
10705,69084,1,1,Dm10,Dm10_R,,,,ol_intrinsic,R,,SIFa_to_target,male-cns:v1.0,other,R
10705,69158,1,1,Tm2,Tm2_R,,,,ol_intrinsic,R,,SIFa_to_target,male-cns:v1.0,other,R
10705,69377,1,1,SIP078,SIP078_R,SIP078,,,cb_intrinsic,R,,SIFa_to_target,male-cns:v1.0,other,R
10705,69436,3,3,Dm10,Dm10_R,,,,ol_intrinsic,R,,SIFa_to_target,male-cns:v1.0,other,R
10705,69582,1,1,Tm3,Tm3_R,,,,ol_intrinsic,R,,SIFa_to_target,male-cns:v1.0,other,R
10705,69719,1,1,Tm3,Tm3_R,,,,ol_intrinsic,R,,SIFa_to_target,male-cns:v1.0,other,R
10705,69808,1,1,GNG420_a,GNG420_a_R,,,,cb_intrinsic,R,,SIFa_to_target,male-cns:v1.0,other,R
10705,69949,2,2,Dm10,Dm10_R,,,,ol_intrinsic,R,,SIFa_to_target,male-cns:v1.0,other,R
10705,70129,1,1,Tm5c,Tm5c_R,,,,ol_intrinsic,R,,SIFa_to_target,male-cns:v1.0,other,R
10705,70426,1,1,Tm3,Tm3_R,,,,ol_intrinsic,R,,SIFa_to_target,male-cns:v1.0,other,R
10705,70447,1,1,Mi14,Mi14_R,,,,ol_intrinsic,R,,SIFa_to_target,male-cns:v1.0,other,R
10705,70651,1,1,AN09A005,AN09A005_L,,,BA,ascending_neuron,L,,SIFa_to_target,male-cns:v1.0,other,L
10705,70722,1,1,CB1287_b,CB1287_b_R,,,,cb_intrinsic,R,,SIFa_to_target,male-cns:v1.0,other,R
10705,70834,1,1,Dm10,Dm10_R,,,,ol_intrinsic,R,,SIFa_to_target,male-cns:v1.0,other,R
10705,70931,1,1,Dm10,Dm10_R,,,,ol_intrinsic,R,,SIFa_to_target,male-cns:v1.0,other,R
10705,71019,1,1,T2,T2_R,,,,ol_intrinsic,R,,SIFa_to_target,male-cns:v1.0,other,R
10705,71266,1,1,T2,T2_R,,,,ol_intrinsic,R,,SIFa_to_target,male-cns:v1.0,other,R
10705,71495,1,1,T2,T2_R,,,,ol_intrinsic,R,,SIFa_to_target,male-cns:v1.0,other,R
10705,71830,1,1,LHAV7a4,LHAV7a4_R,LHAV7a4,,,cb_intrinsic,R,,SIFa_to_target,male-cns:v1.0,other,R
10705,71929,1,1,T2,T2_R,,,,ol_intrinsic,R,,SIFa_to_target,male-cns:v1.0,other,R
10705,72005,1,1,Tm3,Tm3_R,,,,ol_intrinsic,R,,SIFa_to_target,male-cns:v1.0,other,R
10705,72959,3,3,AN08B099_b,AN08B099_b_L,,,,ascending_neuron,L,,SIFa_to_target,male-cns:v1.0,other,L
10705,73254,3,3,WED102,WED102_R,WED102,,,cb_intrinsic,R,,SIFa_to_target,male-cns:v1.0,other,R
10705,73295,1,1,Tm37,Tm37_R,,,,ol_intrinsic,R,,SIFa_to_target,male-cns:v1.0,other,R
10705,73415,1,1,SMP218,SMP218_L,SMP218,,,cb_intrinsic,L,,SIFa_to_target,male-cns:v1.0,other,L
10705,73445,1,1,Mi10,Mi10_R,,,,ol_intrinsic,R,,SIFa_to_target,male-cns:v1.0,other,R
10705,73586,1,1,Tm3,Tm3_R,,,,ol_intrinsic,R,,SIFa_to_target,male-cns:v1.0,other,R
10705,73981,2,2,Lawf1,Lawf1_R,,,,ol_intrinsic,R,,SIFa_to_target,male-cns:v1.0,other,R
10705,74442,1,1,Tm3,Tm3_R,,,,ol_intrinsic,R,,SIFa_to_target,male-cns:v1.0,other,R
10705,74720,2,2,Dm15,Dm15_R,,,,ol_intrinsic,R,,SIFa_to_target,male-cns:v1.0,other,R
10705,74864,3,3,Dm15,Dm15_R,,,,ol_intrinsic,R,,SIFa_to_target,male-cns:v1.0,other,R
10705,74948,1,1,Tm1,Tm1_R,,,,ol_intrinsic,R,,SIFa_to_target,male-cns:v1.0,other,R
10705,75140,1,1,AN17A015,AN17A015_R,,,IA,ascending_neuron,R,,SIFa_to_target,male-cns:v1.0,other,R
10705,75686,1,1,T2a,T2a_R,,,,ol_intrinsic,R,,SIFa_to_target,male-cns:v1.0,other,R
10705,75730,1,1,PhG9,PhG9_R,,gustatory,pharyngeal sensillum,cb_sensory,,R,SIFa_to_target,male-cns:v1.0,other,R
10705,75789,1,1,FB2C,FB2C_R,FB2C,CX,,cb_intrinsic,R,,SIFa_to_target,male-cns:v1.0,other,R
10705,76042,1,1,TmY3,TmY3_R,,,,ol_intrinsic,R,,SIFa_to_target,male-cns:v1.0,other,R
10705,76336,2,2,Dm15,Dm15_R,,,,ol_intrinsic,R,,SIFa_to_target,male-cns:v1.0,other,R
10705,76386,1,1,T2,T2_R,,,,ol_intrinsic,R,,SIFa_to_target,male-cns:v1.0,other,R
10705,76474,1,1,Tm1,Tm1_R,,,,ol_intrinsic,R,,SIFa_to_target,male-cns:v1.0,other,R
10705,76575,1,1,Tm4,Tm4_R,,,,ol_intrinsic,R,,SIFa_to_target,male-cns:v1.0,other,R
10705,76588,2,2,Dm10,Dm10_R,,,,ol_intrinsic,R,,SIFa_to_target,male-cns:v1.0,other,R
10705,76823,1,1,Tm4,Tm4_R,,,,ol_intrinsic,R,,SIFa_to_target,male-cns:v1.0,other,R
10705,77085,2,2,Dm10,Dm10_R,,,,ol_intrinsic,R,,SIFa_to_target,male-cns:v1.0,other,R
10705,77238,1,1,Tm4,Tm4_R,,,,ol_intrinsic,R,,SIFa_to_target,male-cns:v1.0,other,R
10705,77423,3,3,Dm10,Dm10_R,,,,ol_intrinsic,R,,SIFa_to_target,male-cns:v1.0,other,R
10705,77525,1,1,Cm3,Cm3_R,,,,ol_intrinsic,R,,SIFa_to_target,male-cns:v1.0,other,R
10705,77607,1,1,Tm4,Tm4_R,,,,ol_intrinsic,R,,SIFa_to_target,male-cns:v1.0,other,R
10705,77666,1,1,TmY5a,TmY5a_R,,,,ol_intrinsic,R,,SIFa_to_target,male-cns:v1.0,other,R
10705,77676,1,1,T2a,T2a_R,,,,ol_intrinsic,R,,SIFa_to_target,male-cns:v1.0,other,R
10705,77815,1,1,T2,T2_R,,,,ol_intrinsic,R,,SIFa_to_target,male-cns:v1.0,other,R
10705,78422,1,1,Tm3,Tm3_R,,,,ol_intrinsic,R,,SIFa_to_target,male-cns:v1.0,other,R
10705,78442,1,1,T1,T1_R,,,,ol_intrinsic,R,,SIFa_to_target,male-cns:v1.0,other,R
10705,78460,1,1,M_vPNml87,M_vPNml87_L,M_vPNml87,ALPN,,cb_intrinsic,L,,SIFa_to_target,male-cns:v1.0,other,L
10705,79094,1,1,WED118,WED118_L,WED118,,,cb_intrinsic,L,,SIFa_to_target,male-cns:v1.0,other,L
10705,79289,1,1,AN05B071,AN05B071_L,,,BA,ascending_neuron,L,,SIFa_to_target,male-cns:v1.0,other,L
10705,79342,2,2,T2,T2_R,,,,ol_intrinsic,R,,SIFa_to_target,male-cns:v1.0,other,R
10705,79492,1,1,Tm2,Tm2_R,,,,ol_intrinsic,R,,SIFa_to_target,male-cns:v1.0,other,R
10705,79897,1,1,ANXXX202,ANXXX202_R,,,BA,ascending_neuron,R,,SIFa_to_target,male-cns:v1.0,other,R
10705,80183,1,1,Dm10,Dm10_R,,,,ol_intrinsic,R,,SIFa_to_target,male-cns:v1.0,other,R
10705,80429,1,1,T2a,T2a_R,,,,ol_intrinsic,R,,SIFa_to_target,male-cns:v1.0,other,R
10705,80741,1,1,Tm5c,Tm5c_R,,,,ol_intrinsic,R,,SIFa_to_target,male-cns:v1.0,other,R
10705,80831,1,1,T2,T2_R,,,,ol_intrinsic,R,,SIFa_to_target,male-cns:v1.0,other,R
10705,80894,1,1,Dm10,Dm10_R,,,,ol_intrinsic,R,,SIFa_to_target,male-cns:v1.0,other,R
10705,81016,1,1,Dm10,Dm10_R,,,,ol_intrinsic,R,,SIFa_to_target,male-cns:v1.0,other,R
10705,81244,1,1,Tm1,Tm1_R,,,,ol_intrinsic,R,,SIFa_to_target,male-cns:v1.0,other,R
10705,81287,1,1,Tm3,Tm3_R,,,,ol_intrinsic,R,,SIFa_to_target,male-cns:v1.0,other,R
10705,81494,1,1,T2,T2_R,,,,ol_intrinsic,R,,SIFa_to_target,male-cns:v1.0,other,R
10705,81615,1,1,Dm10,Dm10_R,,,,ol_intrinsic,R,,SIFa_to_target,male-cns:v1.0,other,R
10705,81729,1,1,Dm10,Dm10_R,,,,ol_intrinsic,R,,SIFa_to_target,male-cns:v1.0,other,R
10705,82022,1,1,T5a,T5a_R,,,,ol_intrinsic,R,,SIFa_to_target,male-cns:v1.0,other,R
10705,82131,1,1,AN10B045,AN10B045_L,,,BA,ascending_neuron,L,,SIFa_to_target,male-cns:v1.0,other,L
10705,82698,1,1,Tm3,Tm3_R,,,,ol_intrinsic,R,,SIFa_to_target,male-cns:v1.0,other,R
10705,82720,1,1,WED117,WED117_L,WED117,,,cb_intrinsic,L,,SIFa_to_target,male-cns:v1.0,other,L
10705,82769,1,1,Tm37,Tm37_R,,,,ol_intrinsic,R,,SIFa_to_target,male-cns:v1.0,other,R
10705,82969,1,1,Dm8b,Dm8b_R,,,,ol_intrinsic,R,,SIFa_to_target,male-cns:v1.0,other,R
10705,83109,1,1,Tm5c,Tm5c_R,,,,ol_intrinsic,R,,SIFa_to_target,male-cns:v1.0,other,R
10705,83167,1,1,T5b,T5b_R,,,,ol_intrinsic,R,,SIFa_to_target,male-cns:v1.0,other,R
10705,83432,1,1,Tm3,Tm3_R,,,,ol_intrinsic,R,,SIFa_to_target,male-cns:v1.0,other,R
10705,83529,1,1,T2,T2_R,,,,ol_intrinsic,R,,SIFa_to_target,male-cns:v1.0,other,R
10705,83615,1,1,T2,T2_R,,,,ol_intrinsic,R,,SIFa_to_target,male-cns:v1.0,other,R
10705,83621,1,1,AN06A030,AN06A030_R,,,BA,ascending_neuron,R,,SIFa_to_target,male-cns:v1.0,other,R
10705,83968,1,1,CB2228,CB2228_R,,,,cb_intrinsic,R,,SIFa_to_target,male-cns:v1.0,other,R
10705,84116,1,1,Tm3,Tm3_R,,,,ol_intrinsic,R,,SIFa_to_target,male-cns:v1.0,other,R
10705,84173,1,1,Dm15,Dm15_R,,,,ol_intrinsic,R,,SIFa_to_target,male-cns:v1.0,other,R
10705,84290,1,1,,21093_L,,,,cb_intrinsic,L,,SIFa_to_target,male-cns:v1.0,other,L
10705,84357,1,1,L5,L5_R,,,,ol_intrinsic,R,,SIFa_to_target,male-cns:v1.0,other,R
10705,84451,3,3,Tm3,Tm3_R,,,,ol_intrinsic,R,,SIFa_to_target,male-cns:v1.0,other,R
10705,84652,1,1,Tm38,Tm38_R,,,,ol_intrinsic,R,,SIFa_to_target,male-cns:v1.0,other,R
10705,84966,1,1,Tm3,Tm3_R,,,,ol_intrinsic,R,,SIFa_to_target,male-cns:v1.0,other,R
10705,85052,1,1,Dm10,Dm10_R,,,,ol_intrinsic,R,,SIFa_to_target,male-cns:v1.0,other,R
10705,85267,1,1,Tm5Y,Tm5Y_R,,,,ol_intrinsic,R,,SIFa_to_target,male-cns:v1.0,other,R
10705,85717,1,1,T2a,T2a_R,,,,ol_intrinsic,R,,SIFa_to_target,male-cns:v1.0,other,R
10705,85758,1,1,AN10B045,AN10B045_L,,,BA,ascending_neuron,L,,SIFa_to_target,male-cns:v1.0,other,L
10705,85907,1,1,Tm3,Tm3_R,,,,ol_intrinsic,R,,SIFa_to_target,male-cns:v1.0,other,R
10705,85999,1,1,Tm3,Tm3_R,,,,ol_intrinsic,R,,SIFa_to_target,male-cns:v1.0,other,R
10705,86664,1,1,Tm3,Tm3_R,,,,ol_intrinsic,R,,SIFa_to_target,male-cns:v1.0,other,R
10705,86746,1,1,T2,T2_R,,,,ol_intrinsic,R,,SIFa_to_target,male-cns:v1.0,other,R
10705,86954,1,1,T2,T2_R,,,,ol_intrinsic,R,,SIFa_to_target,male-cns:v1.0,other,R
10705,87417,1,1,T5a,T5a_R,,,,ol_intrinsic,R,,SIFa_to_target,male-cns:v1.0,other,R
10705,87584,1,1,LHAV4d4,LHAV4d4_R,LHAV4d4,,,cb_intrinsic,R,,SIFa_to_target,male-cns:v1.0,other,R
10705,87608,1,1,Dm10,Dm10_R,,,,ol_intrinsic,R,,SIFa_to_target,male-cns:v1.0,other,R
10705,87617,1,1,Mi1,Mi1_R,,,,ol_intrinsic,R,,SIFa_to_target,male-cns:v1.0,other,R
10705,87648,1,1,Cm9,Cm9_R,,,,ol_intrinsic,R,,SIFa_to_target,male-cns:v1.0,other,R
10705,87668,1,1,T2,T2_R,,,,ol_intrinsic,R,,SIFa_to_target,male-cns:v1.0,other,R
10705,87703,1,1,Dm10,Dm10_R,,,,ol_intrinsic,R,,SIFa_to_target,male-cns:v1.0,other,R
10705,88198,1,1,Tm3,Tm3_R,,,,ol_intrinsic,R,,SIFa_to_target,male-cns:v1.0,other,R
10705,88600,1,1,WED103,WED103_R,WED103,,,cb_intrinsic,R,,SIFa_to_target,male-cns:v1.0,other,R
10705,88678,2,2,WED103,WED103_R,WED103,,,cb_intrinsic,R,,SIFa_to_target,male-cns:v1.0,other,R
10705,88746,1,1,Tm3,Tm3_R,,,,ol_intrinsic,R,,SIFa_to_target,male-cns:v1.0,other,R
10705,89604,1,1,Tm3,Tm3_R,,,,ol_intrinsic,R,,SIFa_to_target,male-cns:v1.0,other,R
10705,89638,1,1,GNG232,GNG232_L,,,,cb_intrinsic,L,,SIFa_to_target,male-cns:v1.0,other,L
10705,89728,1,1,Tm3,Tm3_R,,,,ol_intrinsic,R,,SIFa_to_target,male-cns:v1.0,other,R
10705,90268,1,1,T5d,T5d_R,,,,ol_intrinsic,R,,SIFa_to_target,male-cns:v1.0,other,R
10705,90274,1,1,Tm3,Tm3_R,,,,ol_intrinsic,R,,SIFa_to_target,male-cns:v1.0,other,R
10705,90553,1,1,L5,L5_R,,,,ol_intrinsic,R,,SIFa_to_target,male-cns:v1.0,other,R
10705,90554,1,1,CB2703,CB2703_R,,ALPN,,cb_intrinsic,R,,SIFa_to_target,male-cns:v1.0,other,R
10705,90557,1,1,Dm10,Dm10_R,,,,ol_intrinsic,R,,SIFa_to_target,male-cns:v1.0,other,R
10705,91027,1,1,M_adPNm5,M_adPNm5_R,M_adPNm5,ALPN,,cb_intrinsic,R,,SIFa_to_target,male-cns:v1.0,other,R
10705,91102,2,2,Tm3,Tm3_R,,,,ol_intrinsic,R,,SIFa_to_target,male-cns:v1.0,other,R
10705,91257,1,1,Tm3,Tm3_R,,,,ol_intrinsic,R,,SIFa_to_target,male-cns:v1.0,other,R
10705,91263,1,1,T2,T2_R,,,,ol_intrinsic,R,,SIFa_to_target,male-cns:v1.0,other,R
10705,91631,1,1,T5b,T5b_R,,,,ol_intrinsic,R,,SIFa_to_target,male-cns:v1.0,other,R
10705,91680,1,1,Tm5b,Tm5b_R,,,,ol_intrinsic,R,,SIFa_to_target,male-cns:v1.0,other,R
10705,91959,2,2,Dm10,Dm10_R,,,,ol_intrinsic,R,,SIFa_to_target,male-cns:v1.0,other,R
10705,92048,1,1,L5,L5_R,,,,ol_intrinsic,R,,SIFa_to_target,male-cns:v1.0,other,R
10705,92060,1,1,Dm10,Dm10_R,,,,ol_intrinsic,R,,SIFa_to_target,male-cns:v1.0,other,R
10705,92091,1,1,T5a,T5a_R,,,,ol_intrinsic,R,,SIFa_to_target,male-cns:v1.0,other,R
10705,92116,1,1,Mi16,Mi16_R,,,,ol_intrinsic,R,,SIFa_to_target,male-cns:v1.0,other,R
10705,92140,1,1,L5,L5_R,,,,ol_intrinsic,R,,SIFa_to_target,male-cns:v1.0,other,R
10705,92150,1,1,Mi9,Mi9_R,,,,ol_intrinsic,R,,SIFa_to_target,male-cns:v1.0,other,R
10705,92242,1,1,Tm3,Tm3_R,,,,ol_intrinsic,R,,SIFa_to_target,male-cns:v1.0,other,R
10705,92262,1,1,Tm1,Tm1_R,,,,ol_intrinsic,R,,SIFa_to_target,male-cns:v1.0,other,R
10705,92709,1,1,Tm3,Tm3_R,,,,ol_intrinsic,R,,SIFa_to_target,male-cns:v1.0,other,R
10705,92884,1,1,Tm9,Tm9_R,,,,ol_intrinsic,R,,SIFa_to_target,male-cns:v1.0,other,R
10705,93067,1,1,FB4E_c,FB4E_c_R,FB4E,CX,,cb_intrinsic,R,,SIFa_to_target,male-cns:v1.0,other,R
10705,93372,1,1,Tm5b,Tm5b_R,,,,ol_intrinsic,R,,SIFa_to_target,male-cns:v1.0,other,R
10705,93415,1,1,Tm12,Tm12_R,,,,ol_intrinsic,R,,SIFa_to_target,male-cns:v1.0,other,R
10705,93458,1,1,TmY13,TmY13_R,,,,ol_intrinsic,R,,SIFa_to_target,male-cns:v1.0,other,R
10705,94151,2,1,T5c,T5c_R,,,,ol_intrinsic,R,,SIFa_to_target,male-cns:v1.0,other,R
10705,94480,2,2,Tm3,Tm3_R,,,,ol_intrinsic,R,,SIFa_to_target,male-cns:v1.0,other,R
10705,94498,1,1,C2,C2_R,,,,ol_intrinsic,R,,SIFa_to_target,male-cns:v1.0,other,R
10705,94570,1,1,Tm9,Tm9_R,,,,ol_intrinsic,R,,SIFa_to_target,male-cns:v1.0,other,R
10705,94861,1,1,Tm5b,Tm5b_R,,,,ol_intrinsic,R,,SIFa_to_target,male-cns:v1.0,other,R
10705,94975,1,1,Tm9,Tm9_R,,,,ol_intrinsic,R,,SIFa_to_target,male-cns:v1.0,other,R
10705,94991,1,1,T5a,T5a_R,,,,ol_intrinsic,R,,SIFa_to_target,male-cns:v1.0,other,R
10705,95589,1,1,Tm3,Tm3_R,,,,ol_intrinsic,R,,SIFa_to_target,male-cns:v1.0,other,R
10705,95638,1,1,LHPV2b1,LHPV2b1_R,LHPV2b1,,,cb_intrinsic,R,,SIFa_to_target,male-cns:v1.0,other,R
10705,95910,1,1,Tm12,Tm12_R,,,,ol_intrinsic,R,,SIFa_to_target,male-cns:v1.0,other,R
10705,96440,1,1,T5a,T5a_R,,,,ol_intrinsic,R,,SIFa_to_target,male-cns:v1.0,other,R
10705,97023,1,1,T5d,T5d_R,,,,ol_intrinsic,R,,SIFa_to_target,male-cns:v1.0,other,R
10705,97095,1,1,Tm3,Tm3_R,,,,ol_intrinsic,R,,SIFa_to_target,male-cns:v1.0,other,R
10705,97130,1,1,Dm1,Dm1_R,,,,ol_intrinsic,R,,SIFa_to_target,male-cns:v1.0,other,R
10705,97590,1,1,FB2L,FB2L_R,FB2L,CX,,cb_intrinsic,R,,SIFa_to_target,male-cns:v1.0,other,R
10705,97791,1,1,Tm6,Tm6_R,,,,ol_intrinsic,R,,SIFa_to_target,male-cns:v1.0,other,R
10705,97883,1,1,T5b,T5b_R,,,,ol_intrinsic,R,,SIFa_to_target,male-cns:v1.0,other,R
10705,97983,1,1,T5c,T5c_R,,,,ol_intrinsic,R,,SIFa_to_target,male-cns:v1.0,other,R
10705,98086,2,2,T2,T2_R,,,,ol_intrinsic,R,,SIFa_to_target,male-cns:v1.0,other,R
10705,98128,1,1,T5b,T5b_R,,,,ol_intrinsic,R,,SIFa_to_target,male-cns:v1.0,other,R
10705,98241,1,1,CB3023,CB3023_R,,,,cb_intrinsic,R,,SIFa_to_target,male-cns:v1.0,other,R
10705,98399,1,1,TmY9b,TmY9b_R,,,,ol_intrinsic,R,,SIFa_to_target,male-cns:v1.0,other,R
10705,98418,1,1,Tm6,Tm6_R,,,,ol_intrinsic,R,,SIFa_to_target,male-cns:v1.0,other,R
10705,98499,1,1,LHPV2b3,LHPV2b3_R,LHPV2b3,,,cb_intrinsic,R,,SIFa_to_target,male-cns:v1.0,other,R
10705,99020,1,1,T5c,T5c_R,,,,ol_intrinsic,R,,SIFa_to_target,male-cns:v1.0,other,R
10705,99165,1,1,Dm10,Dm10_R,,,,ol_intrinsic,R,,SIFa_to_target,male-cns:v1.0,other,R
10705,99309,2,2,AN09B040,AN09B040_L,,,BA,ascending_neuron,L,,SIFa_to_target,male-cns:v1.0,other,L
10705,99368,1,1,T5d,T5d_R,,,,ol_intrinsic,R,,SIFa_to_target,male-cns:v1.0,other,R
10705,99465,2,2,PVLP036,PVLP036_R,PVLP036,,,cb_intrinsic,R,,SIFa_to_target,male-cns:v1.0,other,R
10705,99687,2,1,AVLP195,AVLP195_R,AVLP195,,,cb_intrinsic,R,,SIFa_to_target,male-cns:v1.0,other,R
10705,100314,1,1,Tm1,Tm1_R,,,,ol_intrinsic,R,,SIFa_to_target,male-cns:v1.0,other,R
10705,100401,1,1,Tm3,Tm3_R,,,,ol_intrinsic,R,,SIFa_to_target,male-cns:v1.0,other,R
10705,100443,1,1,Tm6,Tm6_R,,,,ol_intrinsic,R,,SIFa_to_target,male-cns:v1.0,other,R
10705,100641,2,2,,,,,,cb_intrinsic,L,,SIFa_to_target,male-cns:v1.0,other,unknown
10705,100676,1,1,SMP102,SMP102_R,SMP102,,,cb_intrinsic,R,,SIFa_to_target,male-cns:v1.0,other,R
10705,100783,1,1,Tm3,Tm3_R,,,,ol_intrinsic,R,,SIFa_to_target,male-cns:v1.0,other,R
10705,100787,1,1,T4b,T4b_R,,,,ol_intrinsic,R,,SIFa_to_target,male-cns:v1.0,other,R
10705,100848,1,1,T5b,T5b_R,,,,ol_intrinsic,R,,SIFa_to_target,male-cns:v1.0,other,R
10705,101248,1,1,T4a,T4a_R,,,,ol_intrinsic,R,,SIFa_to_target,male-cns:v1.0,other,R
10705,101489,1,1,TmY18,TmY18_R,,,,ol_intrinsic,R,,SIFa_to_target,male-cns:v1.0,other,R
10705,101578,1,1,Dm8a,Dm8a_R,,,,ol_intrinsic,R,,SIFa_to_target,male-cns:v1.0,other,R
10705,101585,1,1,TmY18,TmY18_R,,,,ol_intrinsic,R,,SIFa_to_target,male-cns:v1.0,other,R
10705,101633,1,1,Tm3,Tm3_R,,,,ol_intrinsic,R,,SIFa_to_target,male-cns:v1.0,other,R
10705,101745,1,1,Tm6,Tm6_R,,,,ol_intrinsic,R,,SIFa_to_target,male-cns:v1.0,other,R
10705,101962,1,1,Tm3,Tm3_R,,,,ol_intrinsic,R,,SIFa_to_target,male-cns:v1.0,other,R
10705,102043,1,1,Dm8a,Dm8a_R,,,,ol_intrinsic,R,,SIFa_to_target,male-cns:v1.0,other,R
10705,102559,1,1,OCC02b,OCC02b_R,OCG08,,,visual_centrifugal,R,,SIFa_to_target,male-cns:v1.0,other,R
10705,102945,1,1,CB3172,CB3172_R,,ALLN,,cb_intrinsic,R,,SIFa_to_target,male-cns:v1.0,other,R
10705,103069,2,1,Tm6,Tm6_R,,,,ol_intrinsic,R,,SIFa_to_target,male-cns:v1.0,other,R
10705,103260,1,1,T5c,T5c_R,,,,ol_intrinsic,R,,SIFa_to_target,male-cns:v1.0,other,R
10705,104179,1,1,T5d,T5d_R,,,,ol_intrinsic,R,,SIFa_to_target,male-cns:v1.0,other,R
10705,104493,2,2,T5b,T5b_R,,,,ol_intrinsic,R,,SIFa_to_target,male-cns:v1.0,other,R
10705,104686,3,2,Tm3,Tm3_R,,,,ol_intrinsic,R,,SIFa_to_target,male-cns:v1.0,other,R
10705,104993,1,1,TmY18,TmY18_R,,,,ol_intrinsic,R,,SIFa_to_target,male-cns:v1.0,other,R
10705,105071,1,1,Tm9,Tm9_R,,,,ol_intrinsic,R,,SIFa_to_target,male-cns:v1.0,other,R
10705,105312,1,1,Tm39,Tm39_R,,,,ol_intrinsic,R,,SIFa_to_target,male-cns:v1.0,other,R
10705,105357,1,1,Tm6,Tm6_R,,,,ol_intrinsic,R,,SIFa_to_target,male-cns:v1.0,other,R
10705,105696,1,1,Mi4,Mi4_R,,,,ol_intrinsic,R,,SIFa_to_target,male-cns:v1.0,other,R
10705,105967,1,1,AN09B035,AN09B035_L,,,BA,ascending_neuron,L,,SIFa_to_target,male-cns:v1.0,other,L
10705,105984,1,1,Tm3,Tm3_R,,,,ol_intrinsic,R,,SIFa_to_target,male-cns:v1.0,other,R
10705,106146,1,1,Mi4,Mi4_R,,,,ol_intrinsic,R,,SIFa_to_target,male-cns:v1.0,other,R
10705,106293,1,1,AN08B094,AN08B094_L,,,BA,ascending_neuron,L,,SIFa_to_target,male-cns:v1.0,other,L
10705,106389,1,1,T5b,T5b_R,,,,ol_intrinsic,R,,SIFa_to_target,male-cns:v1.0,other,R
10705,106984,1,1,M_vPNml84,M_vPNml84_R,M_vPNml84,ALPN,,cb_intrinsic,R,,SIFa_to_target,male-cns:v1.0,other,R
10705,107071,1,1,LHPV2b3,LHPV2b3_R,LHPV2b3,,,cb_intrinsic,R,,SIFa_to_target,male-cns:v1.0,other,R
10705,107201,1,1,Tm5c,Tm5c_R,,,,ol_intrinsic,R,,SIFa_to_target,male-cns:v1.0,other,R
10705,107379,1,1,T4b,T4b_R,,,,ol_intrinsic,R,,SIFa_to_target,male-cns:v1.0,other,R
10705,107581,1,1,LHPV5b3,LHPV5b3_R,LHPV5b3,,,cb_intrinsic,R,,SIFa_to_target,male-cns:v1.0,other,R
10705,107677,1,1,Tm6,Tm6_R,,,,ol_intrinsic,R,,SIFa_to_target,male-cns:v1.0,other,R
10705,108028,1,1,T5c,T5c_R,,,,ol_intrinsic,R,,SIFa_to_target,male-cns:v1.0,other,R
10705,108160,1,1,AVLP550b,AVLP550b_R,AVLP550,,,cb_intrinsic,R,,SIFa_to_target,male-cns:v1.0,other,R
10705,108279,1,1,T5b,T5b_R,,,,ol_intrinsic,R,,SIFa_to_target,male-cns:v1.0,other,R
10705,108280,1,1,Mi14,Mi14_R,,,,ol_intrinsic,R,,SIFa_to_target,male-cns:v1.0,other,R
10705,108376,1,1,T5d,T5d_R,,,,ol_intrinsic,R,,SIFa_to_target,male-cns:v1.0,other,R
10705,108403,1,1,M_vPNml77,M_vPNml77_R,M_vPNml77,ALPN,,cb_intrinsic,R,,SIFa_to_target,male-cns:v1.0,other,R
10705,108694,1,1,LHPV5b4,LHPV5b4_R,LHPV5b4,,,cb_intrinsic,R,,SIFa_to_target,male-cns:v1.0,other,R
10705,108938,2,1,T5a,T5a_R,,,,ol_intrinsic,R,,SIFa_to_target,male-cns:v1.0,other,R
10705,109060,1,1,Tm3,Tm3_R,,,,ol_intrinsic,R,,SIFa_to_target,male-cns:v1.0,other,R
10705,109359,1,1,T5c,T5c_R,,,,ol_intrinsic,R,,SIFa_to_target,male-cns:v1.0,other,R
10705,109594,1,1,Dm3c,Dm3c_R,,,,ol_intrinsic,R,,SIFa_to_target,male-cns:v1.0,other,R
10705,109633,1,1,T4b,T4b_R,,,,ol_intrinsic,R,,SIFa_to_target,male-cns:v1.0,other,R
10705,110320,1,1,Tm6,Tm6_R,,,,ol_intrinsic,R,,SIFa_to_target,male-cns:v1.0,other,R
10705,110327,1,1,T5a,T5a_R,,,,ol_intrinsic,R,,SIFa_to_target,male-cns:v1.0,other,R
10705,110402,1,1,T5a,T5a_R,,,,ol_intrinsic,R,,SIFa_to_target,male-cns:v1.0,other,R
10705,110509,1,1,SMP262,SMP262_L,SMP262,,,cb_intrinsic,L,,SIFa_to_target,male-cns:v1.0,other,L
10705,110596,1,1,Mi16,Mi16_R,,,,ol_intrinsic,R,,SIFa_to_target,male-cns:v1.0,other,R
10705,110724,1,1,T3,T3_R,,,,ol_intrinsic,R,,SIFa_to_target,male-cns:v1.0,other,R
10705,110748,1,1,Tm6,Tm6_R,,,,ol_intrinsic,R,,SIFa_to_target,male-cns:v1.0,other,R
10705,111505,1,1,L5,L5_R,,,,ol_intrinsic,R,,SIFa_to_target,male-cns:v1.0,other,R
10705,111629,1,1,CB1924,CB1924_R,,,,cb_intrinsic,R,,SIFa_to_target,male-cns:v1.0,other,R
10705,111656,1,1,Tm6,Tm6_R,,,,ol_intrinsic,R,,SIFa_to_target,male-cns:v1.0,other,R
10705,111708,1,1,Tm6,Tm6_R,,,,ol_intrinsic,R,,SIFa_to_target,male-cns:v1.0,other,R
10705,111780,1,1,T5b,T5b_R,,,,ol_intrinsic,R,,SIFa_to_target,male-cns:v1.0,other,R
10705,111945,1,1,L5,L5_R,,,,ol_intrinsic,R,,SIFa_to_target,male-cns:v1.0,other,R
10705,112251,1,1,T5c,T5c_R,,,,ol_intrinsic,R,,SIFa_to_target,male-cns:v1.0,other,R
10705,112906,2,1,T5d,T5d_R,,,,ol_intrinsic,R,,SIFa_to_target,male-cns:v1.0,other,R
10705,112932,1,1,T4b,T4b_R,,,,ol_intrinsic,R,,SIFa_to_target,male-cns:v1.0,other,R
10705,113208,1,1,T5d,T5d_R,,,,ol_intrinsic,R,,SIFa_to_target,male-cns:v1.0,other,R
10705,113215,1,1,LHPD4b1,LHPD4b1_R,LHPD4b1,,,cb_intrinsic,R,,SIFa_to_target,male-cns:v1.0,other,R
10705,113555,1,1,T3,T3_R,,,,ol_intrinsic,R,,SIFa_to_target,male-cns:v1.0,other,R
10705,113770,1,1,T5c,T5c_R,,,,ol_intrinsic,R,,SIFa_to_target,male-cns:v1.0,other,R
10705,113911,1,1,T4b,T4b_R,,,,ol_intrinsic,R,,SIFa_to_target,male-cns:v1.0,other,R
10705,114441,1,1,Mi15,Mi15_R,,,,ol_intrinsic,R,,SIFa_to_target,male-cns:v1.0,other,R
10705,114856,1,1,T4a,T4a_R,,,,ol_intrinsic,R,,SIFa_to_target,male-cns:v1.0,other,R
10705,114883,1,1,T4c,T4c_R,,,,ol_intrinsic,R,,SIFa_to_target,male-cns:v1.0,other,R
10705,114947,2,2,T5c,T5c_R,,,,ol_intrinsic,R,,SIFa_to_target,male-cns:v1.0,other,R
10705,115496,1,1,T5b,T5b_R,,,,ol_intrinsic,R,,SIFa_to_target,male-cns:v1.0,other,R
10705,115572,1,1,vDeltaL,vDeltaL_C2,vDeltaL,CX,,cb_intrinsic,L,,SIFa_to_target,male-cns:v1.0,other,unknown
10705,115896,1,1,T5b,T5b_R,,,,ol_intrinsic,R,,SIFa_to_target,male-cns:v1.0,other,R
10705,116028,1,1,T5b,T5b_R,,,,ol_intrinsic,R,,SIFa_to_target,male-cns:v1.0,other,R
10705,116274,2,2,Dm15,Dm15_R,,,,ol_intrinsic,R,,SIFa_to_target,male-cns:v1.0,other,R
10705,116565,1,1,T4b,T4b_R,,,,ol_intrinsic,R,,SIFa_to_target,male-cns:v1.0,other,R
10705,116961,1,1,TmY18,TmY18_R,,,,ol_intrinsic,R,,SIFa_to_target,male-cns:v1.0,other,R
10705,117156,1,1,T5a,T5a_R,,,,ol_intrinsic,R,,SIFa_to_target,male-cns:v1.0,other,R
10705,117260,1,1,T5a,T5a_R,,,,ol_intrinsic,R,,SIFa_to_target,male-cns:v1.0,other,R
10705,117551,1,1,Tm3,Tm3_R,,,,ol_intrinsic,R,,SIFa_to_target,male-cns:v1.0,other,R
10705,117627,1,1,Tm3,Tm3_R,,,,ol_intrinsic,R,,SIFa_to_target,male-cns:v1.0,other,R
10705,117909,1,1,T4b,T4b_R,,,,ol_intrinsic,R,,SIFa_to_target,male-cns:v1.0,other,R
10705,118612,1,1,Mi15,Mi15_R,,,,ol_intrinsic,R,,SIFa_to_target,male-cns:v1.0,other,R
10705,118666,1,1,Mi15,Mi15_R,,,,ol_intrinsic,R,,SIFa_to_target,male-cns:v1.0,other,R
10705,119042,3,2,T5b,T5b_R,,,,ol_intrinsic,R,,SIFa_to_target,male-cns:v1.0,other,R
10705,119116,1,1,T5b,T5b_R,,,,ol_intrinsic,R,,SIFa_to_target,male-cns:v1.0,other,R
10705,119223,1,1,T5c,T5c_R,,,,ol_intrinsic,R,,SIFa_to_target,male-cns:v1.0,other,R
10705,119768,1,1,T5d,T5d_R,,,,ol_intrinsic,R,,SIFa_to_target,male-cns:v1.0,other,R
10705,119802,2,2,Tm20,Tm20_R,,,,ol_intrinsic,R,,SIFa_to_target,male-cns:v1.0,other,R
10705,120052,1,1,TmY18,TmY18_R,,,,ol_intrinsic,R,,SIFa_to_target,male-cns:v1.0,other,R
10705,120102,1,1,T5d,T5d_R,,,,ol_intrinsic,R,,SIFa_to_target,male-cns:v1.0,other,R
10705,120208,1,1,T5b,T5b_R,,,,ol_intrinsic,R,,SIFa_to_target,male-cns:v1.0,other,R
10705,120326,1,1,T5a,T5a_R,,,,ol_intrinsic,R,,SIFa_to_target,male-cns:v1.0,other,R
10705,120505,1,1,T4a,T4a_R,,,,ol_intrinsic,R,,SIFa_to_target,male-cns:v1.0,other,R
10705,120683,3,2,T5b,T5b_R,,,,ol_intrinsic,R,,SIFa_to_target,male-cns:v1.0,other,R
10705,120777,1,1,ORN_DP1l,ORN_DP1l_R,ORN_DP1l,olfactory,,cb_sensory,,R,SIFa_to_target,male-cns:v1.0,other,R
10705,120992,1,1,Tm3,Tm3_R,,,,ol_intrinsic,R,,SIFa_to_target,male-cns:v1.0,other,R
10705,121163,1,1,T5b,T5b_R,,,,ol_intrinsic,R,,SIFa_to_target,male-cns:v1.0,other,R
10705,121426,1,1,T5a,T5a_R,,,,ol_intrinsic,R,,SIFa_to_target,male-cns:v1.0,other,R
10705,121500,1,1,Tm5b,Tm5b_R,,,,ol_intrinsic,R,,SIFa_to_target,male-cns:v1.0,other,R
10705,121709,1,1,T3,T3_R,,,,ol_intrinsic,R,,SIFa_to_target,male-cns:v1.0,other,R
10705,122044,1,1,T5c,T5c_R,,,,ol_intrinsic,R,,SIFa_to_target,male-cns:v1.0,other,R
10705,122403,1,1,T5a,T5a_R,,,,ol_intrinsic,R,,SIFa_to_target,male-cns:v1.0,other,R
10705,122565,1,1,T5d,T5d_R,,,,ol_intrinsic,R,,SIFa_to_target,male-cns:v1.0,other,R
10705,122597,2,2,AN10B045,AN10B045_L,,,BA,ascending_neuron,L,,SIFa_to_target,male-cns:v1.0,other,L
10705,123750,1,1,T5a,T5a_R,,,,ol_intrinsic,R,,SIFa_to_target,male-cns:v1.0,other,R
10705,124275,1,1,T5a,T5a_R,,,,ol_intrinsic,R,,SIFa_to_target,male-cns:v1.0,other,R
10705,124361,1,1,T5b,T5b_R,,,,ol_intrinsic,R,,SIFa_to_target,male-cns:v1.0,other,R
10705,124472,1,1,vDeltaA_b,vDeltaA_b_C1,vDeltaA_b,CX,,cb_intrinsic,L,,SIFa_to_target,male-cns:v1.0,other,unknown
10705,124613,1,1,Mi15,Mi15_R,,,,ol_intrinsic,R,,SIFa_to_target,male-cns:v1.0,other,R
10705,125277,1,1,T5b,T5b_R,,,,ol_intrinsic,R,,SIFa_to_target,male-cns:v1.0,other,R
10705,125296,1,1,Mi9,Mi9_R,,,,ol_intrinsic,R,,SIFa_to_target,male-cns:v1.0,other,R
10705,125487,1,1,Mi15,Mi15_R,,,,ol_intrinsic,R,,SIFa_to_target,male-cns:v1.0,other,R
10705,125980,1,1,T5d,T5d_R,,,,ol_intrinsic,R,,SIFa_to_target,male-cns:v1.0,other,R
10705,126088,1,1,T4d,T4d_R,,,,ol_intrinsic,R,,SIFa_to_target,male-cns:v1.0,other,R
10705,126387,1,1,T5b,T5b_R,,,,ol_intrinsic,R,,SIFa_to_target,male-cns:v1.0,other,R
10705,126464,1,1,T5c,T5c_R,,,,ol_intrinsic,R,,SIFa_to_target,male-cns:v1.0,other,R
10705,126801,1,1,T4a,T4a_R,,,,ol_intrinsic,R,,SIFa_to_target,male-cns:v1.0,other,R
10705,127146,1,1,T5a,T5a_R,,,,ol_intrinsic,R,,SIFa_to_target,male-cns:v1.0,other,R
10705,127404,2,2,T5b,T5b_R,,,,ol_intrinsic,R,,SIFa_to_target,male-cns:v1.0,other,R
10705,127542,1,1,T5d,T5d_R,,,,ol_intrinsic,R,,SIFa_to_target,male-cns:v1.0,other,R
10705,128102,1,1,GNG610,GNG610_R,,,,cb_intrinsic,R,,SIFa_to_target,male-cns:v1.0,other,R
10705,128323,1,1,T4d,T4d_R,,,,ol_intrinsic,R,,SIFa_to_target,male-cns:v1.0,other,R
10705,128891,1,1,Mi15,Mi15_R,,,,ol_intrinsic,R,,SIFa_to_target,male-cns:v1.0,other,R
10705,128916,1,1,Tm3,Tm3_R,,,,ol_intrinsic,R,,SIFa_to_target,male-cns:v1.0,other,R
10705,129869,1,1,T4c,T4c_R,,,,ol_intrinsic,R,,SIFa_to_target,male-cns:v1.0,other,R
10705,130312,1,1,T5b,T5b_R,,,,ol_intrinsic,R,,SIFa_to_target,male-cns:v1.0,other,R
10705,130445,1,1,Mi15,Mi15_R,,,,ol_intrinsic,R,,SIFa_to_target,male-cns:v1.0,other,R
10705,130596,1,1,TmY18,TmY18_R,,,,ol_intrinsic,R,,SIFa_to_target,male-cns:v1.0,other,R
10705,130650,1,1,T5d,T5d_R,,,,ol_intrinsic,R,,SIFa_to_target,male-cns:v1.0,other,R
10705,130694,1,1,Cm1,Cm1_R,,,,ol_intrinsic,R,,SIFa_to_target,male-cns:v1.0,other,R
10705,131199,1,1,AN10B045,AN10B045_L,,,BA,ascending_neuron,L,,SIFa_to_target,male-cns:v1.0,other,L
10705,131459,1,1,ORN_DL5,ORN_DL5_R,ORN_DL5,olfactory,,cb_sensory,,R,SIFa_to_target,male-cns:v1.0,other,R
10705,131568,1,1,M_vPNml83,M_vPNml83_L,M_vPNml83,ALPN,,cb_intrinsic,L,,SIFa_to_target,male-cns:v1.0,other,L
10705,132135,1,1,T5d,T5d_R,,,,ol_intrinsic,R,,SIFa_to_target,male-cns:v1.0,other,R
10705,132203,1,1,T5d,T5d_R,,,,ol_intrinsic,R,,SIFa_to_target,male-cns:v1.0,other,R
10705,132280,1,1,T4c,T4c_R,,,,ol_intrinsic,R,,SIFa_to_target,male-cns:v1.0,other,R
10705,132339,1,1,Tm3,Tm3_R,,,,ol_intrinsic,R,,SIFa_to_target,male-cns:v1.0,other,R
10705,132647,1,1,T5c,T5c_R,,,,ol_intrinsic,R,,SIFa_to_target,male-cns:v1.0,other,R
10705,132670,1,1,T5a,T5a_R,,,,ol_intrinsic,R,,SIFa_to_target,male-cns:v1.0,other,R
10705,133014,1,1,T5b,T5b_R,,,,ol_intrinsic,R,,SIFa_to_target,male-cns:v1.0,other,R
10705,133040,1,1,Tm3,Tm3_R,,,,ol_intrinsic,R,,SIFa_to_target,male-cns:v1.0,other,R
10705,133357,1,1,Mi15,Mi15_R,,,,ol_intrinsic,R,,SIFa_to_target,male-cns:v1.0,other,R
10705,133461,1,1,T5a,T5a_R,,,,ol_intrinsic,R,,SIFa_to_target,male-cns:v1.0,other,R
10705,134181,1,1,Mi15,Mi15_R,,,,ol_intrinsic,R,,SIFa_to_target,male-cns:v1.0,other,R
10705,134209,1,1,Tm3,Tm3_R,,,,ol_intrinsic,R,,SIFa_to_target,male-cns:v1.0,other,R
10705,134228,1,1,Mi15,Mi15_R,,,,ol_intrinsic,R,,SIFa_to_target,male-cns:v1.0,other,R
10705,134356,1,1,Dm3b,Dm3b_R,,,,ol_intrinsic,R,,SIFa_to_target,male-cns:v1.0,other,R
10705,134428,1,1,T5d,T5d_R,,,,ol_intrinsic,R,,SIFa_to_target,male-cns:v1.0,other,R
10705,134441,1,1,T4d,T4d_R,,,,ol_intrinsic,R,,SIFa_to_target,male-cns:v1.0,other,R
10705,134551,2,2,Dm10,Dm10_R,,,,ol_intrinsic,R,,SIFa_to_target,male-cns:v1.0,other,R
10705,134692,1,1,Mi15,Mi15_R,,,,ol_intrinsic,R,,SIFa_to_target,male-cns:v1.0,other,R
10705,134884,1,1,Mi9,Mi9_R,,,,ol_intrinsic,R,,SIFa_to_target,male-cns:v1.0,other,R
10705,134950,1,1,T5d,T5d_R,,,,ol_intrinsic,R,,SIFa_to_target,male-cns:v1.0,other,R
10705,135475,1,1,T5b,T5b_R,,,,ol_intrinsic,R,,SIFa_to_target,male-cns:v1.0,other,R
10705,135659,2,2,T5b,T5b_R,,,,ol_intrinsic,R,,SIFa_to_target,male-cns:v1.0,other,R
10705,135819,1,1,Mi15,Mi15_R,,,,ol_intrinsic,R,,SIFa_to_target,male-cns:v1.0,other,R
10705,136276,1,1,LB2c,LB2c_R,,gustatory,labellar bristle,cb_sensory,,R,SIFa_to_target,male-cns:v1.0,other,R
10705,137025,1,1,T5d,T5d_R,,,,ol_intrinsic,R,,SIFa_to_target,male-cns:v1.0,other,R
10705,137446,1,1,GNG417,GNG417_L,,,,cb_intrinsic,L,,SIFa_to_target,male-cns:v1.0,other,L
10705,137813,1,1,Tm20,Tm20_R,,,,ol_intrinsic,R,,SIFa_to_target,male-cns:v1.0,other,R
10705,138046,1,1,T5d,T5d_R,,,,ol_intrinsic,R,,SIFa_to_target,male-cns:v1.0,other,R
10705,139339,1,1,Mi15,Mi15_R,,,,ol_intrinsic,R,,SIFa_to_target,male-cns:v1.0,other,R
10705,139667,1,1,Mi15,Mi15_R,,,,ol_intrinsic,R,,SIFa_to_target,male-cns:v1.0,other,R
10705,139847,1,1,Dm10,Dm10_R,,,,ol_intrinsic,R,,SIFa_to_target,male-cns:v1.0,other,R
10705,139937,1,1,ORN_DL2v,ORN_DL2v_R,ORN_DL2v,olfactory,,cb_sensory,,R,SIFa_to_target,male-cns:v1.0,other,R
10705,140108,1,1,CB2703,CB2703_R,,ALPN,,cb_intrinsic,R,,SIFa_to_target,male-cns:v1.0,other,R
10705,140154,1,1,Mi15,Mi15_R,,,,ol_intrinsic,R,,SIFa_to_target,male-cns:v1.0,other,R
10705,140680,1,1,Mi15,Mi15_R,,,,ol_intrinsic,R,,SIFa_to_target,male-cns:v1.0,other,R
10705,140701,2,2,T4c,T4c_R,,,,ol_intrinsic,R,,SIFa_to_target,male-cns:v1.0,other,R
10705,141287,1,1,T4a,T4a_R,,,,ol_intrinsic,R,,SIFa_to_target,male-cns:v1.0,other,R
10705,141337,1,1,T4a,T4a_R,,,,ol_intrinsic,R,,SIFa_to_target,male-cns:v1.0,other,R
10705,141785,1,1,Cm2,Cm2_R,,,,ol_intrinsic,R,,SIFa_to_target,male-cns:v1.0,other,R
10705,141835,1,1,Mi15,Mi15_R,,,,ol_intrinsic,R,,SIFa_to_target,male-cns:v1.0,other,R
10705,141883,1,1,AMMC005,AMMC005_L,,,,cb_intrinsic,L,,SIFa_to_target,male-cns:v1.0,other,L
10705,142376,1,1,T5b,T5b_R,,,,ol_intrinsic,R,,SIFa_to_target,male-cns:v1.0,other,R
10705,142842,2,2,T5d,T5d_R,,,,ol_intrinsic,R,,SIFa_to_target,male-cns:v1.0,other,R
10705,142970,1,1,T5c,T5c_R,,,,ol_intrinsic,R,,SIFa_to_target,male-cns:v1.0,other,R
10705,143833,1,1,T5b,T5b_R,,,,ol_intrinsic,R,,SIFa_to_target,male-cns:v1.0,other,R
10705,145270,1,1,Mi2,Mi2_R,,,,ol_intrinsic,R,,SIFa_to_target,male-cns:v1.0,other,R
10705,145380,1,1,CB4173,CB4173_R,,,,cb_intrinsic,R,,SIFa_to_target,male-cns:v1.0,other,R
10705,146190,1,1,FR2,FR2_C1_L,FR2,CX,,cb_intrinsic,L,,SIFa_to_target,male-cns:v1.0,other,L
10705,146595,1,1,T4a,T4a_R,,,,ol_intrinsic,R,,SIFa_to_target,male-cns:v1.0,other,R
10705,146635,1,1,ORN_DL5,ORN_DL5_R,ORN_DL5,olfactory,,cb_sensory,,R,SIFa_to_target,male-cns:v1.0,other,R
10705,146945,1,1,T5d,T5d_R,,,,ol_intrinsic,R,,SIFa_to_target,male-cns:v1.0,other,R
10705,147551,1,1,T5d,T5d_R,,,,ol_intrinsic,R,,SIFa_to_target,male-cns:v1.0,other,R
10705,147560,1,1,T5a,T5a_R,,,,ol_intrinsic,R,,SIFa_to_target,male-cns:v1.0,other,R
10705,148523,1,1,T4c,T4c_R,,,,ol_intrinsic,R,,SIFa_to_target,male-cns:v1.0,other,R
10705,148607,1,1,Mi15,Mi15_R,,,,ol_intrinsic,R,,SIFa_to_target,male-cns:v1.0,other,R
10705,149247,1,1,Tm6,Tm6_R,,,,ol_intrinsic,R,,SIFa_to_target,male-cns:v1.0,other,R
10705,151404,1,1,WED103,WED103_R,WED103,,,cb_intrinsic,R,,SIFa_to_target,male-cns:v1.0,other,R
10705,151445,1,1,LHPV5b2,LHPV5b2_R,LHPV5b2,,,cb_intrinsic,R,,SIFa_to_target,male-cns:v1.0,other,R
10705,152063,1,1,Tm6,Tm6_R,,,,ol_intrinsic,R,,SIFa_to_target,male-cns:v1.0,other,R
10705,152191,1,1,T4c,T4c_R,,,,ol_intrinsic,R,,SIFa_to_target,male-cns:v1.0,other,R
10705,153036,1,1,T4d,T4d_R,,,,ol_intrinsic,R,,SIFa_to_target,male-cns:v1.0,other,R
10705,153622,1,1,T5a,T5a_R,,,,ol_intrinsic,R,,SIFa_to_target,male-cns:v1.0,other,R
10705,153979,1,1,ORN_DC4,ORN_DC4_L,ORN_DC4,olfactory,,cb_sensory,,L,SIFa_to_target,male-cns:v1.0,other,L
10705,154572,1,1,Mi15,Mi15_R,,,,ol_intrinsic,R,,SIFa_to_target,male-cns:v1.0,other,R
10705,154726,1,1,AN18B003,AN18B003_R,,,BA,ascending_neuron,R,,SIFa_to_target,male-cns:v1.0,other,R
10705,155072,1,1,T5b,T5b_R,,,,ol_intrinsic,R,,SIFa_to_target,male-cns:v1.0,other,R
10705,155245,1,1,T4d,T4d_R,,,,ol_intrinsic,R,,SIFa_to_target,male-cns:v1.0,other,R
10705,155665,1,1,T5a,T5a_R,,,,ol_intrinsic,R,,SIFa_to_target,male-cns:v1.0,other,R
10705,155687,1,1,CB4131,CB4131_R,,,,cb_intrinsic,R,,SIFa_to_target,male-cns:v1.0,other,R
10705,157645,1,1,T5d,T5d_R,,,,ol_intrinsic,R,,SIFa_to_target,male-cns:v1.0,other,R
10705,158082,1,1,Mi15,Mi15_R,,,,ol_intrinsic,R,,SIFa_to_target,male-cns:v1.0,other,R
10705,160368,1,1,,,,,,,,,SIFa_to_target,male-cns:v1.0,other,unknown
10705,161199,1,1,T4c,T4c_R,,,,ol_intrinsic,R,,SIFa_to_target,male-cns:v1.0,other,R
10705,161649,1,1,AN05B104,AN05B104_R,,,BA,ascending_neuron,R,,SIFa_to_target,male-cns:v1.0,other,R
10705,161957,1,1,T4c,T4c_R,,,,ol_intrinsic,R,,SIFa_to_target,male-cns:v1.0,other,R
10705,162197,1,1,T4c,T4c_R,,,,ol_intrinsic,R,,SIFa_to_target,male-cns:v1.0,other,R
10705,163129,1,1,ORN_DC4,ORN_DC4_L,ORN_DC4,olfactory,,cb_sensory,,L,SIFa_to_target,male-cns:v1.0,other,L
10705,163871,1,1,T5d,T5d_R,,,,ol_intrinsic,R,,SIFa_to_target,male-cns:v1.0,other,R
10705,164849,1,1,,,,,,cb_intrinsic,R,,SIFa_to_target,male-cns:v1.0,other,unknown
10705,165645,1,1,T5c,T5c_R,,,,ol_intrinsic,R,,SIFa_to_target,male-cns:v1.0,other,R
10705,166068,1,1,T5b,T5b_R,,,,ol_intrinsic,R,,SIFa_to_target,male-cns:v1.0,other,R
10705,166190,4,3,LB3a,LB3a_R,,gustatory,labellar bristle,cb_sensory,,R,SIFa_to_target,male-cns:v1.0,other,R
10705,167811,1,1,TmY18,TmY18_R,,,,ol_intrinsic,R,,SIFa_to_target,male-cns:v1.0,other,R
10705,168220,1,1,Mi15,Mi15_R,,,,ol_intrinsic,R,,SIFa_to_target,male-cns:v1.0,other,R
10705,168906,1,1,ORN_VA4,ORN_VA4_L,ORN_VA4,olfactory,,cb_sensory,,L,SIFa_to_target,male-cns:v1.0,other,L
10705,168970,1,1,AN10B045,AN10B045_L,,,BA,ascending_neuron,L,,SIFa_to_target,male-cns:v1.0,other,L
10705,169422,1,1,ORN_VA2,ORN_VA2_R,ORN_VA2,olfactory,,cb_sensory,,R,SIFa_to_target,male-cns:v1.0,other,R
10705,174420,2,1,AN09A005,AN09A005_R,,,BA,ascending_neuron,R,,SIFa_to_target,male-cns:v1.0,other,R
10705,174792,1,1,vDeltaL,vDeltaL_C1,vDeltaL,CX,,cb_intrinsic,L,,SIFa_to_target,male-cns:v1.0,other,unknown
10705,176161,1,1,Mi15,Mi15_R,,,,ol_intrinsic,R,,SIFa_to_target,male-cns:v1.0,other,R
10705,176556,2,1,,,,,,,,,SIFa_to_target,male-cns:v1.0,other,unknown
10705,179283,1,1,T4a,T4a_R,,,,ol_intrinsic,R,,SIFa_to_target,male-cns:v1.0,other,R
10705,180056,1,1,Mi2,Mi2_R,,,,ol_intrinsic,R,,SIFa_to_target,male-cns:v1.0,other,R
10705,184914,1,1,PFNp_a,PFNp_a,PFNp_a,CX,,cb_intrinsic,L,,SIFa_to_target,male-cns:v1.0,other,unknown
10705,185726,1,1,v2LN3A,v2LN3A_L,v2LN3A,ALLN,,cb_intrinsic,L,,SIFa_to_target,male-cns:v1.0,other,L
10705,186452,1,1,Mi15,Mi15_R,,,,ol_intrinsic,R,,SIFa_to_target,male-cns:v1.0,other,R
10705,188343,1,1,ORN_VA4,ORN_VA4_L,ORN_VA4,olfactory,,cb_sensory,,L,SIFa_to_target,male-cns:v1.0,other,L
10705,189046,1,1,ORN_VL1,ORN_VL1_R,ORN_VL1,olfactory,,cb_sensory,,R,SIFa_to_target,male-cns:v1.0,other,R
10705,189709,1,1,Mi15,Mi15_R,,,,ol_intrinsic,R,,SIFa_to_target,male-cns:v1.0,other,R
10705,189921,1,1,ORN_VL2a,ORN_VL2a_L,ORN_VL2a,olfactory,,cb_sensory,,L,SIFa_to_target,male-cns:v1.0,other,L
10705,192978,1,1,lLN2X12,lLN2X12_R,,ALLN,,cb_intrinsic,R,,SIFa_to_target,male-cns:v1.0,other,R
10705,193373,2,2,ORN_DL5,ORN_DL5_R,ORN_DL5,olfactory,,cb_sensory,,R,SIFa_to_target,male-cns:v1.0,other,R
10705,193682,1,1,PFNp_d,PFNp_d,PFNp_d,CX,,cb_intrinsic,R,,SIFa_to_target,male-cns:v1.0,other,unknown
10705,196482,1,1,SA3,SA3_bilateral_R,SA3,CX,,cb_intrinsic,R,,SIFa_to_target,male-cns:v1.0,other,R
10705,199564,1,1,ORN_VL1,ORN_VL1_R,ORN_VL1,olfactory,,cb_sensory,,R,SIFa_to_target,male-cns:v1.0,other,R
10705,199980,1,1,SIP113m,SIP113m_R,,,,cb_intrinsic,R,,SIFa_to_target,male-cns:v1.0,other,R
10705,204491,1,1,CB2081_b,CB2081_b_R,,,,cb_intrinsic,R,,SIFa_to_target,male-cns:v1.0,other,R
10705,207243,1,1,ORN_VA4,ORN_VA4_R,ORN_VA4,olfactory,,cb_sensory,,R,SIFa_to_target,male-cns:v1.0,other,R
10705,208588,1,1,ORN_DL5,ORN_DL5_R,ORN_DL5,olfactory,,cb_sensory,,R,SIFa_to_target,male-cns:v1.0,other,R
10705,209909,1,1,Mi15,Mi15_R,,,,ol_intrinsic,R,,SIFa_to_target,male-cns:v1.0,other,R
10705,210344,2,2,LB3d,LB3d_R,,gustatory,labellar bristle,cb_sensory,,R,SIFa_to_target,male-cns:v1.0,other,R
10705,213422,1,1,LA_ME_unclear,LA_ME_unclear_R,,,,ol_intrinsic,R,,SIFa_to_target,male-cns:v1.0,other,R
10705,214896,2,1,ORN_DC4,ORN_DC4_R,ORN_DC4,olfactory,,cb_sensory,,R,SIFa_to_target,male-cns:v1.0,other,R
10705,215209,1,1,AN09B037,AN09B037_L,,,BA,ascending_neuron,L,,SIFa_to_target,male-cns:v1.0,other,L
10705,222181,1,1,SMP705m,SMP705m_R,,,,cb_intrinsic,R,,SIFa_to_target,male-cns:v1.0,other,R
10705,222777,1,1,AN09A005,AN09A005_R,,,BI,ascending_neuron,R,,SIFa_to_target,male-cns:v1.0,other,R
10705,228763,1,1,,MeLo9_fragment_R,,,,,,,SIFa_to_target,male-cns:v1.0,other,R
10705,229839,1,1,AN10B039,AN10B039_R,,,,ascending_neuron,R,,SIFa_to_target,male-cns:v1.0,other,R
10705,235061,3,3,AN09A005,AN09A005_R,,,BA,ascending_neuron,R,,SIFa_to_target,male-cns:v1.0,other,R
10705,238250,1,1,AN10B034,AN10B034_L,,,BA,ascending_neuron,L,,SIFa_to_target,male-cns:v1.0,other,L
10705,246904,2,2,ORN_DL1,ORN_DL1_R,ORN_DL1,olfactory,,cb_sensory,,R,SIFa_to_target,male-cns:v1.0,other,R
10705,249576,1,1,ORN_DL5,ORN_DL5_L,ORN_DL5,olfactory,,cb_sensory,,L,SIFa_to_target,male-cns:v1.0,other,L
10705,251895,1,1,ORN_DL4,ORN_DL4_R,ORN_DL4,olfactory,,cb_sensory,,R,SIFa_to_target,male-cns:v1.0,other,R
10705,253648,3,3,LB2c,LB2c_R,,gustatory,labellar bristle,cb_sensory,,R,SIFa_to_target,male-cns:v1.0,other,R
10705,255895,1,1,ORN_VL2a,ORN_VL2a_unknown,ORN_VL2a,olfactory,,cb_sensory,,unknown,SIFa_to_target,male-cns:v1.0,other,unknown
10705,267437,5,5,lLN2P_c,lLN2P_c_R,lLN2P_c,ALLN,,cb_intrinsic,R,,SIFa_to_target,male-cns:v1.0,other,R
10705,274403,1,1,,,,,,,,,SIFa_to_target,male-cns:v1.0,other,unknown
10705,276163,1,1,ORN_DM3,ORN_DM3_unknown,ORN_DM3,olfactory,,cb_sensory,,unknown,SIFa_to_target,male-cns:v1.0,other,unknown
10705,278498,1,1,AVLP279,AVLP279_R,AVLP279,,,cb_intrinsic,R,,SIFa_to_target,male-cns:v1.0,other,R
10705,305628,1,1,ORN_DM3,ORN_DM3_L,ORN_DM3,olfactory,,cb_sensory,,L,SIFa_to_target,male-cns:v1.0,other,L
10705,305793,1,1,SIP053,SIP053_R,SIP053,,,cb_intrinsic,R,,SIFa_to_target,male-cns:v1.0,other,R
10705,319525,2,1,ORN_DL5,ORN_DL5_L,ORN_DL5,olfactory,,cb_sensory,,L,SIFa_to_target,male-cns:v1.0,other,L
10705,424458,1,1,R7_unclear,R7_unclear_R,,visual,,ol_sensory,,R,SIFa_to_target,male-cns:v1.0,other,R
10705,457125,2,2,ORN_DL5,ORN_DL5_L,ORN_DL5,olfactory,,cb_sensory,,L,SIFa_to_target,male-cns:v1.0,other,L
10705,500367,1,1,R7_unclear,R7_unclear_R,,visual,,ol_sensory,,R,SIFa_to_target,male-cns:v1.0,other,R
10705,511801,2,2,LHPV1c1,LHPV1c1_R,LHPV1c1,,,cb_intrinsic,R,,SIFa_to_target,male-cns:v1.0,other,R
10705,511807,3,3,VM7d_adPN,VM7d_adPN_R,VM7d_adPN,ALPN,,cb_intrinsic,R,,SIFa_to_target,male-cns:v1.0,other,R
10705,511810,4,4,ANXXX308,ANXXX308_R,,,BA,ascending_neuron,R,,SIFa_to_target,male-cns:v1.0,other,R
10705,511823,7,7,AN09A005,AN09A005_R,,,XA,ascending_neuron,R,,SIFa_to_target,male-cns:v1.0,other,R
10705,511828,1,1,AN09A005,AN09A005_L,,,XA,ascending_neuron,L,,SIFa_to_target,male-cns:v1.0,other,L
10705,512038,1,1,PS072,PS072_R,PS072,,,cb_intrinsic,R,,SIFa_to_target,male-cns:v1.0,other,R
10705,512245,2,1,DNc01,DNc01_R,SIFa,,xn,descending_neuron,R,,SIFa_to_target,male-cns:v1.0,other,R
10705,512273,1,1,PAL01,PAL01_L,PAL01,,,cb_intrinsic,L,,SIFa_to_target,male-cns:v1.0,other,L
10705,512415,2,2,PVLP123,PVLP123_L,PVLP123,,,cb_intrinsic,L,,SIFa_to_target,male-cns:v1.0,other,L
10705,512510,1,1,ANXXX084,ANXXX084_L,,,BA,ascending_neuron,L,,SIFa_to_target,male-cns:v1.0,other,L
10705,512530,3,3,AN17B002,AN17B002_R,,,BA,ascending_neuron,R,,SIFa_to_target,male-cns:v1.0,other,R
10705,512531,1,1,SAD117,SAD117_R,,,,cb_intrinsic,R,,SIFa_to_target,male-cns:v1.0,other,R
10705,512547,1,1,GNG468,GNG468_R,,,,cb_intrinsic,R,,SIFa_to_target,male-cns:v1.0,other,R
10705,512555,1,1,AN09B018,AN09B018_L,,,BA,ascending_neuron,L,,SIFa_to_target,male-cns:v1.0,other,L
10705,512903,5,5,AVLP545,AVLP545_R,AVLP545,,,cb_intrinsic,R,,SIFa_to_target,male-cns:v1.0,other,R
10705,513125,1,1,CB3302,CB3302_R,,,,cb_intrinsic,R,,SIFa_to_target,male-cns:v1.0,other,R
10705,513644,1,1,ANXXX434,ANXXX434_R,,,XA,ascending_neuron,R,,SIFa_to_target,male-cns:v1.0,other,R
10705,513647,4,4,PhG11,PhG11_R,,gustatory,pharyngeal sensillum,cb_sensory,,R,SIFa_to_target,male-cns:v1.0,other,R
10705,513746,2,2,ORN_VA4,ORN_VA4_L,ORN_VA4,olfactory,,cb_sensory,,L,SIFa_to_target,male-cns:v1.0,other,L
10705,513934,6,5,CL122_b,CL122_b_R,CL122,,,cb_intrinsic,R,,SIFa_to_target,male-cns:v1.0,other,R
10705,513968,1,1,AN05B017,AN05B017_L,,,BA,ascending_neuron,L,,SIFa_to_target,male-cns:v1.0,other,L
10705,514024,1,1,JO-ED2_a,JO-ED2_a_R,,mechanosensory,wind_gravity,cb_sensory,,R,SIFa_to_target,male-cns:v1.0,other,R
10705,514484,1,1,ANXXX196,ANXXX196_L,,,BA,ascending_neuron,L,,SIFa_to_target,male-cns:v1.0,other,L
10705,514948,1,1,AVLP287,AVLP287_R,AVLP287,,,cb_intrinsic,R,,SIFa_to_target,male-cns:v1.0,other,R
10705,515158,1,1,v2LN34F,v2LN34F_R,v2LN34F,ALLN,,cb_intrinsic,R,,SIFa_to_target,male-cns:v1.0,other,R
10705,515278,3,2,MeVPMe12,MeVPMe12_R,,ol_bilateral,,ol_intrinsic,R,,SIFa_to_target,male-cns:v1.0,other,R
10705,515294,1,1,Delta7,Delta7(PB15)_L5R4_L,Delta7,CX,,cb_intrinsic,L,,SIFa_to_target,male-cns:v1.0,other,L
10705,515420,2,2,WED092,WED092_L,WED092,,,cb_intrinsic,L,,SIFa_to_target,male-cns:v1.0,other,L
10705,516344,1,1,AVLP347,AVLP347_R,AVLP347,,,cb_intrinsic,R,,SIFa_to_target,male-cns:v1.0,other,R
10705,516514,1,1,AN09B032,AN09B032_R,,,BA,ascending_neuron,R,,SIFa_to_target,male-cns:v1.0,other,R
10705,516602,1,1,AMMC031,AMMC031_R,,,,cb_intrinsic,R,,SIFa_to_target,male-cns:v1.0,other,R
10705,516954,1,1,WED118,WED118_L,WED118,,,cb_intrinsic,L,,SIFa_to_target,male-cns:v1.0,other,L
10705,517416,1,1,vLN26,vLN26_L,vLN26,ALLN,,cb_intrinsic,L,,SIFa_to_target,male-cns:v1.0,other,L
10705,517417,1,1,Delta7,Delta7(PB15)_L6R3_L,Delta7,CX,,cb_intrinsic,L,,SIFa_to_target,male-cns:v1.0,other,L
10705,517424,1,1,SIP123m,SIP123m_L,,,,cb_intrinsic,L,,SIFa_to_target,male-cns:v1.0,other,L
10705,517548,1,1,FB4Y,FB4Y_L,FB4Y,CX,,cb_intrinsic,L,,SIFa_to_target,male-cns:v1.0,other,L
10705,518540,3,2,GNG175,GNG175_R,,,,cb_intrinsic,R,,SIFa_to_target,male-cns:v1.0,other,R
10705,518625,2,2,AN05B009,AN05B009_L,,,BA,ascending_neuron,L,,SIFa_to_target,male-cns:v1.0,other,L
10705,519242,3,3,lLN2T_d,lLN2T_d(Tortuous)_R,lLN2T_d,ALLN,,cb_intrinsic,R,,SIFa_to_target,male-cns:v1.0,other,R
10705,519260,1,1,,,,,,cb_intrinsic,L,,SIFa_to_target,male-cns:v1.0,other,unknown
10705,519345,1,1,AVLP374,AVLP374_L,AVLP374,,,cb_intrinsic,L,,SIFa_to_target,male-cns:v1.0,other,L
10705,519538,1,1,DNg24,DNg24_R,,,xn,descending_neuron,R,,SIFa_to_target,male-cns:v1.0,other,R
10705,519850,1,1,DA4m_adPN,DA4m_adPN_R,DA4m_adPN,ALPN,,cb_intrinsic,R,,SIFa_to_target,male-cns:v1.0,other,R
10705,519970,1,1,VA3_adPN,VA3_adPN_R,VA3_adPN,ALPN,,cb_intrinsic,R,,SIFa_to_target,male-cns:v1.0,other,R
10705,520002,2,2,lLN1_bc,lLN1_bc_R,"lLN1_b,lLN1_c",ALLN,,cb_intrinsic,R,,SIFa_to_target,male-cns:v1.0,other,R
10705,520032,1,1,AVLP455,AVLP455_L,AVLP455,,,cb_intrinsic,L,,SIFa_to_target,male-cns:v1.0,other,L
10705,520466,1,1,DM2_lPN,DM2_lPN_R,DM2_lPN,ALPN,,cb_intrinsic,R,,SIFa_to_target,male-cns:v1.0,other,R
10705,520664,1,1,CB1074,CB1074_L,,,,cb_intrinsic,L,,SIFa_to_target,male-cns:v1.0,other,L
10705,520787,3,3,lLN2T_a,lLN2T_a(Tortuous)_L,lLN2T_a,ALLN,,cb_intrinsic,L,,SIFa_to_target,male-cns:v1.0,other,L
10705,520792,3,2,WED104,WED104_L,WED104,,,cb_intrinsic,L,,SIFa_to_target,male-cns:v1.0,other,L
10705,521129,1,1,SMP594,SMP594_L,SMP594,,,cb_intrinsic,L,,SIFa_to_target,male-cns:v1.0,other,L
10705,521156,1,1,M_lvPNm25,M_lvPNm25_R,M_lvPNm25,ALPN,,cb_intrinsic,R,,SIFa_to_target,male-cns:v1.0,other,R
10705,521298,1,1,DNge130,DNge130_R,,,xn,descending_neuron,R,,SIFa_to_target,male-cns:v1.0,other,R
10705,521377,1,1,DNpe024,DNpe024(CL325)_R,CL325,,xn,descending_neuron,R,,SIFa_to_target,male-cns:v1.0,other,R
10705,521439,1,1,LN60,LN60_L,,ALLN,,cb_intrinsic,L,,SIFa_to_target,male-cns:v1.0,other,L
10705,521491,1,1,AVLP145,AVLP145_L,AVLP145,,,cb_intrinsic,L,,SIFa_to_target,male-cns:v1.0,other,L
10705,521652,2,1,AVLP235,AVLP235_L,AVLP235,,,cb_intrinsic,L,,SIFa_to_target,male-cns:v1.0,other,L
10705,521664,4,3,AVLP264,AVLP264_L,AVLP264,,,cb_intrinsic,L,,SIFa_to_target,male-cns:v1.0,other,L
10705,521668,5,5,CB2491,CB2491_L,,,,cb_intrinsic,L,,SIFa_to_target,male-cns:v1.0,other,L
10705,521814,1,1,PEN_a(PEN1),PEN_a(PB06a)_R9,PEN_a(PEN1),CX,,cb_intrinsic,R,,SIFa_to_target,male-cns:v1.0,other,unknown
10705,522300,1,1,AN10B027,AN10B027(31054)_R,,,CA,ascending_neuron,R,,SIFa_to_target,male-cns:v1.0,other,R
10705,522410,1,1,AVLP532,AVLP532_L,AVLP532,,,cb_intrinsic,L,,SIFa_to_target,male-cns:v1.0,other,L
10705,522456,1,1,TmY3,TmY3_R,,,,ol_intrinsic,R,,SIFa_to_target,male-cns:v1.0,other,R
10705,522857,1,1,AVLP201,AVLP201_R,AVLP201,,,cb_intrinsic,R,,SIFa_to_target,male-cns:v1.0,other,R
10705,523351,1,1,DL2d_adPN,DL2d_adPN_R,DL2d_adPN,ALPN,,cb_intrinsic,R,,SIFa_to_target,male-cns:v1.0,other,R
10705,523438,1,1,SAD112_b,SAD112_b_R,,,,cb_intrinsic,R,,SIFa_to_target,male-cns:v1.0,other,R
10705,523560,1,1,CB3879,CB3879_L,,,,cb_intrinsic,L,,SIFa_to_target,male-cns:v1.0,other,L
10705,523591,4,2,il3LN6,il3LN6_L,il3LN6,ALLN,,cb_intrinsic,L,,SIFa_to_target,male-cns:v1.0,other,L
10705,523776,1,1,FB1C,FB1C_R,FB1C,CX,,cb_intrinsic,R,,SIFa_to_target,male-cns:v1.0,other,R
10705,523843,1,1,AN19A018,AN19A018(14863)_L,,,BA,ascending_neuron,L,,SIFa_to_target,male-cns:v1.0,other,L
10705,524207,1,1,VA7m_lPN,VA7m_lPN_R,VA7m_lPN,ALPN,,cb_intrinsic,R,,SIFa_to_target,male-cns:v1.0,other,R
10705,524524,1,1,AVLP347,AVLP347_L,AVLP347,,,cb_intrinsic,L,,SIFa_to_target,male-cns:v1.0,other,L
10705,524730,1,1,WED111,WED111_L,WED111,,,cb_intrinsic,L,,SIFa_to_target,male-cns:v1.0,other,L
10705,524744,1,1,CB1287_c,CB1287_c_R,,,,cb_intrinsic,R,,SIFa_to_target,male-cns:v1.0,other,R
10705,525065,1,1,VP4_vPN,VP4_vPN_R,VP4_vPN,ALPN,,cb_intrinsic,R,,SIFa_to_target,male-cns:v1.0,other,R
10705,525105,9,9,DL5_adPN,DL5_adPN_R,DL5_adPN,ALPN,,cb_intrinsic,R,,SIFa_to_target,male-cns:v1.0,other,R
10705,525354,1,1,AVLP090,AVLP090_L,AVLP090,,,cb_intrinsic,L,,SIFa_to_target,male-cns:v1.0,other,L
10705,525365,1,1,CB4116,CB4116_L,,,,cb_intrinsic,L,,SIFa_to_target,male-cns:v1.0,other,L
10705,525789,1,1,Tm3,Tm3_R,,,,ol_intrinsic,R,,SIFa_to_target,male-cns:v1.0,other,R
10705,526062,1,1,SMP171,SMP171(SLP240_c)_L,"SMP171,SLP240_c",,,cb_intrinsic,L,,SIFa_to_target,male-cns:v1.0,other,L
10705,526505,5,5,ANXXX308,ANXXX308_L,,,BA,ascending_neuron,L,,SIFa_to_target,male-cns:v1.0,other,L
10705,526572,1,1,CL117,CL117_R,CL117,,,cb_intrinsic,R,,SIFa_to_target,male-cns:v1.0,other,R
10705,526699,1,1,PRW026,PRW026_R,,,,cb_intrinsic,R,,SIFa_to_target,male-cns:v1.0,other,R
10705,526836,1,1,PVLP028,PVLP028_L,PVLP028,,,cb_intrinsic,L,,SIFa_to_target,male-cns:v1.0,other,L
10705,527470,6,3,lLN2T_c,lLN2T_c(Tortuous)_L,lLN2T_c,ALLN,,cb_intrinsic,L,,SIFa_to_target,male-cns:v1.0,other,L
10705,527523,1,1,VM7d_adPN,VM7d_adPN_R,VM7d_adPN,ALPN,,cb_intrinsic,R,,SIFa_to_target,male-cns:v1.0,other,R
10705,527577,1,1,VA6_adPN,VA6_adPN_R,VA6_adPN,ALPN,,cb_intrinsic,R,,SIFa_to_target,male-cns:v1.0,other,R
10705,529229,2,1,PhG15,PhG15_L,,gustatory,pharyngeal sensillum,cb_sensory,,L,SIFa_to_target,male-cns:v1.0,other,L
10705,529413,1,1,CB4216,CB4216_R,,,,cb_intrinsic,R,,SIFa_to_target,male-cns:v1.0,other,R
10705,529429,1,1,lLN1_bc,lLN1_bc_L,"lLN1_b,lLN1_c",ALLN,,cb_intrinsic,L,,SIFa_to_target,male-cns:v1.0,other,L
10705,529604,1,1,CB1072,CB1072_L,,,,cb_intrinsic,L,,SIFa_to_target,male-cns:v1.0,other,L
10705,530313,2,1,PRW025,PRW025_R,,,,cb_intrinsic,R,,SIFa_to_target,male-cns:v1.0,other,R
10705,530435,1,1,AN09B037,AN09B037_R,,,BA,ascending_neuron,R,,SIFa_to_target,male-cns:v1.0,other,R
10705,530777,2,1,lLN2X04,lLN2X04_R,,ALLN,,cb_intrinsic,R,,SIFa_to_target,male-cns:v1.0,other,R
10705,530835,3,2,AN05B009,AN05B009_L,,,CA,ascending_neuron,L,,SIFa_to_target,male-cns:v1.0,other,L
10705,531244,1,1,M_vPNml87,M_vPNml87_L,M_vPNml87,ALPN,,cb_intrinsic,L,,SIFa_to_target,male-cns:v1.0,other,L
10705,531334,1,1,,,,,,cb_intrinsic,R,,SIFa_to_target,male-cns:v1.0,other,unknown
10705,531425,1,1,GNG506,GNG506_L,,,,cb_intrinsic,L,,SIFa_to_target,male-cns:v1.0,other,L
10705,531560,1,1,M_vPNml83,M_vPNml83_L,M_vPNml83,ALPN,,cb_intrinsic,L,,SIFa_to_target,male-cns:v1.0,other,L
10705,532050,1,1,DNp23,DNp23_R,DNp23,,xn,descending_neuron,R,,SIFa_to_target,male-cns:v1.0,other,R
10705,532213,1,1,,,,,,cb_intrinsic,L,,SIFa_to_target,male-cns:v1.0,other,unknown
10705,532967,1,1,LHAV3g2,LHAV3g2_R,LHAV3g2,,,cb_intrinsic,R,,SIFa_to_target,male-cns:v1.0,other,R
10705,533150,1,1,,,,,,cb_intrinsic,R,,SIFa_to_target,male-cns:v1.0,other,unknown
10705,533705,1,1,AVLP299_b,AVLP299_b_R,AVLP299_b,,,cb_intrinsic,R,,SIFa_to_target,male-cns:v1.0,other,R
10705,533709,1,1,AVLP299_b,AVLP299_b_R,AVLP299_b,,,cb_intrinsic,R,,SIFa_to_target,male-cns:v1.0,other,R
10705,533720,1,1,CB3411,CB3411_L,,,,cb_intrinsic,L,,SIFa_to_target,male-cns:v1.0,other,L
10705,533749,1,1,CB1044,CB1044_L,,,,cb_intrinsic,L,,SIFa_to_target,male-cns:v1.0,other,L
10705,534038,1,1,PVLP062,PVLP062_R,PVLP062,,,cb_intrinsic,R,,SIFa_to_target,male-cns:v1.0,other,R
10705,534167,1,1,Dm10,Dm10_R,,,,ol_intrinsic,R,,SIFa_to_target,male-cns:v1.0,other,R
10705,534419,4,3,GNG230,GNG230_R,,,,cb_intrinsic,R,,SIFa_to_target,male-cns:v1.0,other,R
10705,536124,1,1,LAL048,LAL048_R,LAL048,,,cb_intrinsic,R,,SIFa_to_target,male-cns:v1.0,other,R
10705,536207,1,1,AN19B019,AN19B019(hb706176085)_L,(hb706176085),,BA,ascending_neuron,L,,SIFa_to_target,male-cns:v1.0,other,L
10705,537032,108,104,LT33,LT33_L,LT33,,,ol_intrinsic,L,,SIFa_to_target,male-cns:v1.0,other,L
10705,538013,1,1,Dm8b,Dm8b_R,,,,ol_intrinsic,R,,SIFa_to_target,male-cns:v1.0,other,R
10705,539209,1,1,CB2202,CB2202_R,,,,cb_intrinsic,R,,SIFa_to_target,male-cns:v1.0,other,R
10705,539227,1,1,FB1C,FB1C_L,FB1C,CX,,cb_intrinsic,L,,SIFa_to_target,male-cns:v1.0,other,L
10705,542768,2,2,L2,L2_R,,,,ol_intrinsic,R,,SIFa_to_target,male-cns:v1.0,other,R
10705,543774,1,1,v2LN41,v2LN41_R,v2LN41,ALLN,,cb_intrinsic,R,,SIFa_to_target,male-cns:v1.0,other,R
10705,547424,1,1,Dm9,Dm9_R,,,,ol_intrinsic,R,,SIFa_to_target,male-cns:v1.0,other,R
10705,547701,2,1,Dm18,Dm18_R,,,,ol_intrinsic,R,,SIFa_to_target,male-cns:v1.0,other,R
10705,547706,1,1,Dm10,Dm10_R,,,,ol_intrinsic,R,,SIFa_to_target,male-cns:v1.0,other,R
10705,549229,1,1,EA27X006,EA27X006_R,,,,efferent_ascending,R,,SIFa_to_target,male-cns:v1.0,other,R
10705,551294,6,4,lLN2P_c,lLN2P_c_R,lLN2P_c,ALLN,,cb_intrinsic,R,,SIFa_to_target,male-cns:v1.0,other,R
10705,555342,1,1,LPsP,LPsP(PB13)_R,LPsP,CX,,cb_intrinsic,R,,SIFa_to_target,male-cns:v1.0,other,R
10705,556286,1,1,DNp32,DNp32_L,DNp32,,xl,descending_neuron,L,,SIFa_to_target,male-cns:v1.0,other,L
10705,556329,1,1,DNge104,DNge104_L,,,xl,descending_neuron,L,,SIFa_to_target,male-cns:v1.0,other,L
10705,556702,1,1,GNG119,GNG119_L,,,,cb_intrinsic,L,,SIFa_to_target,male-cns:v1.0,other,L
10705,556847,1,1,AN08B050,AN08B050_L,,,BA,ascending_neuron,L,,SIFa_to_target,male-cns:v1.0,other,L
10705,557646,1,1,LB3b,LB3b_R,,gustatory,labellar bristle,cb_sensory,,R,SIFa_to_target,male-cns:v1.0,other,R
10705,557993,1,1,AVLP550_b,AVLP550_b_L,AVLP550,,,cb_intrinsic,L,,SIFa_to_target,male-cns:v1.0,other,L
10705,558801,1,1,CL336,CL336_L,CL336,,,cb_intrinsic,L,,SIFa_to_target,male-cns:v1.0,other,L
10705,559256,1,1,,,,,,cb_intrinsic,R,,SIFa_to_target,male-cns:v1.0,other,unknown
10705,559533,1,1,AVLP110_a,AVLP110_a_R,AVLP110,,,cb_intrinsic,R,,SIFa_to_target,male-cns:v1.0,other,R
10705,564174,3,3,DL2d_adPN,DL2d_adPN_L,DL2d_adPN,ALPN,,cb_intrinsic,L,,SIFa_to_target,male-cns:v1.0,other,L
10705,574357,1,1,AN09A005,AN09A005_L,,,BA,ascending_neuron,L,,SIFa_to_target,male-cns:v1.0,other,L
10705,580139,1,1,PVLP037,PVLP037_R,PVLP037,,,cb_intrinsic,R,,SIFa_to_target,male-cns:v1.0,other,R
10705,800041,1,1,IN27X001,IN27X001_R,,,BI,vnc_intrinsic,R,,SIFa_to_target,male-cns:v1.0,other,R
10705,800087,12,11,IN05B010,IN05B010_L,,,BI,vnc_intrinsic,L,,SIFa_to_target,male-cns:v1.0,other,L
10705,800097,45,42,IN14A002,IN14A002_L,,,CR,vnc_intrinsic,L,,SIFa_to_target,male-cns:v1.0,other,L
10705,800098,13,10,IN05B010,IN05B010_L,,,BI,vnc_intrinsic,L,,SIFa_to_target,male-cns:v1.0,other,L
10705,800154,1,1,IN17A019,IN17A019_R,,,IR,vnc_intrinsic,R,,SIFa_to_target,male-cns:v1.0,other,R
10705,800179,2,2,IN23B018,IN23B018_R,,,BI,vnc_intrinsic,R,,SIFa_to_target,male-cns:v1.0,other,R
10705,800193,2,1,IN01B001,IN01B001_R,,,II,vnc_intrinsic,R,,SIFa_to_target,male-cns:v1.0,other,R
10705,800203,5,5,IN13A003,IN13A003_R,,,IR,vnc_intrinsic,R,,SIFa_to_target,male-cns:v1.0,other,R
10705,800212,1,1,IN19A001,IN19A001_L,,,IR,vnc_intrinsic,L,,SIFa_to_target,male-cns:v1.0,other,L
10705,800477,1,1,IN00A002,IN00A002_M,,,BI,vnc_intrinsic,M,,SIFa_to_target,male-cns:v1.0,other,unknown
10705,800494,1,1,IN19A007,IN19A007_L,,,IR,vnc_intrinsic,L,,SIFa_to_target,male-cns:v1.0,other,L
10705,800495,1,1,IN09A003,IN09A003_R,,,IR,vnc_intrinsic,R,,SIFa_to_target,male-cns:v1.0,other,R
10705,800508,5,3,IN01A011,IN01A011_L,,,CI,vnc_intrinsic,L,,SIFa_to_target,male-cns:v1.0,other,L
10705,800543,35,34,IN01B003,IN01B003_R,,,IR,vnc_intrinsic,R,,SIFa_to_target,male-cns:v1.0,other,R
10705,800544,3,3,IN01A034,IN01A034_L,,,CR,vnc_intrinsic,L,,SIFa_to_target,male-cns:v1.0,other,L
10705,800571,1,1,INXXX149,INXXX149_R,,,BR,vnc_intrinsic,R,,SIFa_to_target,male-cns:v1.0,other,R
10705,800579,1,1,IN05B018,IN05B018_R,,,BI,vnc_intrinsic,R,,SIFa_to_target,male-cns:v1.0,other,R
10705,800583,1,1,IN19B012,IN19B012_L,,,BR,vnc_intrinsic,L,,SIFa_to_target,male-cns:v1.0,other,L
10705,800649,1,1,INXXX062,INXXX062_R,,,BI,vnc_intrinsic,R,,SIFa_to_target,male-cns:v1.0,other,R
10705,800671,1,1,IN13A004,IN13A004_R,,,II,vnc_intrinsic,R,,SIFa_to_target,male-cns:v1.0,other,R
10705,800677,2,2,IN21A003,IN21A003_R,,,IR,vnc_intrinsic,R,,SIFa_to_target,male-cns:v1.0,other,R
10705,800692,4,4,IN14A008,IN14A008_L,,,CR,vnc_intrinsic,L,,SIFa_to_target,male-cns:v1.0,other,L
10705,800760,1,1,IN12B007,IN12B007_L,,,CR,vnc_intrinsic,L,,SIFa_to_target,male-cns:v1.0,other,L
10705,800794,4,4,AN04B004,AN04B004_R,,,II,ascending_neuron,R,,SIFa_to_target,male-cns:v1.0,other,R
10705,800848,1,1,IN09A006,IN09A006_R,,,IR,vnc_intrinsic,R,,SIFa_to_target,male-cns:v1.0,other,R
10705,800874,1,1,IN04B090,IN04B090_R,,,IR,vnc_intrinsic,R,,SIFa_to_target,male-cns:v1.0,other,R
10705,800905,10,10,IN14A004,IN14A004_L,,,CR,vnc_intrinsic,L,,SIFa_to_target,male-cns:v1.0,other,L
10705,800955,1,1,IN20A.22A007,IN20A.22A007_R,,,IR,vnc_intrinsic,R,,SIFa_to_target,male-cns:v1.0,other,R
10705,800978,1,1,IN03A015,IN03A015_L,,,BI,vnc_intrinsic,L,,SIFa_to_target,male-cns:v1.0,other,L
10705,800998,1,1,IN17B004,IN17B004_R,,,II,vnc_intrinsic,R,,SIFa_to_target,male-cns:v1.0,other,R
10705,801002,2,2,IN21A010,IN21A010_R,,,IR,vnc_intrinsic,R,,SIFa_to_target,male-cns:v1.0,other,R
10705,801019,7,6,IN09A006,IN09A006_R,,,IR,vnc_intrinsic,R,,SIFa_to_target,male-cns:v1.0,other,R
10705,801096,1,1,IN09B008,IN09B008_L,,,BR,vnc_intrinsic,L,,SIFa_to_target,male-cns:v1.0,other,L
10705,801153,1,1,AN14A003,AN14A003_L,,,CA,ascending_neuron,L,,SIFa_to_target,male-cns:v1.0,other,L
10705,801186,2,2,INXXX008,INXXX008_L,,,BI,vnc_intrinsic,L,,SIFa_to_target,male-cns:v1.0,other,L
10705,801192,1,1,IN21A018,IN21A018_R,,,IR,vnc_intrinsic,R,,SIFa_to_target,male-cns:v1.0,other,R
10705,801195,1,1,IN21A020,IN21A020_L,,,BR,vnc_intrinsic,L,,SIFa_to_target,male-cns:v1.0,other,L
10705,801244,1,1,INXXX260,INXXX260_R,,,BR,vnc_intrinsic,R,,SIFa_to_target,male-cns:v1.0,other,R
10705,801255,2,1,IN23B064,IN23B064_R,,,BI,vnc_intrinsic,R,,SIFa_to_target,male-cns:v1.0,other,R
10705,801256,21,19,IN13A007,IN13A007_R,,,IR,vnc_intrinsic,R,,SIFa_to_target,male-cns:v1.0,other,R
10705,801275,1,1,IN14A012,IN14A012_L,,,BR,vnc_intrinsic,L,,SIFa_to_target,male-cns:v1.0,other,L
10705,801286,1,1,IN01A007,IN01A007_L,,,CI,vnc_intrinsic,L,,SIFa_to_target,male-cns:v1.0,other,L
10705,801294,11,11,IN14A010,IN14A010_L,,,CR,vnc_intrinsic,L,,SIFa_to_target,male-cns:v1.0,other,L
10705,801306,2,1,IN01A032,IN01A032_L,,,CR,vnc_intrinsic,L,,SIFa_to_target,male-cns:v1.0,other,L
10705,801364,6,6,IN19A019,IN19A019_R,,,BI,vnc_intrinsic,R,,SIFa_to_target,male-cns:v1.0,other,R
10705,801421,1,1,IN03A001,IN03A001_R,,,II,vnc_intrinsic,R,,SIFa_to_target,male-cns:v1.0,other,R
10705,801470,3,3,IN00A031,IN00A031_M,,,BI,vnc_intrinsic,M,,SIFa_to_target,male-cns:v1.0,other,unknown
10705,801496,1,1,IN09A014,IN09A014_R,,,IR,vnc_intrinsic,R,,SIFa_to_target,male-cns:v1.0,other,R
10705,801502,1,1,IN01A005,IN01A005_L,,,BI,vnc_intrinsic,L,,SIFa_to_target,male-cns:v1.0,other,L
10705,801552,1,1,IN19A016,IN19A016_R,,,IR,vnc_intrinsic,R,,SIFa_to_target,male-cns:v1.0,other,R
10705,801719,1,1,IN09B006,IN09B006_L,,,BI,vnc_intrinsic,L,,SIFa_to_target,male-cns:v1.0,other,L
10705,801876,1,1,IN14A009,IN14A009_L,,,CR,vnc_intrinsic,L,,SIFa_to_target,male-cns:v1.0,other,L
10705,801910,1,1,IN13A015,IN13A015_R,,,IR,vnc_intrinsic,R,,SIFa_to_target,male-cns:v1.0,other,R
10705,801958,1,1,IN13B025,IN13B025_L,,,CR,vnc_intrinsic,L,,SIFa_to_target,male-cns:v1.0,other,L
10705,801965,1,1,IN05B017,IN05B017_L,,,BI,vnc_intrinsic,L,,SIFa_to_target,male-cns:v1.0,other,L
10705,802018,1,1,IN03B049,IN03B049_R,,,II,vnc_intrinsic,R,,SIFa_to_target,male-cns:v1.0,other,R
10705,802174,1,1,IN05B013,IN05B013_R,,,BI,vnc_intrinsic,R,,SIFa_to_target,male-cns:v1.0,other,R
10705,802189,3,3,IN20A.22A007,IN20A.22A007_R,,,IR,vnc_intrinsic,R,,SIFa_to_target,male-cns:v1.0,other,R
10705,802238,6,5,IN05B017,IN05B017_L,,,BI,vnc_intrinsic,L,,SIFa_to_target,male-cns:v1.0,other,L
10705,802312,1,1,INXXX179,INXXX179_R,,,II,vnc_intrinsic,R,,SIFa_to_target,male-cns:v1.0,other,R
10705,802374,1,1,IN00A007,IN00A007_M,,,BI,vnc_intrinsic,M,,SIFa_to_target,male-cns:v1.0,other,unknown
10705,802378,2,1,IN00A031,IN00A031_M,,,BI,vnc_intrinsic,M,,SIFa_to_target,male-cns:v1.0,other,unknown
10705,802440,1,1,IN16B029,IN16B029_R,,,IR,vnc_intrinsic,R,,SIFa_to_target,male-cns:v1.0,other,R
10705,802455,1,1,INXXX008,INXXX008_R,,,BI,vnc_intrinsic,R,,SIFa_to_target,male-cns:v1.0,other,R
10705,802541,1,1,dMS10,dMS10_R,,,BI,vnc_intrinsic,R,,SIFa_to_target,male-cns:v1.0,other,R
10705,802597,1,1,IN19A073,IN19A073_R,,,IR,vnc_intrinsic,R,,SIFa_to_target,male-cns:v1.0,other,R
10705,802598,1,1,IN12A021_a,IN12A021_a_R,,,BI,vnc_intrinsic,R,,SIFa_to_target,male-cns:v1.0,other,R
10705,802616,1,1,IN23B020,IN23B020_R,,,BR,vnc_intrinsic,R,,SIFa_to_target,male-cns:v1.0,other,R
10705,802652,6,3,IN05B013,IN05B013_L,,,BI,vnc_intrinsic,L,,SIFa_to_target,male-cns:v1.0,other,L
10705,802700,2,2,IN23B037,IN23B037_R,,,BR,vnc_intrinsic,R,,SIFa_to_target,male-cns:v1.0,other,R
10705,802742,10,7,IN14A013,IN14A013_L,,,CR,vnc_intrinsic,L,,SIFa_to_target,male-cns:v1.0,other,L
10705,802748,1,1,INXXX110,INXXX110_R,,,BI,vnc_intrinsic,R,,SIFa_to_target,male-cns:v1.0,other,R
10705,802793,1,1,INXXX382_b,INXXX382_b_R,,,BR,vnc_intrinsic,R,,SIFa_to_target,male-cns:v1.0,other,R
10705,802899,1,1,IN23B020,IN23B020_R,,,BR,vnc_intrinsic,R,,SIFa_to_target,male-cns:v1.0,other,R
10705,802906,1,1,IN23B032,IN23B032_L,,,BI,vnc_intrinsic,L,,SIFa_to_target,male-cns:v1.0,other,L
10705,803031,1,1,IN18B037,IN18B037_R,,,BI,vnc_intrinsic,R,,SIFa_to_target,male-cns:v1.0,other,R
10705,803033,1,1,INXXX373,INXXX373_R,,,IR,vnc_intrinsic,R,,SIFa_to_target,male-cns:v1.0,other,R
10705,803059,16,15,IN01A039,IN01A039_L,,,CR,vnc_intrinsic,L,,SIFa_to_target,male-cns:v1.0,other,L
10705,803189,1,1,IN05B018,IN05B018_L,,,BI,vnc_intrinsic,L,,SIFa_to_target,male-cns:v1.0,other,L
10705,803202,1,1,INXXX096,INXXX096_L,,,BI,vnc_intrinsic,L,,SIFa_to_target,male-cns:v1.0,other,L
10705,803348,1,1,IN01A045,IN01A045_R,,,BR,vnc_intrinsic,R,,SIFa_to_target,male-cns:v1.0,other,R
10705,803418,2,2,IN17B001,IN17B001_R,,,BI,vnc_intrinsic,R,,SIFa_to_target,male-cns:v1.0,other,R
10705,803535,2,1,IN01B006,IN01B006_R,,,IR,vnc_intrinsic,R,,SIFa_to_target,male-cns:v1.0,other,R
10705,803579,1,1,IN18B029,IN18B029_L,,,BI,vnc_intrinsic,L,,SIFa_to_target,male-cns:v1.0,other,L
10705,803629,5,4,IN23B023,IN23B023_R,,,BI,vnc_intrinsic,R,,SIFa_to_target,male-cns:v1.0,other,R
10705,803631,1,1,IN20A.22A017,IN20A.22A017_L,,,,vnc_intrinsic,L,,SIFa_to_target,male-cns:v1.0,other,L
10705,803703,1,1,IN17A060,IN17A060_R,,,BI,vnc_intrinsic,R,,SIFa_to_target,male-cns:v1.0,other,R
10705,803781,7,7,IN23B031,IN23B031_R,,,,vnc_intrinsic,R,,SIFa_to_target,male-cns:v1.0,other,R
10705,803821,1,1,IN27X002,IN27X002_L,,,BI,vnc_intrinsic,L,,SIFa_to_target,male-cns:v1.0,other,L
10705,803822,1,1,IN00A018,IN00A018_M,,,BI,vnc_intrinsic,M,,SIFa_to_target,male-cns:v1.0,other,unknown
10705,803865,1,1,INXXX290,INXXX290_R,,,BR,vnc_intrinsic,R,,SIFa_to_target,male-cns:v1.0,other,R
10705,803889,1,1,INXXX261,INXXX261_R,,,BR,vnc_intrinsic,R,,SIFa_to_target,male-cns:v1.0,other,R
10705,803945,1,1,IN04B033,IN04B033_R,,,BR,vnc_intrinsic,R,,SIFa_to_target,male-cns:v1.0,other,R
10705,803991,1,1,IN01A037,IN01A037_R,,,BR,vnc_intrinsic,R,,SIFa_to_target,male-cns:v1.0,other,R
10705,804022,2,2,IN04B049_c,IN04B049_c_R,,,IR,vnc_intrinsic,R,,SIFa_to_target,male-cns:v1.0,other,R
10705,804040,1,1,IN04B049_a,IN04B049_a_R,,,IR,vnc_intrinsic,R,,SIFa_to_target,male-cns:v1.0,other,R
10705,804046,1,1,IN00A026,IN00A026_M,,,BI,vnc_intrinsic,M,,SIFa_to_target,male-cns:v1.0,other,unknown
10705,804180,1,1,MNad14,MNad14_R,,,ad,vnc_motor,R,,SIFa_to_target,male-cns:v1.0,other,R
10705,804182,1,1,IN23B047,IN23B047_R,,,BI,vnc_intrinsic,R,,SIFa_to_target,male-cns:v1.0,other,R
10705,804356,13,11,IN13B026,IN13B026_L,,,CR,vnc_intrinsic,L,,SIFa_to_target,male-cns:v1.0,other,L
10705,804403,1,1,INXXX290,INXXX290_L,,,BR,vnc_intrinsic,L,,SIFa_to_target,male-cns:v1.0,other,L
10705,804411,1,1,INXXX290,INXXX290_L,,,BR,vnc_intrinsic,L,,SIFa_to_target,male-cns:v1.0,other,L
10705,804625,2,2,MNad22,MNad22_R,,,ad,vnc_motor,R,,SIFa_to_target,male-cns:v1.0,other,R
10705,804695,1,1,INXXX441,INXXX441_L,,,BR,vnc_intrinsic,L,,SIFa_to_target,male-cns:v1.0,other,L
10705,804753,1,1,IN04B017,IN04B017_R,,,,vnc_intrinsic,R,,SIFa_to_target,male-cns:v1.0,other,R
10705,804971,1,1,IN08A028,IN08A028_R,,,IR,vnc_intrinsic,R,,SIFa_to_target,male-cns:v1.0,other,R
10705,805026,2,2,INXXX373,INXXX373_R,,,BR,vnc_intrinsic,R,,SIFa_to_target,male-cns:v1.0,other,R
10705,805040,2,2,IN04B056,IN04B056_R,,,BR,vnc_intrinsic,R,,SIFa_to_target,male-cns:v1.0,other,R
10705,805101,2,1,IN12B033,IN12B033_L,,,CR,vnc_intrinsic,L,,SIFa_to_target,male-cns:v1.0,other,L
10705,805245,1,1,INXXX382_b,INXXX382_b_R,,,,vnc_intrinsic,R,,SIFa_to_target,male-cns:v1.0,other,R
10705,805267,1,1,INXXX350,INXXX350_L,,,BR,vnc_intrinsic,L,,SIFa_to_target,male-cns:v1.0,other,L
10705,805514,1,1,INXXX399,INXXX399_L,,,BR,vnc_intrinsic,L,,SIFa_to_target,male-cns:v1.0,other,L
10705,805657,1,1,ENXXX128,ENXXX128_R,,,,vnc_efferent,R,,SIFa_to_target,male-cns:v1.0,other,R
10705,805812,1,1,SNch01,,,chemosensory,abdomen,vnc_sensory,,R,SIFa_to_target,male-cns:v1.0,other,unknown
10705,806039,1,1,IN12B036,IN12B036_L,,,CR,vnc_intrinsic,L,,SIFa_to_target,male-cns:v1.0,other,L
10705,806090,3,2,IN04B017,IN04B017_R,,,,vnc_intrinsic,R,,SIFa_to_target,male-cns:v1.0,other,R
10705,806129,1,1,IN09A032,IN09A032_R,,,II,vnc_intrinsic,R,,SIFa_to_target,male-cns:v1.0,other,R
10705,806164,2,2,IN01A056,IN01A056_L,,,CR,vnc_intrinsic,L,,SIFa_to_target,male-cns:v1.0,other,L
10705,806198,1,1,IN19A042,IN19A042_R,,,BR,vnc_intrinsic,R,,SIFa_to_target,male-cns:v1.0,other,R
10705,806257,1,1,INXXX336,INXXX336_L,,,BR,vnc_intrinsic,L,,SIFa_to_target,male-cns:v1.0,other,L
10705,806269,2,1,SNppxx,,,mechanosensory_proprioceptive,leg,vnc_sensory,,R,SIFa_to_target,male-cns:v1.0,other,unknown
10705,806280,1,1,,,,unknown_sensory,abdomen,vnc_sensory,,L,SIFa_to_target,male-cns:v1.0,other,unknown
10705,806282,1,1,IN13B038,IN13B038_L,,,CR,vnc_intrinsic,L,,SIFa_to_target,male-cns:v1.0,other,L
10705,806318,2,1,IN05B036,IN05B036_L,,,BI,vnc_intrinsic,L,,SIFa_to_target,male-cns:v1.0,other,L
10705,806345,1,1,INXXX369,INXXX369_L,,,BR,vnc_intrinsic,L,,SIFa_to_target,male-cns:v1.0,other,L
10705,806559,1,1,INXXX332,INXXX332_L,,,BR,vnc_intrinsic,L,,SIFa_to_target,male-cns:v1.0,other,L
10705,806765,1,1,IN20A.22A019,IN20A.22A019_R,,,,vnc_intrinsic,R,,SIFa_to_target,male-cns:v1.0,other,R
10705,806901,1,1,IN09A027,IN09A027_R,,,II,vnc_intrinsic,R,,SIFa_to_target,male-cns:v1.0,other,R
10705,807002,1,1,INXXX336,INXXX336_R,,,BR,vnc_intrinsic,R,,SIFa_to_target,male-cns:v1.0,other,R
10705,807015,1,1,INXXX397,INXXX397_L,,,BR,vnc_intrinsic,L,,SIFa_to_target,male-cns:v1.0,other,L
10705,807026,1,1,INXXX377,INXXX377_L,,,BR,vnc_intrinsic,L,,SIFa_to_target,male-cns:v1.0,other,L
10705,807032,1,1,SNxx31,SNxx31_L,,unknown_sensory,mechanosensory bristle,vnc_sensory,,L,SIFa_to_target,male-cns:v1.0,other,L
10705,807072,1,1,INXXX343,INXXX343_L,,,BR,vnc_intrinsic,L,,SIFa_to_target,male-cns:v1.0,other,L
10705,807097,1,1,IN03A088,IN03A088_R,,,IR,vnc_intrinsic,R,,SIFa_to_target,male-cns:v1.0,other,R
10705,807112,2,2,IN16B075_f,IN16B075_f_R,,,IR,vnc_intrinsic,R,,SIFa_to_target,male-cns:v1.0,other,R
10705,807191,2,1,IN23B058,IN23B058_R,,,BI,vnc_intrinsic,R,,SIFa_to_target,male-cns:v1.0,other,R
10705,807288,1,1,LK,LK_L,,,ad,vnc_endocrine,L,,SIFa_to_target,male-cns:v1.0,other,L
10705,807321,1,1,IN10B032,IN10B032_R,,,BI,vnc_intrinsic,R,,SIFa_to_target,male-cns:v1.0,other,R
10705,807398,1,1,IN06B038,IN06B038_L,,,,vnc_intrinsic,L,,SIFa_to_target,male-cns:v1.0,other,L
10705,807441,1,1,IN09B044,IN09B044_R,,,BI,vnc_intrinsic,R,,SIFa_to_target,male-cns:v1.0,other,R
10705,807515,1,1,IN23B081,IN23B081_L,,,BI,vnc_intrinsic,L,,SIFa_to_target,male-cns:v1.0,other,L
10705,807632,1,1,INXXX378,INXXX378_L,,,BR,vnc_intrinsic,L,,SIFa_to_target,male-cns:v1.0,other,L
10705,807697,1,1,IN20A.22A042,IN20A.22A042_R,,,IR,vnc_intrinsic,R,,SIFa_to_target,male-cns:v1.0,other,R
10705,807718,1,1,IN23B054,IN23B054_L,,,BR,vnc_intrinsic,L,,SIFa_to_target,male-cns:v1.0,other,L
10705,807773,1,1,IN12B039,IN12B039_L,,,CR,vnc_intrinsic,L,,SIFa_to_target,male-cns:v1.0,other,L
10705,807944,2,1,IN04B077,IN04B077_R,,,,vnc_intrinsic,R,,SIFa_to_target,male-cns:v1.0,other,R
10705,808353,1,1,EN00B013,EN00B013_M,,,,vnc_efferent,M,,SIFa_to_target,male-cns:v1.0,other,unknown
10705,808423,1,1,IN03A093,IN03A093_R,,,IR,vnc_intrinsic,R,,SIFa_to_target,male-cns:v1.0,other,R
10705,808442,2,1,IN19A044,IN19A044_R,,,,vnc_intrinsic,R,,SIFa_to_target,male-cns:v1.0,other,R
10705,808456,1,1,,,,,,vnc_efferent,M,,SIFa_to_target,male-cns:v1.0,other,unknown
10705,808566,1,1,IN13B039,IN13B039_L,,,CR,vnc_intrinsic,L,,SIFa_to_target,male-cns:v1.0,other,L
10705,808610,2,1,IN04B062,IN04B062_R,,,IR,vnc_intrinsic,R,,SIFa_to_target,male-cns:v1.0,other,R
10705,808652,1,1,IN04B048,IN04B048_L,,,BR,vnc_intrinsic,L,,SIFa_to_target,male-cns:v1.0,other,L
10705,808670,1,1,IN12B071,IN12B071_R,,,BR,vnc_intrinsic,R,,SIFa_to_target,male-cns:v1.0,other,R
10705,808690,7,7,IN20A.22A046,IN20A.22A046_R,,,,vnc_intrinsic,R,,SIFa_to_target,male-cns:v1.0,other,R
10705,808692,1,1,IN03A093,IN03A093_R,,,IR,vnc_intrinsic,R,,SIFa_to_target,male-cns:v1.0,other,R
10705,808715,1,1,INXXX293,INXXX293_L,,,BR,vnc_intrinsic,L,,SIFa_to_target,male-cns:v1.0,other,L
10705,808832,2,2,IN20A.22A041,IN20A.22A041_R,,,,vnc_intrinsic,R,,SIFa_to_target,male-cns:v1.0,other,R
10705,808950,2,2,IN23B086,IN23B086_R,,,BI,vnc_intrinsic,R,,SIFa_to_target,male-cns:v1.0,other,R
10705,809155,1,1,INXXX397,INXXX397_L,,,BR,vnc_intrinsic,L,,SIFa_to_target,male-cns:v1.0,other,L
10705,809227,1,1,LgLG4,LgLG4_R,,gustatory,leg bristle,vnc_sensory,,R,SIFa_to_target,male-cns:v1.0,other,R
10705,809273,1,1,IN19A099,IN19A099_R,,,BR,vnc_intrinsic,R,,SIFa_to_target,male-cns:v1.0,other,R
10705,809312,1,1,IN13B058,IN13B058_L,,,CR,vnc_intrinsic,L,,SIFa_to_target,male-cns:v1.0,other,L
10705,809445,1,1,INXXX424,INXXX424_R,,,BR,vnc_intrinsic,R,,SIFa_to_target,male-cns:v1.0,other,R
10705,810117,1,1,INXXX295,INXXX295_L,,,BI,vnc_intrinsic,L,,SIFa_to_target,male-cns:v1.0,other,L
10705,810283,3,3,IN01A067,IN01A067_L,,,CR,vnc_intrinsic,L,,SIFa_to_target,male-cns:v1.0,other,L
10705,810455,1,1,IN13B087,IN13B087_L,,,CR,vnc_intrinsic,L,,SIFa_to_target,male-cns:v1.0,other,L
10705,810501,1,1,INXXX431,INXXX431_R,,,,vnc_intrinsic,R,,SIFa_to_target,male-cns:v1.0,other,R
10705,810550,2,2,LgLG4,LgLG4_R,,gustatory,leg bristle,vnc_sensory,,R,SIFa_to_target,male-cns:v1.0,other,R
10705,810927,1,1,INXXX431,INXXX431_R,,,,vnc_intrinsic,R,,SIFa_to_target,male-cns:v1.0,other,R
10705,811007,2,2,IN20A.22A046,IN20A.22A046_R,,,,vnc_intrinsic,R,,SIFa_to_target,male-cns:v1.0,other,R
10705,811060,1,1,IN14A029,IN14A029_L,,,BR,vnc_intrinsic,L,,SIFa_to_target,male-cns:v1.0,other,L
10705,811128,1,1,IN12B051,IN12B051_L,,,BI,vnc_intrinsic,L,,SIFa_to_target,male-cns:v1.0,other,L
10705,811183,1,1,IN14A079,IN14A079_L,,,CR,vnc_intrinsic,L,,SIFa_to_target,male-cns:v1.0,other,L
10705,811344,1,1,IN18B054,IN18B054_L,,,BI,vnc_intrinsic,L,,SIFa_to_target,male-cns:v1.0,other,L
10705,811410,1,1,IN19A100,IN19A100_R,,,BR,vnc_intrinsic,R,,SIFa_to_target,male-cns:v1.0,other,R
10705,811420,1,1,INXXX448,INXXX448_L,,,,vnc_intrinsic,L,,SIFa_to_target,male-cns:v1.0,other,L
10705,811478,1,1,IN09A042,IN09A042_L,,,BR,vnc_intrinsic,L,,SIFa_to_target,male-cns:v1.0,other,L
10705,812190,5,4,,,,,,vnc_intrinsic,R,,SIFa_to_target,male-cns:v1.0,other,unknown
10705,812267,1,1,IN10B052,IN10B052_L,,,BI,vnc_intrinsic,L,,SIFa_to_target,male-cns:v1.0,other,L
10705,812335,1,1,GFC3,GFC3_R,,,,vnc_intrinsic,R,,SIFa_to_target,male-cns:v1.0,other,R
10705,812367,2,1,INXXX386,INXXX386_L,,,BR,vnc_intrinsic,L,,SIFa_to_target,male-cns:v1.0,other,L
10705,812540,1,1,INXXX446,INXXX446_R,,,,vnc_intrinsic,R,,SIFa_to_target,male-cns:v1.0,other,R
10705,812638,1,1,IN09A057,IN09A057_R,,,,vnc_intrinsic,R,,SIFa_to_target,male-cns:v1.0,other,R
10705,812672,2,2,IN12B050,IN12B050_L,,,,vnc_intrinsic,L,,SIFa_to_target,male-cns:v1.0,other,L
10705,812766,1,1,IN03B079,IN03B079_R,,,IR,vnc_intrinsic,R,,SIFa_to_target,male-cns:v1.0,other,R
10705,812767,1,1,IN14A029,IN14A029_L,,,BR,vnc_intrinsic,L,,SIFa_to_target,male-cns:v1.0,other,L
10705,812838,1,1,IN13B093,IN13B093_L,,,CR,vnc_intrinsic,L,,SIFa_to_target,male-cns:v1.0,other,L
10705,812988,1,1,MNxm03,MNxm03_L,,,xm,vnc_motor,L,,SIFa_to_target,male-cns:v1.0,other,L
10705,813104,1,1,IN09A005,IN09A005_R,,,BI,vnc_intrinsic,R,,SIFa_to_target,male-cns:v1.0,other,R
10705,813119,1,1,IN19A059,IN19A059_R,,,IR,vnc_intrinsic,R,,SIFa_to_target,male-cns:v1.0,other,R
10705,813201,1,1,EN00B008,EN00B008_M,,,,vnc_efferent,M,,SIFa_to_target,male-cns:v1.0,other,unknown
10705,813633,1,1,MNad21,MNad21_R,,,ad,vnc_motor,R,,SIFa_to_target,male-cns:v1.0,other,R
10705,813726,2,2,"IN09A056,IN09A072","IN09A056,IN09A072_R",,,,vnc_intrinsic,R,,SIFa_to_target,male-cns:v1.0,other,R
10705,814455,1,1,IN14A120,IN14A120_L,,,CR,vnc_intrinsic,L,,SIFa_to_target,male-cns:v1.0,other,L
10705,814787,1,1,IN09A090,IN09A090_R,,,IR,vnc_intrinsic,R,,SIFa_to_target,male-cns:v1.0,other,R
10705,815031,1,1,IN20A.22A084,IN20A.22A084_R,,,IR,vnc_intrinsic,R,,SIFa_to_target,male-cns:v1.0,other,R
10705,815209,1,1,MNad29,MNad29_R,,,ad,vnc_motor,R,,SIFa_to_target,male-cns:v1.0,other,R
10705,815314,2,2,IN01B075,IN01B075_R,,,IR,vnc_intrinsic,R,,SIFa_to_target,male-cns:v1.0,other,R
10705,815613,1,1,IN09A088,IN09A088_R,,,IR,vnc_intrinsic,R,,SIFa_to_target,male-cns:v1.0,other,R
10705,816286,1,1,IN01B095,IN01B095_R,,,,vnc_intrinsic,R,,SIFa_to_target,male-cns:v1.0,other,R
10705,816488,2,1,SNta20,,,mechanosensory_tactile,mechanosensory bristle,vnc_sensory,,R,SIFa_to_target,male-cns:v1.0,other,unknown
10705,816523,1,1,INXXX446,INXXX446_R,,,,vnc_intrinsic,R,,SIFa_to_target,male-cns:v1.0,other,R
10705,817862,1,1,EN00B026,EN00B026_M,,,,vnc_efferent,M,,SIFa_to_target,male-cns:v1.0,other,unknown
10705,817987,1,1,IN09A070,IN09A070_R,,,II,vnc_intrinsic,R,,SIFa_to_target,male-cns:v1.0,other,R
10705,818138,1,1,IN03B086_a,IN03B086_a_L,,,BI,vnc_intrinsic,L,,SIFa_to_target,male-cns:v1.0,other,L
10705,819503,2,1,IN09A093,IN09A093_R,,,,vnc_intrinsic,R,,SIFa_to_target,male-cns:v1.0,other,R
10705,820213,1,1,,,,,,vnc_intrinsic,R,,SIFa_to_target,male-cns:v1.0,other,unknown
10705,820885,1,1,IN09A090,IN09A090_L,,,IR,vnc_intrinsic,L,,SIFa_to_target,male-cns:v1.0,other,L
10705,821706,1,1,INXXX429,INXXX429_R,,,BR,vnc_intrinsic,R,,SIFa_to_target,male-cns:v1.0,other,R
10705,823001,1,1,,,,,,,,,SIFa_to_target,male-cns:v1.0,other,unknown
10705,833211,1,1,"MNad18,MNad27","MNad18,MNad27_L",,,ad,vnc_motor,L,,SIFa_to_target,male-cns:v1.0,other,L
10705,901887,1,1,ORN_DL5,ORN_DL5_L,ORN_DL5,olfactory,,cb_sensory,,L,SIFa_to_target,male-cns:v1.0,other,L
10705,902216,1,1,PhG9,PhG9_R,,gustatory,pharyngeal sensillum,cb_sensory,,R,SIFa_to_target,male-cns:v1.0,other,R
10705,902277,1,1,IN12B032,IN12B032_L,,,,vnc_intrinsic,L,,SIFa_to_target,male-cns:v1.0,other,L
10705,902437,1,1,IN01A012,IN01A012_L,,,CR,vnc_intrinsic,L,,SIFa_to_target,male-cns:v1.0,other,L
10705,902505,1,1,IN05B020,IN05B020_R,,,BI,vnc_intrinsic,R,,SIFa_to_target,male-cns:v1.0,other,R
10705,902602,2,1,IN13A075,IN13A075_R,,,,vnc_intrinsic,R,,SIFa_to_target,male-cns:v1.0,other,R
10705,902818,1,1,IN23B058,IN23B058_L,,,BI,vnc_intrinsic,L,,SIFa_to_target,male-cns:v1.0,other,L
10705,902879,3,3,IN14A052,IN14A052_L,,,CR,vnc_intrinsic,L,,SIFa_to_target,male-cns:v1.0,other,L
10705,903021,1,1,INXXX197,INXXX197_R,,,BR,vnc_intrinsic,R,,SIFa_to_target,male-cns:v1.0,other,R
10705,903419,1,1,IN23B023,IN23B023_R,,,BR,vnc_intrinsic,R,,SIFa_to_target,male-cns:v1.0,other,R
10705,903492,1,1,INXXX288,INXXX288_R,,,BR,vnc_intrinsic,R,,SIFa_to_target,male-cns:v1.0,other,R
10705,903643,1,1,Sternal posterior rotator MN,Sternal posterior rotator MN_R,,,hl,vnc_motor,R,,SIFa_to_target,male-cns:v1.0,other,R
10705,903665,2,2,IN09A010,IN09A010_R,,,IR,vnc_intrinsic,R,,SIFa_to_target,male-cns:v1.0,other,R
10705,903694,2,2,IN14A001,IN14A001_L,,,CR,vnc_intrinsic,L,,SIFa_to_target,male-cns:v1.0,other,L
10705,903700,47,44,IN13A005,IN13A005_R,,,IR,vnc_intrinsic,R,,SIFa_to_target,male-cns:v1.0,other,R
10705,903792,1,1,IN23B061,IN23B061_R,,,BI,vnc_intrinsic,R,,SIFa_to_target,male-cns:v1.0,other,R
10705,903801,1,1,INXXX083,INXXX083_R,,,BR,vnc_intrinsic,R,,SIFa_to_target,male-cns:v1.0,other,R
10705,903879,14,11,IN23B031,IN23B031_R,,,,vnc_intrinsic,R,,SIFa_to_target,male-cns:v1.0,other,R
10705,904164,1,1,IN03A074,IN03A074_R,,,IR,vnc_intrinsic,R,,SIFa_to_target,male-cns:v1.0,other,R
10705,904732,1,1,IN10B059,IN10B059_L,,,,vnc_intrinsic,L,,SIFa_to_target,male-cns:v1.0,other,L
10705,904965,3,2,INXXX209,INXXX209_L,,,BR,vnc_intrinsic,L,,SIFa_to_target,male-cns:v1.0,other,L
10705,904990,1,1,MNad62,MNad62_R,,,ad,vnc_motor,R,,SIFa_to_target,male-cns:v1.0,other,R
10705,905042,1,1,IN20A.22A006,IN20A.22A006_R,,,IR,vnc_intrinsic,R,,SIFa_to_target,male-cns:v1.0,other,R
10705,905146,8,8,IN01B020,IN01B020_R,,,IR,vnc_intrinsic,R,,SIFa_to_target,male-cns:v1.0,other,R
10705,905708,4,3,IN03A093,IN03A093_R,,,IR,vnc_intrinsic,R,,SIFa_to_target,male-cns:v1.0,other,R
10705,906360,2,2,IN23B014,IN23B014_R,,,BR,vnc_intrinsic,R,,SIFa_to_target,male-cns:v1.0,other,R
10705,906557,1,1,IN10B055,IN10B055_L,,,,vnc_intrinsic,L,,SIFa_to_target,male-cns:v1.0,other,L
10705,906634,2,2,INXXX448,INXXX448_L,,,,vnc_intrinsic,L,,SIFa_to_target,male-cns:v1.0,other,L
10705,907233,1,1,IN01A051,IN01A051_R,,,BR,vnc_intrinsic,R,,SIFa_to_target,male-cns:v1.0,other,R
10705,907399,1,1,INXXX349,INXXX349_L,,,BR,vnc_intrinsic,L,,SIFa_to_target,male-cns:v1.0,other,L
10705,907573,1,1,,,,mechanosensory_proprioceptive,leg,vnc_sensory,,R,SIFa_to_target,male-cns:v1.0,other,unknown
10705,907619,13,12,IN13B030,IN13B030_L,,,CR,vnc_intrinsic,L,,SIFa_to_target,male-cns:v1.0,other,L
10705,907758,1,1,IN23B044,IN23B044_R,,,BR,vnc_intrinsic,R,,SIFa_to_target,male-cns:v1.0,other,R
10705,907987,1,1,INXXX244,INXXX244_L,,,BR,vnc_intrinsic,L,,SIFa_to_target,male-cns:v1.0,other,L
10705,908029,2,2,IN03A093,IN03A093_R,,,IR,vnc_intrinsic,R,,SIFa_to_target,male-cns:v1.0,other,R
10705,908060,1,1,IN14A077,IN14A077_L,,,CR,vnc_intrinsic,L,,SIFa_to_target,male-cns:v1.0,other,L
10705,908134,5,4,IN23B066,IN23B066_R,,,BR,vnc_intrinsic,R,,SIFa_to_target,male-cns:v1.0,other,R
10705,908285,1,1,MNad50,MNad50_R,,,ad,vnc_motor,R,,SIFa_to_target,male-cns:v1.0,other,R
10705,908705,1,1,IN13A072,IN13A072_R,,,IR,vnc_intrinsic,R,,SIFa_to_target,male-cns:v1.0,other,R
10705,908728,1,1,INXXX357,INXXX357_L,,,BR,vnc_intrinsic,L,,SIFa_to_target,male-cns:v1.0,other,L
10705,908934,1,1,INXXX448,INXXX448_R,,,,vnc_intrinsic,R,,SIFa_to_target,male-cns:v1.0,other,R
10705,909033,1,1,INXXX431,INXXX431_R,,,,vnc_intrinsic,R,,SIFa_to_target,male-cns:v1.0,other,R
10705,909069,1,1,IN12B016,IN12B016_R,,,BI,vnc_intrinsic,R,,SIFa_to_target,male-cns:v1.0,other,R
10705,909256,2,2,INXXX378,INXXX378_R,,,BR,vnc_intrinsic,R,,SIFa_to_target,male-cns:v1.0,other,R
10705,910107,1,1,IN10B032,IN10B032_R,,,BI,vnc_intrinsic,R,,SIFa_to_target,male-cns:v1.0,other,R
10705,910380,1,1,IN10B055,IN10B055_L,,,,vnc_intrinsic,L,,SIFa_to_target,male-cns:v1.0,other,L
10705,910541,1,1,IN05B070,IN05B070_R,,,BI,vnc_intrinsic,R,,SIFa_to_target,male-cns:v1.0,other,R
10705,910869,1,1,IN10B032,IN10B032_R,,,BI,vnc_intrinsic,R,,SIFa_to_target,male-cns:v1.0,other,R
10705,911404,1,1,IN09A055,IN09A055_R,,,,vnc_intrinsic,R,,SIFa_to_target,male-cns:v1.0,other,R
10705,911824,7,7,IN20A.22A078,IN20A.22A078_R,,,,vnc_intrinsic,R,,SIFa_to_target,male-cns:v1.0,other,R
10705,912257,1,1,IN14A099,IN14A099_L,,,CR,vnc_intrinsic,L,,SIFa_to_target,male-cns:v1.0,other,L
10705,918582,14,14,lLN2P_a,lLN2P_a_R,lLN2P_a,ALLN,,cb_intrinsic,R,,SIFa_to_target,male-cns:v1.0,other,R
10705,919942,1,1,GNG191,GNG191_R,,,,cb_intrinsic,R,,SIFa_to_target,male-cns:v1.0,other,R
10705,923901,1,1,ORN_VA4,ORN_VA4_L,ORN_VA4,olfactory,,cb_sensory,,L,SIFa_to_target,male-cns:v1.0,other,L
10705,926154,1,1,IN19A011,IN19A011_R,,,IR,vnc_intrinsic,R,,SIFa_to_target,male-cns:v1.0,other,R
10705,927842,1,1,INXXX260,INXXX260_L,,,BR,vnc_intrinsic,L,,SIFa_to_target,male-cns:v1.0,other,L
10705,928268,1,1,INXXX364,INXXX364_L,,,BR,vnc_intrinsic,L,,SIFa_to_target,male-cns:v1.0,other,L
10705,929688,8,8,IN13B027,IN13B027_L,,,CR,vnc_intrinsic,L,,SIFa_to_target,male-cns:v1.0,other,L
10705,932684,1,1,ANXXX084,ANXXX084_R,,,BA,ascending_neuron,R,,SIFa_to_target,male-cns:v1.0,other,R
10705,933505,1,1,CB2051,CB2051_R,,,,cb_intrinsic,R,,SIFa_to_target,male-cns:v1.0,other,R
10705,934618,1,1,IN03A009,IN03A009_R,,,II,vnc_intrinsic,R,,SIFa_to_target,male-cns:v1.0,other,R
10705,936193,2,2,IN12B054,IN12B054_R,,,BI,vnc_intrinsic,R,,SIFa_to_target,male-cns:v1.0,other,R
10705,936775,1,1,INXXX283,INXXX283_R,,,BR,vnc_intrinsic,R,,SIFa_to_target,male-cns:v1.0,other,R
10705,936838,2,2,,,,,,vnc_efferent,M,,SIFa_to_target,male-cns:v1.0,other,unknown
10705,944267,1,1,AN10B045,AN10B045_L,,,BA,ascending_neuron,L,,SIFa_to_target,male-cns:v1.0,other,L
10705,117168418,1,1,,,,,,,,,SIFa_to_target,male-cns:v1.0,other,unknown
10705,791591888,3,2,,,,,,,,,SIFa_to_target,male-cns:v1.0,other,unknown
10705,1051877630,1,1,,,,,,,R,,SIFa_to_target,male-cns:v1.0,other,unknown
10705,1053955095,2,2,IN13B019,IN13B019_L,,,CR,vnc_intrinsic,L,,SIFa_to_target,male-cns:v1.0,other,L
11369,10009,18,16,CT1,CT1_L,CT1,,,ol_intrinsic,L,,SIFa_to_target,male-cns:v1.0,other,L
11369,10033,1,1,DNg56,DNg56_R,,,xn,descending_neuron,R,,SIFa_to_target,male-cns:v1.0,other,R
11369,10035,1,1,AstA1,AstA1_L,AstA1,,,cb_intrinsic,L,,SIFa_to_target,male-cns:v1.0,other,L
11369,10046,1,1,MeVC11,MeVC11_L,PS125,,,visual_centrifugal,L,,SIFa_to_target,male-cns:v1.0,other,L
11369,10084,2,1,DP1m_adPN,DP1m_adPN_R,DP1m_adPN,ALPN,,cb_intrinsic,R,,SIFa_to_target,male-cns:v1.0,other,R
11369,10093,5,5,Am1,Am1_R,,,,ol_intrinsic,R,,SIFa_to_target,male-cns:v1.0,other,R
11369,10097,1,1,oviIN,oviIN_L,oviIN,,,cb_intrinsic,L,,SIFa_to_target,male-cns:v1.0,other,L
11369,10107,1,1,MeVCMe1,MeVCMe1_L,aMe14b,,,visual_centrifugal,L,,SIFa_to_target,male-cns:v1.0,other,L
11369,10124,1,1,DNg105,DNg105_L,,,xl,descending_neuron,L,,SIFa_to_target,male-cns:v1.0,other,L
11369,10140,1,1,lLN1_bc,lLN1_bc_R,"lLN1_b,lLN1_c",ALLN,,cb_intrinsic,R,,SIFa_to_target,male-cns:v1.0,other,R
11369,10150,5,5,AN27X013,AN27X013_R,,,XA,ascending_neuron,R,,SIFa_to_target,male-cns:v1.0,other,R
11369,10169,8,6,lLN2F_b,lLN2F_b(Full)_R,lLN2F_b,ALLN,,cb_intrinsic,R,,SIFa_to_target,male-cns:v1.0,other,R
11369,10170,2,2,MeVPMe2,MeVPMe2_R,,,,visual_projection,R,,SIFa_to_target,male-cns:v1.0,other,R
11369,10176,2,1,DM1_lPN,DM1_lPN_R,DM1_lPN,ALPN,,cb_intrinsic,R,,SIFa_to_target,male-cns:v1.0,other,R
11369,10190,3,3,MeVPMe2,MeVPMe2_R,,,,visual_projection,R,,SIFa_to_target,male-cns:v1.0,other,R
11369,10201,62,58,lLN2T_c,lLN2T_c(Tortuous)_R,lLN2T_c,ALLN,,cb_intrinsic,R,,SIFa_to_target,male-cns:v1.0,other,R
11369,10205,1,1,GNG003,GNG003_M,,,,cb_intrinsic,M,,SIFa_to_target,male-cns:v1.0,other,unknown
11369,10216,1,1,DNge037,DNge037_R,,,xl,descending_neuron,R,,SIFa_to_target,male-cns:v1.0,other,R
11369,10254,7,4,lLN2F_a,lLN2F_a(Full)_R,lLN2F_a,ALLN,,cb_intrinsic,R,,SIFa_to_target,male-cns:v1.0,other,R
11369,10264,7,7,DNp31,DNp31_R,DNp31,,ut,descending_neuron,R,,SIFa_to_target,male-cns:v1.0,other,R
11369,10269,1,1,OA-AL2i2,OA-AL2i2_R,,,,visual_centrifugal,R,,SIFa_to_target,male-cns:v1.0,other,R
11369,10307,3,3,AVLP083,AVLP083(no left?)_R,AVLP083,,,cb_intrinsic,R,,SIFa_to_target,male-cns:v1.0,other,L
11369,10312,1,1,MeVPMe2,MeVPMe2_R,,,,visual_projection,R,,SIFa_to_target,male-cns:v1.0,other,R
11369,10323,1,1,CL366,CL366_R,,,,cb_intrinsic,R,,SIFa_to_target,male-cns:v1.0,other,R
11369,10326,1,1,SMP001,SMP001_L,SMP001,,,cb_intrinsic,L,,SIFa_to_target,male-cns:v1.0,other,L
11369,10342,1,1,DNc02,DNc02(SIFa)_R,SIFa,,xn,descending_neuron,R,,SIFa_to_target,male-cns:v1.0,other,R
11369,10358,1,1,MeVPMe12,MeVPMe12_R,,ol_bilateral,,ol_intrinsic,R,,SIFa_to_target,male-cns:v1.0,other,R
11369,10378,3,1,AL-MBDL1,AL-MBDL1_R,AL-MBDL1,ALIN,,cb_intrinsic,R,,SIFa_to_target,male-cns:v1.0,other,R
11369,10390,5,3,VA2_adPN,VA2_adPN_R,VA2_adPN,ALPN,,cb_intrinsic,R,,SIFa_to_target,male-cns:v1.0,other,R
11369,10408,1,1,VP1d+VP4_l2PN2,VP1d+VP4_l2PN2_R,VP1d+VP4_l2PN2,ALPN,,cb_intrinsic,R,,SIFa_to_target,male-cns:v1.0,other,R
11369,10420,1,1,GNG667,GNG667_L,,,,cb_intrinsic,L,,SIFa_to_target,male-cns:v1.0,other,L
11369,10447,1,1,DNge138,DNge138_M,,,xn,descending_neuron,M,,SIFa_to_target,male-cns:v1.0,other,unknown
11369,10456,5,3,lLN2F_a,lLN2F_a(Full)_R,lLN2F_a,ALLN,,cb_intrinsic,R,,SIFa_to_target,male-cns:v1.0,other,R
11369,10473,3,3,il3LN6,il3LN6_R,il3LN6,ALLN,,cb_intrinsic,R,,SIFa_to_target,male-cns:v1.0,other,R
11369,10515,9,8,lLN2F_b,lLN2F_b(Full)_R,lLN2F_b,ALLN,,cb_intrinsic,R,,SIFa_to_target,male-cns:v1.0,other,R
11369,10518,3,3,Cm31b,Cm31b_R,,,,ol_intrinsic,R,,SIFa_to_target,male-cns:v1.0,other,R
11369,10522,6,3,VL2p_adPN,VL2p_adPN_R,VL2p_adPN,ALPN,,cb_intrinsic,R,,SIFa_to_target,male-cns:v1.0,other,R
11369,10531,1,1,Pm12,Pm12_R,,,,ol_intrinsic,R,,SIFa_to_target,male-cns:v1.0,other,R
11369,10532,1,1,MeVC26,MeVC26_L,,,,visual_centrifugal,L,,SIFa_to_target,male-cns:v1.0,other,L
11369,10552,1,1,DNp29,DNp29(NPFP1)_L,NPFP1,,xn,descending_neuron,L,,SIFa_to_target,male-cns:v1.0,other,L
11369,10555,1,1,OA-VUMa3,OA-VUMa3_M,,,,cb_intrinsic,M,,SIFa_to_target,male-cns:v1.0,other,unknown
11369,10557,2,2,GNG137,GNG137_L,,,,cb_intrinsic,L,,SIFa_to_target,male-cns:v1.0,other,L
11369,10569,3,3,DC1_adPN,DC1_adPN_R,DC1_adPN,ALPN,,cb_intrinsic,R,,SIFa_to_target,male-cns:v1.0,other,R
11369,10593,2,1,AL-MBDL1,AL-MBDL1_L,AL-MBDL1,ALIN,,cb_intrinsic,L,,SIFa_to_target,male-cns:v1.0,other,L
11369,10613,1,1,DM4_adPN,DM4_adPN_R,DM4_adPN,ALPN,,cb_intrinsic,R,,SIFa_to_target,male-cns:v1.0,other,R
11369,10650,45,40,lLN2T_c,lLN2T_c(Tortuous)_R,lLN2T_c,ALLN,,cb_intrinsic,R,,SIFa_to_target,male-cns:v1.0,other,R
11369,10665,3,2,DH44,DH44_L,"PI1,PI2,PI3",,,cb_endocrine,L,,SIFa_to_target,male-cns:v1.0,other,L
11369,10680,1,1,DNp48,DNp48(SMP462)_L,SMP462,,xn,descending_neuron,L,,SIFa_to_target,male-cns:v1.0,other,L
11369,10687,1,1,OA-AL2i3,OA-AL2i3_R,aMe14a,,,visual_centrifugal,R,,SIFa_to_target,male-cns:v1.0,other,R
11369,10688,1,1,CB0533,CB0533_R,,,,cb_intrinsic,R,,SIFa_to_target,male-cns:v1.0,other,R
11369,10689,1,1,AN12B001,AN12B001_L,,,BA,ascending_neuron,L,,SIFa_to_target,male-cns:v1.0,other,L
11369,10705,15,12,DNc02,DNc02(SIFa)_L,SIFa,,xn,descending_neuron,L,,SIFa_to_target,male-cns:v1.0,other,L
11369,10730,3,1,LoVC21,LoVC21_L,mALC3,,,visual_centrifugal,L,,SIFa_to_target,male-cns:v1.0,other,L
11369,10756,2,2,VC2_lPN,VC2_lPN_R,VC2_lPN,ALPN,,cb_intrinsic,R,,SIFa_to_target,male-cns:v1.0,other,R
11369,10758,1,1,IPC,IPC_R,"PI1,PI2,PI3",,,cb_endocrine,R,,SIFa_to_target,male-cns:v1.0,other,R
11369,10798,1,1,SMP543,SMP543_R,SMP543,,,cb_intrinsic,R,,SIFa_to_target,male-cns:v1.0,other,R
11369,10807,16,13,Pm11,Pm11_R,,,,ol_intrinsic,R,,SIFa_to_target,male-cns:v1.0,other,R
11369,10812,1,1,DH44,DH44_R,"PI1,PI2,PI3",,,cb_endocrine,R,,SIFa_to_target,male-cns:v1.0,other,R
11369,10822,2,2,DNge047,DNge047_R,,,xn,descending_neuron,R,,SIFa_to_target,male-cns:v1.0,other,R
11369,10842,2,2,CB0429,CB0429_L,,,xn,descending_neuron,L,,SIFa_to_target,male-cns:v1.0,other,L
11369,10843,1,1,Cm31a,Cm31a_R,,,,ol_intrinsic,R,,SIFa_to_target,male-cns:v1.0,other,R
11369,10849,2,2,GNG117,GNG117_L,,,,cb_intrinsic,L,,SIFa_to_target,male-cns:v1.0,other,L
11369,10863,4,4,,,,,am,cb_motor,R,,SIFa_to_target,male-cns:v1.0,other,unknown
11369,10864,1,1,GNG014,GNG014_R,,,,cb_intrinsic,R,,SIFa_to_target,male-cns:v1.0,other,R
11369,10870,1,1,l-LNv,l-LNv_R,l-LNv,ol_bilateral,,ol_intrinsic,R,,SIFa_to_target,male-cns:v1.0,PDF_positive_LNv,R
11369,10896,2,2,MeVP51,MeVP51_R,,,,visual_projection,R,,SIFa_to_target,male-cns:v1.0,other,R
11369,10904,2,2,VC1_lPN,VC1_lPN_R,VC1_lPN,ALPN,,cb_intrinsic,R,,SIFa_to_target,male-cns:v1.0,other,R
11369,10907,1,1,MeVPMe1,MeVPMe1_R,,,,visual_projection,R,,SIFa_to_target,male-cns:v1.0,other,R
11369,10925,1,1,AVLP542,AVLP542_R,AVLP542,,,cb_intrinsic,R,,SIFa_to_target,male-cns:v1.0,other,R
11369,10929,6,5,lLN2T_a,lLN2T_a(Tortuous)_R,lLN2T_a,ALLN,,cb_intrinsic,R,,SIFa_to_target,male-cns:v1.0,other,R
11369,10942,9,8,lLN2T_a,lLN2T_a(Tortuous)_R,lLN2T_a,ALLN,,cb_intrinsic,R,,SIFa_to_target,male-cns:v1.0,other,R
11369,10949,2,2,GNG506,GNG506_R,,,,cb_intrinsic,R,,SIFa_to_target,male-cns:v1.0,other,R
11369,10950,31,29,Pm11,Pm11_R,,,,ol_intrinsic,R,,SIFa_to_target,male-cns:v1.0,other,R
11369,10957,1,1,DNp69,DNp69(CL304)_R,CL304,,xn,descending_neuron,R,,SIFa_to_target,male-cns:v1.0,other,R
11369,10977,5,5,APL,APL_L,APL,,,cb_intrinsic,L,,SIFa_to_target,male-cns:v1.0,APL,L
11369,11053,3,2,LPsP,LPsP(PB13)_L,LPsP,CX,,cb_intrinsic,L,,SIFa_to_target,male-cns:v1.0,other,L
11369,11058,1,1,M_smPN6t2,M_smPN6t2_L,M_smPN6t2,ALPN,BI,cb_intrinsic,L,,SIFa_to_target,male-cns:v1.0,other,L
11369,11061,1,1,VES045,VES045_L,VES045,,,cb_intrinsic,L,,SIFa_to_target,male-cns:v1.0,other,L
11369,11081,2,2,aMe17c,aMe17c_R,aMe17c,,,visual_centrifugal,R,,SIFa_to_target,male-cns:v1.0,other,R
11369,11113,3,3,Mi19,Mi19_R,,,,ol_intrinsic,R,,SIFa_to_target,male-cns:v1.0,other,R
11369,11123,1,1,ALBN1,ALBN1_R,ALBN1,ALLN,,cb_intrinsic,R,,SIFa_to_target,male-cns:v1.0,other,R
11369,11130,5,3,Cm35,Cm35_R,,,,ol_intrinsic,R,,SIFa_to_target,male-cns:v1.0,other,R
11369,11146,2,2,MeVPMe2,MeVPMe2_R,,,,visual_projection,R,,SIFa_to_target,male-cns:v1.0,other,R
11369,11162,1,1,DH44,DH44_R,"PI1,PI2,PI3",,,cb_endocrine,R,,SIFa_to_target,male-cns:v1.0,other,R
11369,11173,1,1,DNg103,DNg103_R,,,xl,descending_neuron,R,,SIFa_to_target,male-cns:v1.0,other,R
11369,11200,2,2,GNG022,GNG022_L,,,,cb_intrinsic,L,,SIFa_to_target,male-cns:v1.0,other,L
11369,11217,1,1,LT58,LT58_R,LT58,,,ol_intrinsic,R,,SIFa_to_target,male-cns:v1.0,other,R
11369,11229,1,1,V_ilPN,V_ilPN_R,V_ilPN,ALPN,BI,cb_intrinsic,R,,SIFa_to_target,male-cns:v1.0,other,R
11369,11243,2,2,Z_lvPNm1,Z_lvPNm1_L,Z_lvPNm1,SEZPN,BI,cb_intrinsic,L,,SIFa_to_target,male-cns:v1.0,other,L
11369,11244,2,2,lLN1_bc,lLN1_bc_R,"lLN1_b,lLN1_c",ALLN,,cb_intrinsic,R,,SIFa_to_target,male-cns:v1.0,other,R
11369,11249,1,1,WED190,WED190_M,,,,cb_intrinsic,M,,SIFa_to_target,male-cns:v1.0,other,unknown
11369,11268,1,1,CL319,CL319_L,CL319,,,cb_intrinsic,L,,SIFa_to_target,male-cns:v1.0,other,L
11369,11281,5,5,lLN1_bc,lLN1_bc_R,"lLN1_b,lLN1_c",ALLN,,cb_intrinsic,R,,SIFa_to_target,male-cns:v1.0,other,R
11369,11289,2,2,lLN1_bc,lLN1_bc_R,"lLN1_b,lLN1_c",ALLN,,cb_intrinsic,R,,SIFa_to_target,male-cns:v1.0,other,R
11369,11296,1,1,MeVC22,MeVC22_R,,,,visual_centrifugal,R,,SIFa_to_target,male-cns:v1.0,other,R
11369,11310,2,1,DNge048,DNge048_R,,,xl,descending_neuron,R,,SIFa_to_target,male-cns:v1.0,other,R
11369,11311,2,1,CL248,CL248_R,CL248,,,cb_intrinsic,R,,SIFa_to_target,male-cns:v1.0,other,R
11369,11319,3,1,LT42,LT42_R,LT42,,,visual_centrifugal,R,,SIFa_to_target,male-cns:v1.0,other,R
11369,11342,1,1,lLN2X04,lLN2X04_R,,ALLN,,cb_intrinsic,R,,SIFa_to_target,male-cns:v1.0,other,R
11369,11344,1,1,MeVC6,MeVC6_L,PS132,,,visual_centrifugal,L,,SIFa_to_target,male-cns:v1.0,other,L
11369,11350,1,1,DMS,DMS_L,"PI1,PI2,PI3",,,cb_endocrine,L,,SIFa_to_target,male-cns:v1.0,other,L
11369,11379,17,16,lLN2T_e,lLN2T_e(Tortuous)_R,lLN2T_e,ALLN,,cb_intrinsic,R,,SIFa_to_target,male-cns:v1.0,other,R
11369,11385,1,1,MeVC22,MeVC22_R,,,,visual_centrifugal,R,,SIFa_to_target,male-cns:v1.0,other,R
11369,11386,1,1,GNG164,GNG164_R,,,,cb_intrinsic,R,,SIFa_to_target,male-cns:v1.0,other,R
11369,11448,1,1,OCG06,OCG06_R,OCG06,,,visual_centrifugal,R,,SIFa_to_target,male-cns:v1.0,other,R
11369,11456,1,1,AMMC013,AMMC013(hb1744966885)_R,(hb1744966885),,,cb_intrinsic,R,,SIFa_to_target,male-cns:v1.0,other,R
11369,11462,1,1,AVLP502,AVLP502_R,AVLP502,,,cb_intrinsic,R,,SIFa_to_target,male-cns:v1.0,other,R
11369,11469,9,9,DM3_adPN,DM3_adPN_R,DM3_adPN,ALPN,,cb_intrinsic,R,,SIFa_to_target,male-cns:v1.0,other,R
11369,11478,1,1,lLN1_bc,lLN1_bc_R,"lLN1_b,lLN1_c",ALLN,,cb_intrinsic,R,,SIFa_to_target,male-cns:v1.0,other,R
11369,11485,1,1,MeVPLo1,MeVPLo1_L,,,,visual_projection,L,,SIFa_to_target,male-cns:v1.0,other,L
11369,11495,1,1,PS059,PS059_R,PS059,,,cb_intrinsic,R,,SIFa_to_target,male-cns:v1.0,other,R
11369,11501,3,1,lLN1_bc,lLN1_bc_R,"lLN1_b,lLN1_c",ALLN,,cb_intrinsic,R,,SIFa_to_target,male-cns:v1.0,other,R
11369,11506,3,3,GNG028,GNG028_R,,,,cb_intrinsic,R,,SIFa_to_target,male-cns:v1.0,other,R
11369,11519,1,1,mAL_m5b,mAL_m5b_R,,,,cb_intrinsic,R,,SIFa_to_target,male-cns:v1.0,other,R
11369,11521,12,11,VP1m_l2PN,VP1m_l2PN_R,VP1m_l2PN,ALPN,,cb_intrinsic,R,,SIFa_to_target,male-cns:v1.0,other,R
11369,11603,17,17,lLN2P_a,lLN2P_a_R,lLN2P_a,ALLN,,cb_intrinsic,R,,SIFa_to_target,male-cns:v1.0,other,R
11369,11620,1,1,lLN1_bc,lLN1_bc_R,"lLN1_b,lLN1_c",ALLN,,cb_intrinsic,R,,SIFa_to_target,male-cns:v1.0,other,R
11369,11624,1,1,DC2_adPN,DC2_adPN_R,DC2_adPN,ALPN,,cb_intrinsic,R,,SIFa_to_target,male-cns:v1.0,other,R
11369,11644,1,1,ALIN4,ALIN4_L,lLN7,ALIN,,cb_intrinsic,L,,SIFa_to_target,male-cns:v1.0,other,L
11369,11674,1,1,DNp68,DNp68(CL138)_L,CL138,,xn,descending_neuron,L,,SIFa_to_target,male-cns:v1.0,other,L
11369,11676,1,1,DNg26,DNg26_L,,,xn,descending_neuron,L,,SIFa_to_target,male-cns:v1.0,other,L
11369,11702,1,1,AMMC012,AMMC012_R,,,,cb_intrinsic,R,,SIFa_to_target,male-cns:v1.0,other,R
11369,11722,13,11,v2LN30,v2LN30_R,v2LN30,ALLN,,cb_intrinsic,R,,SIFa_to_target,male-cns:v1.0,other,R
11369,11725,3,2,lLN1_bc,lLN1_bc_R,"lLN1_b,lLN1_c",ALLN,,cb_intrinsic,R,,SIFa_to_target,male-cns:v1.0,other,R
11369,11736,2,1,lLN1_bc,lLN1_bc_R,"lLN1_b,lLN1_c",ALLN,,cb_intrinsic,R,,SIFa_to_target,male-cns:v1.0,other,R
11369,11744,3,2,lLN1_bc,lLN1_bc_R,"lLN1_b,lLN1_c",ALLN,,cb_intrinsic,R,,SIFa_to_target,male-cns:v1.0,other,R
11369,11755,1,1,GNG117,GNG117_R,,,,cb_intrinsic,R,,SIFa_to_target,male-cns:v1.0,other,R
11369,11756,1,1,DNg28,DNg28_R,,,,efferent_descending,R,,SIFa_to_target,male-cns:v1.0,other,R
11369,11761,1,1,VP1d+VP4_l2PN1,VP1d+VP4_l2PN1_R,VP1d+VP4_l2PN1,ALPN,BI,cb_intrinsic,R,,SIFa_to_target,male-cns:v1.0,other,R
11369,11767,1,1,DH44,DH44_L,"PI1,PI2,PI3",,,cb_endocrine,L,,SIFa_to_target,male-cns:v1.0,other,L
11369,11782,1,1,SAD106,SAD106_L,,,,cb_intrinsic,L,,SIFa_to_target,male-cns:v1.0,other,L
11369,11788,21,20,lLN2T_d,lLN2T_d(Tortuous)_R,lLN2T_d,ALLN,,cb_intrinsic,R,,SIFa_to_target,male-cns:v1.0,other,R
11369,11801,3,2,SMP545,SMP545_L,SMP545,,,cb_intrinsic,L,,SIFa_to_target,male-cns:v1.0,other,L
11369,11828,1,1,lLN1_bc,lLN1_bc_R,"lLN1_b,lLN1_c",ALLN,,cb_intrinsic,R,,SIFa_to_target,male-cns:v1.0,other,R
11369,11832,1,1,CL367,CL367(hb1073428001)_L,(hb1073428001),,,cb_intrinsic,L,,SIFa_to_target,male-cns:v1.0,other,L
11369,11914,5,4,lLN2X05,lLN2X05_R,lLN2T_a,ALLN,,cb_intrinsic,R,,SIFa_to_target,male-cns:v1.0,other,R
11369,11916,1,1,DNbe005,DNbe005(PS069)_R,PS069,,xn,descending_neuron,R,,SIFa_to_target,male-cns:v1.0,other,R
11369,11918,1,1,aMe4,aMe4_R,aMe4,,,visual_centrifugal,R,,SIFa_to_target,male-cns:v1.0,other,R
11369,11922,1,1,lLN1_bc,lLN1_bc_R,"lLN1_b,lLN1_c",ALLN,,cb_intrinsic,R,,SIFa_to_target,male-cns:v1.0,other,R
11369,11930,2,2,M_imPNl92,M_imPNl92_L,M_imPNl92,ALPN,BI,cb_intrinsic,L,,SIFa_to_target,male-cns:v1.0,other,L
11369,11947,2,2,MeVPLo1,MeVPLo1_R,,,,visual_projection,R,,SIFa_to_target,male-cns:v1.0,other,R
11369,11976,1,1,AN27X017,AN27X017_L,,,BA,ascending_neuron,L,,SIFa_to_target,male-cns:v1.0,other,L
11369,11993,6,4,lLN2X05,lLN2X05_R,lLN2T_a,ALLN,,cb_intrinsic,R,,SIFa_to_target,male-cns:v1.0,other,R
11369,11996,1,1,DA1_lPN,DA1_lPN_R,DA1_lPN,ALPN,,cb_intrinsic,R,,SIFa_to_target,male-cns:v1.0,other,R
11369,11999,1,1,l-LNv,l-LNv_L,l-LNv,ol_bilateral,,ol_intrinsic,L,,SIFa_to_target,male-cns:v1.0,PDF_positive_LNv,L
11369,12033,1,1,PS106,PS106_R,PS106,,,cb_intrinsic,R,,SIFa_to_target,male-cns:v1.0,other,R
11369,12053,1,1,SAD106,SAD106_R,,,,cb_intrinsic,R,,SIFa_to_target,male-cns:v1.0,other,R
11369,12111,4,3,lLN1_bc,lLN1_bc_R,"lLN1_b,lLN1_c",ALLN,,cb_intrinsic,R,,SIFa_to_target,male-cns:v1.0,other,R
11369,12122,2,2,DA1_lPN,DA1_lPN_R,DA1_lPN,ALPN,,cb_intrinsic,R,,SIFa_to_target,male-cns:v1.0,other,R
11369,12140,1,1,MeVPLo1,MeVPLo1_L,,,,visual_projection,L,,SIFa_to_target,male-cns:v1.0,other,L
11369,12151,1,1,DNge138,DNge138_M,,,xn,descending_neuron,M,,SIFa_to_target,male-cns:v1.0,other,unknown
11369,12160,3,3,DC4_adPN,DC4_adPN_R,DC4_adPN,ALPN,,cb_intrinsic,R,,SIFa_to_target,male-cns:v1.0,other,R
11369,12169,1,1,DNg87,DNg87_L,,,xl,descending_neuron,L,,SIFa_to_target,male-cns:v1.0,other,L
11369,12249,1,1,DNg104,DNg104_L,,,xn,descending_neuron,L,,SIFa_to_target,male-cns:v1.0,other,L
11369,12293,1,1,GNG165,GNG165_R,,,,cb_intrinsic,R,,SIFa_to_target,male-cns:v1.0,other,R
11369,12296,1,1,SMP545,SMP545_R,SMP545,,,cb_intrinsic,R,,SIFa_to_target,male-cns:v1.0,other,R
11369,12320,1,1,lLN2X11,lLN2X11_R,,ALLN,,cb_intrinsic,R,,SIFa_to_target,male-cns:v1.0,other,R
11369,12332,1,1,vLN25,vLN25_R,vLN25,ALLN,,cb_intrinsic,R,,SIFa_to_target,male-cns:v1.0,other,R
11369,12354,12,10,lLN2T_e,lLN2T_e(Tortuous)_R,lLN2T_e,ALLN,,cb_intrinsic,R,,SIFa_to_target,male-cns:v1.0,other,R
11369,12396,1,1,AVLP533,AVLP533_R,AVLP533,,,cb_intrinsic,R,,SIFa_to_target,male-cns:v1.0,other,R
11369,12398,2,1,AN27X013,AN27X013_L,,,XA,ascending_neuron,L,,SIFa_to_target,male-cns:v1.0,other,L
11369,12400,1,1,IPC,IPC_R,"PI1,PI2,PI3",,,cb_endocrine,R,,SIFa_to_target,male-cns:v1.0,other,R
11369,12401,1,1,GNG627,GNG627_L,,,,cb_intrinsic,L,,SIFa_to_target,male-cns:v1.0,other,L
11369,12402,1,1,GNG585,GNG585_R,,,,cb_intrinsic,R,,SIFa_to_target,male-cns:v1.0,other,R
11369,12450,2,2,CB3646,CB3646_R,,,,cb_intrinsic,R,,SIFa_to_target,male-cns:v1.0,other,R
11369,12511,3,3,LN60,LN60_R,,ALLN,,cb_intrinsic,R,,SIFa_to_target,male-cns:v1.0,other,R
11369,12539,1,1,AN12B004,AN12B004(12539)_R,,,BA,ascending_neuron,R,,SIFa_to_target,male-cns:v1.0,other,R
11369,12548,1,1,AN05B097,AN05B097_R,,,BA,ascending_neuron,R,,SIFa_to_target,male-cns:v1.0,other,R
11369,12630,2,2,Mi19,Mi19_R,,,,ol_intrinsic,R,,SIFa_to_target,male-cns:v1.0,other,R
11369,12700,1,1,AN06B011,AN06B011_R,,,BA,ascending_neuron,R,,SIFa_to_target,male-cns:v1.0,other,R
11369,12716,1,1,GNG551,GNG551_R,,,,cb_intrinsic,R,,SIFa_to_target,male-cns:v1.0,other,R
11369,12740,1,1,aMe12,aMe12_R,aMe12,,,visual_projection,R,,SIFa_to_target,male-cns:v1.0,other,R
11369,12747,1,1,CB0466,CB0466_R,,,,cb_intrinsic,R,,SIFa_to_target,male-cns:v1.0,other,R
11369,12772,1,1,AN08B018,AN08B018_e_L,,,BA,ascending_neuron,L,,SIFa_to_target,male-cns:v1.0,other,L
11369,12782,1,1,DL1_adPN,DL1_adPN_R,DL1_adPN,ALPN,,cb_intrinsic,R,,SIFa_to_target,male-cns:v1.0,other,R
11369,12806,1,1,GNG578,GNG578_R,,,,cb_intrinsic,R,,SIFa_to_target,male-cns:v1.0,other,R
11369,12857,1,1,AVLP721m,AVLP721m_R,,,,cb_intrinsic,R,,SIFa_to_target,male-cns:v1.0,other,R
11369,12861,1,1,Mi19,Mi19_R,,,,ol_intrinsic,R,,SIFa_to_target,male-cns:v1.0,other,R
11369,12891,2,2,SMP456,SMP456_L,SMP456,,,cb_intrinsic,L,,SIFa_to_target,male-cns:v1.0,other,L
11369,12934,3,3,M_l2PNl21,M_l2PNl21_R,M_l2PNl21,ALPN,,cb_intrinsic,R,,SIFa_to_target,male-cns:v1.0,other,R
11369,12955,1,1,GNG158,GNG158_R,,,,cb_intrinsic,R,,SIFa_to_target,male-cns:v1.0,other,R
11369,12971,1,1,Dm13,Dm13_R,,,,ol_intrinsic,R,,SIFa_to_target,male-cns:v1.0,other,R
11369,12992,1,1,GNG032,GNG032_R,,,,cb_intrinsic,R,,SIFa_to_target,male-cns:v1.0,other,R
11369,12999,1,1,GNG096,GNG096_R,,,,cb_intrinsic,R,,SIFa_to_target,male-cns:v1.0,other,R
11369,13113,2,2,Cm29,Cm29_R,,,,ol_intrinsic,R,,SIFa_to_target,male-cns:v1.0,other,R
11369,13115,2,2,GNG510,GNG510_R,,,,cb_intrinsic,R,,SIFa_to_target,male-cns:v1.0,other,R
11369,13165,1,1,PS137,PS137_R,PS137,,,cb_intrinsic,R,,SIFa_to_target,male-cns:v1.0,other,R
11369,13190,1,1,aMe12,aMe12_R,aMe12,,,visual_projection,R,,SIFa_to_target,male-cns:v1.0,other,R
11369,13303,1,1,OA-VUMa5,OA-VUMa5_M,OA-VUMa5,ALLN,,cb_intrinsic,M,,SIFa_to_target,male-cns:v1.0,other,unknown
11369,13315,12,12,lLN2P_b,lLN2P_b_R,lLN2P_b,ALLN,,cb_intrinsic,R,,SIFa_to_target,male-cns:v1.0,other,R
11369,13317,2,2,DNg33,DNg33_L,,,xn,descending_neuron,L,,SIFa_to_target,male-cns:v1.0,other,L
11369,13386,2,2,VM7v_adPN,VM7v_adPN_R,VM7v_adPN,ALPN,,cb_intrinsic,R,,SIFa_to_target,male-cns:v1.0,other,R
11369,13393,1,1,GNG131,GNG131_R,,,,cb_intrinsic,R,,SIFa_to_target,male-cns:v1.0,other,R
11369,13442,3,3,DNg33,DNg33_R,,,xn,descending_neuron,R,,SIFa_to_target,male-cns:v1.0,other,R
11369,13480,1,1,VC3_adPN,VC3_adPN_R,VC3l_adPN,ALPN,,cb_intrinsic,R,,SIFa_to_target,male-cns:v1.0,other,R
11369,13561,2,2,GNG145,GNG145_R,,,,cb_intrinsic,R,,SIFa_to_target,male-cns:v1.0,other,R
11369,13563,1,1,WEDPN12,WEDPN12_R,WEDPN12,,,cb_intrinsic,R,,SIFa_to_target,male-cns:v1.0,other,R
11369,13585,1,1,DNg34,DNg34_R,,,xl,descending_neuron,R,,SIFa_to_target,male-cns:v1.0,other,R
11369,13602,1,1,PRW062,PRW062_L,,,,cb_intrinsic,L,,SIFa_to_target,male-cns:v1.0,other,L
11369,13610,1,1,M_l2PNm16,M_l2PNm16_R,M_l2PNm16,ALPN,,cb_intrinsic,R,,SIFa_to_target,male-cns:v1.0,other,R
11369,13623,1,1,aMe4,aMe4_R,aMe4,,,visual_centrifugal,R,,SIFa_to_target,male-cns:v1.0,other,R
11369,13634,1,1,aMe4,aMe4_R,aMe4,,,visual_centrifugal,R,,SIFa_to_target,male-cns:v1.0,other,R
11369,13649,2,1,DNg79,DNg79_R,,,xn,descending_neuron,R,,SIFa_to_target,male-cns:v1.0,other,R
11369,13716,1,1,,,,ALLN,,cb_intrinsic,R,,SIFa_to_target,male-cns:v1.0,other,unknown
11369,13816,2,2,GNG235,GNG235_L,,,,cb_intrinsic,L,,SIFa_to_target,male-cns:v1.0,other,L
11369,13821,2,1,lLN2X12,lLN2X12_R,,ALLN,,cb_intrinsic,R,,SIFa_to_target,male-cns:v1.0,other,R
11369,13832,4,2,M_vPNml50,M_vPNml50_R,M_vPNml50,ALPN,,cb_intrinsic,R,,SIFa_to_target,male-cns:v1.0,other,R
11369,13843,1,1,GNG008,GNG008_M,,,,cb_intrinsic,M,,SIFa_to_target,male-cns:v1.0,other,unknown
11369,13852,2,2,DNge069,DNge069_R,,,xl,descending_neuron,R,,SIFa_to_target,male-cns:v1.0,other,R
11369,13880,1,1,PRW003,PRW003_R,,,,cb_intrinsic,R,,SIFa_to_target,male-cns:v1.0,other,R
11369,13964,1,1,,,,,xl,descending_neuron,R,,SIFa_to_target,male-cns:v1.0,other,unknown
11369,13993,1,1,WED092,WED092_R,WED092,,,cb_intrinsic,R,,SIFa_to_target,male-cns:v1.0,other,R
11369,13994,1,1,DNge172,DNge172_R,,,ad,descending_neuron,R,,SIFa_to_target,male-cns:v1.0,other,R
11369,14011,1,1,GNG097,GNG097_R,,,,cb_intrinsic,R,,SIFa_to_target,male-cns:v1.0,other,R
11369,14012,1,1,PRW056,PRW056_R,,,,cb_intrinsic,R,,SIFa_to_target,male-cns:v1.0,other,R
11369,14026,1,1,AN05B004,AN05B004_L,,,BA,ascending_neuron,L,,SIFa_to_target,male-cns:v1.0,other,L
11369,14050,1,1,mAL_m8,mAL_m8_R,,,,cb_intrinsic,R,,SIFa_to_target,male-cns:v1.0,other,R
11369,14087,2,2,CB3588,CB3588_R,,,,cb_intrinsic,R,,SIFa_to_target,male-cns:v1.0,other,R
11369,14105,1,1,DMS,DMS_R,"PI1,PI2,PI3",,,cb_endocrine,R,,SIFa_to_target,male-cns:v1.0,other,R
11369,14117,1,1,PRW064,PRW064_R,,,,cb_intrinsic,R,,SIFa_to_target,male-cns:v1.0,other,R
11369,14125,1,1,GNG318,GNG318_R,,,,cb_intrinsic,R,,SIFa_to_target,male-cns:v1.0,other,R
11369,14151,1,1,DNp24,DNp24_R,DNp24,,xn,descending_neuron,R,,SIFa_to_target,male-cns:v1.0,other,R
11369,14158,1,1,M_l2PN3t18,M_l2PN3t18_R,M_l2PN3t18,ALPN,,cb_intrinsic,R,,SIFa_to_target,male-cns:v1.0,other,R
11369,14207,7,7,aMe3,aMe3_R,aMe3,,,visual_projection,R,,SIFa_to_target,male-cns:v1.0,other,R
11369,14249,1,1,DNge077,DNge077_L,,,fl,descending_neuron,L,,SIFa_to_target,male-cns:v1.0,other,L
11369,14256,1,1,GNG575,GNG575_R,,,,cb_intrinsic,R,,SIFa_to_target,male-cns:v1.0,other,R
11369,14272,2,1,AVLP120,AVLP120_R,AVLP120,,,cb_intrinsic,R,,SIFa_to_target,male-cns:v1.0,other,R
11369,14290,1,1,GNG186,GNG186_R,,,,cb_intrinsic,R,,SIFa_to_target,male-cns:v1.0,other,R
11369,14352,1,1,GNG072,GNG072_R,,,,cb_intrinsic,R,,SIFa_to_target,male-cns:v1.0,other,R
11369,14391,2,1,M_ilPNm90,M_ilPNm90(M_ilPN8t91)_L,"M_ilPNm90,M_ilPN8t91",ALPN,BI,cb_intrinsic,L,,SIFa_to_target,male-cns:v1.0,other,L
11369,14419,1,1,VP2_l2PN,VP2_l2PN_R,VP2_l2PN,ALPN,,cb_intrinsic,R,,SIFa_to_target,male-cns:v1.0,other,R
11369,14489,1,1,GNG631,GNG631_R,,,,cb_intrinsic,R,,SIFa_to_target,male-cns:v1.0,other,R
11369,14509,1,1,Delta7,Delta7(PB15)_L4R6_R,Delta7,CX,,cb_intrinsic,R,,SIFa_to_target,male-cns:v1.0,other,R
11369,14511,1,1,CB3588,CB3588_L,,,,cb_intrinsic,L,,SIFa_to_target,male-cns:v1.0,other,L
11369,14573,3,3,M_l2PNl23,M_l2PNl23_R,M_l2PNl23,ALPN,,cb_intrinsic,R,,SIFa_to_target,male-cns:v1.0,other,R
11369,14581,1,1,TmY19a,TmY19a_R,,,,ol_intrinsic,R,,SIFa_to_target,male-cns:v1.0,other,R
11369,14643,2,2,GNG032,GNG032_L,,,,cb_intrinsic,L,,SIFa_to_target,male-cns:v1.0,other,L
11369,14715,1,1,GNG191,GNG191_L,,,,cb_intrinsic,L,,SIFa_to_target,male-cns:v1.0,other,L
11369,14759,2,2,Dm13,Dm13_R,,,,ol_intrinsic,R,,SIFa_to_target,male-cns:v1.0,other,R
11369,14794,2,2,AN09B012,AN09B012(14794)_R,,,CA,ascending_neuron,R,,SIFa_to_target,male-cns:v1.0,other,R
11369,14806,1,1,Delta7,Delta7(PB15)_L8R1R9_L,Delta7,CX,,cb_intrinsic,L,,SIFa_to_target,male-cns:v1.0,other,L
11369,14822,1,1,aMe4,aMe4_R,aMe4,,,visual_centrifugal,R,,SIFa_to_target,male-cns:v1.0,other,R
11369,14878,2,2,aMe4,aMe4_R,aMe4,,,visual_centrifugal,R,,SIFa_to_target,male-cns:v1.0,other,R
11369,14909,3,2,PS320,PS320(hb5813047811)_R,(hb5813047811),,,cb_intrinsic,R,,SIFa_to_target,male-cns:v1.0,other,R
11369,14911,1,1,WED092,WED092_R,WED092,,,cb_intrinsic,R,,SIFa_to_target,male-cns:v1.0,other,R
11369,14945,1,1,Dm14,Dm14_R,,,,ol_intrinsic,R,,SIFa_to_target,male-cns:v1.0,other,R
11369,15051,2,2,GNG640,GNG640_L,hb702618710,SEZPN,,cb_intrinsic,L,,SIFa_to_target,male-cns:v1.0,other,L
11369,15094,1,1,Dm18,Dm18_R,,,,ol_intrinsic,R,,SIFa_to_target,male-cns:v1.0,other,R
11369,15146,1,1,GNG052,GNG052_L,,,,cb_intrinsic,L,,SIFa_to_target,male-cns:v1.0,other,L
11369,15153,9,9,GNG631,GNG631_L,,,,cb_intrinsic,L,,SIFa_to_target,male-cns:v1.0,other,L
11369,15171,1,1,AN09B004,AN09B004_c_R,,,BA,ascending_neuron,R,,SIFa_to_target,male-cns:v1.0,other,R
11369,15175,1,1,PRW044,PRW044_R,,,,cb_intrinsic,R,,SIFa_to_target,male-cns:v1.0,other,R
11369,15183,2,1,,,,ALLN,,cb_intrinsic,R,,SIFa_to_target,male-cns:v1.0,other,unknown
11369,15199,1,1,mAL_m9,mAL_m9_R,,,,cb_intrinsic,R,,SIFa_to_target,male-cns:v1.0,other,R
11369,15248,1,1,Dm6,Dm6_R,,,,ol_intrinsic,R,,SIFa_to_target,male-cns:v1.0,other,R
11369,15306,1,1,DNpe020,DNpe020(PS133)_M,PS133,,xl,descending_neuron,M,,SIFa_to_target,male-cns:v1.0,other,unknown
11369,15311,1,1,mAL_m5b,mAL_m5b_R,,,,cb_intrinsic,R,,SIFa_to_target,male-cns:v1.0,other,R
11369,15335,2,2,ALON2,ALON2_R,,ALON,,cb_intrinsic,R,,SIFa_to_target,male-cns:v1.0,other,R
11369,15353,1,1,M_adPNm3,M_adPNm3_R,M_adPNm3,ALPN,,cb_intrinsic,R,,SIFa_to_target,male-cns:v1.0,other,R
11369,15392,3,3,Dm13,Dm13_R,,,,ol_intrinsic,R,,SIFa_to_target,male-cns:v1.0,other,R
11369,15481,1,1,CB3646,CB3646_R,,,,cb_intrinsic,R,,SIFa_to_target,male-cns:v1.0,other,R
11369,15487,3,2,GNG550,GNG550_L,,,,cb_intrinsic,L,,SIFa_to_target,male-cns:v1.0,other,L
11369,15507,1,1,lLN2R_a,lLN2R_a_R,lLN2R_a,ALLN,,cb_intrinsic,R,,SIFa_to_target,male-cns:v1.0,other,R
11369,15514,3,3,AN27X013,AN27X013_R,,,XA,ascending_neuron,R,,SIFa_to_target,male-cns:v1.0,other,R
11369,15567,1,1,GNG578,GNG578_L,,,,cb_intrinsic,L,,SIFa_to_target,male-cns:v1.0,other,L
11369,15615,1,1,AVLP709m,AVLP709m_R,,,,cb_intrinsic,R,,SIFa_to_target,male-cns:v1.0,other,R
11369,15657,1,1,GNG079,GNG079_L,,,,cb_intrinsic,L,,SIFa_to_target,male-cns:v1.0,other,L
11369,15695,1,1,PhG1b,PhG1b_R,,gustatory,pharyngeal sensillum,cb_sensory,,R,SIFa_to_target,male-cns:v1.0,other,R
11369,15750,1,1,Pm7,Pm7_R,,,,ol_intrinsic,R,,SIFa_to_target,male-cns:v1.0,other,R
11369,15814,2,2,TmY19a,TmY19a_R,,,,ol_intrinsic,R,,SIFa_to_target,male-cns:v1.0,other,R
11369,15832,1,1,s-LNv,s-LNv_R,s-LNv,,,visual_projection,R,,SIFa_to_target,male-cns:v1.0,PDF_positive_LNv,R
11369,15855,1,1,GNG391,GNG391_R,,,,cb_intrinsic,R,,SIFa_to_target,male-cns:v1.0,other,R
11369,15979,2,2,GNG666,GNG666_R,,,,cb_intrinsic,R,,SIFa_to_target,male-cns:v1.0,other,R
11369,15981,3,3,AN09B004,AN09B004_d_L,,,CA,ascending_neuron,L,,SIFa_to_target,male-cns:v1.0,other,L
11369,16011,1,1,LNd_c,LNd_c_R,,,,cb_intrinsic,R,,SIFa_to_target,male-cns:v1.0,other,R
11369,16024,1,1,AVLP112,AVLP112_R,AVLP112,,,cb_intrinsic,R,,SIFa_to_target,male-cns:v1.0,other,R
11369,16049,1,1,GNG157,GNG157_R,,,,cb_intrinsic,R,,SIFa_to_target,male-cns:v1.0,other,R
11369,16213,1,1,Pm7,Pm7_R,,,,ol_intrinsic,R,,SIFa_to_target,male-cns:v1.0,other,R
11369,16298,2,2,PRW055,PRW055_R,,,,cb_intrinsic,R,,SIFa_to_target,male-cns:v1.0,other,R
11369,16320,1,1,LNd_c,LNd_c_R,,,,cb_intrinsic,R,,SIFa_to_target,male-cns:v1.0,other,R
11369,16336,1,1,ANXXX098,ANXXX098(16336)_L,,,BA,ascending_neuron,L,,SIFa_to_target,male-cns:v1.0,other,L
11369,16338,1,1,AN12B006,AN12B006_R,,,BA,ascending_neuron,R,,SIFa_to_target,male-cns:v1.0,other,R
11369,16396,3,3,TmY19a,TmY19a_R,,,,ol_intrinsic,R,,SIFa_to_target,male-cns:v1.0,other,R
11369,16413,1,1,Dm4,Dm4_R,,,,ol_intrinsic,R,,SIFa_to_target,male-cns:v1.0,other,R
11369,16434,4,4,l2LN21,l2LN21_R,l2LN21,ALLN,,cb_intrinsic,R,,SIFa_to_target,male-cns:v1.0,other,R
11369,16461,1,1,s-LNv,s-LNv_R,s-LNv,,,visual_projection,R,,SIFa_to_target,male-cns:v1.0,PDF_positive_LNv,R
11369,16567,1,1,SMP202,SMP202_R,SMP202,,,cb_intrinsic,R,,SIFa_to_target,male-cns:v1.0,other,R
11369,16595,1,1,GNG184,GNG184_R,,,,cb_intrinsic,R,,SIFa_to_target,male-cns:v1.0,other,R
11369,16610,1,1,VA7m_lPN,VA7m_lPN_R,VA7m_lPN,ALPN,,cb_intrinsic,R,,SIFa_to_target,male-cns:v1.0,other,R
11369,16614,2,2,CB1421,CB1421_R,,,,cb_intrinsic,R,,SIFa_to_target,male-cns:v1.0,other,R
11369,16640,1,1,PI3,PI3_L,"PI1,PI2,PI3",,,cb_endocrine,L,,SIFa_to_target,male-cns:v1.0,other,L
11369,16743,1,1,Dm18,Dm18_R,,,,ol_intrinsic,R,,SIFa_to_target,male-cns:v1.0,other,R
11369,16755,1,1,Dm13,Dm13_R,,,,ol_intrinsic,R,,SIFa_to_target,male-cns:v1.0,other,R
11369,16763,1,1,GNG552,GNG552_L,,,,cb_intrinsic,L,,SIFa_to_target,male-cns:v1.0,other,L
11369,16823,2,2,PRW005,PRW005_R,,,,cb_intrinsic,R,,SIFa_to_target,male-cns:v1.0,other,R
11369,16885,2,2,AN27X009,AN27X009_R,,,BA,ascending_neuron,R,,SIFa_to_target,male-cns:v1.0,other,R
11369,16998,1,1,CB2539,CB2539_R,"SMP300,SMP301",,,cb_intrinsic,R,,SIFa_to_target,male-cns:v1.0,other,R
11369,17076,2,1,GNG461,GNG461_R,,,,cb_intrinsic,R,,SIFa_to_target,male-cns:v1.0,other,R
11369,17099,1,1,GNG219,GNG219_L,,,,cb_intrinsic,L,,SIFa_to_target,male-cns:v1.0,other,L
11369,17210,2,2,DNpe036,DNpe036_L,,,xn,descending_neuron,L,,SIFa_to_target,male-cns:v1.0,other,L
11369,17239,1,1,Pm10,Pm10_R,,,,ol_intrinsic,R,,SIFa_to_target,male-cns:v1.0,other,R
11369,17336,4,4,s-LNv,s-LNv_R,s-LNv,,,visual_projection,R,,SIFa_to_target,male-cns:v1.0,PDF_positive_LNv,R
11369,17378,1,1,AN27X017,AN27X017_R,,,BA,ascending_neuron,R,,SIFa_to_target,male-cns:v1.0,other,R
11369,17446,1,1,AN19B036,AN19B036(17446)_L,,,BA,ascending_neuron,L,,SIFa_to_target,male-cns:v1.0,other,L
11369,17484,4,2,DC2_adPN,DC2_adPN_R,DC2_adPN,ALPN,,cb_intrinsic,R,,SIFa_to_target,male-cns:v1.0,other,R
11369,17539,1,1,,,,,,cb_intrinsic,R,,SIFa_to_target,male-cns:v1.0,other,unknown
11369,17545,5,4,PRW013,PRW013_R,,,,cb_intrinsic,R,,SIFa_to_target,male-cns:v1.0,other,R
11369,17560,1,1,SMP161,SMP161_R,SMP161,,,cb_intrinsic,R,,SIFa_to_target,male-cns:v1.0,other,R
11369,17562,1,1,CB1557,CB1557_R,,,,cb_intrinsic,R,,SIFa_to_target,male-cns:v1.0,other,R
11369,17764,3,3,SMP186,SMP186_R,SMP186,,,cb_intrinsic,R,,SIFa_to_target,male-cns:v1.0,other,R
11369,17799,1,1,Dm18,Dm18_R,,,,ol_intrinsic,R,,SIFa_to_target,male-cns:v1.0,other,R
11369,17870,3,3,Mi20,Mi20_R,,,,ol_intrinsic,R,,SIFa_to_target,male-cns:v1.0,other,R
11369,17884,1,1,TmY19a,TmY19a_R,,,,ol_intrinsic,R,,SIFa_to_target,male-cns:v1.0,other,R
11369,17955,1,1,ANXXX120,ANXXX120_a_R,,,BA,ascending_neuron,R,,SIFa_to_target,male-cns:v1.0,other,R
11369,18016,20,16,lLN2P_c,lLN2T_a(Tortuous)_R,lLN2P_c,ALLN,,cb_intrinsic,R,,SIFa_to_target,male-cns:v1.0,other,R
11369,18164,1,1,AN05B102c,AN05B102c_R,,,CA,ascending_neuron,R,,SIFa_to_target,male-cns:v1.0,other,R
11369,18203,1,1,CB3417,CB3417_R,,ALLN,,cb_intrinsic,R,,SIFa_to_target,male-cns:v1.0,other,R
11369,18228,1,1,Dm13,Dm13_R,,,,ol_intrinsic,R,,SIFa_to_target,male-cns:v1.0,other,R
11369,18325,1,1,AN09B018,AN09B018_R,,,BA,ascending_neuron,R,,SIFa_to_target,male-cns:v1.0,other,R
11369,18330,1,1,Pm3,Pm3_R,,,,ol_intrinsic,R,,SIFa_to_target,male-cns:v1.0,other,R
11369,18332,2,1,v2LN3A,v2LN3A_R,v2LN3A,ALLN,,cb_intrinsic,R,,SIFa_to_target,male-cns:v1.0,other,R
11369,18391,1,1,Dm18,Dm18_R,,,,ol_intrinsic,R,,SIFa_to_target,male-cns:v1.0,other,R
11369,18406,1,1,MBON24,MBON24(B2y5)_L,MBON24,MBON,,cb_intrinsic,L,,SIFa_to_target,male-cns:v1.0,MBON,L
11369,18493,2,2,DM5_lPN,DM5_lPN_R,DM5_lPN,ALPN,,cb_intrinsic,R,,SIFa_to_target,male-cns:v1.0,other,R
11369,18631,1,1,LPLC4,LPLC4_R,LPLC4,,,visual_projection,R,,SIFa_to_target,male-cns:v1.0,other,R
11369,18689,1,1,TmY19a,TmY19a_R,,,,ol_intrinsic,R,,SIFa_to_target,male-cns:v1.0,other,R
11369,18691,1,1,Pm10,Pm10_R,,,,ol_intrinsic,R,,SIFa_to_target,male-cns:v1.0,other,R
11369,18804,1,1,AN09B012,AN09B012(14794)_L,,,CA,ascending_neuron,L,,SIFa_to_target,male-cns:v1.0,other,L
11369,19091,2,2,GNG086,GNG086_L,,,,cb_intrinsic,L,,SIFa_to_target,male-cns:v1.0,other,L
11369,19114,1,1,LPLC1,LPLC1_R,LPLC1,,,visual_projection,R,,SIFa_to_target,male-cns:v1.0,other,R
11369,19189,1,1,PEN_a(PEN1),PEN_a(PB06a)_L2,PEN_a(PEN1),CX,,cb_intrinsic,L,,SIFa_to_target,male-cns:v1.0,other,unknown
11369,19202,1,1,LPLC4,LPLC4_R,LPLC4,,,visual_projection,R,,SIFa_to_target,male-cns:v1.0,other,R
11369,19207,1,1,SMP714m,SMP714m_L,,,,cb_intrinsic,L,,SIFa_to_target,male-cns:v1.0,other,L
11369,19383,1,1,Dm4,Dm4_R,,,,ol_intrinsic,R,,SIFa_to_target,male-cns:v1.0,other,R
11369,19562,3,3,ALON2,ALON2_L,,ALON,,cb_intrinsic,L,,SIFa_to_target,male-cns:v1.0,other,L
11369,19685,1,1,LPLC1,LPLC1_R,LPLC1,,,visual_projection,R,,SIFa_to_target,male-cns:v1.0,other,R
11369,19709,1,1,AN05B097,AN05B097_R,,,BA,ascending_neuron,R,,SIFa_to_target,male-cns:v1.0,other,R
11369,19722,1,1,MeLo9,MeLo9_R,,,,ol_intrinsic,R,,SIFa_to_target,male-cns:v1.0,other,R
11369,19892,5,5,TmY19a,TmY19a_R,,,,ol_intrinsic,R,,SIFa_to_target,male-cns:v1.0,other,R
11369,19906,1,1,GNG222,GNG222_R,,,,cb_intrinsic,R,,SIFa_to_target,male-cns:v1.0,other,R
11369,19908,2,1,TmY19b,TmY19b_R,,,,ol_intrinsic,R,,SIFa_to_target,male-cns:v1.0,other,R
11369,19949,1,1,LHAV4g17,LHAV4g17_R,LHAV4g17,,,cb_intrinsic,R,,SIFa_to_target,male-cns:v1.0,other,R
11369,19953,1,1,DM6_adPN,DM6_adPN_R,DM6_adPN,ALPN,,cb_intrinsic,R,,SIFa_to_target,male-cns:v1.0,other,R
11369,20068,1,1,WED055_b,WED055_b_R,WED055_b,,,cb_intrinsic,R,,SIFa_to_target,male-cns:v1.0,other,R
11369,20200,1,1,v2LN3A,v2LN3A_L,v2LN3A,ALLN,,cb_intrinsic,L,,SIFa_to_target,male-cns:v1.0,other,L
11369,20260,1,1,INXXX056,INXXX056_R,,,BI,vnc_intrinsic,R,,SIFa_to_target,male-cns:v1.0,other,R
11369,20310,6,5,TmY19a,TmY19a_R,,,,ol_intrinsic,R,,SIFa_to_target,male-cns:v1.0,other,R
11369,20326,2,2,ALIN3,ALIN3_R,ALIN3,ALIN,,cb_intrinsic,R,,SIFa_to_target,male-cns:v1.0,other,R
11369,20364,1,1,CB3024,CB3024_R,,,,cb_intrinsic,R,,SIFa_to_target,male-cns:v1.0,other,R
11369,20380,1,1,l2LN19,l2LN19_R,l2LN19,ALLN,,cb_intrinsic,R,,SIFa_to_target,male-cns:v1.0,other,R
11369,20381,1,1,VES020,VES020_L,VES020,,,cb_intrinsic,L,,SIFa_to_target,male-cns:v1.0,other,L
11369,20435,1,1,WED117,WED117_R,WED117,,,cb_intrinsic,R,,SIFa_to_target,male-cns:v1.0,other,R
11369,20507,1,1,PRW011,PRW011_R,,,,cb_intrinsic,R,,SIFa_to_target,male-cns:v1.0,other,R
11369,20564,1,1,WED045,WED045_R,WED045,,,cb_intrinsic,R,,SIFa_to_target,male-cns:v1.0,other,R
11369,20649,1,1,SMP530_a,SMP530_a_R,SMP530,,,cb_intrinsic,R,,SIFa_to_target,male-cns:v1.0,other,R
11369,20700,1,1,MeVPLo2,MeVPLo2_R,,,,visual_projection,R,,SIFa_to_target,male-cns:v1.0,other,R
11369,20707,1,1,M_vPNml55,M_vPNml55_R,M_vPNml55,ALPN,,cb_intrinsic,R,,SIFa_to_target,male-cns:v1.0,other,R
11369,20739,1,1,DL2v_adPN,DL2v_adPN_R,DL2v_adPN,ALPN,,cb_intrinsic,R,,SIFa_to_target,male-cns:v1.0,other,R
11369,20815,1,1,GNG393,GNG393_R,,,,cb_intrinsic,R,,SIFa_to_target,male-cns:v1.0,other,R
11369,20831,4,4,AN09A005,AN09A005_R,,,XA,ascending_neuron,R,,SIFa_to_target,male-cns:v1.0,other,R
11369,20907,1,1,WED098,WED098_R,WED098,,,cb_intrinsic,R,,SIFa_to_target,male-cns:v1.0,other,R
11369,20932,1,1,TmY14,TmY14_R,,,,visual_projection,R,,SIFa_to_target,male-cns:v1.0,other,R
11369,20957,1,1,Pm4,Pm4_R,,,,ol_intrinsic,R,,SIFa_to_target,male-cns:v1.0,other,R
11369,21159,1,1,LPLC4,LPLC4_R,LPLC4,,,visual_projection,R,,SIFa_to_target,male-cns:v1.0,other,R
11369,21175,1,1,CB2371,CB2371_R,,,,cb_intrinsic,R,,SIFa_to_target,male-cns:v1.0,other,R
11369,21184,1,1,CB3024,CB3024_R,,,,cb_intrinsic,R,,SIFa_to_target,male-cns:v1.0,other,R
11369,21195,1,1,AN05B097,AN05B097_L,,,BA,ascending_neuron,L,,SIFa_to_target,male-cns:v1.0,other,L
11369,21254,1,1,ANXXX150,ANXXX150_L,,,BA,ascending_neuron,L,,SIFa_to_target,male-cns:v1.0,other,L
11369,21567,11,11,lLN2P_c,lLN2P_c_R,lLN2P_c,ALLN,,cb_intrinsic,R,,SIFa_to_target,male-cns:v1.0,other,R
11369,21584,1,1,DL3_lPN,DL3_lPN_R,DL3_lPN,ALPN,,cb_intrinsic,R,,SIFa_to_target,male-cns:v1.0,other,R
11369,21677,1,1,LPLC1,LPLC1_R,LPLC1,,,visual_projection,R,,SIFa_to_target,male-cns:v1.0,other,R
11369,21717,1,1,Pm10,Pm10_R,,,,ol_intrinsic,R,,SIFa_to_target,male-cns:v1.0,other,R
11369,21720,1,1,Pm10,Pm10_R,,,,ol_intrinsic,R,,SIFa_to_target,male-cns:v1.0,other,R
11369,21779,1,1,TmY14,TmY14_R,,,,visual_projection,R,,SIFa_to_target,male-cns:v1.0,other,R
11369,21784,1,1,Lawf1,Lawf1_R,,,,ol_intrinsic,R,,SIFa_to_target,male-cns:v1.0,other,R
11369,21952,1,1,TmY14,TmY14_R,,,,visual_projection,R,,SIFa_to_target,male-cns:v1.0,other,R
11369,21981,1,1,Pm10,Pm10_R,,,,ol_intrinsic,R,,SIFa_to_target,male-cns:v1.0,other,R
11369,22010,1,1,TmY14,TmY14_R,,,,visual_projection,R,,SIFa_to_target,male-cns:v1.0,other,R
11369,22088,1,1,GNG261,GNG261_R,,,,cb_intrinsic,R,,SIFa_to_target,male-cns:v1.0,other,R
11369,22187,5,5,CB1314,CB1314_R,,,,cb_intrinsic,R,,SIFa_to_target,male-cns:v1.0,other,R
11369,22239,1,1,TmY16,TmY16_R,,,,ol_intrinsic,R,,SIFa_to_target,male-cns:v1.0,other,R
11369,22309,1,1,CB3201,CB3201_R,,,,cb_intrinsic,R,,SIFa_to_target,male-cns:v1.0,other,R
11369,22319,1,1,AN08B010,AN08B010_L,,,BA,ascending_neuron,L,,SIFa_to_target,male-cns:v1.0,other,L
11369,22354,4,3,aPhM2b,aPhM2b_R,,mechanosensory,pharyngeal sensillum,cb_sensory,,R,SIFa_to_target,male-cns:v1.0,other,R
11369,22375,1,1,Dm1,Dm1_R,,,,ol_intrinsic,R,,SIFa_to_target,male-cns:v1.0,other,R
11369,22507,1,1,,22507_L,,,,cb_intrinsic,L,,SIFa_to_target,male-cns:v1.0,other,L
11369,22548,1,1,AVLP349,AVLP349_R,AVLP349,,,cb_intrinsic,R,,SIFa_to_target,male-cns:v1.0,other,R
11369,22601,1,1,SCL002m,SCL002m_R,,,,cb_intrinsic,R,,SIFa_to_target,male-cns:v1.0,other,R
11369,22689,1,1,PS188,PS188_R,PS188,,,cb_intrinsic,R,,SIFa_to_target,male-cns:v1.0,other,R
11369,22787,3,1,DL2d_adPN,DL2d_adPN_R,DL2d_adPN,ALPN,,cb_intrinsic,R,,SIFa_to_target,male-cns:v1.0,other,R
11369,22805,1,1,Cm28,Cm28_R,,,,ol_intrinsic,R,,SIFa_to_target,male-cns:v1.0,other,R
11369,22809,1,1,Pm10,Pm10_R,,,,ol_intrinsic,R,,SIFa_to_target,male-cns:v1.0,other,R
11369,22850,1,1,CB4125,CB4125_R,,,,cb_intrinsic,R,,SIFa_to_target,male-cns:v1.0,other,R
11369,23011,1,1,TmY14,TmY14_R,,,,visual_projection,R,,SIFa_to_target,male-cns:v1.0,other,R
11369,23039,1,1,VES095,VES095_R,,,,cb_intrinsic,R,,SIFa_to_target,male-cns:v1.0,other,R
11369,23067,1,1,AN09B019,AN09B019(23067)_R,,,CA,ascending_neuron,R,,SIFa_to_target,male-cns:v1.0,other,R
11369,23071,1,1,hDeltaE,hDeltaE_14_C8,hDeltaE,CX,,cb_intrinsic,L,,SIFa_to_target,male-cns:v1.0,other,unknown
11369,23200,1,1,DL2d_adPN,DL2d_adPN_R,DL2d_adPN,ALPN,,cb_intrinsic,R,,SIFa_to_target,male-cns:v1.0,other,R
11369,23206,1,1,Pm6,Pm6_R,,,,ol_intrinsic,R,,SIFa_to_target,male-cns:v1.0,other,R
11369,23218,1,1,TmY14,TmY14_R,,,,visual_projection,R,,SIFa_to_target,male-cns:v1.0,other,R
11369,23304,1,1,TmY19a,TmY19a_R,,,,ol_intrinsic,R,,SIFa_to_target,male-cns:v1.0,other,R
11369,23425,1,1,ANXXX170,ANXXX170_R,,,CA,ascending_neuron,R,,SIFa_to_target,male-cns:v1.0,other,R
11369,23501,2,1,TmY14,TmY14_R,,,,visual_projection,R,,SIFa_to_target,male-cns:v1.0,other,R
11369,23513,1,1,AN05B035,AN05B035_L,,,BA,ascending_neuron,L,,SIFa_to_target,male-cns:v1.0,other,L
11369,23543,1,1,TmY19a,TmY19a_R,,,,ol_intrinsic,R,,SIFa_to_target,male-cns:v1.0,other,R
11369,23609,1,1,TmY16,TmY16_R,,,,ol_intrinsic,R,,SIFa_to_target,male-cns:v1.0,other,R
11369,23851,1,1,AVLP139,AVLP139_R,AVLP139,,,cb_intrinsic,R,,SIFa_to_target,male-cns:v1.0,other,R
11369,23854,31,28,lLN2P_a,lLN2P_a_R,lLN2P_a,ALLN,,cb_intrinsic,R,,SIFa_to_target,male-cns:v1.0,other,R
11369,23955,1,1,TmY19a,TmY19a_R,,,,ol_intrinsic,R,,SIFa_to_target,male-cns:v1.0,other,R
11369,23986,1,1,hDeltaD,hDeltaD_13_C7,hDeltaD,CX,,cb_intrinsic,L,,SIFa_to_target,male-cns:v1.0,other,unknown
11369,24030,1,1,LHAD2c3,LHAD2c3_R,LHAD2c3,,,cb_intrinsic,R,,SIFa_to_target,male-cns:v1.0,other,R
11369,24054,1,1,PRW050,PRW050_R,,,,cb_intrinsic,R,,SIFa_to_target,male-cns:v1.0,other,R
11369,24235,1,1,TmY19a,TmY19a_R,,,,ol_intrinsic,R,,SIFa_to_target,male-cns:v1.0,other,R
11369,24292,1,1,Pm10,Pm10_R,,,,ol_intrinsic,R,,SIFa_to_target,male-cns:v1.0,other,R
11369,24338,1,1,LC4,LC4_R,LC4,,,visual_projection,R,,SIFa_to_target,male-cns:v1.0,other,R
11369,24577,1,1,TmY14,TmY14_R,,,,visual_projection,R,,SIFa_to_target,male-cns:v1.0,other,R
11369,24582,1,1,Cm11b,Cm11b_R,,,,ol_intrinsic,R,,SIFa_to_target,male-cns:v1.0,other,R
11369,24776,1,1,GNG078,GNG078_R,,,,cb_intrinsic,R,,SIFa_to_target,male-cns:v1.0,other,R
11369,24828,5,5,lLN2P_b,lLN2P_b_R,lLN2P_b,ALLN,,cb_intrinsic,R,,SIFa_to_target,male-cns:v1.0,other,R
11369,24837,2,2,PRW017,PRW017_L,,,,cb_intrinsic,L,,SIFa_to_target,male-cns:v1.0,other,L
11369,24874,2,2,WED055_b,WED055_b_R,WED055_b,,,cb_intrinsic,R,,SIFa_to_target,male-cns:v1.0,other,R
11369,24948,1,1,CB2475,CB2475_R,,,,cb_intrinsic,R,,SIFa_to_target,male-cns:v1.0,other,R
11369,24967,2,2,TmY19a,TmY19a_R,,,,ol_intrinsic,R,,SIFa_to_target,male-cns:v1.0,other,R
11369,25092,1,1,ANXXX082,ANXXX082_L,,,CA,ascending_neuron,L,,SIFa_to_target,male-cns:v1.0,other,L
11369,25166,1,1,VC4_adPN,VC4_adPN_R,VC4_adPN,ALPN,,cb_intrinsic,R,,SIFa_to_target,male-cns:v1.0,other,R
11369,25250,3,2,PRW043,PRW043_R,,,,cb_intrinsic,R,,SIFa_to_target,male-cns:v1.0,other,R
11369,25312,1,1,VES021,VES021_R,VES021,,,cb_intrinsic,R,,SIFa_to_target,male-cns:v1.0,other,R
11369,25370,1,1,Dm11,Dm11_R,,,,ol_intrinsic,R,,SIFa_to_target,male-cns:v1.0,other,R
11369,25382,1,1,Dm1,Dm1_R,,,,ol_intrinsic,R,,SIFa_to_target,male-cns:v1.0,other,R
11369,25487,1,1,CB2475,CB2475_L,,,,cb_intrinsic,L,,SIFa_to_target,male-cns:v1.0,other,L
11369,25563,1,1,GNG471,GNG471_R,,,,cb_intrinsic,R,,SIFa_to_target,male-cns:v1.0,other,R
11369,25577,1,1,SMP399_a,SMP399_a_R,SMP399,,,cb_intrinsic,R,,SIFa_to_target,male-cns:v1.0,other,R
11369,25620,1,1,Pm2a,Pm2a_R,,,,ol_intrinsic,R,,SIFa_to_target,male-cns:v1.0,other,R
11369,25676,1,1,TmY15,TmY15_R,,,,ol_intrinsic,R,,SIFa_to_target,male-cns:v1.0,other,R
11369,25730,1,1,IB015,IB015_R,IB015,,,cb_intrinsic,R,,SIFa_to_target,male-cns:v1.0,other,R
11369,25732,2,1,TmY15,TmY15_R,,,,ol_intrinsic,R,,SIFa_to_target,male-cns:v1.0,other,R
11369,25775,1,1,PS281,PS281_R,PS281,,,cb_intrinsic,R,,SIFa_to_target,male-cns:v1.0,other,R
11369,26046,1,1,TmY19a,TmY19a_R,,,,ol_intrinsic,R,,SIFa_to_target,male-cns:v1.0,other,R
11369,26071,1,1,M_lPNm11D,M_lPNm11D_R,M_lPNm11D,ALPN,,cb_intrinsic,R,,SIFa_to_target,male-cns:v1.0,other,R
11369,26095,1,1,v2LN3A1_a,v2LN3A1_a_R,,ALLN,,cb_intrinsic,R,,SIFa_to_target,male-cns:v1.0,other,R
11369,26102,2,2,DL2v_adPN,DL2v_adPN_R,DL2v_adPN,ALPN,,cb_intrinsic,R,,SIFa_to_target,male-cns:v1.0,other,R
11369,26121,1,1,Pm4,Pm4_R,,,,ol_intrinsic,R,,SIFa_to_target,male-cns:v1.0,other,R
11369,26223,1,1,M_lPNm11D,M_lPNm11D_R,M_lPNm11D,ALPN,,cb_intrinsic,R,,SIFa_to_target,male-cns:v1.0,other,R
11369,26402,1,1,WED055_a,WED055_a_R,WED055_a,,,cb_intrinsic,R,,SIFa_to_target,male-cns:v1.0,other,R
11369,26437,1,1,TmY15,TmY15_R,,,,ol_intrinsic,R,,SIFa_to_target,male-cns:v1.0,other,R
11369,26480,1,1,Cm17,Cm17_R,,,,ol_intrinsic,R,,SIFa_to_target,male-cns:v1.0,other,R
11369,26619,1,1,Pm_unclear,Pm_unclear_R,,,,ol_intrinsic,R,,SIFa_to_target,male-cns:v1.0,other,R
11369,26628,1,1,DL3_lPN,DL3_lPN_R,DL3_lPN,ALPN,,cb_intrinsic,R,,SIFa_to_target,male-cns:v1.0,other,R
11369,26764,2,2,GNG108,GNG108_R,,,,cb_intrinsic,R,,SIFa_to_target,male-cns:v1.0,other,R
11369,26766,1,1,M_vPNml65,M_vPNml65_R,M_vPNml65,ALPN,,cb_intrinsic,R,,SIFa_to_target,male-cns:v1.0,other,R
11369,26891,5,5,PRW043,PRW043_R,,,,cb_intrinsic,R,,SIFa_to_target,male-cns:v1.0,other,R
11369,27031,1,1,PS284,PS284_R,PS284,,,cb_intrinsic,R,,SIFa_to_target,male-cns:v1.0,other,R
11369,27205,1,1,MeLo9,MeLo9_R,,,,ol_intrinsic,R,,SIFa_to_target,male-cns:v1.0,other,R
11369,27330,1,1,WED055_b,WED055_b_R,WED055_b,,,cb_intrinsic,R,,SIFa_to_target,male-cns:v1.0,other,R
11369,27379,1,1,M_lPNm11D,M_lPNm11D_R,M_lPNm11D,ALPN,,cb_intrinsic,R,,SIFa_to_target,male-cns:v1.0,other,R
11369,27416,13,12,lLN2P_b,lLN2P_b_R,lLN2P_b,ALLN,,cb_intrinsic,R,,SIFa_to_target,male-cns:v1.0,other,R
11369,27421,1,1,TmY19a,TmY19a_R,,,,ol_intrinsic,R,,SIFa_to_target,male-cns:v1.0,other,R
11369,27614,8,7,lLN2P_b,lLN2P_b_R,lLN2P_b,ALLN,,cb_intrinsic,R,,SIFa_to_target,male-cns:v1.0,other,R
11369,27816,1,1,ANXXX027,ANXXX027(27816)_R,,,CA,ascending_neuron,R,,SIFa_to_target,male-cns:v1.0,other,R
11369,27865,3,3,Dm1,Dm1_R,,,,ol_intrinsic,R,,SIFa_to_target,male-cns:v1.0,other,R
11369,27913,1,1,MeVP7,MeVP7_R,MC66,,,visual_projection,R,,SIFa_to_target,male-cns:v1.0,other,R
11369,27914,1,1,WED055_b,WED055_b_R,,,,cb_intrinsic,R,,SIFa_to_target,male-cns:v1.0,other,R
11369,28077,1,1,Pm2a,Pm2a_R,,,,ol_intrinsic,R,,SIFa_to_target,male-cns:v1.0,other,R
11369,28246,1,1,TmY16,TmY16_R,,,,ol_intrinsic,R,,SIFa_to_target,male-cns:v1.0,other,R
11369,28332,3,3,GNG150,GNG150_R,,,,cb_intrinsic,R,,SIFa_to_target,male-cns:v1.0,other,R
11369,28452,1,1,Pm2a,Pm2a_R,,,,ol_intrinsic,R,,SIFa_to_target,male-cns:v1.0,other,R
11369,28525,19,18,lLN2P_b,lLN2P_b_R,lLN2P_b,ALLN,,cb_intrinsic,R,,SIFa_to_target,male-cns:v1.0,other,R
11369,28557,1,1,WED093,WED093_R,WED093,,,cb_intrinsic,R,,SIFa_to_target,male-cns:v1.0,other,R
11369,28566,1,1,TmY19a,TmY19a_R,,,,ol_intrinsic,R,,SIFa_to_target,male-cns:v1.0,other,R
11369,28765,1,1,Li25,Li25_R,,,,ol_intrinsic,R,,SIFa_to_target,male-cns:v1.0,other,R
11369,28837,1,1,Lawf1,Lawf1_R,,,,ol_intrinsic,R,,SIFa_to_target,male-cns:v1.0,other,R
11369,28950,1,1,PRW027,PRW027_R,,,,cb_intrinsic,R,,SIFa_to_target,male-cns:v1.0,other,R
11369,29202,1,1,PS281,PS281_R,PS281,,,cb_intrinsic,R,,SIFa_to_target,male-cns:v1.0,other,R
11369,29231,1,1,v2LN38,v2LN38_R,v2LN38,ALLN,,cb_intrinsic,R,,SIFa_to_target,male-cns:v1.0,other,R
11369,29264,2,2,GNG401,GNG401_R,,,,cb_intrinsic,R,,SIFa_to_target,male-cns:v1.0,other,R
11369,29385,1,1,TmY19a,TmY19a_R,,,,ol_intrinsic,R,,SIFa_to_target,male-cns:v1.0,other,R
11369,29543,1,1,CRE080_d,CRE080_d_L,CRE080,,,cb_intrinsic,L,,SIFa_to_target,male-cns:v1.0,other,L
11369,29547,2,2,CB1314,CB1314_R,,,,cb_intrinsic,R,,SIFa_to_target,male-cns:v1.0,other,R
11369,29722,1,1,Dm1,Dm1_R,,,,ol_intrinsic,R,,SIFa_to_target,male-cns:v1.0,other,R
11369,30033,1,1,Pm4,Pm4_R,,,,ol_intrinsic,R,,SIFa_to_target,male-cns:v1.0,other,R
11369,30039,1,1,SMP568_b,SMP568_b_L,SMP568_b,,,cb_intrinsic,L,,SIFa_to_target,male-cns:v1.0,other,L
11369,30049,1,1,PRW042,PRW042_R,,,,cb_intrinsic,R,,SIFa_to_target,male-cns:v1.0,other,R
11369,30088,1,1,AN13B002,AN13B002_L,,,CA,ascending_neuron,L,,SIFa_to_target,male-cns:v1.0,other,L
11369,30203,1,1,Dm12,Dm12_R,,,,ol_intrinsic,R,,SIFa_to_target,male-cns:v1.0,other,R
11369,30346,1,1,AN17A062,AN17A062_L,,,IA,ascending_neuron,L,,SIFa_to_target,male-cns:v1.0,other,L
11369,30379,2,2,AN09B031,AN09B031_L,,,BA,ascending_neuron,L,,SIFa_to_target,male-cns:v1.0,other,L
11369,30401,1,1,VES021,VES021_L,VES021,,,cb_intrinsic,L,,SIFa_to_target,male-cns:v1.0,other,L
11369,30421,24,19,lLN2P_b,lLN2P_b_R,lLN2P_b,ALLN,,cb_intrinsic,R,,SIFa_to_target,male-cns:v1.0,other,R
11369,30461,1,1,Mi4,Mi4_R,,,,ol_intrinsic,R,,SIFa_to_target,male-cns:v1.0,other,R
11369,30659,1,1,MeTu1,MeTu1_R,"MC61,MC64",,,visual_projection,R,,SIFa_to_target,male-cns:v1.0,other,R
11369,30705,1,1,AN17A009,AN17A009_L,,,BA,ascending_neuron,L,,SIFa_to_target,male-cns:v1.0,other,L
11369,30744,1,1,L1,L1_R,,,,ol_intrinsic,R,,SIFa_to_target,male-cns:v1.0,other,R
11369,30866,1,1,aMe2,aMe2_R,aMe2,,,visual_centrifugal,R,,SIFa_to_target,male-cns:v1.0,other,R
11369,30885,2,2,M_vPNml52,M_vPNml52_R,M_vPNml52,ALPN,,cb_intrinsic,R,,SIFa_to_target,male-cns:v1.0,other,R
11369,31273,1,1,Mi18,Mi18_R,,,,ol_intrinsic,R,,SIFa_to_target,male-cns:v1.0,other,R
11369,31366,2,2,Pm4,Pm4_R,,,,ol_intrinsic,R,,SIFa_to_target,male-cns:v1.0,other,R
11369,31451,1,1,GNG026,GNG026_R,,,,cb_intrinsic,R,,SIFa_to_target,male-cns:v1.0,other,R
11369,31621,1,1,Dm12,Dm12_R,,,,ol_intrinsic,R,,SIFa_to_target,male-cns:v1.0,other,R
11369,31758,3,3,Lawf1,Lawf1_R,,,,ol_intrinsic,R,,SIFa_to_target,male-cns:v1.0,other,R
11369,31866,1,1,Lawf1,Lawf1_R,,,,ol_intrinsic,R,,SIFa_to_target,male-cns:v1.0,other,R
11369,32036,1,1,Dm9,Dm9_R,,,,ol_intrinsic,R,,SIFa_to_target,male-cns:v1.0,other,R
11369,32052,1,1,PS054,PS054_R,PS054,,,cb_intrinsic,R,,SIFa_to_target,male-cns:v1.0,other,R
11369,32100,1,1,CB4125,CB4125_R,,,,cb_intrinsic,R,,SIFa_to_target,male-cns:v1.0,other,R
11369,32101,1,1,GNG239,GNG239_R,,,,cb_intrinsic,R,,SIFa_to_target,male-cns:v1.0,other,R
11369,32156,1,1,mAL_m8,mAL_m8_R,,,,cb_intrinsic,R,,SIFa_to_target,male-cns:v1.0,other,R
11369,32356,1,1,Lawf1,Lawf1_R,,,,ol_intrinsic,R,,SIFa_to_target,male-cns:v1.0,other,R
11369,32402,1,1,SLP224,SLP224_R,SLP224,,,cb_intrinsic,R,,SIFa_to_target,male-cns:v1.0,other,R
11369,32466,1,1,L5,L5_R,,,,ol_intrinsic,R,,SIFa_to_target,male-cns:v1.0,other,R
11369,32478,1,1,TmY16,TmY16_R,,,,ol_intrinsic,R,,SIFa_to_target,male-cns:v1.0,other,R
11369,32528,1,1,TmY19a,TmY19a_R,,,,ol_intrinsic,R,,SIFa_to_target,male-cns:v1.0,other,R
11369,32592,1,1,AN10B027,AN10B027(31966)_L,,,CA,ascending_neuron,L,,SIFa_to_target,male-cns:v1.0,other,L
11369,32967,1,1,CB2228,CB2228_R,,,,cb_intrinsic,R,,SIFa_to_target,male-cns:v1.0,other,R
11369,33037,1,1,DNp69,DNp69(CL304)_L,CL304,,xn,descending_neuron,L,,SIFa_to_target,male-cns:v1.0,other,L
11369,33241,2,1,Pm10,Pm10_R,,,,ol_intrinsic,R,,SIFa_to_target,male-cns:v1.0,other,R
11369,33360,1,1,Cm17,Cm17_R,,,,ol_intrinsic,R,,SIFa_to_target,male-cns:v1.0,other,R
11369,33450,1,1,Lawf1,Lawf1_R,,,,ol_intrinsic,R,,SIFa_to_target,male-cns:v1.0,other,R
11369,33488,1,1,Lawf2,Lawf2_R,,,,ol_intrinsic,R,,SIFa_to_target,male-cns:v1.0,other,R
11369,33646,1,1,v2LN34C,v2LN34C_R,v2LN34C,ALLN,,cb_intrinsic,R,,SIFa_to_target,male-cns:v1.0,other,R
11369,33892,1,1,AN03B011,AN03B011_L,,,IA,ascending_neuron,L,,SIFa_to_target,male-cns:v1.0,other,L
11369,34198,1,1,SLP334,SLP334_R,SLP334,,,cb_intrinsic,R,,SIFa_to_target,male-cns:v1.0,other,R
11369,34255,1,1,T1,T1_R,,,,ol_intrinsic,R,,SIFa_to_target,male-cns:v1.0,other,R
11369,34343,1,1,MeLo3b,MeLo3b_R,,,,ol_intrinsic,R,,SIFa_to_target,male-cns:v1.0,other,R
11369,34639,1,1,MeVP10,MeVP10_R,,,,visual_projection,R,,SIFa_to_target,male-cns:v1.0,other,R
11369,34700,1,1,GNG438,GNG438_L,,,,cb_intrinsic,L,,SIFa_to_target,male-cns:v1.0,other,L
11369,35186,1,1,Lawf1,Lawf1_R,,,,ol_intrinsic,R,,SIFa_to_target,male-cns:v1.0,other,R
11369,35222,2,2,MeLo1,MeLo1_R,,,,ol_intrinsic,R,,SIFa_to_target,male-cns:v1.0,other,R
11369,35324,1,1,Delta7,Delta7(PB15)_L5R4_L,Delta7,CX,,cb_intrinsic,L,,SIFa_to_target,male-cns:v1.0,other,L
11369,35378,1,1,MeLo13,MeLo13_R,,,,ol_intrinsic,R,,SIFa_to_target,male-cns:v1.0,other,R
11369,35392,3,2,Tm23,Tm23_R,,,,ol_intrinsic,R,,SIFa_to_target,male-cns:v1.0,other,R
11369,35579,1,1,Dm12,Dm12_R,,,,ol_intrinsic,R,,SIFa_to_target,male-cns:v1.0,other,R
11369,35855,1,1,Lawf1,Lawf1_R,,,,ol_intrinsic,R,,SIFa_to_target,male-cns:v1.0,other,R
11369,35921,1,1,AN09B030,AN09B030_R,,,BA,ascending_neuron,R,,SIFa_to_target,male-cns:v1.0,other,R
11369,35966,1,1,AN17A015,AN17A015_L,,,IA,ascending_neuron,L,,SIFa_to_target,male-cns:v1.0,other,L
11369,36372,1,1,Dm1,Dm1_R,,,,ol_intrinsic,R,,SIFa_to_target,male-cns:v1.0,other,R
11369,36422,1,1,PRW005,PRW005_L,,,,cb_intrinsic,L,,SIFa_to_target,male-cns:v1.0,other,L
11369,36595,1,1,MeVP20,MeVP20_R,,,,visual_projection,R,,SIFa_to_target,male-cns:v1.0,other,R
11369,36844,1,1,CB3417,CB3417_R,,ALLN,,cb_intrinsic,R,,SIFa_to_target,male-cns:v1.0,other,R
11369,37228,1,1,MeLo13,MeLo13_R,,,,ol_intrinsic,R,,SIFa_to_target,male-cns:v1.0,other,R
11369,37336,1,1,M_lvPNm35,M_lvPNm35_R,M_lvPNm35,ALPN,,cb_intrinsic,R,,SIFa_to_target,male-cns:v1.0,other,R
11369,37460,1,1,,,,,,cb_intrinsic,R,,SIFa_to_target,male-cns:v1.0,other,unknown
11369,37881,1,1,MeTu3c,MeTu3c_R,"MC61,MC64",,,visual_projection,R,,SIFa_to_target,male-cns:v1.0,other,R
11369,37974,1,1,GNG398,GNG398_R,,,,cb_intrinsic,R,,SIFa_to_target,male-cns:v1.0,other,R
11369,37979,3,3,AN09B018,AN09B018_L,,,BA,ascending_neuron,L,,SIFa_to_target,male-cns:v1.0,other,L
11369,38107,1,1,Lawf1,Lawf1_R,,,,ol_intrinsic,R,,SIFa_to_target,male-cns:v1.0,other,R
11369,38150,2,1,Tm23,Tm23_R,,,,ol_intrinsic,R,,SIFa_to_target,male-cns:v1.0,other,R
11369,38514,1,1,Mi1,Mi1_R,,,,ol_intrinsic,R,,SIFa_to_target,male-cns:v1.0,other,R
11369,39062,1,1,GNG414,GNG414_R,,,,cb_intrinsic,R,,SIFa_to_target,male-cns:v1.0,other,R
11369,39124,1,1,PS076,PS076_R,PS076,,,cb_intrinsic,R,,SIFa_to_target,male-cns:v1.0,other,R
11369,39333,1,1,SIP143m,SIP143m_L,,,,cb_intrinsic,L,,SIFa_to_target,male-cns:v1.0,other,L
11369,39413,1,1,PEG,PEG(PB07)_L2,PEG,CX,,cb_intrinsic,L,,SIFa_to_target,male-cns:v1.0,other,unknown
11369,39494,1,1,CB1981,CB1981_R,,,,cb_intrinsic,R,,SIFa_to_target,male-cns:v1.0,other,R
11369,39941,1,1,AN10B029,AN10B029_L,,,BA,ascending_neuron,L,,SIFa_to_target,male-cns:v1.0,other,L
11369,40188,1,1,Dm9,Dm9_R,,,,ol_intrinsic,R,,SIFa_to_target,male-cns:v1.0,other,R
11369,40463,1,1,GNG394,GNG394_R,,,,cb_intrinsic,R,,SIFa_to_target,male-cns:v1.0,other,R
11369,40549,1,1,DNg03,DNg03_R,,,ut,descending_neuron,R,,SIFa_to_target,male-cns:v1.0,other,R
11369,40647,1,1,SMP487,SMP487_L,SMP487,,,cb_intrinsic,L,,SIFa_to_target,male-cns:v1.0,other,L
11369,40825,2,1,Lawf1,Lawf1_R,,,,ol_intrinsic,R,,SIFa_to_target,male-cns:v1.0,other,R
11369,40835,1,1,MeLo6,MeLo6_R,,,,ol_intrinsic,R,,SIFa_to_target,male-cns:v1.0,other,R
11369,41109,2,1,Lawf1,Lawf1_R,,,,ol_intrinsic,R,,SIFa_to_target,male-cns:v1.0,other,R
11369,41144,1,1,CB0477,CB0477_R,,,,cb_intrinsic,R,,SIFa_to_target,male-cns:v1.0,other,R
11369,41193,3,2,PRW017,PRW017_R,,,,cb_intrinsic,R,,SIFa_to_target,male-cns:v1.0,other,R
11369,41949,1,1,PS078,PS078_L,PS078,,,cb_intrinsic,L,,SIFa_to_target,male-cns:v1.0,other,L
11369,42356,2,1,Lawf1,Lawf1_R,,,,ol_intrinsic,R,,SIFa_to_target,male-cns:v1.0,other,R
11369,42519,1,1,Mi1,Mi1_R,,,,ol_intrinsic,R,,SIFa_to_target,male-cns:v1.0,other,R
11369,42520,1,1,TmY15,TmY15_R,,,,ol_intrinsic,R,,SIFa_to_target,male-cns:v1.0,other,R
11369,42525,2,2,MeVP10,MeVP10_R,,,,visual_projection,R,,SIFa_to_target,male-cns:v1.0,other,R
11369,42567,2,2,SCL002m,SCL002m_R,,,,cb_intrinsic,R,,SIFa_to_target,male-cns:v1.0,other,R
11369,42585,1,1,Tm1,Tm1_R,,,,ol_intrinsic,R,,SIFa_to_target,male-cns:v1.0,other,R
11369,42722,1,1,PRW024,PRW024_R,,,,cb_intrinsic,R,,SIFa_to_target,male-cns:v1.0,other,R
11369,42877,1,1,Tm16,Tm16_R,,,,ol_intrinsic,R,,SIFa_to_target,male-cns:v1.0,other,R
11369,43010,1,1,Lawf1,Lawf1_R,,,,ol_intrinsic,R,,SIFa_to_target,male-cns:v1.0,other,R
11369,43417,1,1,LC18,LC18_R,LC18,,,visual_projection,R,,SIFa_to_target,male-cns:v1.0,other,R
11369,43496,1,1,SLP334,SLP334_R,SLP334,,,cb_intrinsic,R,,SIFa_to_target,male-cns:v1.0,other,R
11369,43560,1,1,CB2343,CB2343_R,,,,cb_intrinsic,R,,SIFa_to_target,male-cns:v1.0,other,R
11369,43997,1,1,CB1556,CB1556_R,,,,cb_intrinsic,R,,SIFa_to_target,male-cns:v1.0,other,R
11369,44008,1,1,Dm12,Dm12_R,,,,ol_intrinsic,R,,SIFa_to_target,male-cns:v1.0,other,R
11369,44207,1,1,TmY17,TmY17_R,,,,ol_intrinsic,R,,SIFa_to_target,male-cns:v1.0,other,R
11369,44209,1,1,TmY21,TmY21_R,,,,ol_intrinsic,R,,SIFa_to_target,male-cns:v1.0,other,R
11369,44526,1,1,T1,T1_R,,,,ol_intrinsic,R,,SIFa_to_target,male-cns:v1.0,other,R
11369,44995,1,1,M_lPNm11D,M_lPNm11D_R,M_lPNm11D,ALPN,,cb_intrinsic,R,,SIFa_to_target,male-cns:v1.0,other,R
11369,45004,1,1,Cm11a,Cm11a_R,,,,ol_intrinsic,R,,SIFa_to_target,male-cns:v1.0,other,R
11369,45142,1,1,LHPV5h2_c,LHPV5h2_c_R,LHPV5h2,,,cb_intrinsic,R,,SIFa_to_target,male-cns:v1.0,other,R
11369,45430,1,1,M_lPNm11C,M_lPNm11C_R,M_lPNm11C,ALPN,BI,cb_intrinsic,R,,SIFa_to_target,male-cns:v1.0,other,R
11369,45619,2,1,L3,L3_R,,,,ol_intrinsic,R,,SIFa_to_target,male-cns:v1.0,other,R
11369,45747,1,1,Tm2,Tm2_R,,,,ol_intrinsic,R,,SIFa_to_target,male-cns:v1.0,other,R
11369,45750,1,1,TmY3,TmY3_R,,,,ol_intrinsic,R,,SIFa_to_target,male-cns:v1.0,other,R
11369,46230,1,1,TmY3,TmY3_R,,,,ol_intrinsic,R,,SIFa_to_target,male-cns:v1.0,other,R
11369,46254,1,1,Lawf1,Lawf1_R,,,,ol_intrinsic,R,,SIFa_to_target,male-cns:v1.0,other,R
11369,46302,1,1,TmY3,TmY3_R,,,,ol_intrinsic,R,,SIFa_to_target,male-cns:v1.0,other,R
11369,46307,1,1,Dm9,Dm9_R,,,,ol_intrinsic,R,,SIFa_to_target,male-cns:v1.0,other,R
11369,46317,2,2,MeLo11,MeLo11_R,,,,ol_intrinsic,R,,SIFa_to_target,male-cns:v1.0,other,R
11369,46346,3,2,Li29,Li29_R,,,,ol_intrinsic,R,,SIFa_to_target,male-cns:v1.0,other,R
11369,46519,1,1,Dm10,Dm10_R,,,,ol_intrinsic,R,,SIFa_to_target,male-cns:v1.0,other,R
11369,46895,2,2,TmY15,TmY15_R,,,,ol_intrinsic,R,,SIFa_to_target,male-cns:v1.0,other,R
11369,46963,1,1,LLPC1,LLPC1_R,LLPC1,,,visual_projection,R,,SIFa_to_target,male-cns:v1.0,other,R
11369,47008,2,2,SMP482,SMP482_L,SMP482,,,cb_intrinsic,L,,SIFa_to_target,male-cns:v1.0,other,L
11369,47158,3,3,Tm1,Tm1_R,,,,ol_intrinsic,R,,SIFa_to_target,male-cns:v1.0,other,R
11369,47163,1,1,MeVP10,MeVP10_R,,,,visual_projection,R,,SIFa_to_target,male-cns:v1.0,other,R
11369,47257,2,1,PRW031,PRW031_R,,,,cb_intrinsic,R,,SIFa_to_target,male-cns:v1.0,other,R
11369,47430,3,2,Lawf1,Lawf1_R,,,,ol_intrinsic,R,,SIFa_to_target,male-cns:v1.0,other,R
11369,47693,2,2,DNpe036,DNpe036_R,,,xn,descending_neuron,R,,SIFa_to_target,male-cns:v1.0,other,R
11369,47764,1,1,Tm23,Tm23_R,,,,ol_intrinsic,R,,SIFa_to_target,male-cns:v1.0,other,R
11369,48211,2,2,Tm1,Tm1_R,,,,ol_intrinsic,R,,SIFa_to_target,male-cns:v1.0,other,R
11369,48320,1,1,TmY3,TmY3_R,,,,ol_intrinsic,R,,SIFa_to_target,male-cns:v1.0,other,R
11369,48357,1,1,MeLo7,MeLo7_R,,,,ol_intrinsic,R,,SIFa_to_target,male-cns:v1.0,other,R
11369,48372,1,1,Tm1,Tm1_R,,,,ol_intrinsic,R,,SIFa_to_target,male-cns:v1.0,other,R
11369,48689,1,1,Dm12,Dm12_R,,,,ol_intrinsic,R,,SIFa_to_target,male-cns:v1.0,other,R
11369,48827,3,3,Tm23,Tm23_R,,,,ol_intrinsic,R,,SIFa_to_target,male-cns:v1.0,other,R
11369,48911,1,1,Dm12,Dm12_R,,,,ol_intrinsic,R,,SIFa_to_target,male-cns:v1.0,other,R
11369,49025,1,1,Tm1,Tm1_R,,,,ol_intrinsic,R,,SIFa_to_target,male-cns:v1.0,other,R
11369,49155,1,1,T1,T1_R,,,,ol_intrinsic,R,,SIFa_to_target,male-cns:v1.0,other,R
11369,49619,1,1,Lawf1,Lawf1_R,,,,ol_intrinsic,R,,SIFa_to_target,male-cns:v1.0,other,R
11369,49856,1,1,GNG183,GNG183_R,,,,cb_intrinsic,R,,SIFa_to_target,male-cns:v1.0,other,R
11369,49942,1,1,TmY3,TmY3_R,,,,ol_intrinsic,R,,SIFa_to_target,male-cns:v1.0,other,R
11369,50040,1,1,Tm2,Tm2_R,,,,ol_intrinsic,R,,SIFa_to_target,male-cns:v1.0,other,R
11369,50059,1,1,PhG7,PhG7_L,,gustatory,pharyngeal sensillum,cb_sensory,,L,SIFa_to_target,male-cns:v1.0,other,L
11369,50191,1,1,ANXXX007,ANXXX007_L,,,BA,ascending_neuron,L,,SIFa_to_target,male-cns:v1.0,other,L
11369,50244,1,1,TmY3,TmY3_R,,,,ol_intrinsic,R,,SIFa_to_target,male-cns:v1.0,other,R
11369,50381,1,1,Y14,Y14_R,,,,ol_intrinsic,R,,SIFa_to_target,male-cns:v1.0,other,R
11369,50434,1,1,SMP710m,SMP710m_L,,,,cb_intrinsic,L,,SIFa_to_target,male-cns:v1.0,other,L
11369,50494,1,1,ANXXX007,ANXXX007_R,,,BA,ascending_neuron,R,,SIFa_to_target,male-cns:v1.0,other,R
11369,50626,1,1,Mi4,Mi4_R,,,,ol_intrinsic,R,,SIFa_to_target,male-cns:v1.0,other,R
11369,50801,1,1,Tm1,Tm1_R,,,,ol_intrinsic,R,,SIFa_to_target,male-cns:v1.0,other,R
11369,51230,1,1,CB3103,CB3103_R,,,,cb_intrinsic,R,,SIFa_to_target,male-cns:v1.0,other,R
11369,51239,2,1,MeVP10,MeVP10_R,,,,visual_projection,R,,SIFa_to_target,male-cns:v1.0,other,R
11369,51266,1,1,Tm2,Tm2_R,,,,ol_intrinsic,R,,SIFa_to_target,male-cns:v1.0,other,R
11369,51521,1,1,Tm2,Tm2_R,,,,ol_intrinsic,R,,SIFa_to_target,male-cns:v1.0,other,R
11369,51646,1,1,lLN13,lLN13_R,lLN13,ALLN,,cb_intrinsic,R,,SIFa_to_target,male-cns:v1.0,other,R
11369,51721,1,1,MeLo7,MeLo7_R,,,,ol_intrinsic,R,,SIFa_to_target,male-cns:v1.0,other,R
11369,51922,1,1,MeTu3c,MeTu3c_R,"MC61,MC64",,,visual_projection,R,,SIFa_to_target,male-cns:v1.0,other,R
11369,52334,1,1,TmY3,TmY3_R,,,,ol_intrinsic,R,,SIFa_to_target,male-cns:v1.0,other,R
11369,52515,1,1,MeVP10,MeVP10_R,,,,visual_projection,R,,SIFa_to_target,male-cns:v1.0,other,R
11369,52812,2,2,Dm10,Dm10_R,,,,ol_intrinsic,R,,SIFa_to_target,male-cns:v1.0,other,R
11369,52891,1,1,MeVP10,MeVP10_R,,,,visual_projection,R,,SIFa_to_target,male-cns:v1.0,other,R
11369,53427,1,1,TmY3,TmY3_R,,,,ol_intrinsic,R,,SIFa_to_target,male-cns:v1.0,other,R
11369,53461,1,1,TmY3,TmY3_R,,,,ol_intrinsic,R,,SIFa_to_target,male-cns:v1.0,other,R
11369,53842,1,1,Tm1,Tm1_R,,,,ol_intrinsic,R,,SIFa_to_target,male-cns:v1.0,other,R
11369,53905,1,1,Dm10,Dm10_R,,,,ol_intrinsic,R,,SIFa_to_target,male-cns:v1.0,other,R
11369,54032,1,1,TmY3,TmY3_R,,,,ol_intrinsic,R,,SIFa_to_target,male-cns:v1.0,other,R
11369,54351,2,1,T1,T1_R,,,,ol_intrinsic,R,,SIFa_to_target,male-cns:v1.0,other,R
11369,54520,1,1,Tm1,Tm1_R,,,,ol_intrinsic,R,,SIFa_to_target,male-cns:v1.0,other,R
11369,54540,1,1,MeTu1,MeTu1_R,"MC61,MC64",,,visual_projection,R,,SIFa_to_target,male-cns:v1.0,other,R
11369,54811,2,1,Tm2,Tm2_R,,,,ol_intrinsic,R,,SIFa_to_target,male-cns:v1.0,other,R
11369,55146,1,1,TmY3,TmY3_R,,,,ol_intrinsic,R,,SIFa_to_target,male-cns:v1.0,other,R
11369,55490,2,2,Tm1,Tm1_R,,,,ol_intrinsic,R,,SIFa_to_target,male-cns:v1.0,other,R
11369,55839,1,1,Mi14,Mi14_R,,,,ol_intrinsic,R,,SIFa_to_target,male-cns:v1.0,other,R
11369,55840,1,1,Cm11a,Cm11a_R,,,,ol_intrinsic,R,,SIFa_to_target,male-cns:v1.0,other,R
11369,56656,1,1,MeLo7,MeLo7_R,,,,ol_intrinsic,R,,SIFa_to_target,male-cns:v1.0,other,R
11369,56679,1,1,ANXXX075,ANXXX075_R,,,CA,ascending_neuron,R,,SIFa_to_target,male-cns:v1.0,other,R
11369,56698,2,2,Lawf1,Lawf1_R,,,,ol_intrinsic,R,,SIFa_to_target,male-cns:v1.0,other,R
11369,56710,1,1,AN01A021,AN01A021_R,,,BA,ascending_neuron,R,,SIFa_to_target,male-cns:v1.0,other,R
11369,56726,1,1,hDeltaL,hDeltaL_13_C11,hDeltaL,CX,,cb_intrinsic,L,,SIFa_to_target,male-cns:v1.0,other,unknown
11369,56853,1,1,Tm2,Tm2_R,,,,ol_intrinsic,R,,SIFa_to_target,male-cns:v1.0,other,R
11369,56894,1,1,Mi14,Mi14_R,,,,ol_intrinsic,R,,SIFa_to_target,male-cns:v1.0,other,R
11369,56927,2,2,Tm1,Tm1_R,,,,ol_intrinsic,R,,SIFa_to_target,male-cns:v1.0,other,R
11369,57166,1,1,TmY3,TmY3_R,,,,ol_intrinsic,R,,SIFa_to_target,male-cns:v1.0,other,R
11369,57657,1,1,MeLo7,MeLo7_R,,,,ol_intrinsic,R,,SIFa_to_target,male-cns:v1.0,other,R
11369,57783,1,1,lLN12A,lLN12A_R,lLN12A,ALLN,,cb_intrinsic,R,,SIFa_to_target,male-cns:v1.0,other,R
11369,57992,1,1,GNG414,GNG414_R,,,,cb_intrinsic,R,,SIFa_to_target,male-cns:v1.0,other,R
11369,58034,1,1,Tm5Y,Tm5Y_R,,,,ol_intrinsic,R,,SIFa_to_target,male-cns:v1.0,other,R
11369,58296,2,2,Dm10,Dm10_R,,,,ol_intrinsic,R,,SIFa_to_target,male-cns:v1.0,other,R
11369,58475,1,1,TmY5a,TmY5a_R,,,,ol_intrinsic,R,,SIFa_to_target,male-cns:v1.0,other,R
11369,58481,1,1,CRE008,CRE008_L,CRE008,,,cb_intrinsic,L,,SIFa_to_target,male-cns:v1.0,other,L
11369,58857,1,1,TmY3,TmY3_R,,,,ol_intrinsic,R,,SIFa_to_target,male-cns:v1.0,other,R
11369,59021,1,1,Mi14,Mi14_R,,,,ol_intrinsic,R,,SIFa_to_target,male-cns:v1.0,other,R
11369,59083,1,1,Cm8,Cm8_R,,,,ol_intrinsic,R,,SIFa_to_target,male-cns:v1.0,other,R
11369,59479,1,1,Tm38,Tm38_R,,,,ol_intrinsic,R,,SIFa_to_target,male-cns:v1.0,other,R
11369,59816,1,1,Cm8,Cm8_R,,,,ol_intrinsic,R,,SIFa_to_target,male-cns:v1.0,other,R
11369,59835,2,2,Dm10,Dm10_R,,,,ol_intrinsic,R,,SIFa_to_target,male-cns:v1.0,other,R
11369,60060,1,1,C3,C3_R,,,,ol_intrinsic,R,,SIFa_to_target,male-cns:v1.0,other,R
11369,60115,1,1,Cm5,Cm5_R,,,,ol_intrinsic,R,,SIFa_to_target,male-cns:v1.0,other,R
11369,60182,1,1,MeLo2,MeLo2_R,,,,ol_intrinsic,R,,SIFa_to_target,male-cns:v1.0,other,R
11369,60186,1,1,PRW033,PRW033_R,,,,cb_intrinsic,R,,SIFa_to_target,male-cns:v1.0,other,R
11369,60278,2,2,Dm10,Dm10_R,,,,ol_intrinsic,R,,SIFa_to_target,male-cns:v1.0,other,R
11369,60279,1,1,Tm5c,Tm5c_R,,,,ol_intrinsic,R,,SIFa_to_target,male-cns:v1.0,other,R
11369,60343,1,1,Lawf1,Lawf1_R,,,,ol_intrinsic,R,,SIFa_to_target,male-cns:v1.0,other,R
11369,60522,2,2,Dm10,Dm10_R,,,,ol_intrinsic,R,,SIFa_to_target,male-cns:v1.0,other,R
11369,60566,1,1,Dm10,Dm10_R,,,,ol_intrinsic,R,,SIFa_to_target,male-cns:v1.0,other,R
11369,60819,2,1,Mi14,Mi14_R,,,,ol_intrinsic,R,,SIFa_to_target,male-cns:v1.0,other,R
11369,60849,1,1,Mi4,Mi4_R,,,,ol_intrinsic,R,,SIFa_to_target,male-cns:v1.0,other,R
11369,60961,1,1,TmY3,TmY3_R,,,,ol_intrinsic,R,,SIFa_to_target,male-cns:v1.0,other,R
11369,60988,1,1,Tm1,Tm1_R,,,,ol_intrinsic,R,,SIFa_to_target,male-cns:v1.0,other,R
11369,61072,1,1,Tm5c,Tm5c_R,,,,ol_intrinsic,R,,SIFa_to_target,male-cns:v1.0,other,R
11369,61246,1,1,TmY3,TmY3_R,,,,ol_intrinsic,R,,SIFa_to_target,male-cns:v1.0,other,R
11369,61426,1,1,Tm31,Tm31_R,,,,ol_intrinsic,R,,SIFa_to_target,male-cns:v1.0,other,R
11369,61442,1,1,Tm37,Tm37_R,,,,ol_intrinsic,R,,SIFa_to_target,male-cns:v1.0,other,R
11369,61566,1,1,C3,C3_R,,,,ol_intrinsic,R,,SIFa_to_target,male-cns:v1.0,other,R
11369,61668,1,1,Dm10,Dm10_R,,,,ol_intrinsic,R,,SIFa_to_target,male-cns:v1.0,other,R
11369,61713,1,1,TmY13,TmY13_R,,,,ol_intrinsic,R,,SIFa_to_target,male-cns:v1.0,other,R
11369,62141,1,1,Tm16,Tm16_R,,,,ol_intrinsic,R,,SIFa_to_target,male-cns:v1.0,other,R
11369,62232,1,1,Tm4,Tm4_R,,,,ol_intrinsic,R,,SIFa_to_target,male-cns:v1.0,other,R
11369,62469,1,1,TmY3,TmY3_R,,,,ol_intrinsic,R,,SIFa_to_target,male-cns:v1.0,other,R
11369,62741,1,1,Mi10,Mi10_R,,,,ol_intrinsic,R,,SIFa_to_target,male-cns:v1.0,other,R
11369,62793,1,1,Tm1,Tm1_R,,,,ol_intrinsic,R,,SIFa_to_target,male-cns:v1.0,other,R
11369,63046,1,1,VL2p_vPN,VL2p_vPN_R,VL2p_vPN,ALPN,,cb_intrinsic,R,,SIFa_to_target,male-cns:v1.0,other,R
11369,63188,1,1,Cm20,Cm20_R,,,,ol_intrinsic,R,,SIFa_to_target,male-cns:v1.0,other,R
11369,63262,1,1,T2,T2_R,,,,ol_intrinsic,R,,SIFa_to_target,male-cns:v1.0,other,R
11369,63280,1,1,T2,T2_R,,,,ol_intrinsic,R,,SIFa_to_target,male-cns:v1.0,other,R
11369,63319,1,1,Mi4,Mi4_R,,,,ol_intrinsic,R,,SIFa_to_target,male-cns:v1.0,other,R
11369,63580,2,2,TmY3,TmY3_R,,,,ol_intrinsic,R,,SIFa_to_target,male-cns:v1.0,other,R
11369,63645,1,1,TmY3,TmY3_R,,,,ol_intrinsic,R,,SIFa_to_target,male-cns:v1.0,other,R
11369,63774,1,1,Cm8,Cm8_R,,,,ol_intrinsic,R,,SIFa_to_target,male-cns:v1.0,other,R
11369,64058,1,1,T2,T2_R,,,,ol_intrinsic,R,,SIFa_to_target,male-cns:v1.0,other,R
11369,64384,1,1,Mi14,Mi14_R,,,,ol_intrinsic,R,,SIFa_to_target,male-cns:v1.0,other,R
11369,64503,1,1,TmY10,TmY10_R,,,,ol_intrinsic,R,,SIFa_to_target,male-cns:v1.0,other,R
11369,64658,2,2,MeVP10,MeVP10_R,,,,visual_projection,R,,SIFa_to_target,male-cns:v1.0,other,R
11369,64666,2,2,T2,T2_R,,,,ol_intrinsic,R,,SIFa_to_target,male-cns:v1.0,other,R
11369,64792,1,1,Tm12,Tm12_R,,,,ol_intrinsic,R,,SIFa_to_target,male-cns:v1.0,other,R
11369,64855,1,1,T2,T2_R,,,,ol_intrinsic,R,,SIFa_to_target,male-cns:v1.0,other,R
11369,64988,1,1,MeTu3c,MeTu3c_R,"MC61,MC64",,,visual_projection,R,,SIFa_to_target,male-cns:v1.0,other,R
11369,65012,1,1,CB1901,CB1901_R,"LHPV5h3,LHPV5j4",,,cb_intrinsic,R,,SIFa_to_target,male-cns:v1.0,other,R
11369,65314,1,1,GNG398,GNG398_R,,,,cb_intrinsic,R,,SIFa_to_target,male-cns:v1.0,other,R
11369,65542,1,1,T2,T2_R,,,,ol_intrinsic,R,,SIFa_to_target,male-cns:v1.0,other,R
11369,65986,2,2,TRN_VP1m,TRN_VP1m_R,TRN_VP1m,thermosensory,,cb_sensory,,R,SIFa_to_target,male-cns:v1.0,other,R
11369,66276,1,1,Dm10,Dm10_R,,,,ol_intrinsic,R,,SIFa_to_target,male-cns:v1.0,other,R
11369,66512,1,1,Mi4,Mi4_R,,,,ol_intrinsic,R,,SIFa_to_target,male-cns:v1.0,other,R
11369,66553,1,1,Tm3,Tm3_R,,,,ol_intrinsic,R,,SIFa_to_target,male-cns:v1.0,other,R
11369,66579,1,1,TmY3,TmY3_R,,,,ol_intrinsic,R,,SIFa_to_target,male-cns:v1.0,other,R
11369,66656,1,1,MeTu3c,MeTu3c_R,"MC61,MC64",,,visual_projection,R,,SIFa_to_target,male-cns:v1.0,other,R
11369,66668,1,1,Cm9,Cm9_R,,,,ol_intrinsic,R,,SIFa_to_target,male-cns:v1.0,other,R
11369,66770,1,1,Dm8a,Dm8a_R,,,,ol_intrinsic,R,,SIFa_to_target,male-cns:v1.0,other,R
11369,66893,1,1,Mi4,Mi4_R,,,,ol_intrinsic,R,,SIFa_to_target,male-cns:v1.0,other,R
11369,67037,1,1,Cm8,Cm8_R,,,,ol_intrinsic,R,,SIFa_to_target,male-cns:v1.0,other,R
11369,67052,3,1,lLN2T_b,lLN2T_b(Tortuous)_R,lLN2T_b,ALLN,,cb_intrinsic,R,,SIFa_to_target,male-cns:v1.0,other,R
11369,67152,1,1,Tm3,Tm3_R,,,,ol_intrinsic,R,,SIFa_to_target,male-cns:v1.0,other,R
11369,67202,3,2,Dm10,Dm10_R,,,,ol_intrinsic,R,,SIFa_to_target,male-cns:v1.0,other,R
11369,67449,1,1,TmY3,TmY3_R,,,,ol_intrinsic,R,,SIFa_to_target,male-cns:v1.0,other,R
11369,67580,1,1,T2,T2_R,,,,ol_intrinsic,R,,SIFa_to_target,male-cns:v1.0,other,R
11369,67728,1,1,T2,T2_R,,,,ol_intrinsic,R,,SIFa_to_target,male-cns:v1.0,other,R
11369,67864,1,1,CRE010,CRE010_R,CRE010,,,cb_intrinsic,R,,SIFa_to_target,male-cns:v1.0,other,R
11369,67911,1,1,TmY3,TmY3_R,,,,ol_intrinsic,R,,SIFa_to_target,male-cns:v1.0,other,R
11369,67937,1,1,Dm10,Dm10_R,,,,ol_intrinsic,R,,SIFa_to_target,male-cns:v1.0,other,R
11369,68164,1,1,Tm5c,Tm5c_R,,,,ol_intrinsic,R,,SIFa_to_target,male-cns:v1.0,other,R
11369,68218,1,1,Tm3,Tm3_R,,,,ol_intrinsic,R,,SIFa_to_target,male-cns:v1.0,other,R
11369,68420,1,1,Mi13,Mi13_R,,,,ol_intrinsic,R,,SIFa_to_target,male-cns:v1.0,other,R
11369,68467,1,1,T2,T2_R,,,,ol_intrinsic,R,,SIFa_to_target,male-cns:v1.0,other,R
11369,68649,1,1,Tm3,Tm3_R,,,,ol_intrinsic,R,,SIFa_to_target,male-cns:v1.0,other,R
11369,68716,1,1,Tm1,Tm1_R,,,,ol_intrinsic,R,,SIFa_to_target,male-cns:v1.0,other,R
11369,68741,1,1,Dm10,Dm10_R,,,,ol_intrinsic,R,,SIFa_to_target,male-cns:v1.0,other,R
11369,68794,1,1,Cm3,Cm3_R,,,,ol_intrinsic,R,,SIFa_to_target,male-cns:v1.0,other,R
11369,68830,1,1,Cm3,Cm3_R,,,,ol_intrinsic,R,,SIFa_to_target,male-cns:v1.0,other,R
11369,68840,1,1,TmY3,TmY3_R,,,,ol_intrinsic,R,,SIFa_to_target,male-cns:v1.0,other,R
11369,69039,1,1,Dm10,Dm10_R,,,,ol_intrinsic,R,,SIFa_to_target,male-cns:v1.0,other,R
11369,69054,1,1,T1,T1_R,,,,ol_intrinsic,R,,SIFa_to_target,male-cns:v1.0,other,R
11369,69130,1,1,Tm4,Tm4_R,,,,ol_intrinsic,R,,SIFa_to_target,male-cns:v1.0,other,R
11369,69186,1,1,Tm3,Tm3_R,,,,ol_intrinsic,R,,SIFa_to_target,male-cns:v1.0,other,R
11369,69192,1,1,Dm8b,Dm8b_R,,,,ol_intrinsic,R,,SIFa_to_target,male-cns:v1.0,other,R
11369,69436,3,2,Dm10,Dm10_R,,,,ol_intrinsic,R,,SIFa_to_target,male-cns:v1.0,other,R
11369,69489,1,1,TmY3,TmY3_R,,,,ol_intrinsic,R,,SIFa_to_target,male-cns:v1.0,other,R
11369,69700,2,2,T2,T2_R,,,,ol_intrinsic,R,,SIFa_to_target,male-cns:v1.0,other,R
11369,69976,1,1,Dm10,Dm10_R,,,,ol_intrinsic,R,,SIFa_to_target,male-cns:v1.0,other,R
11369,70192,1,1,PS246,PS246_R,PS246,,,cb_intrinsic,R,,SIFa_to_target,male-cns:v1.0,other,R
11369,70305,2,2,Dm10,Dm10_R,,,,ol_intrinsic,R,,SIFa_to_target,male-cns:v1.0,other,R
11369,70552,1,1,Dm10,Dm10_R,,,,ol_intrinsic,R,,SIFa_to_target,male-cns:v1.0,other,R
11369,70619,1,1,Dm10,Dm10_R,,,,ol_intrinsic,R,,SIFa_to_target,male-cns:v1.0,other,R
11369,70649,1,1,Tm4,Tm4_R,,,,ol_intrinsic,R,,SIFa_to_target,male-cns:v1.0,other,R
11369,70686,1,1,Dm10,Dm10_R,,,,ol_intrinsic,R,,SIFa_to_target,male-cns:v1.0,other,R
11369,70695,1,1,Mi14,Mi14_R,,,,ol_intrinsic,R,,SIFa_to_target,male-cns:v1.0,other,R
11369,70697,1,1,Tm3,Tm3_R,,,,ol_intrinsic,R,,SIFa_to_target,male-cns:v1.0,other,R
11369,70737,1,1,TmY3,TmY3_R,,,,ol_intrinsic,R,,SIFa_to_target,male-cns:v1.0,other,R
11369,70807,1,1,Tm1,Tm1_R,,,,ol_intrinsic,R,,SIFa_to_target,male-cns:v1.0,other,R
11369,71004,1,1,T2,T2_R,,,,ol_intrinsic,R,,SIFa_to_target,male-cns:v1.0,other,R
11369,71171,1,1,Dm8a,Dm8a_R,,,,ol_intrinsic,R,,SIFa_to_target,male-cns:v1.0,other,R
11369,71225,1,1,Mi14,Mi14_R,,,,ol_intrinsic,R,,SIFa_to_target,male-cns:v1.0,other,R
11369,71343,1,1,TmY5a,TmY5a_R,,,,ol_intrinsic,R,,SIFa_to_target,male-cns:v1.0,other,R
11369,71597,1,1,Dm8b,Dm8b_R,,,,ol_intrinsic,R,,SIFa_to_target,male-cns:v1.0,other,R
11369,71611,1,1,PVLP092,PVLP092_R,PVLP092,,,cb_intrinsic,R,,SIFa_to_target,male-cns:v1.0,other,R
11369,71771,1,1,Cm5,Cm5_R,,,,ol_intrinsic,R,,SIFa_to_target,male-cns:v1.0,other,R
11369,72019,1,1,Tm3,Tm3_R,,,,ol_intrinsic,R,,SIFa_to_target,male-cns:v1.0,other,R
11369,72292,1,1,Tm3,Tm3_R,,,,ol_intrinsic,R,,SIFa_to_target,male-cns:v1.0,other,R
11369,72384,1,1,MeTu3c,MeTu3c_R,"MC61,MC64",,,visual_projection,R,,SIFa_to_target,male-cns:v1.0,other,R
11369,72474,1,1,TmY3,TmY3_R,,,,ol_intrinsic,R,,SIFa_to_target,male-cns:v1.0,other,R
11369,73217,2,2,GNG345,GNG345_L,,,,cb_intrinsic,M,,SIFa_to_target,male-cns:v1.0,other,L
11369,73230,1,1,TmY5a,TmY5a_R,,,,ol_intrinsic,R,,SIFa_to_target,male-cns:v1.0,other,R
11369,73371,1,1,T2a,T2a_R,,,,ol_intrinsic,R,,SIFa_to_target,male-cns:v1.0,other,R
11369,73566,1,1,TmY3,TmY3_R,,,,ol_intrinsic,R,,SIFa_to_target,male-cns:v1.0,other,R
11369,73681,1,1,Dm10,Dm10_R,,,,ol_intrinsic,R,,SIFa_to_target,male-cns:v1.0,other,R
11369,73929,1,1,Mi4,Mi4_R,,,,ol_intrinsic,R,,SIFa_to_target,male-cns:v1.0,other,R
11369,73944,1,1,Tm4,Tm4_R,,,,ol_intrinsic,R,,SIFa_to_target,male-cns:v1.0,other,R
11369,74367,1,1,Tm5c,Tm5c_R,,,,ol_intrinsic,R,,SIFa_to_target,male-cns:v1.0,other,R
11369,74602,1,1,TmY10,TmY10_R,,,,ol_intrinsic,R,,SIFa_to_target,male-cns:v1.0,other,R
11369,74638,2,1,MeLo4,MeLo4_R,,,,ol_intrinsic,R,,SIFa_to_target,male-cns:v1.0,other,R
11369,75172,1,1,T2a,T2a_R,,,,ol_intrinsic,R,,SIFa_to_target,male-cns:v1.0,other,R
11369,75314,1,1,Dm10,Dm10_R,,,,ol_intrinsic,R,,SIFa_to_target,male-cns:v1.0,other,R
11369,75391,1,1,Tm3,Tm3_R,,,,ol_intrinsic,R,,SIFa_to_target,male-cns:v1.0,other,R
11369,75596,1,1,CB3252,CB3252_R,,,,cb_intrinsic,R,,SIFa_to_target,male-cns:v1.0,other,R
11369,75705,1,1,Dm10,Dm10_R,,,,ol_intrinsic,R,,SIFa_to_target,male-cns:v1.0,other,R
11369,75711,1,1,Dm8b,Dm8b_R,,,,ol_intrinsic,R,,SIFa_to_target,male-cns:v1.0,other,R
11369,75750,1,1,CB2269,CB2269_R,,,,cb_intrinsic,R,,SIFa_to_target,male-cns:v1.0,other,R
11369,75956,1,1,Tm4,Tm4_R,,,,ol_intrinsic,R,,SIFa_to_target,male-cns:v1.0,other,R
11369,76041,1,1,T2,T2_R,,,,ol_intrinsic,R,,SIFa_to_target,male-cns:v1.0,other,R
11369,76504,1,1,ORN_DC1,ORN_DC1_R,ORN_DC1,olfactory,,cb_sensory,,R,SIFa_to_target,male-cns:v1.0,other,R
11369,76701,1,1,C2,C2_R,,,,ol_intrinsic,R,,SIFa_to_target,male-cns:v1.0,other,R
11369,77138,1,1,Tm3,Tm3_R,,,,ol_intrinsic,R,,SIFa_to_target,male-cns:v1.0,other,R
11369,77253,1,1,Tm12,Tm12_R,,,,ol_intrinsic,R,,SIFa_to_target,male-cns:v1.0,other,R
11369,77448,1,1,T2,T2_R,,,,ol_intrinsic,R,,SIFa_to_target,male-cns:v1.0,other,R
11369,77846,1,1,Tm3,Tm3_R,,,,ol_intrinsic,R,,SIFa_to_target,male-cns:v1.0,other,R
11369,77936,2,2,Dm10,Dm10_R,,,,ol_intrinsic,R,,SIFa_to_target,male-cns:v1.0,other,R
11369,77962,2,2,Tm4,Tm4_R,,,,ol_intrinsic,R,,SIFa_to_target,male-cns:v1.0,other,R
11369,78085,1,1,Mi9,Mi9_R,,,,ol_intrinsic,R,,SIFa_to_target,male-cns:v1.0,other,R
11369,78427,1,1,Dm10,Dm10_R,,,,ol_intrinsic,R,,SIFa_to_target,male-cns:v1.0,other,R
11369,78464,1,1,TmY3,TmY3_R,,,,ol_intrinsic,R,,SIFa_to_target,male-cns:v1.0,other,R
11369,78545,1,1,TmY10,TmY10_R,,,,ol_intrinsic,R,,SIFa_to_target,male-cns:v1.0,other,R
11369,78682,2,1,PRW042,PRW042_R,,,,cb_intrinsic,R,,SIFa_to_target,male-cns:v1.0,other,R
11369,78742,1,1,Dm8b,Dm8b_R,,,,ol_intrinsic,R,,SIFa_to_target,male-cns:v1.0,other,R
11369,78797,1,1,Cm3,Cm3_R,,,,ol_intrinsic,R,,SIFa_to_target,male-cns:v1.0,other,R
11369,78891,1,1,TmY5a,TmY5a_R,,,,ol_intrinsic,R,,SIFa_to_target,male-cns:v1.0,other,R
11369,78960,1,1,Cm5,Cm5_R,,,,ol_intrinsic,R,,SIFa_to_target,male-cns:v1.0,other,R
11369,79011,1,1,TmY10,TmY10_R,,,,ol_intrinsic,R,,SIFa_to_target,male-cns:v1.0,other,R
11369,79022,2,2,T1,T1_R,,,,ol_intrinsic,R,,SIFa_to_target,male-cns:v1.0,other,R
11369,79042,1,1,Dm10,Dm10_R,,,,ol_intrinsic,R,,SIFa_to_target,male-cns:v1.0,other,R
11369,79429,1,1,Mi4,Mi4_R,,,,ol_intrinsic,R,,SIFa_to_target,male-cns:v1.0,other,R
11369,79544,1,1,Tm1,Tm1_R,,,,ol_intrinsic,R,,SIFa_to_target,male-cns:v1.0,other,R
11369,79599,1,1,Tm2,Tm2_R,,,,ol_intrinsic,R,,SIFa_to_target,male-cns:v1.0,other,R
11369,79640,1,1,Dm10,Dm10_R,,,,ol_intrinsic,R,,SIFa_to_target,male-cns:v1.0,other,R
11369,79817,1,1,Tm3,Tm3_R,,,,ol_intrinsic,R,,SIFa_to_target,male-cns:v1.0,other,R
11369,79897,1,1,ANXXX202,ANXXX202_R,,,BA,ascending_neuron,R,,SIFa_to_target,male-cns:v1.0,other,R
11369,79911,1,1,KCab-m,KCab-m_L,"KCab-m,KCab-c,KCab-s",Kenyon_Cell,,cb_intrinsic,L,,SIFa_to_target,male-cns:v1.0,KC_alpha_beta,L
11369,80001,1,1,Dm8b,Dm8b_R,,,,ol_intrinsic,R,,SIFa_to_target,male-cns:v1.0,other,R
11369,80221,1,1,TmY10,TmY10_R,,,,ol_intrinsic,R,,SIFa_to_target,male-cns:v1.0,other,R
11369,80238,1,1,T2a,T2a_R,,,,ol_intrinsic,R,,SIFa_to_target,male-cns:v1.0,other,R
11369,80265,1,1,TmY3,TmY3_R,,,,ol_intrinsic,R,,SIFa_to_target,male-cns:v1.0,other,R
11369,80376,2,1,TmY3,TmY3_R,,,,ol_intrinsic,R,,SIFa_to_target,male-cns:v1.0,other,R
11369,80491,1,1,Tm4,Tm4_R,,,,ol_intrinsic,R,,SIFa_to_target,male-cns:v1.0,other,R
11369,80854,1,1,Tm3,Tm3_R,,,,ol_intrinsic,R,,SIFa_to_target,male-cns:v1.0,other,R
11369,81016,1,1,Dm10,Dm10_R,,,,ol_intrinsic,R,,SIFa_to_target,male-cns:v1.0,other,R
11369,81212,1,1,MeLo6,MeLo6_R,,,,ol_intrinsic,R,,SIFa_to_target,male-cns:v1.0,other,R
11369,81478,1,1,Dm10,Dm10_R,,,,ol_intrinsic,R,,SIFa_to_target,male-cns:v1.0,other,R
11369,81677,1,1,Tm1,Tm1_R,,,,ol_intrinsic,R,,SIFa_to_target,male-cns:v1.0,other,R
11369,81772,1,1,GNG609,GNG609_R,,,,cb_intrinsic,R,,SIFa_to_target,male-cns:v1.0,other,R
11369,82009,1,1,v2LN3A1_b,v2LN3A1_b_R,,ALLN,,cb_intrinsic,R,,SIFa_to_target,male-cns:v1.0,other,R
11369,82163,1,1,Tm3,Tm3_R,,,,ol_intrinsic,R,,SIFa_to_target,male-cns:v1.0,other,R
11369,82186,2,2,Tm3,Tm3_R,,,,ol_intrinsic,R,,SIFa_to_target,male-cns:v1.0,other,R
11369,82265,1,1,Tm3,Tm3_R,,,,ol_intrinsic,R,,SIFa_to_target,male-cns:v1.0,other,R
11369,82508,1,1,ANXXX169,ANXXX169_R,,,BA,ascending_neuron,R,,SIFa_to_target,male-cns:v1.0,other,R
11369,82947,1,1,Cm5,Cm5_R,,,,ol_intrinsic,R,,SIFa_to_target,male-cns:v1.0,other,R
11369,83106,1,1,Tm4,Tm4_R,,,,ol_intrinsic,R,,SIFa_to_target,male-cns:v1.0,other,R
11369,83451,1,1,Cm3,Cm3_R,,,,ol_intrinsic,R,,SIFa_to_target,male-cns:v1.0,other,R
11369,83575,1,1,SMP220,SMP220_L,SMP220,,,cb_intrinsic,L,,SIFa_to_target,male-cns:v1.0,other,L
11369,83718,1,1,Tm3,Tm3_R,,,,ol_intrinsic,R,,SIFa_to_target,male-cns:v1.0,other,R
11369,83884,1,1,TmY5a,TmY5a_R,,,,ol_intrinsic,R,,SIFa_to_target,male-cns:v1.0,other,R
11369,83968,2,2,CB2228,CB2228_R,,,,cb_intrinsic,R,,SIFa_to_target,male-cns:v1.0,other,R
11369,84130,1,1,Tm4,Tm4_R,,,,ol_intrinsic,R,,SIFa_to_target,male-cns:v1.0,other,R
11369,84268,1,1,AN19B051,AN19B051_L,,,BA,ascending_neuron,L,,SIFa_to_target,male-cns:v1.0,other,L
11369,84375,1,1,Dm8b,Dm8b_R,,,,ol_intrinsic,R,,SIFa_to_target,male-cns:v1.0,other,R
11369,84542,1,1,Dm10,Dm10_R,,,,ol_intrinsic,R,,SIFa_to_target,male-cns:v1.0,other,R
11369,84791,1,1,Mi4,Mi4_R,,,,ol_intrinsic,R,,SIFa_to_target,male-cns:v1.0,other,R
11369,84866,1,1,Tm5b,Tm5b_R,,,,ol_intrinsic,R,,SIFa_to_target,male-cns:v1.0,other,R
11369,85092,1,1,T4b,T4b_R,,,,ol_intrinsic,R,,SIFa_to_target,male-cns:v1.0,other,R
11369,85322,1,1,Tm12,Tm12_R,,,,ol_intrinsic,R,,SIFa_to_target,male-cns:v1.0,other,R
11369,85413,1,1,Tm2,Tm2_R,,,,ol_intrinsic,R,,SIFa_to_target,male-cns:v1.0,other,R
11369,85544,1,1,AVLP452,AVLP452_R,AVLP452,,,cb_intrinsic,R,,SIFa_to_target,male-cns:v1.0,other,R
11369,85631,1,1,Dm8b,Dm8b_R,,,,ol_intrinsic,R,,SIFa_to_target,male-cns:v1.0,other,R
11369,85743,1,1,Tm3,Tm3_R,,,,ol_intrinsic,R,,SIFa_to_target,male-cns:v1.0,other,R
11369,86015,1,1,T2,T2_R,,,,ol_intrinsic,R,,SIFa_to_target,male-cns:v1.0,other,R
11369,86023,1,1,Dm10,Dm10_R,,,,ol_intrinsic,R,,SIFa_to_target,male-cns:v1.0,other,R
11369,86091,1,1,GNG320,GNG320_R,,,,cb_intrinsic,R,,SIFa_to_target,male-cns:v1.0,other,R
11369,86135,1,1,Cm3,Cm3_R,,,,ol_intrinsic,R,,SIFa_to_target,male-cns:v1.0,other,R
11369,86354,1,1,TmY3,TmY3_R,,,,ol_intrinsic,R,,SIFa_to_target,male-cns:v1.0,other,R
11369,86445,1,1,T5b,T5b_R,,,,ol_intrinsic,R,,SIFa_to_target,male-cns:v1.0,other,R
11369,86802,1,1,T2,T2_R,,,,ol_intrinsic,R,,SIFa_to_target,male-cns:v1.0,other,R
11369,87118,2,2,Tm5c,Tm5c_R,,,,ol_intrinsic,R,,SIFa_to_target,male-cns:v1.0,other,R
11369,87311,1,1,SMP228,SMP228_R,SMP228,,,cb_intrinsic,R,,SIFa_to_target,male-cns:v1.0,other,R
11369,87362,1,1,Tm3,Tm3_R,,,,ol_intrinsic,R,,SIFa_to_target,male-cns:v1.0,other,R
11369,87532,1,1,Dm8a,Dm8a_R,,,,ol_intrinsic,R,,SIFa_to_target,male-cns:v1.0,other,R
11369,87605,2,2,Dm10,Dm10_R,,,,ol_intrinsic,R,,SIFa_to_target,male-cns:v1.0,other,R
11369,87649,1,1,TmY20,TmY20_R,,,,ol_intrinsic,R,,SIFa_to_target,male-cns:v1.0,other,R
11369,87823,1,1,Tm3,Tm3_R,,,,ol_intrinsic,R,,SIFa_to_target,male-cns:v1.0,other,R
11369,88112,1,1,MeLo6,MeLo6_R,,,,ol_intrinsic,R,,SIFa_to_target,male-cns:v1.0,other,R
11369,88336,1,1,T2a,T2a_R,,,,ol_intrinsic,R,,SIFa_to_target,male-cns:v1.0,other,R
11369,88829,1,1,Dm8a,Dm8a_R,,,,ol_intrinsic,R,,SIFa_to_target,male-cns:v1.0,other,R
11369,89339,1,1,T5a,T5a_R,,,,ol_intrinsic,R,,SIFa_to_target,male-cns:v1.0,other,R
11369,89436,3,3,Dm10,Dm10_R,,,,ol_intrinsic,R,,SIFa_to_target,male-cns:v1.0,other,R
11369,89849,1,1,Tm3,Tm3_R,,,,ol_intrinsic,R,,SIFa_to_target,male-cns:v1.0,other,R
11369,90464,1,1,Mi10,Mi10_R,,,,ol_intrinsic,R,,SIFa_to_target,male-cns:v1.0,other,R
11369,90850,2,2,AN10B045,AN10B045_L,,,BA,ascending_neuron,L,,SIFa_to_target,male-cns:v1.0,other,L
11369,91071,1,1,Tm5b,Tm5b_R,,,,ol_intrinsic,R,,SIFa_to_target,male-cns:v1.0,other,R
11369,91314,1,1,Mi10,Mi10_R,,,,ol_intrinsic,R,,SIFa_to_target,male-cns:v1.0,other,R
11369,91345,1,1,T4c,T4c_R,,,,ol_intrinsic,R,,SIFa_to_target,male-cns:v1.0,other,R
11369,91711,1,1,CB2252,CB2252_L,,,,cb_intrinsic,L,,SIFa_to_target,male-cns:v1.0,other,L
11369,91748,1,1,T4a,T4a_R,,,,ol_intrinsic,R,,SIFa_to_target,male-cns:v1.0,other,R
11369,91873,1,1,Tm4,Tm4_R,,,,ol_intrinsic,R,,SIFa_to_target,male-cns:v1.0,other,R
11369,91955,1,1,T4d,T4d_R,,,,ol_intrinsic,R,,SIFa_to_target,male-cns:v1.0,other,R
11369,92060,1,1,Dm10,Dm10_R,,,,ol_intrinsic,R,,SIFa_to_target,male-cns:v1.0,other,R
11369,92082,1,1,T4b,T4b_R,,,,ol_intrinsic,R,,SIFa_to_target,male-cns:v1.0,other,R
11369,92102,1,1,Cm15,Cm15_R,,,,ol_intrinsic,R,,SIFa_to_target,male-cns:v1.0,other,R
11369,92395,1,1,T4a,T4a_R,,,,ol_intrinsic,R,,SIFa_to_target,male-cns:v1.0,other,R
11369,93203,1,1,T4b,T4b_R,,,,ol_intrinsic,R,,SIFa_to_target,male-cns:v1.0,other,R
11369,93455,1,1,T4d,T4d_R,,,,ol_intrinsic,R,,SIFa_to_target,male-cns:v1.0,other,R
11369,93478,1,1,Tm5c,Tm5c_R,,,,ol_intrinsic,R,,SIFa_to_target,male-cns:v1.0,other,R
11369,93710,2,2,Tm3,Tm3_R,,,,ol_intrinsic,R,,SIFa_to_target,male-cns:v1.0,other,R
11369,93720,2,1,Tm9,Tm9_R,,,,ol_intrinsic,R,,SIFa_to_target,male-cns:v1.0,other,R
11369,94276,2,2,Tm5c,Tm5c_R,,,,ol_intrinsic,R,,SIFa_to_target,male-cns:v1.0,other,R
11369,94289,1,1,T4d,T4d_R,,,,ol_intrinsic,R,,SIFa_to_target,male-cns:v1.0,other,R
11369,94435,1,1,Tm3,Tm3_R,,,,ol_intrinsic,R,,SIFa_to_target,male-cns:v1.0,other,R
11369,94481,1,1,T2,T2_R,,,,ol_intrinsic,R,,SIFa_to_target,male-cns:v1.0,other,R
11369,94501,1,1,L5,L5_R,,,,ol_intrinsic,R,,SIFa_to_target,male-cns:v1.0,other,R
11369,94583,1,1,Dm10,Dm10_R,,,,ol_intrinsic,R,,SIFa_to_target,male-cns:v1.0,other,R
11369,94645,1,1,Tm12,Tm12_R,,,,ol_intrinsic,R,,SIFa_to_target,male-cns:v1.0,other,R
11369,94729,1,1,Tm1,Tm1_R,,,,ol_intrinsic,R,,SIFa_to_target,male-cns:v1.0,other,R
11369,95036,2,2,T4c,T4c_R,,,,ol_intrinsic,R,,SIFa_to_target,male-cns:v1.0,other,R
11369,95329,1,1,Tm3,Tm3_R,,,,ol_intrinsic,R,,SIFa_to_target,male-cns:v1.0,other,R
11369,95402,1,1,T4c,T4c_R,,,,ol_intrinsic,R,,SIFa_to_target,male-cns:v1.0,other,R
11369,95501,1,1,Tm9,Tm9_R,,,,ol_intrinsic,R,,SIFa_to_target,male-cns:v1.0,other,R
11369,95668,2,2,T1,T1_R,,,,ol_intrinsic,R,,SIFa_to_target,male-cns:v1.0,other,R
11369,96255,1,1,Tm12,Tm12_R,,,,ol_intrinsic,R,,SIFa_to_target,male-cns:v1.0,other,R
11369,96263,1,1,KCab-s,KCab-s_L,"KCab-m,KCab-c,KCab-s",Kenyon_Cell,,cb_intrinsic,L,,SIFa_to_target,male-cns:v1.0,KC_alpha_beta,L
11369,96353,1,1,Tm3,Tm3_R,,,,ol_intrinsic,R,,SIFa_to_target,male-cns:v1.0,other,R
11369,96929,1,1,Mi13,Mi13_R,,,,ol_intrinsic,R,,SIFa_to_target,male-cns:v1.0,other,R
11369,97116,1,1,T4d,T4d_R,,,,ol_intrinsic,R,,SIFa_to_target,male-cns:v1.0,other,R
11369,97225,1,1,Dm10,Dm10_R,,,,ol_intrinsic,R,,SIFa_to_target,male-cns:v1.0,other,R
11369,97308,2,1,Dm10,Dm10_R,,,,ol_intrinsic,R,,SIFa_to_target,male-cns:v1.0,other,R
11369,97570,1,1,TmY3,TmY3_R,,,,ol_intrinsic,R,,SIFa_to_target,male-cns:v1.0,other,R
11369,97588,1,1,T5a,T5a_R,,,,ol_intrinsic,R,,SIFa_to_target,male-cns:v1.0,other,R
11369,97595,2,2,T4d,T4d_R,,,,ol_intrinsic,R,,SIFa_to_target,male-cns:v1.0,other,R
11369,97665,1,1,M_lvPNm33,M_lvPNm33_R,M_lvPNm33,ALPN,,cb_intrinsic,R,,SIFa_to_target,male-cns:v1.0,other,R
11369,98015,1,1,PRW005,PRW005_R,,,,cb_intrinsic,R,,SIFa_to_target,male-cns:v1.0,other,R
11369,98256,2,2,Dm10,Dm10_R,,,,ol_intrinsic,R,,SIFa_to_target,male-cns:v1.0,other,R
11369,98436,1,1,T5c,T5c_R,,,,ol_intrinsic,R,,SIFa_to_target,male-cns:v1.0,other,R
11369,99172,1,1,ICL006m,ICL006m_L,,,,cb_intrinsic,L,,SIFa_to_target,male-cns:v1.0,other,L
11369,99286,1,1,Tm9,Tm9_R,,,,ol_intrinsic,R,,SIFa_to_target,male-cns:v1.0,other,R
11369,99708,2,2,T4a,T4a_R,,,,ol_intrinsic,R,,SIFa_to_target,male-cns:v1.0,other,R
11369,99739,1,1,Tm5a,Tm5a_R,,,,ol_intrinsic,R,,SIFa_to_target,male-cns:v1.0,other,R
11369,99929,1,1,Tm3,Tm3_R,,,,ol_intrinsic,R,,SIFa_to_target,male-cns:v1.0,other,R
11369,100097,1,1,TmY18,TmY18_R,,,,ol_intrinsic,R,,SIFa_to_target,male-cns:v1.0,other,R
11369,100280,1,1,T5a,T5a_R,,,,ol_intrinsic,R,,SIFa_to_target,male-cns:v1.0,other,R
11369,100484,1,1,KCab-s,KCab-s_L,"KCab-m,KCab-c,KCab-s",Kenyon_Cell,,cb_intrinsic,L,,SIFa_to_target,male-cns:v1.0,KC_alpha_beta,L
11369,100663,1,1,TmY18,TmY18_R,,,,ol_intrinsic,R,,SIFa_to_target,male-cns:v1.0,other,R
11369,100704,1,1,Tm1,Tm1_R,,,,ol_intrinsic,R,,SIFa_to_target,male-cns:v1.0,other,R
11369,100731,1,1,T5c,T5c_R,,,,ol_intrinsic,R,,SIFa_to_target,male-cns:v1.0,other,R
11369,100746,1,1,T4a,T4a_R,,,,ol_intrinsic,R,,SIFa_to_target,male-cns:v1.0,other,R
11369,100805,1,1,Mi17,Mi17_R,,,,ol_intrinsic,R,,SIFa_to_target,male-cns:v1.0,other,R
11369,100850,1,1,T5a,T5a_R,,,,ol_intrinsic,R,,SIFa_to_target,male-cns:v1.0,other,R
11369,100955,1,1,T4d,T4d_R,,,,ol_intrinsic,R,,SIFa_to_target,male-cns:v1.0,other,R
11369,101425,1,1,TmY18,TmY18_R,,,,ol_intrinsic,R,,SIFa_to_target,male-cns:v1.0,other,R
11369,101524,1,1,KCab-m,KCab-m_L,"KCab-m,KCab-c,KCab-s",Kenyon_Cell,,cb_intrinsic,L,,SIFa_to_target,male-cns:v1.0,KC_alpha_beta,L
11369,101669,1,1,CB2703,CB2703_R,,ALPN,,cb_intrinsic,R,,SIFa_to_target,male-cns:v1.0,other,R
11369,101724,1,1,Tm3,Tm3_R,,,,ol_intrinsic,R,,SIFa_to_target,male-cns:v1.0,other,R
11369,101945,1,1,T4b,T4b_R,,,,ol_intrinsic,R,,SIFa_to_target,male-cns:v1.0,other,R
11369,102109,1,1,KCab-m,KCab-m_L,"KCab-m,KCab-c,KCab-s",Kenyon_Cell,,cb_intrinsic,L,,SIFa_to_target,male-cns:v1.0,KC_alpha_beta,L
11369,102132,1,1,L5,L5_R,,,,ol_intrinsic,R,,SIFa_to_target,male-cns:v1.0,other,R
11369,102140,1,1,T5b,T5b_R,,,,ol_intrinsic,R,,SIFa_to_target,male-cns:v1.0,other,R
11369,102240,1,1,T4c,T4c_R,,,,ol_intrinsic,R,,SIFa_to_target,male-cns:v1.0,other,R
11369,102373,1,1,Tm3,Tm3_R,,,,ol_intrinsic,R,,SIFa_to_target,male-cns:v1.0,other,R
11369,102429,1,1,Tm3,Tm3_R,,,,ol_intrinsic,R,,SIFa_to_target,male-cns:v1.0,other,R
11369,102513,1,1,Tm3,Tm3_R,,,,ol_intrinsic,R,,SIFa_to_target,male-cns:v1.0,other,R
11369,102815,1,1,Dm10,Dm10_R,,,,ol_intrinsic,R,,SIFa_to_target,male-cns:v1.0,other,R
11369,103017,2,1,TmY10,TmY10_R,,,,ol_intrinsic,R,,SIFa_to_target,male-cns:v1.0,other,R
11369,103040,1,1,Tm39,Tm39_R,,,,ol_intrinsic,R,,SIFa_to_target,male-cns:v1.0,other,R
11369,103174,1,1,Tm5b,Tm5b_R,,,,ol_intrinsic,R,,SIFa_to_target,male-cns:v1.0,other,R
11369,103235,2,2,AN10B053,AN10B053_L,,,BA,ascending_neuron,L,,SIFa_to_target,male-cns:v1.0,other,L
11369,103336,1,1,Tm20,Tm20_R,,,,ol_intrinsic,R,,SIFa_to_target,male-cns:v1.0,other,R
11369,103735,1,1,TmY18,TmY18_R,,,,ol_intrinsic,R,,SIFa_to_target,male-cns:v1.0,other,R
11369,103780,1,1,T4c,T4c_R,,,,ol_intrinsic,R,,SIFa_to_target,male-cns:v1.0,other,R
11369,103905,1,1,T5c,T5c_R,,,,ol_intrinsic,R,,SIFa_to_target,male-cns:v1.0,other,R
11369,104160,1,1,T4d,T4d_R,,,,ol_intrinsic,R,,SIFa_to_target,male-cns:v1.0,other,R
11369,104279,1,1,Cm5,Cm5_R,,,,ol_intrinsic,R,,SIFa_to_target,male-cns:v1.0,other,R
11369,104322,1,1,T4b,T4b_R,,,,ol_intrinsic,R,,SIFa_to_target,male-cns:v1.0,other,R
11369,104376,1,1,T5c,T5c_R,,,,ol_intrinsic,R,,SIFa_to_target,male-cns:v1.0,other,R
11369,104636,1,1,T4a,T4a_R,,,,ol_intrinsic,R,,SIFa_to_target,male-cns:v1.0,other,R
11369,104766,2,2,Tm20,Tm20_R,,,,ol_intrinsic,R,,SIFa_to_target,male-cns:v1.0,other,R
11369,104793,1,1,T4d,T4d_R,,,,ol_intrinsic,R,,SIFa_to_target,male-cns:v1.0,other,R
11369,104884,1,1,T4b,T4b_R,,,,ol_intrinsic,R,,SIFa_to_target,male-cns:v1.0,other,R
11369,105451,1,1,T5b,T5b_R,,,,ol_intrinsic,R,,SIFa_to_target,male-cns:v1.0,other,R
11369,105710,1,1,T5a,T5a_R,,,,ol_intrinsic,R,,SIFa_to_target,male-cns:v1.0,other,R
11369,105725,1,1,T5b,T5b_R,,,,ol_intrinsic,R,,SIFa_to_target,male-cns:v1.0,other,R
11369,105830,1,1,T5b,T5b_R,,,,ol_intrinsic,R,,SIFa_to_target,male-cns:v1.0,other,R
11369,105905,1,1,T4a,T4a_R,,,,ol_intrinsic,R,,SIFa_to_target,male-cns:v1.0,other,R
11369,106206,1,1,KCab-s,KCab-s_L,"KCab-m,KCab-c,KCab-s",Kenyon_Cell,,cb_intrinsic,L,,SIFa_to_target,male-cns:v1.0,KC_alpha_beta,L
11369,106373,1,1,Tm5c,Tm5c_R,,,,ol_intrinsic,R,,SIFa_to_target,male-cns:v1.0,other,R
11369,106486,1,1,Tm12,Tm12_R,,,,ol_intrinsic,R,,SIFa_to_target,male-cns:v1.0,other,R
11369,106506,1,1,KCab-s,KCab-s_L,"KCab-m,KCab-c,KCab-s",Kenyon_Cell,,cb_intrinsic,L,,SIFa_to_target,male-cns:v1.0,KC_alpha_beta,L
11369,106671,1,1,T4c,T4c_R,,,,ol_intrinsic,R,,SIFa_to_target,male-cns:v1.0,other,R
11369,106802,1,1,TmY18,TmY18_R,,,,ol_intrinsic,R,,SIFa_to_target,male-cns:v1.0,other,R
11369,106872,1,1,T5c,T5c_R,,,,ol_intrinsic,R,,SIFa_to_target,male-cns:v1.0,other,R
11369,106964,2,2,T5d,T5d_R,,,,ol_intrinsic,R,,SIFa_to_target,male-cns:v1.0,other,R
11369,107009,1,1,KCab-s,KCab-s_L,"KCab-m,KCab-c,KCab-s",Kenyon_Cell,,cb_intrinsic,L,,SIFa_to_target,male-cns:v1.0,KC_alpha_beta,L
11369,107015,1,1,L5,L5_R,,,,ol_intrinsic,R,,SIFa_to_target,male-cns:v1.0,other,R
11369,107139,1,1,Tm1,Tm1_R,,,,ol_intrinsic,R,,SIFa_to_target,male-cns:v1.0,other,R
11369,107266,1,1,T5a,T5a_R,,,,ol_intrinsic,R,,SIFa_to_target,male-cns:v1.0,other,R
11369,107509,1,1,T4b,T4b_R,,,,ol_intrinsic,R,,SIFa_to_target,male-cns:v1.0,other,R
11369,107518,1,1,TmY18,TmY18_R,,,,ol_intrinsic,R,,SIFa_to_target,male-cns:v1.0,other,R
11369,107706,1,1,Tm20,Tm20_R,,,,ol_intrinsic,R,,SIFa_to_target,male-cns:v1.0,other,R
11369,107714,1,1,TmY18,TmY18_R,,,,ol_intrinsic,R,,SIFa_to_target,male-cns:v1.0,other,R
11369,107754,1,1,T5b,T5b_R,,,,ol_intrinsic,R,,SIFa_to_target,male-cns:v1.0,other,R
11369,107764,1,1,Tm3,Tm3_R,,,,ol_intrinsic,R,,SIFa_to_target,male-cns:v1.0,other,R
11369,107896,1,1,L5,L5_R,,,,ol_intrinsic,R,,SIFa_to_target,male-cns:v1.0,other,R
11369,107973,1,1,L5,L5_R,,,,ol_intrinsic,R,,SIFa_to_target,male-cns:v1.0,other,R
11369,107974,1,1,TmY18,TmY18_R,,,,ol_intrinsic,R,,SIFa_to_target,male-cns:v1.0,other,R
11369,107981,1,1,Tm6,Tm6_R,,,,ol_intrinsic,R,,SIFa_to_target,male-cns:v1.0,other,R
11369,108102,1,1,SLP324,SLP324_L,SLP324,,,cb_intrinsic,L,,SIFa_to_target,male-cns:v1.0,other,L
11369,108355,1,1,T5b,T5b_R,,,,ol_intrinsic,R,,SIFa_to_target,male-cns:v1.0,other,R
11369,108585,1,1,FB8I,FB8I_L,FB8I,CX,,cb_intrinsic,L,,SIFa_to_target,male-cns:v1.0,other,L
11369,108709,1,1,T5c,T5c_R,,,,ol_intrinsic,R,,SIFa_to_target,male-cns:v1.0,other,R
11369,108889,2,1,Dm-DRA1,Dm-DRA1_R,,,,ol_intrinsic,R,,SIFa_to_target,male-cns:v1.0,other,R
11369,109075,1,1,T5b,T5b_R,,,,ol_intrinsic,R,,SIFa_to_target,male-cns:v1.0,other,R
11369,109205,1,1,T5a,T5a_R,,,,ol_intrinsic,R,,SIFa_to_target,male-cns:v1.0,other,R
11369,109272,1,1,T5a,T5a_R,,,,ol_intrinsic,R,,SIFa_to_target,male-cns:v1.0,other,R
11369,109532,1,1,T5c,T5c_R,,,,ol_intrinsic,R,,SIFa_to_target,male-cns:v1.0,other,R
11369,109626,1,1,ANXXX169,ANXXX169_R,,,BA,ascending_neuron,R,,SIFa_to_target,male-cns:v1.0,other,R
11369,109997,1,1,Tm12,Tm12_R,,,,ol_intrinsic,R,,SIFa_to_target,male-cns:v1.0,other,R
11369,110326,1,1,T5b,T5b_R,,,,ol_intrinsic,R,,SIFa_to_target,male-cns:v1.0,other,R
11369,110528,1,1,M_vPNml86,M_vPNml86_R,M_vPNml86,ALPN,,cb_intrinsic,R,,SIFa_to_target,male-cns:v1.0,other,R
11369,110544,1,1,KCab-s,KCab-s_L,"KCab-m,KCab-c,KCab-s",Kenyon_Cell,,cb_intrinsic,L,,SIFa_to_target,male-cns:v1.0,KC_alpha_beta,L
11369,110652,1,1,Tm6,Tm6_R,,,,ol_intrinsic,R,,SIFa_to_target,male-cns:v1.0,other,R
11369,110727,1,1,GNG414,GNG414_L,,,,cb_intrinsic,L,,SIFa_to_target,male-cns:v1.0,other,L
11369,111230,1,1,T5c,T5c_R,,,,ol_intrinsic,R,,SIFa_to_target,male-cns:v1.0,other,R
11369,111519,1,1,LoVP_unclear,LoVP_unclear_R,,,,visual_projection,R,,SIFa_to_target,male-cns:v1.0,other,R
11369,111652,2,1,KCab-s,KCab-s_L,"KCab-m,KCab-c,KCab-s",Kenyon_Cell,,cb_intrinsic,L,,SIFa_to_target,male-cns:v1.0,KC_alpha_beta,L
11369,111730,3,2,Cm5,Cm5_R,,,,ol_intrinsic,R,,SIFa_to_target,male-cns:v1.0,other,R
11369,111913,1,1,T5a,T5a_R,,,,ol_intrinsic,R,,SIFa_to_target,male-cns:v1.0,other,R
11369,112178,1,1,TmY18,TmY18_R,,,,ol_intrinsic,R,,SIFa_to_target,male-cns:v1.0,other,R
11369,112291,1,1,T5a,T5a_R,,,,ol_intrinsic,R,,SIFa_to_target,male-cns:v1.0,other,R
11369,112352,1,1,Dm8a,Dm8a_R,,,,ol_intrinsic,R,,SIFa_to_target,male-cns:v1.0,other,R
11369,112707,1,1,T4a,T4a_R,,,,ol_intrinsic,R,,SIFa_to_target,male-cns:v1.0,other,R
11369,113355,1,1,T4d,T4d_R,,,,ol_intrinsic,R,,SIFa_to_target,male-cns:v1.0,other,R
11369,114084,1,1,Dm10,Dm10_R,,,,ol_intrinsic,R,,SIFa_to_target,male-cns:v1.0,other,R
11369,114519,1,1,CB4072,CB4072_R,,,,cb_intrinsic,R,,SIFa_to_target,male-cns:v1.0,other,R
11369,114601,1,1,Mi4,Mi4_R,,,,ol_intrinsic,R,,SIFa_to_target,male-cns:v1.0,other,R
11369,115397,1,1,T5c,T5c_R,,,,ol_intrinsic,R,,SIFa_to_target,male-cns:v1.0,other,R
11369,115520,1,1,T5b,T5b_R,,,,ol_intrinsic,R,,SIFa_to_target,male-cns:v1.0,other,R
11369,115673,1,1,T4b,T4b_R,,,,ol_intrinsic,R,,SIFa_to_target,male-cns:v1.0,other,R
11369,115682,2,1,T5b,T5b_R,,,,ol_intrinsic,R,,SIFa_to_target,male-cns:v1.0,other,R
11369,116133,1,1,M_vPNml86,M_vPNml86_R,M_vPNml86,ALPN,,cb_intrinsic,R,,SIFa_to_target,male-cns:v1.0,other,R
11369,116625,1,1,Dm10,Dm10_R,,,,ol_intrinsic,R,,SIFa_to_target,male-cns:v1.0,other,R
11369,116630,1,1,Tm39,Tm39_R,,,,ol_intrinsic,R,,SIFa_to_target,male-cns:v1.0,other,R
11369,116733,1,1,T3,T3_R,,,,ol_intrinsic,R,,SIFa_to_target,male-cns:v1.0,other,R
11369,116794,1,1,T1,T1_R,,,,ol_intrinsic,R,,SIFa_to_target,male-cns:v1.0,other,R
11369,117105,1,1,T5c,T5c_R,,,,ol_intrinsic,R,,SIFa_to_target,male-cns:v1.0,other,R
11369,117250,2,1,T5c,T5c_R,,,,ol_intrinsic,R,,SIFa_to_target,male-cns:v1.0,other,R
11369,117601,1,1,T1,T1_R,,,,ol_intrinsic,R,,SIFa_to_target,male-cns:v1.0,other,R
11369,118115,1,1,Mi17,Mi17_R,,,,ol_intrinsic,R,,SIFa_to_target,male-cns:v1.0,other,R
11369,118333,1,1,Tm5b,Tm5b_R,,,,ol_intrinsic,R,,SIFa_to_target,male-cns:v1.0,other,R
11369,118371,1,1,Tm4,Tm4_R,,,,ol_intrinsic,R,,SIFa_to_target,male-cns:v1.0,other,R
11369,118446,1,1,TmY9b,TmY9b_R,,,,ol_intrinsic,R,,SIFa_to_target,male-cns:v1.0,other,R
11369,118470,1,1,Dm10,Dm10_R,,,,ol_intrinsic,R,,SIFa_to_target,male-cns:v1.0,other,R
11369,118886,1,1,T2,T2_R,,,,ol_intrinsic,R,,SIFa_to_target,male-cns:v1.0,other,R
11369,119022,1,1,Cm5,Cm5_R,,,,ol_intrinsic,R,,SIFa_to_target,male-cns:v1.0,other,R
11369,119569,2,2,T5b,T5b_R,,,,ol_intrinsic,R,,SIFa_to_target,male-cns:v1.0,other,R
11369,120106,1,1,T5d,T5d_R,,,,ol_intrinsic,R,,SIFa_to_target,male-cns:v1.0,other,R
11369,120253,1,1,T5c,T5c_R,,,,ol_intrinsic,R,,SIFa_to_target,male-cns:v1.0,other,R
11369,120894,1,1,KCab-s,KCab-s_L,"KCab-m,KCab-c,KCab-s",Kenyon_Cell,,cb_intrinsic,L,,SIFa_to_target,male-cns:v1.0,KC_alpha_beta,L
11369,120907,1,1,T4b,T4b_R,,,,ol_intrinsic,R,,SIFa_to_target,male-cns:v1.0,other,R
11369,120975,1,1,T5a,T5a_R,,,,ol_intrinsic,R,,SIFa_to_target,male-cns:v1.0,other,R
11369,121012,1,1,T5a,T5a_R,,,,ol_intrinsic,R,,SIFa_to_target,male-cns:v1.0,other,R
11369,121234,1,1,T5a,T5a_R,,,,ol_intrinsic,R,,SIFa_to_target,male-cns:v1.0,other,R
11369,121416,1,1,T5d,T5d_R,,,,ol_intrinsic,R,,SIFa_to_target,male-cns:v1.0,other,R
11369,121616,1,1,T5b,T5b_R,,,,ol_intrinsic,R,,SIFa_to_target,male-cns:v1.0,other,R
11369,121651,1,1,T5b,T5b_R,,,,ol_intrinsic,R,,SIFa_to_target,male-cns:v1.0,other,R
11369,122221,1,1,Dm10,Dm10_R,,,,ol_intrinsic,R,,SIFa_to_target,male-cns:v1.0,other,R
11369,122273,1,1,Tm3,Tm3_R,,,,ol_intrinsic,R,,SIFa_to_target,male-cns:v1.0,other,R
11369,122304,1,1,L5,L5_R,,,,ol_intrinsic,R,,SIFa_to_target,male-cns:v1.0,other,R
11369,122388,1,1,T5b,T5b_R,,,,ol_intrinsic,R,,SIFa_to_target,male-cns:v1.0,other,R
11369,122597,4,3,AN10B045,AN10B045_L,,,BA,ascending_neuron,L,,SIFa_to_target,male-cns:v1.0,other,L
11369,122725,1,1,Mi16,Mi16_R,,,,ol_intrinsic,R,,SIFa_to_target,male-cns:v1.0,other,R
11369,123256,1,1,T5b,T5b_R,,,,ol_intrinsic,R,,SIFa_to_target,male-cns:v1.0,other,R
11369,123338,1,1,Mi17,Mi17_R,,,,ol_intrinsic,R,,SIFa_to_target,male-cns:v1.0,other,R
11369,123506,1,1,T5b,T5b_R,,,,ol_intrinsic,R,,SIFa_to_target,male-cns:v1.0,other,R
11369,123531,1,1,TmY18,TmY18_R,,,,ol_intrinsic,R,,SIFa_to_target,male-cns:v1.0,other,R
11369,123757,1,1,CB1458,CB1458_R,,,,cb_intrinsic,R,,SIFa_to_target,male-cns:v1.0,other,R
11369,124088,1,1,Mi9,Mi9_R,,,,ol_intrinsic,R,,SIFa_to_target,male-cns:v1.0,other,R
11369,124624,1,1,KCab-m,KCab-m_L,"KCab-m,KCab-c,KCab-s",Kenyon_Cell,,cb_intrinsic,L,,SIFa_to_target,male-cns:v1.0,KC_alpha_beta,L
11369,125474,1,1,TmY18,TmY18_R,,,,ol_intrinsic,R,,SIFa_to_target,male-cns:v1.0,other,R
11369,125606,1,1,T5a,T5a_R,,,,ol_intrinsic,R,,SIFa_to_target,male-cns:v1.0,other,R
11369,125888,2,2,T5b,T5b_R,,,,ol_intrinsic,R,,SIFa_to_target,male-cns:v1.0,other,R
11369,125972,1,1,Mi16,Mi16_R,,,,ol_intrinsic,R,,SIFa_to_target,male-cns:v1.0,other,R
11369,126050,1,1,T5d,T5d_R,,,,ol_intrinsic,R,,SIFa_to_target,male-cns:v1.0,other,R
11369,126053,1,1,T5b,T5b_R,,,,ol_intrinsic,R,,SIFa_to_target,male-cns:v1.0,other,R
11369,126276,1,1,T5c,T5c_R,,,,ol_intrinsic,R,,SIFa_to_target,male-cns:v1.0,other,R
11369,126468,1,1,TmY18,TmY18_R,,,,ol_intrinsic,R,,SIFa_to_target,male-cns:v1.0,other,R
11369,126539,1,1,Dm8a,Dm8a_R,,,,ol_intrinsic,R,,SIFa_to_target,male-cns:v1.0,other,R
11369,126597,8,6,AN10B045,AN10B045_L,,,BA,ascending_neuron,L,,SIFa_to_target,male-cns:v1.0,other,L
11369,126640,1,1,T5b,T5b_R,,,,ol_intrinsic,R,,SIFa_to_target,male-cns:v1.0,other,R
11369,126990,1,1,T5d,T5d_R,,,,ol_intrinsic,R,,SIFa_to_target,male-cns:v1.0,other,R
11369,127053,1,1,Tm9,Tm9_R,,,,ol_intrinsic,R,,SIFa_to_target,male-cns:v1.0,other,R
11369,127089,1,1,T5c,T5c_R,,,,ol_intrinsic,R,,SIFa_to_target,male-cns:v1.0,other,R
11369,127217,1,1,AN10B053,AN10B053_L,,,BA,ascending_neuron,L,,SIFa_to_target,male-cns:v1.0,other,L
11369,127769,1,1,Tm20,Tm20_R,,,,ol_intrinsic,R,,SIFa_to_target,male-cns:v1.0,other,R
11369,127915,1,1,T5c,T5c_R,,,,ol_intrinsic,R,,SIFa_to_target,male-cns:v1.0,other,R
11369,128076,2,2,PAM04,PAM04(B2)_R,PAM04,DAN,,cb_intrinsic,R,,SIFa_to_target,male-cns:v1.0,DAN,R
11369,128102,1,1,GNG610,GNG610_R,,,,cb_intrinsic,R,,SIFa_to_target,male-cns:v1.0,other,R
11369,128565,1,1,KCab-s,KCab-s_L,"KCab-m,KCab-c,KCab-s",Kenyon_Cell,,cb_intrinsic,L,,SIFa_to_target,male-cns:v1.0,KC_alpha_beta,L
11369,129112,1,1,T5b,T5b_R,,,,ol_intrinsic,R,,SIFa_to_target,male-cns:v1.0,other,R
11369,129256,1,1,T5b,T5b_R,,,,ol_intrinsic,R,,SIFa_to_target,male-cns:v1.0,other,R
11369,129838,1,1,T5a,T5a_R,,,,ol_intrinsic,R,,SIFa_to_target,male-cns:v1.0,other,R
11369,130178,1,1,Tm20,Tm20_R,,,,ol_intrinsic,R,,SIFa_to_target,male-cns:v1.0,other,R
11369,130279,14,13,lLN2P_b,lLN2P_b_R,lLN2P_b,ALLN,,cb_intrinsic,R,,SIFa_to_target,male-cns:v1.0,other,R
11369,130339,1,1,T5c,T5c_R,,,,ol_intrinsic,R,,SIFa_to_target,male-cns:v1.0,other,R
11369,130400,1,1,CB1201,CB1201_R,,,,cb_intrinsic,R,,SIFa_to_target,male-cns:v1.0,other,R
11369,130714,1,1,Cm1,Cm1_R,,,,ol_intrinsic,R,,SIFa_to_target,male-cns:v1.0,other,R
11369,131058,1,1,Tm12,Tm12_R,,,,ol_intrinsic,R,,SIFa_to_target,male-cns:v1.0,other,R
11369,131179,1,1,T5d,T5d_R,,,,ol_intrinsic,R,,SIFa_to_target,male-cns:v1.0,other,R
11369,131208,1,1,Cm1,Cm1_R,,,,ol_intrinsic,R,,SIFa_to_target,male-cns:v1.0,other,R
11369,131267,1,1,T5c,T5c_R,,,,ol_intrinsic,R,,SIFa_to_target,male-cns:v1.0,other,R
11369,131528,1,1,Mi15,Mi15_R,,,,ol_intrinsic,R,,SIFa_to_target,male-cns:v1.0,other,R
11369,131549,1,1,T5c,T5c_R,,,,ol_intrinsic,R,,SIFa_to_target,male-cns:v1.0,other,R
11369,131929,1,1,T5c,T5c_R,,,,ol_intrinsic,R,,SIFa_to_target,male-cns:v1.0,other,R
11369,131932,1,1,Mi15,Mi15_R,,,,ol_intrinsic,R,,SIFa_to_target,male-cns:v1.0,other,R
11369,132583,1,1,PhG1b,PhG1b_L,,gustatory,pharyngeal sensillum,cb_sensory,,L,SIFa_to_target,male-cns:v1.0,other,L
11369,132920,1,1,T5d,T5d_R,,,,ol_intrinsic,R,,SIFa_to_target,male-cns:v1.0,other,R
11369,133203,1,1,Tm20,Tm20_R,,,,ol_intrinsic,R,,SIFa_to_target,male-cns:v1.0,other,R
11369,133298,1,1,L3,L3_R,,,,ol_intrinsic,R,,SIFa_to_target,male-cns:v1.0,other,R
11369,133469,1,1,T5d,T5d_R,,,,ol_intrinsic,R,,SIFa_to_target,male-cns:v1.0,other,R
11369,133580,2,2,T4c,T4c_R,,,,ol_intrinsic,R,,SIFa_to_target,male-cns:v1.0,other,R
11369,133903,1,1,Mi15,Mi15_R,,,,ol_intrinsic,R,,SIFa_to_target,male-cns:v1.0,other,R
11369,133907,1,1,T5b,T5b_R,,,,ol_intrinsic,R,,SIFa_to_target,male-cns:v1.0,other,R
11369,134002,1,1,Tm6,Tm6_R,,,,ol_intrinsic,R,,SIFa_to_target,male-cns:v1.0,other,R
11369,134330,1,1,T4d,T4d_R,,,,ol_intrinsic,R,,SIFa_to_target,male-cns:v1.0,other,R
11369,134601,1,1,Mi15,Mi15_R,,,,ol_intrinsic,R,,SIFa_to_target,male-cns:v1.0,other,R
11369,134863,1,1,Tm3,Tm3_R,,,,ol_intrinsic,R,,SIFa_to_target,male-cns:v1.0,other,R
11369,134993,1,1,Dm2,Dm2_R,,,,ol_intrinsic,R,,SIFa_to_target,male-cns:v1.0,other,R
11369,135475,2,2,T5b,T5b_R,,,,ol_intrinsic,R,,SIFa_to_target,male-cns:v1.0,other,R
11369,135564,1,1,T5b,T5b_R,,,,ol_intrinsic,R,,SIFa_to_target,male-cns:v1.0,other,R
11369,135565,1,1,T5c,T5c_R,,,,ol_intrinsic,R,,SIFa_to_target,male-cns:v1.0,other,R
11369,136223,1,1,Mi15,Mi15_R,,,,ol_intrinsic,R,,SIFa_to_target,male-cns:v1.0,other,R
11369,136276,1,1,LB2c,LB2c_R,,gustatory,labellar bristle,cb_sensory,,R,SIFa_to_target,male-cns:v1.0,other,R
11369,136669,1,1,Cm1,Cm1_R,,,,ol_intrinsic,R,,SIFa_to_target,male-cns:v1.0,other,R
11369,136989,1,1,T5b,T5b_R,,,,ol_intrinsic,R,,SIFa_to_target,male-cns:v1.0,other,R
11369,137086,1,1,Mi15,Mi15_R,,,,ol_intrinsic,R,,SIFa_to_target,male-cns:v1.0,other,R
11369,137460,2,1,T5c,T5c_R,,,,ol_intrinsic,R,,SIFa_to_target,male-cns:v1.0,other,R
11369,137572,3,3,AN10B047,AN10B047_L,,,,ascending_neuron,L,,SIFa_to_target,male-cns:v1.0,other,L
11369,137876,1,1,Cm4,Cm4_R,,,,ol_intrinsic,R,,SIFa_to_target,male-cns:v1.0,other,R
11369,138028,2,1,T5a,T5a_R,,,,ol_intrinsic,R,,SIFa_to_target,male-cns:v1.0,other,R
11369,138142,1,1,Tm12,Tm12_R,,,,ol_intrinsic,R,,SIFa_to_target,male-cns:v1.0,other,R
11369,138266,1,1,T5c,T5c_R,,,,ol_intrinsic,R,,SIFa_to_target,male-cns:v1.0,other,R
11369,138281,1,1,Cm6,Cm6_R,,,,ol_intrinsic,R,,SIFa_to_target,male-cns:v1.0,other,R
11369,138365,1,1,T5d,T5d_R,,,,ol_intrinsic,R,,SIFa_to_target,male-cns:v1.0,other,R
11369,138549,1,1,KCab-s,KCab-s_L,"KCab-m,KCab-c,KCab-s",Kenyon_Cell,,cb_intrinsic,L,,SIFa_to_target,male-cns:v1.0,KC_alpha_beta,L
11369,138667,1,1,T5b,T5b_R,,,,ol_intrinsic,R,,SIFa_to_target,male-cns:v1.0,other,R
11369,138771,1,1,T5c,T5c_R,,,,ol_intrinsic,R,,SIFa_to_target,male-cns:v1.0,other,R
11369,140015,1,1,LB3c,LB3c_R,,gustatory,labellar bristle,cb_sensory,,R,SIFa_to_target,male-cns:v1.0,other,R
11369,140576,1,1,Tm20,Tm20_R,,,,ol_intrinsic,R,,SIFa_to_target,male-cns:v1.0,other,R
11369,140588,1,1,L5,L5_R,,,,ol_intrinsic,R,,SIFa_to_target,male-cns:v1.0,other,R
11369,141706,1,1,Mi15,Mi15_R,,,,ol_intrinsic,R,,SIFa_to_target,male-cns:v1.0,other,R
11369,142626,1,1,Tm9,Tm9_R,,,,ol_intrinsic,R,,SIFa_to_target,male-cns:v1.0,other,R
11369,142893,1,1,T5d,T5d_R,,,,ol_intrinsic,R,,SIFa_to_target,male-cns:v1.0,other,R
11369,143166,1,1,T5c,T5c_R,,,,ol_intrinsic,R,,SIFa_to_target,male-cns:v1.0,other,R
11369,143252,1,1,T5c,T5c_R,,,,ol_intrinsic,R,,SIFa_to_target,male-cns:v1.0,other,R
11369,143379,1,1,Cm2,Cm2_R,,,,ol_intrinsic,R,,SIFa_to_target,male-cns:v1.0,other,R
11369,143766,1,1,Mi15,Mi15_R,,,,ol_intrinsic,R,,SIFa_to_target,male-cns:v1.0,other,R
11369,143867,1,1,T5d,T5d_R,,,,ol_intrinsic,R,,SIFa_to_target,male-cns:v1.0,other,R
11369,143895,1,1,KCab-m,KCab-m_L,"KCab-m,KCab-c,KCab-s",Kenyon_Cell,,cb_intrinsic,L,,SIFa_to_target,male-cns:v1.0,KC_alpha_beta,L
11369,144829,1,1,T5a,T5a_R,,,,ol_intrinsic,R,,SIFa_to_target,male-cns:v1.0,other,R
11369,144978,2,2,T5b,T5b_R,,,,ol_intrinsic,R,,SIFa_to_target,male-cns:v1.0,other,R
11369,145160,1,1,Cm1,Cm1_R,,,,ol_intrinsic,R,,SIFa_to_target,male-cns:v1.0,other,R
11369,145654,1,1,T5c,T5c_R,,,,ol_intrinsic,R,,SIFa_to_target,male-cns:v1.0,other,R
11369,145992,1,1,Cm1,Cm1_R,,,,ol_intrinsic,R,,SIFa_to_target,male-cns:v1.0,other,R
11369,146127,1,1,T5d,T5d_R,,,,ol_intrinsic,R,,SIFa_to_target,male-cns:v1.0,other,R
11369,146343,1,1,T5d,T5d_R,,,,ol_intrinsic,R,,SIFa_to_target,male-cns:v1.0,other,R
11369,146578,1,1,T4a,T4a_R,,,,ol_intrinsic,R,,SIFa_to_target,male-cns:v1.0,other,R
11369,146636,1,1,Dm2,Dm2_R,,,,ol_intrinsic,R,,SIFa_to_target,male-cns:v1.0,other,R
11369,146920,1,1,T5c,T5c_R,,,,ol_intrinsic,R,,SIFa_to_target,male-cns:v1.0,other,R
11369,148020,1,1,Mi15,Mi15_R,,,,ol_intrinsic,R,,SIFa_to_target,male-cns:v1.0,other,R
11369,148166,1,1,Dm2,Dm2_R,,,,ol_intrinsic,R,,SIFa_to_target,male-cns:v1.0,other,R
11369,148233,1,1,Dm2,Dm2_R,,,,ol_intrinsic,R,,SIFa_to_target,male-cns:v1.0,other,R
11369,148797,1,1,T5a,T5a_R,,,,ol_intrinsic,R,,SIFa_to_target,male-cns:v1.0,other,R
11369,148832,1,1,Tm9,Tm9_R,,,,ol_intrinsic,R,,SIFa_to_target,male-cns:v1.0,other,R
11369,149384,1,1,claw_tpGRN,claw_tpGRN_R,,gustatory,taste peg,cb_sensory,,R,SIFa_to_target,male-cns:v1.0,other,R
11369,149549,1,1,T5d,T5d_R,,,,ol_intrinsic,R,,SIFa_to_target,male-cns:v1.0,other,R
11369,149823,1,1,Cm2,Cm2_R,,,,ol_intrinsic,R,,SIFa_to_target,male-cns:v1.0,other,R
11369,150489,1,1,AN09B016,AN09B016_R,,,BA,ascending_neuron,R,,SIFa_to_target,male-cns:v1.0,other,R
11369,150574,1,1,Dm10,Dm10_R,,,,ol_intrinsic,R,,SIFa_to_target,male-cns:v1.0,other,R
11369,151207,1,1,T5c,T5c_R,,,,ol_intrinsic,R,,SIFa_to_target,male-cns:v1.0,other,R
11369,151275,2,2,Dm2,Dm2_R,,,,ol_intrinsic,R,,SIFa_to_target,male-cns:v1.0,other,R
11369,151451,2,2,T5b,T5b_R,,,,ol_intrinsic,R,,SIFa_to_target,male-cns:v1.0,other,R
11369,151517,1,1,AN10B047,AN10B047_L,,,BA,ascending_neuron,L,,SIFa_to_target,male-cns:v1.0,other,L
11369,151655,1,1,Tm6,Tm6_R,,,,ol_intrinsic,R,,SIFa_to_target,male-cns:v1.0,other,R
11369,151877,1,1,Cm4,Cm4_R,,,,ol_intrinsic,R,,SIFa_to_target,male-cns:v1.0,other,R
11369,152496,1,1,AN09B037,AN09B037_L,,,BA,ascending_neuron,L,,SIFa_to_target,male-cns:v1.0,other,L
11369,152536,1,1,T5c,T5c_R,,,,ol_intrinsic,R,,SIFa_to_target,male-cns:v1.0,other,R
11369,152922,1,1,Mi15,Mi15_R,,,,ol_intrinsic,R,,SIFa_to_target,male-cns:v1.0,other,R
11369,153732,1,1,Dm10,Dm10_R,,,,ol_intrinsic,R,,SIFa_to_target,male-cns:v1.0,other,R
11369,153969,1,1,Cm2,Cm2_R,,,,ol_intrinsic,R,,SIFa_to_target,male-cns:v1.0,other,R
11369,154234,1,1,AN10B047,AN10B047_L,,,BA,ascending_neuron,L,,SIFa_to_target,male-cns:v1.0,other,L
11369,155235,1,1,T5b,T5b_R,,,,ol_intrinsic,R,,SIFa_to_target,male-cns:v1.0,other,R
11369,156196,1,1,T5a,T5a_R,,,,ol_intrinsic,R,,SIFa_to_target,male-cns:v1.0,other,R
11369,156519,1,1,T5a,T5a_R,,,,ol_intrinsic,R,,SIFa_to_target,male-cns:v1.0,other,R
11369,156554,1,1,KCab-s,KCab-s_L,"KCab-m,KCab-c,KCab-s",Kenyon_Cell,,cb_intrinsic,L,,SIFa_to_target,male-cns:v1.0,KC_alpha_beta,L
11369,156909,1,1,T5a,T5a_R,,,,ol_intrinsic,R,,SIFa_to_target,male-cns:v1.0,other,R
11369,157837,1,1,Mi15,Mi15_R,,,,ol_intrinsic,R,,SIFa_to_target,male-cns:v1.0,other,R
11369,158196,1,1,PAM04,PAM04(B2)_L,PAM04,DAN,,cb_intrinsic,L,,SIFa_to_target,male-cns:v1.0,DAN,L
11369,158453,1,1,Dm2,Dm2_R,,,,ol_intrinsic,R,,SIFa_to_target,male-cns:v1.0,other,R
11369,158660,1,1,Cm1,Cm1_R,,,,ol_intrinsic,R,,SIFa_to_target,male-cns:v1.0,other,R
11369,158764,2,2,Mi15,Mi15_R,,,,ol_intrinsic,R,,SIFa_to_target,male-cns:v1.0,other,R
11369,159209,1,1,T5b,T5b_R,,,,ol_intrinsic,R,,SIFa_to_target,male-cns:v1.0,other,R
11369,160150,1,1,TmY18,TmY18_R,,,,ol_intrinsic,R,,SIFa_to_target,male-cns:v1.0,other,R
11369,160440,1,1,ANXXX202,ANXXX202_R,,,BA,ascending_neuron,R,,SIFa_to_target,male-cns:v1.0,other,R
11369,161064,1,1,PS193b,PS193b_R,,,,cb_intrinsic,R,,SIFa_to_target,male-cns:v1.0,other,R
11369,162048,1,1,KCab-s,KCab-s_L,"KCab-m,KCab-c,KCab-s",Kenyon_Cell,,cb_intrinsic,L,,SIFa_to_target,male-cns:v1.0,KC_alpha_beta,L
11369,162264,1,1,ORN_DC3,ORN_DC3_R,ORN_DC3,olfactory,,cb_sensory,,R,SIFa_to_target,male-cns:v1.0,other,R
11369,163508,1,1,TmY18,TmY18_R,,,,ol_intrinsic,R,,SIFa_to_target,male-cns:v1.0,other,R
11369,163569,2,2,AN10B035,AN10B035_L,,,BA,ascending_neuron,L,,SIFa_to_target,male-cns:v1.0,other,L
11369,163946,1,1,T5d,T5d_R,,,,ol_intrinsic,R,,SIFa_to_target,male-cns:v1.0,other,R
11369,165124,1,1,Mi15,Mi15_R,,,,ol_intrinsic,R,,SIFa_to_target,male-cns:v1.0,other,R
11369,167589,1,1,T5d,T5d_R,,,,ol_intrinsic,R,,SIFa_to_target,male-cns:v1.0,other,R
11369,168080,1,1,PAM03,PAM03(B2B'2a)_L,PAM03,DAN,,cb_intrinsic,L,,SIFa_to_target,male-cns:v1.0,DAN,L
11369,168970,8,7,AN10B045,AN10B045_L,,,BA,ascending_neuron,L,,SIFa_to_target,male-cns:v1.0,other,L
11369,169027,1,1,PAM03,PAM03(B2B'2a)_R,PAM03,DAN,,cb_intrinsic,R,,SIFa_to_target,male-cns:v1.0,DAN,R
11369,171388,1,1,AN05B100,AN05B100_L,,,BA,ascending_neuron,L,,SIFa_to_target,male-cns:v1.0,other,L
11369,171518,1,1,ORN_DM3,ORN_DM3_L,ORN_DM3,olfactory,,cb_sensory,,L,SIFa_to_target,male-cns:v1.0,other,L
11369,171997,2,1,AN10B062,AN10B062_L,,,,ascending_neuron,L,,SIFa_to_target,male-cns:v1.0,other,L
11369,174420,1,1,AN09A005,AN09A005_R,,,BA,ascending_neuron,R,,SIFa_to_target,male-cns:v1.0,other,R
11369,176623,1,1,Dm2,Dm2_R,,,,ol_intrinsic,R,,SIFa_to_target,male-cns:v1.0,other,R
11369,177603,1,1,PAM04,PAM04(B2)_L,PAM04,DAN,,cb_intrinsic,L,,SIFa_to_target,male-cns:v1.0,DAN,L
11369,178932,1,1,Dm2,Dm2_R,,,,ol_intrinsic,R,,SIFa_to_target,male-cns:v1.0,other,R
11369,182235,1,1,ORN_DA1,ORN_DA1_R,ORN_DA1,olfactory,,cb_sensory,,R,SIFa_to_target,male-cns:v1.0,other,R
11369,183061,1,1,LB3a,LB3a_R,,gustatory,labellar bristle,cb_sensory,,R,SIFa_to_target,male-cns:v1.0,other,R
11369,183084,1,1,LB3b,LB3b_R,,gustatory,labellar bristle,cb_sensory,,R,SIFa_to_target,male-cns:v1.0,other,R
11369,188618,1,1,PS087,PS087_L,PS087,,,cb_intrinsic,L,,SIFa_to_target,male-cns:v1.0,other,L
11369,192978,2,1,lLN2X12,lLN2X12_R,,ALLN,,cb_intrinsic,R,,SIFa_to_target,male-cns:v1.0,other,R
11369,193817,1,1,T4c,T4c_R,,,,ol_intrinsic,R,,SIFa_to_target,male-cns:v1.0,other,R
11369,194743,2,2,AN10B039,AN10B039_L,,,,ascending_neuron,L,,SIFa_to_target,male-cns:v1.0,other,L
11369,195227,1,1,AN10B039,AN10B039_L,,,BA,ascending_neuron,L,,SIFa_to_target,male-cns:v1.0,other,L
11369,202768,1,1,ORN_VL2p,ORN_VL2p_R,ORN_VL2p,olfactory,,cb_sensory,,R,SIFa_to_target,male-cns:v1.0,other,R
11369,204504,1,1,,,,,,,,,SIFa_to_target,male-cns:v1.0,other,unknown
11369,208881,1,1,FS3,FS3_L,FS,,,cb_intrinsic,L,,SIFa_to_target,male-cns:v1.0,other,L
11369,209645,1,1,T4a,T4a_R,,,,ol_intrinsic,R,,SIFa_to_target,male-cns:v1.0,other,R
11369,214159,1,1,T5c,T5c_R,,,,ol_intrinsic,R,,SIFa_to_target,male-cns:v1.0,other,R
11369,215209,1,1,AN09B037,AN09B037_L,,,BA,ascending_neuron,L,,SIFa_to_target,male-cns:v1.0,other,L
11369,218583,1,1,PAM04,PAM04(B2)_R,PAM04,DAN,,cb_intrinsic,R,,SIFa_to_target,male-cns:v1.0,DAN,R
11369,222154,1,1,AN00A002,AN00A002_M,,,BA,ascending_neuron,M,,SIFa_to_target,male-cns:v1.0,other,unknown
11369,223538,1,1,Cm2,Cm2_R,,,,ol_intrinsic,R,,SIFa_to_target,male-cns:v1.0,other,R
11369,225286,1,1,ORN_DM5,ORN_DM5_R,ORN_DM5,olfactory,,cb_sensory,,R,SIFa_to_target,male-cns:v1.0,other,R
11369,225956,1,1,,,,,,,,,SIFa_to_target,male-cns:v1.0,other,unknown
11369,229702,1,1,AN10B047,AN10B047_L,,,,ascending_neuron,L,,SIFa_to_target,male-cns:v1.0,other,L
11369,233068,1,1,,,,,,,,,SIFa_to_target,male-cns:v1.0,other,unknown
11369,238250,3,3,AN10B034,AN10B034_L,,,BA,ascending_neuron,L,,SIFa_to_target,male-cns:v1.0,other,L
11369,239873,1,1,PAM04,PAM04(B2)_L,PAM04,DAN,,cb_intrinsic,L,,SIFa_to_target,male-cns:v1.0,DAN,L
11369,242405,2,1,DNge046,DNge046_R,,,fl,descending_neuron,R,,SIFa_to_target,male-cns:v1.0,other,R
11369,247232,1,1,lLN2X12,lLN2X12_R,,ALLN,,cb_intrinsic,R,,SIFa_to_target,male-cns:v1.0,other,R
11369,257083,1,1,KCab-m,KCab-m_L,"KCab-m,KCab-c,KCab-s",Kenyon_Cell,,cb_intrinsic,L,,SIFa_to_target,male-cns:v1.0,KC_alpha_beta,L
11369,260044,1,1,ORN_DM3,ORN_DM3_L,ORN_DM3,olfactory,,cb_sensory,,L,SIFa_to_target,male-cns:v1.0,other,L
11369,263172,1,1,,,,,,,,,SIFa_to_target,male-cns:v1.0,other,unknown
11369,267437,20,17,lLN2P_c,lLN2P_c_R,lLN2P_c,ALLN,,cb_intrinsic,R,,SIFa_to_target,male-cns:v1.0,other,R
11369,276163,1,1,ORN_DM3,ORN_DM3_unknown,ORN_DM3,olfactory,,cb_sensory,,unknown,SIFa_to_target,male-cns:v1.0,other,unknown
11369,315872,1,1,Dm10,Dm10_R,,,,ol_intrinsic,R,,SIFa_to_target,male-cns:v1.0,other,R
11369,335908,1,1,,,,,,,,,SIFa_to_target,male-cns:v1.0,other,unknown
11369,341776,2,1,ORN_VM6l,ORN_VM6l_R,ORN_VC5,olfactory,,cb_sensory,,R,SIFa_to_target,male-cns:v1.0,other,R
11369,352444,1,1,ORN_DM3,ORN_DM3_R,ORN_DM3,olfactory,,cb_sensory,,R,SIFa_to_target,male-cns:v1.0,other,R
11369,360142,1,1,,,,,,,,,SIFa_to_target,male-cns:v1.0,other,unknown
11369,377171,1,1,,,,,,,,,SIFa_to_target,male-cns:v1.0,other,unknown
11369,402239,2,2,DNpe048,DNpe048(SMP367)_R,SMP367,,,descending_neuron,R,,SIFa_to_target,male-cns:v1.0,other,R
11369,412327,3,1,,,,,,,,,SIFa_to_target,male-cns:v1.0,other,unknown
11369,439087,1,1,,,,,,,,,SIFa_to_target,male-cns:v1.0,other,unknown
11369,443292,1,1,ORN_DL2v,ORN_DL2v_L,ORN_DL2v,olfactory,,cb_sensory,,L,SIFa_to_target,male-cns:v1.0,other,L
11369,464937,1,1,ORN_VC4,ORN_VC4_L,ORN_VC4,olfactory,,cb_sensory,,L,SIFa_to_target,male-cns:v1.0,other,L
11369,480777,2,1,,,,,,,,,SIFa_to_target,male-cns:v1.0,other,unknown
11369,511810,3,3,ANXXX308,ANXXX308_R,,,BA,ascending_neuron,R,,SIFa_to_target,male-cns:v1.0,other,R
11369,511823,2,2,AN09A005,AN09A005_R,,,XA,ascending_neuron,R,,SIFa_to_target,male-cns:v1.0,other,R
11369,511828,3,3,AN09A005,AN09A005_L,,,XA,ascending_neuron,L,,SIFa_to_target,male-cns:v1.0,other,L
11369,512245,6,5,DNc01,DNc01_R,SIFa,,xn,descending_neuron,R,,SIFa_to_target,male-cns:v1.0,other,R
11369,512509,1,1,GNG067,GNG067_L,,,,cb_intrinsic,L,,SIFa_to_target,male-cns:v1.0,other,L
11369,512516,2,2,GNG064,GNG064_R,,,,cb_intrinsic,R,,SIFa_to_target,male-cns:v1.0,other,R
11369,512546,2,2,PRW026,PRW026_L,,,,cb_intrinsic,L,,SIFa_to_target,male-cns:v1.0,other,L
11369,512555,1,1,AN09B018,AN09B018_L,,,BA,ascending_neuron,L,,SIFa_to_target,male-cns:v1.0,other,L
11369,512662,1,1,CRE013,CRE013_L,CRE013,,,cb_intrinsic,L,,SIFa_to_target,male-cns:v1.0,other,L
11369,512794,1,1,GNG157,GNG157_L,,,,cb_intrinsic,L,,SIFa_to_target,male-cns:v1.0,other,L
11369,512797,1,1,v2LN34E,v2LN34E_L,v2LN34E,ALLN,,cb_intrinsic,L,,SIFa_to_target,male-cns:v1.0,other,L
11369,512909,1,1,VES019,VES019_R,VES019,,,cb_intrinsic,R,,SIFa_to_target,male-cns:v1.0,other,R
11369,512913,1,1,LB2a,LB2a_R,,gustatory,labellar bristle,cb_sensory,,R,SIFa_to_target,male-cns:v1.0,other,R
11369,513111,1,1,GNG628,GNG628_R,,,,cb_intrinsic,R,,SIFa_to_target,male-cns:v1.0,other,R
11369,513120,1,1,PVLP126_a,PVLP126_a_R,PVLP126,,,cb_intrinsic,R,,SIFa_to_target,male-cns:v1.0,other,R
11369,513169,1,1,AN09B018,AN09B018_L,,,BA,ascending_neuron,L,,SIFa_to_target,male-cns:v1.0,other,L
11369,513340,1,1,PS070,PS070_R,PS070,,,cb_intrinsic,R,,SIFa_to_target,male-cns:v1.0,other,R
11369,513647,1,1,PhG11,PhG11_R,,gustatory,pharyngeal sensillum,cb_sensory,,R,SIFa_to_target,male-cns:v1.0,other,R
11369,514318,1,1,,,,,,,,,SIFa_to_target,male-cns:v1.0,other,unknown
11369,514410,1,1,GNG198,GNG198_R,,,,cb_intrinsic,R,,SIFa_to_target,male-cns:v1.0,other,R
11369,514441,1,1,AN00A006,AN00A006(514441)_M,,,BA,ascending_neuron,M,,SIFa_to_target,male-cns:v1.0,other,unknown
11369,514688,1,1,TRN_VP2,TRN_VP2_R,TRN_VP2,thermosensory,,cb_sensory,,R,SIFa_to_target,male-cns:v1.0,other,R
11369,514753,1,1,GNG568,GNG568_L,,,,cb_intrinsic,L,,SIFa_to_target,male-cns:v1.0,other,L
11369,515278,2,1,MeVPMe12,MeVPMe12_R,,ol_bilateral,,ol_intrinsic,R,,SIFa_to_target,male-cns:v1.0,other,R
11369,515785,1,1,DNg76,DNg76_L,,,xn,descending_neuron,L,,SIFa_to_target,male-cns:v1.0,other,L
11369,515955,1,1,mAL5A2,mAL5A2_R,mAL5,,,cb_intrinsic,R,,SIFa_to_target,male-cns:v1.0,other,R
11369,516044,5,5,PAM04,PAM04(B2)_R,PAM04,DAN,,cb_intrinsic,R,,SIFa_to_target,male-cns:v1.0,DAN,R
11369,516162,2,1,VC4_adPN,VC4_adPN_R,VC4_adPN,ALPN,,cb_intrinsic,R,,SIFa_to_target,male-cns:v1.0,other,R
11369,516221,1,1,mAL_m8,mAL_m8_R,,,,cb_intrinsic,R,,SIFa_to_target,male-cns:v1.0,other,R
11369,516246,2,1,AVLP454_b5,AVLP454_b5_R,AVLP454_b,,,cb_intrinsic,R,,SIFa_to_target,male-cns:v1.0,other,R
11369,516247,1,1,AVLP454_b3,AVLP454_b3_R,AVLP454_a,,,cb_intrinsic,R,,SIFa_to_target,male-cns:v1.0,other,R
11369,516819,1,1,AN19B051,AN19B051_L,,,BA,ascending_neuron,L,,SIFa_to_target,male-cns:v1.0,other,L
11369,517417,1,1,Delta7,Delta7(PB15)_L6R3_L,Delta7,CX,,cb_intrinsic,L,,SIFa_to_target,male-cns:v1.0,other,L
11369,517458,2,1,M_imPNl92,M_imPNl92_R,M_imPNl92,ALPN,BI,cb_intrinsic,R,,SIFa_to_target,male-cns:v1.0,other,R
11369,517889,1,1,PhG6,PhG6_L,,gustatory,pharyngeal sensillum,cb_sensory,,L,SIFa_to_target,male-cns:v1.0,other,L
11369,518020,3,3,TRN_VP1m,TRN_VP1m_R,TRN_VP1m,thermosensory,,cb_sensory,,R,SIFa_to_target,male-cns:v1.0,other,R
11369,518330,1,1,ANXXX033,ANXXX033_R,,,BA,ascending_neuron,R,,SIFa_to_target,male-cns:v1.0,other,R
11369,518345,1,1,GNG240,GNG240_R,,,,cb_intrinsic,R,,SIFa_to_target,male-cns:v1.0,other,R
11369,518540,1,1,GNG175,GNG175_R,,,,cb_intrinsic,R,,SIFa_to_target,male-cns:v1.0,other,R
11369,519143,2,2,SMP470,SMP470_L,SMP470,,,cb_intrinsic,L,,SIFa_to_target,male-cns:v1.0,other,L
11369,519242,24,22,lLN2T_d,lLN2T_d(Tortuous)_R,lLN2T_d,ALLN,,cb_intrinsic,R,,SIFa_to_target,male-cns:v1.0,other,R
11369,519263,1,1,LoVC2,LoVC2(IB006)_R,IB006,,,visual_centrifugal,R,,SIFa_to_target,male-cns:v1.0,other,R
11369,519328,1,1,EPG,EPG(PB08)_L3,EPG,CX,,cb_intrinsic,L,,SIFa_to_target,male-cns:v1.0,other,unknown
11369,519658,1,1,MeVPMe2,MeVPMe2_L,,,,visual_projection,L,,SIFa_to_target,male-cns:v1.0,other,L
11369,520002,3,1,lLN1_bc,lLN1_bc_R,"lLN1_b,lLN1_c",ALLN,,cb_intrinsic,R,,SIFa_to_target,male-cns:v1.0,other,R
11369,520003,1,1,DL1_adPN,DL1_adPN_R,DL1_adPN,ALPN,,cb_intrinsic,R,,SIFa_to_target,male-cns:v1.0,other,R
11369,520007,2,2,TRN_VP1m,TRN_VP1m_R,TRN_VP1m,thermosensory,,cb_sensory,,R,SIFa_to_target,male-cns:v1.0,other,R
11369,520116,1,1,AN05B100,AN05B100_R,,,BA,ascending_neuron,R,,SIFa_to_target,male-cns:v1.0,other,R
11369,520628,1,1,CB0591,CB0591_R,,,,cb_intrinsic,R,,SIFa_to_target,male-cns:v1.0,other,R
11369,520790,1,1,GNG280,GNG280_R,,,,cb_intrinsic,R,,SIFa_to_target,male-cns:v1.0,other,R
11369,520816,2,2,GNG298,GNG298_M,,,,cb_intrinsic,M,,SIFa_to_target,male-cns:v1.0,other,unknown
11369,520818,1,1,EPG,EPG(PB08)_L4,EPG,CX,,cb_intrinsic,L,,SIFa_to_target,male-cns:v1.0,other,unknown
11369,520888,1,1,GNG078,GNG078_L,,,,cb_intrinsic,L,,SIFa_to_target,male-cns:v1.0,other,L
11369,520916,1,1,VM6_adPN,VM6_adPN_R,VC5_adPN,ALPN,,cb_intrinsic,R,,SIFa_to_target,male-cns:v1.0,other,R
11369,521230,1,1,GNG054,GNG054_R,,,,cb_intrinsic,R,,SIFa_to_target,male-cns:v1.0,other,R
11369,521290,1,1,lLN2X02,lLN2X02_R,,ALLN,,cb_intrinsic,R,,SIFa_to_target,male-cns:v1.0,other,R
11369,521437,1,1,VA3_adPN,VA3_adPN_R,VA3_adPN,ALPN,,cb_intrinsic,R,,SIFa_to_target,male-cns:v1.0,other,R
11369,521581,2,2,v2LN36,v2LN36_R,v2LN36,ALLN,,cb_intrinsic,R,,SIFa_to_target,male-cns:v1.0,other,R
11369,521727,1,1,GNG036,GNG036_R,,,,cb_intrinsic,R,,SIFa_to_target,male-cns:v1.0,other,R
11369,521763,1,1,CL339,CL339_R,CL339,,,cb_intrinsic,R,,SIFa_to_target,male-cns:v1.0,other,R
11369,521778,1,1,SMP052,SMP052_L,SMP052,,,cb_intrinsic,L,,SIFa_to_target,male-cns:v1.0,other,L
11369,521928,1,1,SLP243,SLP243_R,SLP243,,,cb_intrinsic,R,,SIFa_to_target,male-cns:v1.0,other,R
11369,522744,1,1,SLP235,SLP235_R,SLP235,,,cb_intrinsic,R,,SIFa_to_target,male-cns:v1.0,other,R
11369,522749,2,2,MBON02,MBON02(B2B'2a)_L,MBON02,MBON,,cb_intrinsic,L,,SIFa_to_target,male-cns:v1.0,MBON,L
11369,522840,3,3,,,,,,cb_intrinsic,L,,SIFa_to_target,male-cns:v1.0,other,unknown
11369,523351,2,2,DL2d_adPN,DL2d_adPN_R,DL2d_adPN,ALPN,,cb_intrinsic,R,,SIFa_to_target,male-cns:v1.0,other,R
11369,523547,1,1,AN05B097,AN05B097_L,,,BA,ascending_neuron,L,,SIFa_to_target,male-cns:v1.0,other,L
11369,523591,5,4,il3LN6,il3LN6_L,il3LN6,ALLN,,cb_intrinsic,L,,SIFa_to_target,male-cns:v1.0,other,L
11369,523675,8,8,AN27X013,AN27X013_L,,,XA,ascending_neuron,L,,SIFa_to_target,male-cns:v1.0,other,L
11369,523724,1,1,GNG258,GNG258_R,,,,cb_intrinsic,R,,SIFa_to_target,male-cns:v1.0,other,R
11369,524081,3,3,PS138,PS138_R,PS138,,,cb_intrinsic,R,,SIFa_to_target,male-cns:v1.0,other,R
11369,524150,4,4,PS137,PS137_R,PS137,,,cb_intrinsic,R,,SIFa_to_target,male-cns:v1.0,other,R
11369,524208,1,1,lLN2X12,lLN2X12_R,,ALLN,,cb_intrinsic,R,,SIFa_to_target,male-cns:v1.0,other,R
11369,524238,3,2,lLN1_bc,lLN1_bc_R,"lLN1_b,lLN1_c",ALLN,,cb_intrinsic,R,,SIFa_to_target,male-cns:v1.0,other,R
11369,524750,1,1,,,,,,,,,SIFa_to_target,male-cns:v1.0,other,unknown
11369,525026,1,1,v2LN3A1_b,v2LN3A1_b_R,,ALLN,,cb_intrinsic,R,,SIFa_to_target,male-cns:v1.0,other,R
11369,525105,3,1,DL5_adPN,DL5_adPN_R,DL5_adPN,ALPN,,cb_intrinsic,R,,SIFa_to_target,male-cns:v1.0,other,R
11369,525142,2,2,CB3581,CB3581_L,,,,cb_intrinsic,L,,SIFa_to_target,male-cns:v1.0,other,L
11369,526375,1,1,GNG482,GNG482_L,,,,cb_intrinsic,L,,SIFa_to_target,male-cns:v1.0,other,L
11369,526505,4,2,ANXXX308,ANXXX308_L,,,BA,ascending_neuron,L,,SIFa_to_target,male-cns:v1.0,other,L
11369,526522,1,1,SMP252,SMP252_L,SMP252,,,cb_intrinsic,L,,SIFa_to_target,male-cns:v1.0,other,L
11369,526526,1,1,SMP252,SMP252_R,SMP252,,,cb_intrinsic,R,,SIFa_to_target,male-cns:v1.0,other,R
11369,526576,1,1,AN27X004,AN27X004_L,,,BA,ascending_neuron,L,,SIFa_to_target,male-cns:v1.0,other,L
11369,527585,1,1,WED128,WED128_R,WED128,,,cb_intrinsic,R,,SIFa_to_target,male-cns:v1.0,other,R
11369,529038,1,1,GNG289,GNG289(hb833043564)_R,(hb833043564),,,cb_intrinsic,R,,SIFa_to_target,male-cns:v1.0,other,R
11369,529229,1,1,PhG15,PhG15_L,,gustatory,pharyngeal sensillum,cb_sensory,,L,SIFa_to_target,male-cns:v1.0,other,L
11369,529375,1,1,L5,L5_R,,,,ol_intrinsic,R,,SIFa_to_target,male-cns:v1.0,other,R
11369,530083,2,2,WED166_d,WED166_d_L,"WED166_c,WED027",,,cb_intrinsic,L,,SIFa_to_target,male-cns:v1.0,other,L
11369,530435,2,2,AN09B037,AN09B037_R,,,BA,ascending_neuron,R,,SIFa_to_target,male-cns:v1.0,other,R
11369,530777,7,6,lLN2X04,lLN2X04_R,,ALLN,,cb_intrinsic,R,,SIFa_to_target,male-cns:v1.0,other,R
11369,531755,1,1,PFR_a,PFR_a(PB11a)_L2_C2,PFR_a,CX,,cb_intrinsic,L,,SIFa_to_target,male-cns:v1.0,other,unknown
11369,532643,10,10,AN09B004,AN09B004_d_R,,,CA,ascending_neuron,R,,SIFa_to_target,male-cns:v1.0,other,R
11369,534896,1,1,PhG7,PhG7_L,,gustatory,pharyngeal sensillum,cb_sensory,,L,SIFa_to_target,male-cns:v1.0,other,L
11369,536209,1,1,CB3103,CB3103_R,,,,cb_intrinsic,R,,SIFa_to_target,male-cns:v1.0,other,R
11369,537029,1,1,MeLo8,MeLo8_R,,,,ol_intrinsic,R,,SIFa_to_target,male-cns:v1.0,other,R
11369,537031,1,1,Tm12,Tm12_R,,,,ol_intrinsic,R,,SIFa_to_target,male-cns:v1.0,other,R
11369,537032,99,91,LT33,LT33_L,LT33,,,ol_intrinsic,L,,SIFa_to_target,male-cns:v1.0,other,L
11369,539235,3,1,PS324,PS324_L,,,,cb_intrinsic,L,,SIFa_to_target,male-cns:v1.0,other,L
11369,541582,1,1,Tm3,Tm3_R,,,,ol_intrinsic,R,,SIFa_to_target,male-cns:v1.0,other,R
11369,541839,1,1,Tm5Y,Tm5Y_R,,,,ol_intrinsic,R,,SIFa_to_target,male-cns:v1.0,other,R
11369,543774,2,2,v2LN41,v2LN41_R,v2LN41,ALLN,,cb_intrinsic,R,,SIFa_to_target,male-cns:v1.0,other,R
11369,544258,1,1,CB3417,CB3417_R,,ALLN,,cb_intrinsic,R,,SIFa_to_target,male-cns:v1.0,other,R
11369,546479,1,1,Tm9,Tm9_R,,,,ol_intrinsic,R,,SIFa_to_target,male-cns:v1.0,other,R
11369,547706,1,1,Dm10,Dm10_R,,,,ol_intrinsic,R,,SIFa_to_target,male-cns:v1.0,other,R
11369,547710,1,1,Dm10,Dm10_R,,,,ol_intrinsic,R,,SIFa_to_target,male-cns:v1.0,other,R
11369,549229,2,1,EA27X006,EA27X006_R,,,,efferent_ascending,R,,SIFa_to_target,male-cns:v1.0,other,R
11369,551294,12,12,lLN2P_c,lLN2P_c_R,lLN2P_c,ALLN,,cb_intrinsic,R,,SIFa_to_target,male-cns:v1.0,other,R
11369,554568,1,1,Dm10,Dm10_R,,,,ol_intrinsic,R,,SIFa_to_target,male-cns:v1.0,other,R
11369,555238,1,1,GNG572,GNG572_R,,,,cb_intrinsic,R,,SIFa_to_target,male-cns:v1.0,other,R
11369,555261,1,1,SAxx01,SAxx01_R,,unknown_sensory,abdomen,sensory_ascending,,R,SIFa_to_target,male-cns:v1.0,other,R
11369,555500,1,1,DNg29,DNg29_R,,,xn,descending_neuron,R,,SIFa_to_target,male-cns:v1.0,other,R
11369,555648,1,1,Cm2,Cm2_R,,,,ol_intrinsic,R,,SIFa_to_target,male-cns:v1.0,other,R
11369,555697,1,1,T5b,T5b_R,,,,ol_intrinsic,R,,SIFa_to_target,male-cns:v1.0,other,R
11369,555796,1,1,MN2V,MN2V_L,,,pm,cb_motor,L,,SIFa_to_target,male-cns:v1.0,other,L
11369,556522,1,1,PRW016,PRW016_R,,,,cb_intrinsic,R,,SIFa_to_target,male-cns:v1.0,other,R
11369,557646,1,1,LB3b,LB3b_R,,gustatory,labellar bristle,cb_sensory,,R,SIFa_to_target,male-cns:v1.0,other,R
11369,557817,1,1,AN04B051,AN04B051_R,,,BA,ascending_neuron,R,,SIFa_to_target,male-cns:v1.0,other,R
11369,559176,1,1,GNG471,GNG471_R,,,,cb_intrinsic,R,,SIFa_to_target,male-cns:v1.0,other,R
11369,559256,1,1,,,,,,cb_intrinsic,R,,SIFa_to_target,male-cns:v1.0,other,unknown
11369,559566,1,1,SMP346,SMP346_R,SMP346,,,cb_intrinsic,R,,SIFa_to_target,male-cns:v1.0,other,R
11369,564574,2,2,,,,,,,,,SIFa_to_target,male-cns:v1.0,other,unknown
11369,564824,1,1,lLN2R_a,lLN2R_a_R,lLN2R_a,ALLN,,cb_intrinsic,R,,SIFa_to_target,male-cns:v1.0,other,R
11369,568436,1,1,PRW017,PRW017_R,,,,cb_intrinsic,R,,SIFa_to_target,male-cns:v1.0,other,R
11369,571077,1,1,,,,,,,,,SIFa_to_target,male-cns:v1.0,other,unknown
11369,800012,1,1,AN19B001,AN19B001(17757)_L,,,BA,ascending_neuron,L,,SIFa_to_target,male-cns:v1.0,other,L
11369,800166,2,1,INXXX149,INXXX149_R,,,BR,vnc_intrinsic,R,,SIFa_to_target,male-cns:v1.0,other,R
11369,800258,1,1,IN05B005,IN05B005_L,,,BI,vnc_intrinsic,L,,SIFa_to_target,male-cns:v1.0,other,L
11369,800262,1,1,IN05B003,IN05B003_R,,,BI,vnc_intrinsic,R,,SIFa_to_target,male-cns:v1.0,other,R
11369,800307,2,2,IN13A003,IN13A003_R,,,IR,vnc_intrinsic,R,,SIFa_to_target,male-cns:v1.0,other,R
11369,800353,1,1,IN08A002,IN08A002_R,,,IR,vnc_intrinsic,R,,SIFa_to_target,male-cns:v1.0,other,R
11369,800363,1,1,IN10B011,IN10B011_L,,,BI,vnc_intrinsic,L,,SIFa_to_target,male-cns:v1.0,other,L
11369,800615,1,1,EN00B013,EN00B013_M,,,,vnc_efferent,M,,SIFa_to_target,male-cns:v1.0,other,unknown
11369,800724,1,1,IN08B019,IN08B019_L,,,BI,vnc_intrinsic,L,,SIFa_to_target,male-cns:v1.0,other,L
11369,800730,1,1,INXXX100,INXXX100_R,,,BI,vnc_intrinsic,R,,SIFa_to_target,male-cns:v1.0,other,R
11369,800930,1,1,,,,,,vnc_efferent,M,,SIFa_to_target,male-cns:v1.0,other,unknown
11369,800982,1,1,IN09B022,IN09B022_R,,,CI,vnc_intrinsic,R,,SIFa_to_target,male-cns:v1.0,other,R
11369,800998,1,1,IN17B004,IN17B004_R,,,II,vnc_intrinsic,R,,SIFa_to_target,male-cns:v1.0,other,R
11369,801013,3,2,INXXX149,INXXX149_L,,,BR,vnc_intrinsic,L,,SIFa_to_target,male-cns:v1.0,other,L
11369,801048,2,1,IN09A039,IN09A039_L,,,IR,vnc_intrinsic,L,,SIFa_to_target,male-cns:v1.0,other,L
11369,801311,1,1,IN23B008,IN23B008_L,,,BI,vnc_intrinsic,L,,SIFa_to_target,male-cns:v1.0,other,L
11369,801389,1,1,IN09B006,IN09B006_R,,,BI,vnc_intrinsic,R,,SIFa_to_target,male-cns:v1.0,other,R
11369,801442,1,1,IN19B016,IN19B016_L,,,BI,vnc_intrinsic,L,,SIFa_to_target,male-cns:v1.0,other,L
11369,801464,1,1,INXXX124,INXXX124_L,,,,vnc_intrinsic,L,,SIFa_to_target,male-cns:v1.0,other,L
11369,801474,1,1,IN03A005,IN03A005_L,,,BI,vnc_intrinsic,L,,SIFa_to_target,male-cns:v1.0,other,L
11369,801496,1,1,IN09A014,IN09A014_R,,,IR,vnc_intrinsic,R,,SIFa_to_target,male-cns:v1.0,other,R
11369,801544,1,1,IN10B011,IN10B011_L,,,BI,vnc_intrinsic,L,,SIFa_to_target,male-cns:v1.0,other,L
11369,801557,1,1,INXXX473,INXXX473_L,,,BR,vnc_intrinsic,L,,SIFa_to_target,male-cns:v1.0,other,L
11369,801707,1,1,INXXX271,INXXX271_L,,,BR,vnc_intrinsic,L,,SIFa_to_target,male-cns:v1.0,other,L
11369,801779,1,1,IN00A011,IN00A011_M,,,BI,vnc_intrinsic,M,,SIFa_to_target,male-cns:v1.0,other,unknown
11369,801792,1,1,IN01B002,IN01B002_R,,,BI,vnc_intrinsic,R,,SIFa_to_target,male-cns:v1.0,other,R
11369,801793,1,1,IN23B014,IN23B014_R,,,BR,vnc_intrinsic,R,,SIFa_to_target,male-cns:v1.0,other,R
11369,801810,1,1,INXXX209,INXXX209_R,,,BR,vnc_intrinsic,R,,SIFa_to_target,male-cns:v1.0,other,R
11369,801851,1,1,IN00A020,IN00A020_M,,,BI,vnc_intrinsic,M,,SIFa_to_target,male-cns:v1.0,other,unknown
11369,801872,1,1,INXXX216,INXXX216_R,,,BI,vnc_intrinsic,R,,SIFa_to_target,male-cns:v1.0,other,R
11369,801965,1,1,IN05B017,IN05B017_L,,,BI,vnc_intrinsic,L,,SIFa_to_target,male-cns:v1.0,other,L
11369,802071,1,1,INXXX184,INXXX184_L,,,BR,vnc_intrinsic,L,,SIFa_to_target,male-cns:v1.0,other,L
11369,802110,1,1,IN14A020,IN14A020_L,,,CI,vnc_intrinsic,L,,SIFa_to_target,male-cns:v1.0,other,L
11369,802124,1,1,IN00A017,IN00A017_M,,,BI,vnc_intrinsic,M,,SIFa_to_target,male-cns:v1.0,other,unknown
11369,802188,1,1,INXXX297,INXXX297_R,,,BR,vnc_intrinsic,R,,SIFa_to_target,male-cns:v1.0,other,R
11369,802371,2,2,IN27X002,IN27X002_R,,,BI,vnc_intrinsic,R,,SIFa_to_target,male-cns:v1.0,other,R
11369,802463,1,1,IN01A032,IN01A032_L,,,CR,vnc_intrinsic,L,,SIFa_to_target,male-cns:v1.0,other,L
11369,802615,1,1,IN05B019,IN05B019_R,,,BI,vnc_intrinsic,R,,SIFa_to_target,male-cns:v1.0,other,R
11369,802632,1,1,INXXX183,INXXX183_R,,,BR,vnc_intrinsic,R,,SIFa_to_target,male-cns:v1.0,other,R
11369,802650,1,1,INXXX351,INXXX351_R,,,BR,vnc_intrinsic,R,,SIFa_to_target,male-cns:v1.0,other,R
11369,802760,1,1,IN00A058,IN00A058_M,,,,vnc_intrinsic,M,,SIFa_to_target,male-cns:v1.0,other,unknown
11369,802849,1,1,INXXX215,INXXX215_L,,,BI,vnc_intrinsic,L,,SIFa_to_target,male-cns:v1.0,other,L
11369,802907,2,1,MNad23,MNad23_R,,,ad,vnc_motor,R,,SIFa_to_target,male-cns:v1.0,other,R
11369,802910,2,2,IN23B018,IN23B018_R,,,BR,vnc_intrinsic,R,,SIFa_to_target,male-cns:v1.0,other,R
11369,802911,1,1,INXXX350,INXXX350_R,,,BR,vnc_intrinsic,R,,SIFa_to_target,male-cns:v1.0,other,R
11369,802935,1,1,IN23B012,IN23B012_L,,,BI,vnc_intrinsic,L,,SIFa_to_target,male-cns:v1.0,other,L
11369,802955,2,2,EA27X006,EA27X006_L,,,,efferent_ascending,L,,SIFa_to_target,male-cns:v1.0,other,L
11369,802978,1,1,,,,,,vnc_efferent,M,,SIFa_to_target,male-cns:v1.0,other,unknown
11369,803181,1,1,INXXX370,INXXX370_L,,,BR,vnc_intrinsic,L,,SIFa_to_target,male-cns:v1.0,other,L
11369,803243,1,1,IN13B023,IN13B023_L,,,CR,vnc_intrinsic,L,,SIFa_to_target,male-cns:v1.0,other,L
11369,803252,1,1,INXXX261,INXXX261_L,,,BR,vnc_intrinsic,L,,SIFa_to_target,male-cns:v1.0,other,L
11369,803291,1,1,INXXX265,INXXX265_R,,,BR,vnc_intrinsic,R,,SIFa_to_target,male-cns:v1.0,other,R
11369,803299,1,1,IN14A020,IN14A020_R,,,CI,vnc_intrinsic,R,,SIFa_to_target,male-cns:v1.0,other,R
11369,803418,1,1,IN17B001,IN17B001_R,,,BI,vnc_intrinsic,R,,SIFa_to_target,male-cns:v1.0,other,R
11369,803447,1,1,INXXX134,INXXX134_L,,,BI,vnc_intrinsic,L,,SIFa_to_target,male-cns:v1.0,other,L
11369,803452,1,1,INXXX249,INXXX249_R,,,BR,vnc_intrinsic,R,,SIFa_to_target,male-cns:v1.0,other,R
11369,803515,1,1,IN19A046,IN19A046_R,,,IR,vnc_intrinsic,R,,SIFa_to_target,male-cns:v1.0,other,R
11369,803566,1,1,IN00A001,IN00A001_M,,,BI,vnc_intrinsic,M,,SIFa_to_target,male-cns:v1.0,other,unknown
11369,803690,1,1,MNad22,MNad22_L,,,ad,vnc_motor,L,,SIFa_to_target,male-cns:v1.0,other,L
11369,803732,1,1,MNad03,MNad03_R,,,ad,vnc_motor,R,,SIFa_to_target,male-cns:v1.0,other,R
11369,803763,1,1,INXXX188,INXXX188_L,,,BR,vnc_intrinsic,L,,SIFa_to_target,male-cns:v1.0,other,L
11369,803856,1,1,IN12A029_b,IN12A029_b_R,,,BI,vnc_intrinsic,R,,SIFa_to_target,male-cns:v1.0,other,R
11369,804043,1,1,ANXXX318,ANXXX318_L,,,BA,vnc_intrinsic,L,,SIFa_to_target,male-cns:v1.0,other,L
11369,804127,1,1,IN19B050,IN19B050_R,,,BR,vnc_intrinsic,R,,SIFa_to_target,male-cns:v1.0,other,R
11369,804216,1,1,SNta21,,,mechanosensory_tactile,mechanosensory bristle,vnc_sensory,,L,SIFa_to_target,male-cns:v1.0,other,unknown
11369,804386,1,1,INXXX472,INXXX472_R,,,BI,vnc_intrinsic,R,,SIFa_to_target,male-cns:v1.0,other,R
11369,804409,1,1,IN04A002,IN04A002_R,,,BI,vnc_intrinsic,R,,SIFa_to_target,male-cns:v1.0,other,R
11369,804411,1,1,INXXX290,INXXX290_L,,,BR,vnc_intrinsic,L,,SIFa_to_target,male-cns:v1.0,other,L
11369,804445,1,1,MNad14,MNad14_R,,,ad,vnc_motor,R,,SIFa_to_target,male-cns:v1.0,other,R
11369,804471,1,1,IN14A020,IN14A020_L,,,BR,vnc_intrinsic,L,,SIFa_to_target,male-cns:v1.0,other,L
11369,804538,1,1,INXXX373,INXXX373_L,,,BR,vnc_intrinsic,L,,SIFa_to_target,male-cns:v1.0,other,L
11369,804592,1,1,IN03A031,IN03A031_R,,,IR,vnc_intrinsic,R,,SIFa_to_target,male-cns:v1.0,other,R
11369,804627,1,1,INXXX332,INXXX332_L,,,BR,vnc_intrinsic,L,,SIFa_to_target,male-cns:v1.0,other,L
11369,804709,1,1,INXXX204,INXXX204_L,,,BI,vnc_intrinsic,L,,SIFa_to_target,male-cns:v1.0,other,L
11369,804755,1,1,INXXX221,INXXX221_R,,,BR,vnc_intrinsic,R,,SIFa_to_target,male-cns:v1.0,other,R
11369,804761,1,1,INXXX249,INXXX249_L,,,BR,vnc_intrinsic,L,,SIFa_to_target,male-cns:v1.0,other,L
11369,804780,2,1,IN23B028,IN23B028_L,,,BI,vnc_intrinsic,L,,SIFa_to_target,male-cns:v1.0,other,L
11369,805005,1,1,INXXX265,INXXX265_L,,,BR,vnc_intrinsic,L,,SIFa_to_target,male-cns:v1.0,other,L
11369,805120,6,5,IN23B062,IN23B062_L,,,BI,vnc_intrinsic,L,,SIFa_to_target,male-cns:v1.0,other,L
11369,805196,2,2,IN23B060,IN23B060_L,,,BI,vnc_intrinsic,L,,SIFa_to_target,male-cns:v1.0,other,L
11369,805225,2,2,IN17A111,IN17A111_R,,,BI,vnc_intrinsic,R,,SIFa_to_target,male-cns:v1.0,other,R
11369,805227,1,1,IN19B040,IN19B040_L,,,BI,vnc_intrinsic,L,,SIFa_to_target,male-cns:v1.0,other,L
11369,805228,1,1,IN23B085,IN23B085_R,,,BR,vnc_intrinsic,R,,SIFa_to_target,male-cns:v1.0,other,R
11369,805245,1,1,INXXX382_b,INXXX382_b_R,,,,vnc_intrinsic,R,,SIFa_to_target,male-cns:v1.0,other,R
11369,805267,1,1,INXXX350,INXXX350_L,,,BR,vnc_intrinsic,L,,SIFa_to_target,male-cns:v1.0,other,L
11369,805291,1,1,INXXX399,INXXX399_R,,,BR,vnc_intrinsic,R,,SIFa_to_target,male-cns:v1.0,other,R
11369,805310,1,1,INXXX321,INXXX321_R,,,IR,vnc_intrinsic,R,,SIFa_to_target,male-cns:v1.0,other,R
11369,805382,1,1,INXXX315,INXXX315_R,,,BR,vnc_intrinsic,R,,SIFa_to_target,male-cns:v1.0,other,R
11369,805396,1,1,IN23B063,IN23B063_R,,,BI,vnc_intrinsic,R,,SIFa_to_target,male-cns:v1.0,other,R
11369,805463,1,1,IN27X023,INXXX233_R,,,BI,vnc_intrinsic,R,,SIFa_to_target,male-cns:v1.0,other,R
11369,805563,1,1,IN08B083_c,IN08B083_c_L,,,BI,vnc_intrinsic,L,,SIFa_to_target,male-cns:v1.0,other,L
11369,805592,1,1,IN10B028,IN10B028_L,,,BI,vnc_intrinsic,L,,SIFa_to_target,male-cns:v1.0,other,L
11369,805647,1,1,MNad23,MNad23_L,,,ad,vnc_motor,L,,SIFa_to_target,male-cns:v1.0,other,L
11369,805723,1,1,IN01A056,IN01A056_R,,,CR,vnc_intrinsic,R,,SIFa_to_target,male-cns:v1.0,other,R
11369,805740,1,1,IN20A.22A017,IN20A.22A017_R,,,IR,vnc_intrinsic,R,,SIFa_to_target,male-cns:v1.0,other,R
11369,805860,1,1,INXXX415,INXXX415_R,,,BR,vnc_intrinsic,R,,SIFa_to_target,male-cns:v1.0,other,R
11369,806079,2,2,INXXX418,INXXX418_L,,,BR,vnc_intrinsic,L,,SIFa_to_target,male-cns:v1.0,other,L
11369,806201,1,1,INXXX474,INXXX474_R,,,BR,vnc_intrinsic,R,,SIFa_to_target,male-cns:v1.0,other,R
11369,806223,2,2,IN10B028,IN10B028_R,,,BI,vnc_intrinsic,R,,SIFa_to_target,male-cns:v1.0,other,R
11369,806257,1,1,INXXX336,INXXX336_L,,,BR,vnc_intrinsic,L,,SIFa_to_target,male-cns:v1.0,other,L
11369,806272,1,1,INXXX418,INXXX418_R,,,BR,vnc_intrinsic,R,,SIFa_to_target,male-cns:v1.0,other,R
11369,806367,2,2,IN12B037_c,IN12B037_c_R,,,CR,vnc_intrinsic,R,,SIFa_to_target,male-cns:v1.0,other,R
11369,806402,1,1,IN00A030,IN00A030_M,,,BI,vnc_intrinsic,M,,SIFa_to_target,male-cns:v1.0,other,unknown
11369,806515,1,1,IN23B043,IN23B043_L,,,BI,vnc_intrinsic,L,,SIFa_to_target,male-cns:v1.0,other,L
11369,806601,1,1,MNad69,MNad69_R,,,ad,vnc_motor,R,,SIFa_to_target,male-cns:v1.0,other,R
11369,806653,1,1,IN23B044,IN23B044_L,,,BR,vnc_intrinsic,L,,SIFa_to_target,male-cns:v1.0,other,L
11369,806681,1,1,IN23B056,IN23B056_R,,,BI,vnc_intrinsic,R,,SIFa_to_target,male-cns:v1.0,other,R
11369,806689,1,1,MNad09,MNad09_R,,,ad,vnc_motor,R,,SIFa_to_target,male-cns:v1.0,other,R
11369,806934,1,1,SNpp40,,,mechanosensory_proprioceptive,chordotonal organ,vnc_sensory,,L,SIFa_to_target,male-cns:v1.0,other,unknown
11369,806971,1,1,IN23B068,IN23B068_R,,,BI,vnc_intrinsic,R,,SIFa_to_target,male-cns:v1.0,other,R
11369,806999,3,3,INXXX343,INXXX343_R,,,BR,vnc_intrinsic,R,,SIFa_to_target,male-cns:v1.0,other,R
11369,807002,2,2,INXXX336,INXXX336_R,,,BR,vnc_intrinsic,R,,SIFa_to_target,male-cns:v1.0,other,R
11369,807072,1,1,INXXX343,INXXX343_L,,,BR,vnc_intrinsic,L,,SIFa_to_target,male-cns:v1.0,other,L
11369,807186,1,1,INXXX409,INXXX409_L,,,,vnc_intrinsic,L,,SIFa_to_target,male-cns:v1.0,other,L
11369,807229,1,1,IN20A.22A079,IN20A.22A079_R,,,,vnc_intrinsic,R,,SIFa_to_target,male-cns:v1.0,other,R
11369,807236,5,5,IN23B061,IN23B061_L,,,BI,vnc_intrinsic,L,,SIFa_to_target,male-cns:v1.0,other,L
11369,807271,2,2,IN10B031,IN10B031_L,,,BI,vnc_intrinsic,L,,SIFa_to_target,male-cns:v1.0,other,L
11369,807409,2,2,IN23B074,IN23B074_R,,,BI,vnc_intrinsic,R,,SIFa_to_target,male-cns:v1.0,other,R
11369,807526,1,1,,,,unknown_sensory,abdomen,vnc_sensory,,R,SIFa_to_target,male-cns:v1.0,other,unknown
11369,807548,1,1,IN05B077,IN05B077_L,,,BI,vnc_intrinsic,L,,SIFa_to_target,male-cns:v1.0,other,L
11369,807632,3,2,INXXX378,INXXX378_L,,,BR,vnc_intrinsic,L,,SIFa_to_target,male-cns:v1.0,other,L
11369,808165,1,1,IN12B069,IN12B069_L,,,BI,vnc_intrinsic,L,,SIFa_to_target,male-cns:v1.0,other,L
11369,808183,2,1,IN09A005,IN09A005_L,,,BR,vnc_intrinsic,L,,SIFa_to_target,male-cns:v1.0,other,L
11369,808189,1,1,IN09A032,IN09A032_L,,,II,vnc_intrinsic,L,,SIFa_to_target,male-cns:v1.0,other,L
11369,808192,1,1,IN16B108,IN16B108_R,,,,vnc_intrinsic,R,,SIFa_to_target,male-cns:v1.0,other,R
11369,808353,2,2,EN00B013,EN00B013_M,,,,vnc_efferent,M,,SIFa_to_target,male-cns:v1.0,other,unknown
11369,808457,1,1,,,,,,vnc_efferent,M,,SIFa_to_target,male-cns:v1.0,other,unknown
11369,808521,1,1,SNxx01,,,unknown_sensory,abdomen,vnc_sensory,,L,SIFa_to_target,male-cns:v1.0,other,unknown
11369,808536,1,1,SNxx20,,,unknown_sensory,abdomen,vnc_sensory,,R,SIFa_to_target,male-cns:v1.0,other,unknown
11369,808801,1,1,"IN17A088,IN17A089","IN17A088,IN17A089_R",,,,vnc_intrinsic,R,,SIFa_to_target,male-cns:v1.0,other,R
11369,808875,1,1,IN13B058,IN13B058_R,,,CR,vnc_intrinsic,R,,SIFa_to_target,male-cns:v1.0,other,R
11369,808940,1,1,AN05B068,AN05B068_R,,,BI,vnc_intrinsic,R,,SIFa_to_target,male-cns:v1.0,other,R
11369,809312,1,1,IN13B058,IN13B058_L,,,CR,vnc_intrinsic,L,,SIFa_to_target,male-cns:v1.0,other,L
11369,809580,1,1,INXXX275,INXXX275_R,,,BR,vnc_intrinsic,R,,SIFa_to_target,male-cns:v1.0,other,R
11369,809593,1,1,IN20A.22A059,IN20A.22A059_L,,,IR,vnc_intrinsic,L,,SIFa_to_target,male-cns:v1.0,other,L
11369,809597,1,1,IN09A022,IN09A022_R,,,,vnc_intrinsic,R,,SIFa_to_target,male-cns:v1.0,other,R
11369,809715,2,2,INXXX280,INXXX280_L,,,BI,vnc_intrinsic,L,,SIFa_to_target,male-cns:v1.0,other,L
11369,809889,1,1,SNpp23,,,mechanosensory_proprioceptive,haltere,vnc_sensory,,R,SIFa_to_target,male-cns:v1.0,other,unknown
11369,809925,1,1,IN01B065,IN01B065_L,,,IR,vnc_intrinsic,L,,SIFa_to_target,male-cns:v1.0,other,L
11369,810086,1,1,MNad03,MNad03_L,,,ad,vnc_motor,L,,SIFa_to_target,male-cns:v1.0,other,L
11369,810117,2,2,INXXX295,INXXX295_L,,,BI,vnc_intrinsic,L,,SIFa_to_target,male-cns:v1.0,other,L
11369,810165,1,1,IN13B090,IN13B090_L,,,CR,vnc_intrinsic,L,,SIFa_to_target,male-cns:v1.0,other,L
11369,810191,1,1,IN23B072,IN23B072_L,,,BI,vnc_intrinsic,L,,SIFa_to_target,male-cns:v1.0,other,L
11369,810722,1,1,ANXXX150,ANXXX150_R,,,BA,ascending_neuron,R,,SIFa_to_target,male-cns:v1.0,other,R
11369,811035,1,1,IN13B079,IN13B079_L,,,CR,vnc_intrinsic,L,,SIFa_to_target,male-cns:v1.0,other,L
11369,811254,1,1,SNta03,,,mechanosensory_tactile,mechanosensory bristle,vnc_sensory,,R,SIFa_to_target,male-cns:v1.0,other,unknown
11369,811952,1,1,MNad07,MNad07_L,,,ad,vnc_motor,L,,SIFa_to_target,male-cns:v1.0,other,L
11369,812008,1,1,IN10B044,IN10B044_L,,,,vnc_intrinsic,L,,SIFa_to_target,male-cns:v1.0,other,L
11369,812077,1,1,IN13B093,IN13B093_R,,,CR,vnc_intrinsic,R,,SIFa_to_target,male-cns:v1.0,other,R
11369,812179,1,1,SNxx33,,,unknown_sensory,leg,vnc_sensory,,L,SIFa_to_target,male-cns:v1.0,other,unknown
11369,812456,1,1,IN20A.22A084,IN20A.22A084_L,,,IR,vnc_intrinsic,L,,SIFa_to_target,male-cns:v1.0,other,L
11369,812884,1,1,IN09A005,IN09A005_L,,,BI,vnc_intrinsic,L,,SIFa_to_target,male-cns:v1.0,other,L
11369,812954,1,1,INXXX448,INXXX448_R,,,,vnc_intrinsic,R,,SIFa_to_target,male-cns:v1.0,other,R
11369,812970,1,1,SNta03,,,mechanosensory_tactile,mechanosensory bristle,vnc_sensory,,R,SIFa_to_target,male-cns:v1.0,other,unknown
11369,813076,1,1,IN09A005,IN09A005_L,,,BI,vnc_intrinsic,L,,SIFa_to_target,male-cns:v1.0,other,L
11369,813104,1,1,IN09A005,IN09A005_R,,,BI,vnc_intrinsic,R,,SIFa_to_target,male-cns:v1.0,other,R
11369,813249,1,1,IN09A060,IN09A060_L,,,,vnc_intrinsic,L,,SIFa_to_target,male-cns:v1.0,other,L
11369,813371,2,2,SNxx21,,,unknown_sensory,abdomen,vnc_sensory,,L,SIFa_to_target,male-cns:v1.0,other,unknown
11369,813725,1,1,LK,LK_L,,,ad,vnc_endocrine,L,,SIFa_to_target,male-cns:v1.0,other,L
11369,813894,1,1,INXXX448,INXXX448_L,,,BR,vnc_intrinsic,L,,SIFa_to_target,male-cns:v1.0,other,L
11369,814115,1,1,IN09A005,IN09A005_L,,,BI,vnc_intrinsic,L,,SIFa_to_target,male-cns:v1.0,other,L
11369,814329,1,1,IN17A111,IN17A111_R,,,BI,vnc_intrinsic,R,,SIFa_to_target,male-cns:v1.0,other,R
11369,814367,5,4,LK,LK_R,,,ad,vnc_endocrine,R,,SIFa_to_target,male-cns:v1.0,other,R
11369,814382,1,1,IN09A053,IN09A053_L,,,BR,vnc_intrinsic,L,,SIFa_to_target,male-cns:v1.0,other,L
11369,814658,1,1,SNpp40,,,mechanosensory_proprioceptive,chordotonal organ,vnc_sensory,,R,SIFa_to_target,male-cns:v1.0,other,unknown
11369,814708,1,1,SNpp01,,,mechanosensory_proprioceptive,abdomen,vnc_sensory,,L,SIFa_to_target,male-cns:v1.0,other,unknown
11369,814783,1,1,LK,LK_R,,,ad,vnc_endocrine,R,,SIFa_to_target,male-cns:v1.0,other,R
11369,814958,2,2,LK,LK_R,,,ad,vnc_endocrine,R,,SIFa_to_target,male-cns:v1.0,other,R
11369,815045,1,1,IN19A096,IN19A096_L,,,IR,vnc_intrinsic,L,,SIFa_to_target,male-cns:v1.0,other,L
11369,815121,2,1,IN13B098,IN13B098_L,,,CR,vnc_intrinsic,L,,SIFa_to_target,male-cns:v1.0,other,L
11369,815256,1,1,IN01B090,IN01B090_L,,,II,vnc_intrinsic,L,,SIFa_to_target,male-cns:v1.0,other,L
11369,815280,1,1,IN01B084,IN01B084_R,,,,vnc_intrinsic,R,,SIFa_to_target,male-cns:v1.0,other,R
11369,815500,1,1,IN01B095,IN01B095_L,,,,vnc_intrinsic,L,,SIFa_to_target,male-cns:v1.0,other,L
11369,815788,1,1,INXXX285,INXXX285_R,,,BR,vnc_intrinsic,R,,SIFa_to_target,male-cns:v1.0,other,R
11369,815961,1,1,SNxx21,,,unknown_sensory,abdomen,vnc_sensory,,R,SIFa_to_target,male-cns:v1.0,other,unknown
11369,816260,2,2,SNxx21,,,unknown_sensory,abdomen,vnc_sensory,,L,SIFa_to_target,male-cns:v1.0,other,unknown
11369,816291,1,1,IN09B050,IN09B050_R,,,BI,vnc_intrinsic,R,,SIFa_to_target,male-cns:v1.0,other,R
11369,816868,1,1,IN18B048,IN18B048_L,,,BR,vnc_intrinsic,L,,SIFa_to_target,male-cns:v1.0,other,L
11369,817363,1,1,EN00B023,EN00B023_M,,,,vnc_efferent,M,,SIFa_to_target,male-cns:v1.0,other,unknown
11369,817395,1,1,IN20A.22A039,IN20A.22A039_R,,,,vnc_intrinsic,R,,SIFa_to_target,male-cns:v1.0,other,R
11369,817569,1,1,SNpp02,,,mechanosensory_proprioceptive,abdomen,vnc_sensory,,L,SIFa_to_target,male-cns:v1.0,other,unknown
11369,817862,1,1,EN00B026,EN00B026_M,,,,vnc_efferent,M,,SIFa_to_target,male-cns:v1.0,other,unknown
11369,817905,1,1,SNxx14,,,unknown_sensory,abdomen,vnc_sensory,,L,SIFa_to_target,male-cns:v1.0,other,unknown
11369,817945,1,1,INXXX290,INXXX290_L,,,BI,vnc_intrinsic,L,,SIFa_to_target,male-cns:v1.0,other,L
11369,818144,1,1,SNxx21,,,unknown_sensory,abdomen,vnc_sensory,,L,SIFa_to_target,male-cns:v1.0,other,unknown
11369,818563,1,1,MNad25,MNad25_L,,,ad,vnc_motor,L,,SIFa_to_target,male-cns:v1.0,other,L
11369,818757,1,1,,,,,,vnc_intrinsic,L,,SIFa_to_target,male-cns:v1.0,other,unknown
11369,818770,1,1,SNxx14,,,unknown_sensory,abdomen,vnc_sensory,,R,SIFa_to_target,male-cns:v1.0,other,unknown
11369,819096,3,2,IN09A005,IN09A005_R,,,BI,vnc_intrinsic,R,,SIFa_to_target,male-cns:v1.0,other,R
11369,819796,1,1,MNad25,MNad25_R,,,ad,vnc_motor,R,,SIFa_to_target,male-cns:v1.0,other,R
11369,823540,2,2,,,,mechanosensory_proprioceptive,leg,vnc_sensory,,R,SIFa_to_target,male-cns:v1.0,other,unknown
11369,823650,1,1,,,,,,,,,SIFa_to_target,male-cns:v1.0,other,unknown
11369,848690,1,1,,,,unknown_sensory,abdomen,vnc_sensory,,L,SIFa_to_target,male-cns:v1.0,other,unknown
11369,902304,1,1,INXXX167,INXXX167_R,,,BR,vnc_intrinsic,R,,SIFa_to_target,male-cns:v1.0,other,R
11369,902421,1,1,IN20A.22A051,IN20A.22A051_R,,,,vnc_intrinsic,R,,SIFa_to_target,male-cns:v1.0,other,R
11369,902728,4,4,INXXX209,INXXX209_R,,,BR,vnc_intrinsic,R,,SIFa_to_target,male-cns:v1.0,other,R
11369,903253,3,2,INXXX180,INXXX180_R,,,BI,vnc_intrinsic,R,,SIFa_to_target,male-cns:v1.0,other,R
11369,903280,1,1,IN09A003,IN09A003_R,,,IR,vnc_intrinsic,R,,SIFa_to_target,male-cns:v1.0,other,R
11369,903295,1,1,IN23B063,IN23B063_L,,,BI,vnc_intrinsic,L,,SIFa_to_target,male-cns:v1.0,other,L
11369,903326,2,1,IN23B018,IN23B018_R,,,BR,vnc_intrinsic,R,,SIFa_to_target,male-cns:v1.0,other,R
11369,903332,1,1,INXXX065,INXXX065_L,,,BI,vnc_intrinsic,L,,SIFa_to_target,male-cns:v1.0,other,L
11369,903537,1,1,IN19A108,IN19A108_R,,,IR,vnc_intrinsic,R,,SIFa_to_target,male-cns:v1.0,other,R
11369,903563,1,1,INXXX418,INXXX418_R,,,BR,vnc_intrinsic,R,,SIFa_to_target,male-cns:v1.0,other,R
11369,903859,1,1,INXXX230,INXXX230_R,,,BR,vnc_intrinsic,R,,SIFa_to_target,male-cns:v1.0,other,R
11369,904274,1,1,SNpp01,,,mechanosensory_proprioceptive,abdomen,vnc_sensory,,L,SIFa_to_target,male-cns:v1.0,other,unknown
11369,904421,1,1,IN01B062,IN01B062_L,,,IR,vnc_intrinsic,L,,SIFa_to_target,male-cns:v1.0,other,L
11369,904853,1,1,IN12A024,IN12A024_L,,,BI,vnc_intrinsic,L,,SIFa_to_target,male-cns:v1.0,other,L
11369,904929,1,1,IN00A028,IN00A028_M,,,BI,vnc_intrinsic,M,,SIFa_to_target,male-cns:v1.0,other,unknown
11369,904959,1,1,,,,,,vnc_intrinsic,R,,SIFa_to_target,male-cns:v1.0,other,unknown
11369,904965,2,2,INXXX209,INXXX209_L,,,BR,vnc_intrinsic,L,,SIFa_to_target,male-cns:v1.0,other,L
11369,905118,2,1,IN16B042,IN16B042_L,,,IR,vnc_intrinsic,L,,SIFa_to_target,male-cns:v1.0,other,L
11369,905645,1,1,IN09A016,IN09A016_L,,,IR,vnc_intrinsic,L,,SIFa_to_target,male-cns:v1.0,other,L
11369,905735,1,1,AN10B037,AN10B037_L,,,BA,vnc_intrinsic,L,,SIFa_to_target,male-cns:v1.0,other,L
11369,905804,2,2,INXXX197,INXXX197_L,,,BR,vnc_intrinsic,L,,SIFa_to_target,male-cns:v1.0,other,L
11369,905927,1,1,IN01B033,IN01B033_R,,,IR,vnc_intrinsic,R,,SIFa_to_target,male-cns:v1.0,other,R
11369,905939,2,2,IN00A026,IN00A026_M,,,BI,vnc_intrinsic,M,,SIFa_to_target,male-cns:v1.0,other,unknown
11369,906002,2,2,INXXX271,INXXX271_R,,,BR,vnc_intrinsic,R,,SIFa_to_target,male-cns:v1.0,other,R
11369,906071,1,1,INXXX209,INXXX209_L,,,BR,vnc_intrinsic,L,,SIFa_to_target,male-cns:v1.0,other,L
11369,906459,2,2,IN09A023,IN09A023_L,,,BI,vnc_intrinsic,L,,SIFa_to_target,male-cns:v1.0,other,L
11369,906567,1,1,IN10B040,IN10B040_R,,,BI,vnc_intrinsic,R,,SIFa_to_target,male-cns:v1.0,other,R
11369,906607,2,2,LK,LK_R,,,ad,vnc_endocrine,R,,SIFa_to_target,male-cns:v1.0,other,R
11369,907638,1,1,IN01B007,IN01B007_L,,,IR,vnc_intrinsic,L,,SIFa_to_target,male-cns:v1.0,other,L
11369,908533,1,1,SNpp40,,,mechanosensory_proprioceptive,chordotonal organ,vnc_sensory,,L,SIFa_to_target,male-cns:v1.0,other,unknown
11369,908622,1,1,IN10B028,IN10B028_L,,,BI,vnc_intrinsic,L,,SIFa_to_target,male-cns:v1.0,other,L
11369,908829,2,1,SNxx20,,,unknown_sensory,abdomen,vnc_sensory,,L,SIFa_to_target,male-cns:v1.0,other,unknown
11369,909045,1,1,IN14A056,IN14A056_R,,,CR,vnc_intrinsic,R,,SIFa_to_target,male-cns:v1.0,other,R
11369,909174,1,1,IN23B075,IN23B075_L,,,BR,vnc_intrinsic,L,,SIFa_to_target,male-cns:v1.0,other,L
11369,909256,1,1,INXXX378,INXXX378_R,,,BR,vnc_intrinsic,R,,SIFa_to_target,male-cns:v1.0,other,R
11369,909457,1,1,INXXX444,INXXX444_R,,,BR,vnc_intrinsic,R,,SIFa_to_target,male-cns:v1.0,other,R
11369,909786,1,1,IN23B087,IN23B087_R,,,BR,vnc_intrinsic,R,,SIFa_to_target,male-cns:v1.0,other,R
11369,910402,4,4,IN10B050,IN10B050_L,,,BI,vnc_intrinsic,L,,SIFa_to_target,male-cns:v1.0,other,L
11369,910588,2,2,IN27X003,IN27X003_R,,,BI,vnc_intrinsic,R,,SIFa_to_target,male-cns:v1.0,other,R
11369,911616,1,1,IN05B055,IN05B055_L,,,BI,vnc_intrinsic,L,,SIFa_to_target,male-cns:v1.0,other,L
11369,912223,1,1,IN10B059,IN10B059_L,,,,vnc_intrinsic,L,,SIFa_to_target,male-cns:v1.0,other,L
11369,912294,2,2,IN00A004,IN00A004_M,,,BI,vnc_intrinsic,M,,SIFa_to_target,male-cns:v1.0,other,unknown
11369,912647,4,3,LK,LK_R,,,ad,vnc_endocrine,R,,SIFa_to_target,male-cns:v1.0,other,R
11369,918582,19,17,lLN2P_a,lLN2P_a_R,lLN2P_a,ALLN,,cb_intrinsic,R,,SIFa_to_target,male-cns:v1.0,other,R
11369,925289,1,1,ORN_DA1,ORN_DA1_R,ORN_DA1,olfactory,,cb_sensory,,R,SIFa_to_target,male-cns:v1.0,other,R
11369,932790,1,1,ANXXX092,ANXXX092_R,,,BA,ascending_neuron,R,,SIFa_to_target,male-cns:v1.0,other,R
11369,932854,2,2,IN23B028,IN23B028_L,,,BR,vnc_intrinsic,L,,SIFa_to_target,male-cns:v1.0,other,L
11369,934179,1,1,ORN_DM3,ORN_DM3_L,ORN_DM3,olfactory,,cb_sensory,,L,SIFa_to_target,male-cns:v1.0,other,L
11369,936399,1,1,IN00A019,IN00A019_M,,,,vnc_intrinsic,M,,SIFa_to_target,male-cns:v1.0,other,unknown
11369,936446,1,1,IN14A053,IN14A053_R,,,,vnc_intrinsic,R,,SIFa_to_target,male-cns:v1.0,other,R
11369,936481,1,1,IN09A031,IN09A031_L,,,IR,vnc_intrinsic,L,,SIFa_to_target,male-cns:v1.0,other,L
11369,936775,1,1,INXXX283,INXXX283_R,,,BR,vnc_intrinsic,R,,SIFa_to_target,male-cns:v1.0,other,R
11369,940081,1,1,IN20A.22A006,IN20A.22A006_L,,,IR,vnc_intrinsic,L,,SIFa_to_target,male-cns:v1.0,other,L
11369,940600,1,1,IN14A056,IN14A056_L,,,CR,vnc_intrinsic,L,,SIFa_to_target,male-cns:v1.0,other,L
11369,940712,1,1,IN12B036,IN12B036_R,,,CR,vnc_intrinsic,R,,SIFa_to_target,male-cns:v1.0,other,R
11369,946174,1,1,SNpp12,,,mechanosensory_proprioceptive,haltere,vnc_sensory,,R,SIFa_to_target,male-cns:v1.0,other,unknown
11369,955876,1,1,,,,,,,,,SIFa_to_target,male-cns:v1.0,other,unknown
11369,957988,1,1,ORN_VL2p,ORN_VL2p_R,ORN_VL2p,olfactory,,cb_sensory,,R,SIFa_to_target,male-cns:v1.0,other,R
11369,102317324,1,1,MN1,MN1_R,,,pm,cb_motor,R,,SIFa_to_target,male-cns:v1.0,other,R
11369,121521030,1,1,GNG072,GNG072_L,,,,cb_intrinsic,L,,SIFa_to_target,male-cns:v1.0,other,L
11369,462791218,1,1,,,,,,,,,SIFa_to_target,male-cns:v1.0,other,unknown
11369,645072004,2,1,ORN_DM3,ORN_DM3_R,ORN_DM3,olfactory,,cb_sensory,,R,SIFa_to_target,male-cns:v1.0,other,R
11369,838317828,2,1,ORN_DM3,ORN_DM3_L,ORN_DM3,olfactory,,cb_sensory,,L,SIFa_to_target,male-cns:v1.0,other,L
11369,937123302,1,1,ORN_DM3,ORN_DM3_R,ORN_DM3,olfactory,,cb_sensory,,R,SIFa_to_target,male-cns:v1.0,other,R
11369,1054870177,1,1,IN10B041,IN10B041_L,,,,vnc_intrinsic,L,,SIFa_to_target,male-cns:v1.0,other,L
512245,10001,1,1,DNp01,DNp01(GF)_R,Giant Fiber,,lt,descending_neuron,R,,SIFa_to_target,male-cns:v1.0,other,R
512245,10010,1,1,DNp01,DNp01(GF)_L,Giant Fiber,,lt,descending_neuron,L,,SIFa_to_target,male-cns:v1.0,other,L
512245,10011,1,1,OA-AL2i1,OA-AL2i1_L,P1-9,,,visual_centrifugal,L,,SIFa_to_target,male-cns:v1.0,other,L
512245,10017,1,1,AMMC-A1,AMMC-A1_L,AMMC-A1,,,cb_intrinsic,L,,SIFa_to_target,male-cns:v1.0,other,L
512245,10033,1,1,DNg56,DNg56_R,,,xn,descending_neuron,R,,SIFa_to_target,male-cns:v1.0,other,R
512245,10040,1,1,Dm17,Dm17_L,,,,ol_intrinsic,L,,SIFa_to_target,male-cns:v1.0,other,L
512245,10046,1,1,MeVC11,MeVC11_L,PS125,,,visual_centrifugal,L,,SIFa_to_target,male-cns:v1.0,other,L
512245,10068,1,1,DNp30,DNp30_R,DSKMP1A,,xn,descending_neuron,R,,SIFa_to_target,male-cns:v1.0,other,R
512245,10074,2,2,PVLP010,PVLP010_L,PVLP010,,,cb_intrinsic,L,,SIFa_to_target,male-cns:v1.0,other,L
512245,10085,2,2,Am1,Am1_L,,,,ol_intrinsic,L,,SIFa_to_target,male-cns:v1.0,other,L
512245,10086,1,1,DH44,DH44_L,"PI1,PI2,PI3",,,cb_endocrine,L,,SIFa_to_target,male-cns:v1.0,other,L
512245,10096,2,2,lLN2F_a,lLN2F_a(Full)_L,lLN2F_a,ALLN,,cb_intrinsic,L,,SIFa_to_target,male-cns:v1.0,other,L
512245,10107,3,3,MeVCMe1,MeVCMe1_L,aMe14b,,,visual_centrifugal,L,,SIFa_to_target,male-cns:v1.0,other,L
512245,10115,2,1,AVLP016,AVLP016_L,AVLP016,,,cb_intrinsic,L,,SIFa_to_target,male-cns:v1.0,other,L
512245,10119,1,1,Dm17,Dm17_L,,,,ol_intrinsic,L,,SIFa_to_target,male-cns:v1.0,other,L
512245,10126,3,2,DP1m_adPN,DP1m_adPN_L,DP1m_adPN,ALPN,,cb_intrinsic,L,,SIFa_to_target,male-cns:v1.0,other,L
512245,10133,9,8,lLN2F_b,lLN2F_b(Full)_L,lLN2F_b,ALLN,,cb_intrinsic,L,,SIFa_to_target,male-cns:v1.0,other,L
512245,10143,1,1,DNp30,DNp30_L,DSKMP1A,,xn,descending_neuron,L,,SIFa_to_target,male-cns:v1.0,other,L
512245,10153,1,1,SAD051_b,SAD051_b_L,SAD051_b,,,cb_intrinsic,L,,SIFa_to_target,male-cns:v1.0,other,L
512245,10169,12,11,lLN2F_b,lLN2F_b(Full)_R,lLN2F_b,ALLN,,cb_intrinsic,R,,SIFa_to_target,male-cns:v1.0,other,R
512245,10173,1,1,PVLP151,PVLP151_L,PVLP151,,,cb_intrinsic,L,,SIFa_to_target,male-cns:v1.0,other,L
512245,10176,3,1,DM1_lPN,DM1_lPN_R,DM1_lPN,ALPN,,cb_intrinsic,R,,SIFa_to_target,male-cns:v1.0,other,R
512245,10186,1,1,CL361,CL361_L,CL361,,,cb_intrinsic,L,,SIFa_to_target,male-cns:v1.0,other,L
512245,10190,1,1,MeVPMe2,MeVPMe2_R,,,,visual_projection,R,,SIFa_to_target,male-cns:v1.0,other,R
512245,10201,10,9,lLN2T_c,lLN2T_c(Tortuous)_R,lLN2T_c,ALLN,,cb_intrinsic,R,,SIFa_to_target,male-cns:v1.0,other,R
512245,10208,6,3,DM1_lPN,DM1_lPN_L,DM1_lPN,ALPN,,cb_intrinsic,L,,SIFa_to_target,male-cns:v1.0,other,L
512245,10223,1,1,DNpe056,DNpe056(PVLP146)_L,PVLP146,,xn,descending_neuron,L,,SIFa_to_target,male-cns:v1.0,other,L
512245,10226,2,2,OA-AL2i3,OA-AL2i3_L,aMe14a,,,visual_centrifugal,L,,SIFa_to_target,male-cns:v1.0,other,L
512245,10228,2,2,DNp06,DNp06_L,DNp06,,lt,descending_neuron,L,,SIFa_to_target,male-cns:v1.0,other,L
512245,10237,1,1,DNg30,DNg30_R,DNg30,,xn,descending_neuron,R,,SIFa_to_target,male-cns:v1.0,other,R
512245,10247,1,1,DNg74_a,DNg74_a_L,,,xl,descending_neuron,L,,SIFa_to_target,male-cns:v1.0,other,L
512245,10251,1,1,MeVP53,MeVP53_L,,,,visual_projection,L,,SIFa_to_target,male-cns:v1.0,other,L
512245,10272,1,1,MeVPMe2,MeVPMe2_L,,,,visual_projection,L,,SIFa_to_target,male-cns:v1.0,other,L
512245,10276,2,2,aMe17c,aMe17c_L,aMe17c,,,visual_centrifugal,L,,SIFa_to_target,male-cns:v1.0,other,L
512245,10282,2,2,Dm17,Dm17_L,,,,ol_intrinsic,L,,SIFa_to_target,male-cns:v1.0,other,L
512245,10306,1,1,aMe17e,aMe17e_L,aMe17a,,,visual_centrifugal,L,,SIFa_to_target,male-cns:v1.0,other,L
512245,10312,1,1,MeVPMe2,MeVPMe2_R,,,,visual_projection,R,,SIFa_to_target,male-cns:v1.0,other,R
512245,10318,1,1,MeVC4b,MeVC4b_R,PS129,,,visual_centrifugal,R,,SIFa_to_target,male-cns:v1.0,other,R
512245,10321,3,3,VL2p_adPN,VL2p_adPN_L,VL2p_adPN,ALPN,,cb_intrinsic,L,,SIFa_to_target,male-cns:v1.0,other,L
512245,10323,1,1,CL366,CL366_R,,,,cb_intrinsic,R,,SIFa_to_target,male-cns:v1.0,other,R
512245,10342,9,6,DNc02,DNc02(SIFa)_R,SIFa,,xn,descending_neuron,R,,SIFa_to_target,male-cns:v1.0,other,R
512245,10358,2,1,MeVPMe12,MeVPMe12_R,,ol_bilateral,,ol_intrinsic,R,,SIFa_to_target,male-cns:v1.0,other,R
512245,10361,1,1,DNg40,DNg40(hb5813056435)_L,hb5813056435,,lt,descending_neuron,L,,SIFa_to_target,male-cns:v1.0,other,L
512245,10376,11,9,lLN2F_b,lLN2F_b(Full)_L,lLN2F_b,ALLN,,cb_intrinsic,L,,SIFa_to_target,male-cns:v1.0,other,L
512245,10378,3,2,AL-MBDL1,AL-MBDL1_R,AL-MBDL1,ALIN,,cb_intrinsic,R,,SIFa_to_target,male-cns:v1.0,other,R
512245,10397,7,6,lLN2T_a,lLN2T_a(Tortuous)_L,lLN2T_a,ALLN,,cb_intrinsic,L,,SIFa_to_target,male-cns:v1.0,other,L
512245,10414,14,12,LT33,LT33_R,LT33,,,ol_intrinsic,R,,SIFa_to_target,male-cns:v1.0,other,R
512245,10423,9,6,DP1l_adPN,DP1l_adPN_R,DP1l_adPN,ALPN,,cb_intrinsic,R,,SIFa_to_target,male-cns:v1.0,other,R
512245,10428,2,1,MeVCMe1,MeVCMe1_R,aMe14b,,,visual_centrifugal,R,,SIFa_to_target,male-cns:v1.0,other,R
512245,10443,2,1,MeVPMe12,MeVPMe12_L,,ol_bilateral,,ol_intrinsic,L,,SIFa_to_target,male-cns:v1.0,other,L
512245,10447,7,6,DNge138,DNge138_M,,,xn,descending_neuron,M,,SIFa_to_target,male-cns:v1.0,other,unknown
512245,10451,4,4,MeVPMe12,MeVPMe12_L,,ol_bilateral,,ol_intrinsic,L,,SIFa_to_target,male-cns:v1.0,other,L
512245,10456,5,4,lLN2F_a,lLN2F_a(Full)_R,lLN2F_a,ALLN,,cb_intrinsic,R,,SIFa_to_target,male-cns:v1.0,other,R
512245,10459,5,4,lLN2F_a,lLN2F_a(Full)_L,lLN2F_a,ALLN,,cb_intrinsic,L,,SIFa_to_target,male-cns:v1.0,other,L
512245,10463,1,1,lLN1_bc,lLN1_bc_L,"lLN1_b,lLN1_c",ALLN,,cb_intrinsic,L,,SIFa_to_target,male-cns:v1.0,other,L
512245,10470,1,1,DC1_adPN,DC1_adPN_L,DC1_adPN,ALPN,,cb_intrinsic,L,,SIFa_to_target,male-cns:v1.0,other,L
512245,10473,6,3,il3LN6,il3LN6_R,il3LN6,ALLN,,cb_intrinsic,R,,SIFa_to_target,male-cns:v1.0,other,R
512245,10490,2,2,GNG671,GNG671_M,,,,cb_intrinsic,M,,SIFa_to_target,male-cns:v1.0,other,unknown
512245,10494,2,1,AVLP076,AVLP076_L,AVLP076,,,cb_intrinsic,L,,SIFa_to_target,male-cns:v1.0,other,L
512245,10507,2,1,GNG701m,GNG701m_L,,,,cb_intrinsic,L,,SIFa_to_target,male-cns:v1.0,other,L
512245,10515,7,5,lLN2F_b,lLN2F_b(Full)_R,lLN2F_b,ALLN,,cb_intrinsic,R,,SIFa_to_target,male-cns:v1.0,other,R
512245,10518,1,1,Cm31b,Cm31b_R,,,,ol_intrinsic,R,,SIFa_to_target,male-cns:v1.0,other,R
512245,10524,1,1,DP1l_adPN,DP1l_adPN_L,DP1l_adPN,ALPN,,cb_intrinsic,L,,SIFa_to_target,male-cns:v1.0,other,L
512245,10533,1,1,MeVPMe1,MeVPMe1_L,,,,visual_projection,L,,SIFa_to_target,male-cns:v1.0,other,L
512245,10536,1,1,DNg29,DNg29_L,,,xn,descending_neuron,L,,SIFa_to_target,male-cns:v1.0,other,L
512245,10548,1,1,DNg80,DNg80_R,,,xn,descending_neuron,R,,SIFa_to_target,male-cns:v1.0,other,R
512245,10551,1,1,aMe17c,aMe17c_L,aMe17c,,,visual_centrifugal,L,,SIFa_to_target,male-cns:v1.0,other,L
512245,10561,2,1,VA2_adPN,VA2_adPN_L,VA2_adPN,ALPN,,cb_intrinsic,L,,SIFa_to_target,male-cns:v1.0,other,L
512245,10567,1,1,M_l2PNl20,M_l2PNl20_R,M_l2PNl20,ALPN,BI,cb_intrinsic,R,,SIFa_to_target,male-cns:v1.0,other,R
512245,10580,2,2,DNp70,DNp70(CL305)_L,CL305,,xn,descending_neuron,L,,SIFa_to_target,male-cns:v1.0,other,L
512245,10632,2,2,lLN1_bc,lLN1_bc_L,"lLN1_b,lLN1_c",ALLN,,cb_intrinsic,L,,SIFa_to_target,male-cns:v1.0,other,L
512245,10650,14,13,lLN2T_c,lLN2T_c(Tortuous)_R,lLN2T_c,ALLN,,cb_intrinsic,R,,SIFa_to_target,male-cns:v1.0,other,R
512245,10670,5,3,DM4_adPN,DM4_adPN_L,DM4_adPN,ALPN,,cb_intrinsic,L,,SIFa_to_target,male-cns:v1.0,other,L
512245,10680,1,1,DNp48,DNp48(SMP462)_L,SMP462,,xn,descending_neuron,L,,SIFa_to_target,male-cns:v1.0,other,L
512245,10705,5,4,DNc02,DNc02(SIFa)_L,SIFa,,xn,descending_neuron,L,,SIFa_to_target,male-cns:v1.0,other,L
512245,10708,3,3,AVLP544,AVLP544_L,AVLP544,,,cb_intrinsic,L,,SIFa_to_target,male-cns:v1.0,other,L
512245,10713,1,1,DNp42,DNp42_L,DNp42,,xn,descending_neuron,L,,SIFa_to_target,male-cns:v1.0,other,L
512245,10728,1,1,WED116,WED116_L,WED116,,,cb_intrinsic,L,,SIFa_to_target,male-cns:v1.0,other,L
512245,10734,2,1,DNg93,DNg93_L,,,xl,descending_neuron,L,,SIFa_to_target,male-cns:v1.0,other,L
512245,10735,1,1,LoVC18,"LoVC18(PLP030,PLP031)_L",PLP030,,,visual_centrifugal,L,,SIFa_to_target,male-cns:v1.0,other,L
512245,10739,2,2,DNg24,DNg24_L,,,xn,descending_neuron,L,,SIFa_to_target,male-cns:v1.0,other,L
512245,10750,1,1,MeVC3,MeVC3_R,PS134,,,visual_centrifugal,R,,SIFa_to_target,male-cns:v1.0,other,R
512245,10767,1,1,DL5_adPN,DL5_adPN_L,DL5_adPN,ALPN,,cb_intrinsic,L,,SIFa_to_target,male-cns:v1.0,other,L
512245,10807,1,1,Pm11,Pm11_R,,,,ol_intrinsic,R,,SIFa_to_target,male-cns:v1.0,other,R
512245,10808,2,2,VC1_lPN,VC1_lPN_L,VC1_lPN,ALPN,,cb_intrinsic,L,,SIFa_to_target,male-cns:v1.0,other,L
512245,10812,1,1,DH44,DH44_R,"PI1,PI2,PI3",,,cb_endocrine,R,,SIFa_to_target,male-cns:v1.0,other,R
512245,10844,1,1,DNge053,DNge053_L,,,xn,descending_neuron,L,,SIFa_to_target,male-cns:v1.0,other,L
512245,10869,1,1,OLVC2,OLVC2_R,mALC5,,,visual_centrifugal,R,,SIFa_to_target,male-cns:v1.0,other,R
512245,10870,1,1,l-LNv,l-LNv_R,l-LNv,ol_bilateral,,ol_intrinsic,R,,SIFa_to_target,male-cns:v1.0,PDF_positive_LNv,R
512245,10904,1,1,VC1_lPN,VC1_lPN_R,VC1_lPN,ALPN,,cb_intrinsic,R,,SIFa_to_target,male-cns:v1.0,other,R
512245,10905,2,1,lLN1_bc,lLN1_bc_L,"lLN1_b,lLN1_c",ALLN,,cb_intrinsic,L,,SIFa_to_target,male-cns:v1.0,other,L
512245,10923,1,1,DNg40,DNg40(hb5813056435)_R,hb5813056435,,lt,descending_neuron,R,,SIFa_to_target,male-cns:v1.0,other,R
512245,10925,3,3,AVLP542,AVLP542_R,AVLP542,,,cb_intrinsic,R,,SIFa_to_target,male-cns:v1.0,other,R
512245,10929,1,1,lLN2T_a,lLN2T_a(Tortuous)_R,lLN2T_a,ALLN,,cb_intrinsic,R,,SIFa_to_target,male-cns:v1.0,other,R
512245,10942,4,4,lLN2T_a,lLN2T_a(Tortuous)_R,lLN2T_a,ALLN,,cb_intrinsic,R,,SIFa_to_target,male-cns:v1.0,other,R
512245,10948,1,1,AVLP608,AVLP608_R,,,,cb_intrinsic,R,,SIFa_to_target,male-cns:v1.0,other,R
512245,10966,2,1,Cm31a,Cm31a_L,,,,ol_intrinsic,L,,SIFa_to_target,male-cns:v1.0,other,L
512245,10990,2,2,Cm35,Cm35_L,,,,ol_intrinsic,L,,SIFa_to_target,male-cns:v1.0,other,L
512245,10992,1,1,PVLP122,PVLP122_L,PVLP122,,,cb_intrinsic,L,,SIFa_to_target,male-cns:v1.0,other,L
512245,10993,1,1,AVLP078,AVLP078_L,AVLP078,,,cb_intrinsic,L,,SIFa_to_target,male-cns:v1.0,other,L
512245,10996,1,1,VA4_lPN,VA4_lPN_R,VA4_lPN,ALPN,,cb_intrinsic,R,,SIFa_to_target,male-cns:v1.0,other,R
512245,11018,1,1,AVLP258,AVLP258_L,AVLP258,,,cb_intrinsic,L,,SIFa_to_target,male-cns:v1.0,other,L
512245,11019,1,1,Dm19,Dm19_L,,,,ol_intrinsic,L,,SIFa_to_target,male-cns:v1.0,other,L
512245,11040,1,1,MeVP18,MeVP18_L,,,,visual_projection,L,,SIFa_to_target,male-cns:v1.0,other,L
512245,11050,2,2,VP1d+VP4_l2PN1,VP1d+VP4_l2PN1_L,VP1d+VP4_l2PN1,ALPN,BI,cb_intrinsic,L,,SIFa_to_target,male-cns:v1.0,other,L
512245,11057,1,1,DNbe004,DNbe004(PS066)_L,PS066,,xn,descending_neuron,L,,SIFa_to_target,male-cns:v1.0,other,L
512245,11088,1,1,DNp55,DNp55(WED180)_R,WED180,,xn,descending_neuron,R,,SIFa_to_target,male-cns:v1.0,other,R
512245,11091,8,8,AVLP542,AVLP542_L,AVLP542,,,cb_intrinsic,L,,SIFa_to_target,male-cns:v1.0,other,L
512245,11095,3,3,Mi19,Mi19_L,,,,ol_intrinsic,L,,SIFa_to_target,male-cns:v1.0,other,L
512245,11101,1,1,AVLP502,AVLP502_L,AVLP502,,,cb_intrinsic,L,,SIFa_to_target,male-cns:v1.0,other,L
512245,11114,3,3,l-LNv,l-LNv_R,l-LNv,ol_bilateral,,ol_intrinsic,R,,SIFa_to_target,male-cns:v1.0,PDF_positive_LNv,R
512245,11125,1,1,AVLP610,AVLP610_R,,,,cb_intrinsic,R,,SIFa_to_target,male-cns:v1.0,other,R
512245,11128,2,2,AVLP085,AVLP085_L,AVLP085,,,cb_intrinsic,L,,SIFa_to_target,male-cns:v1.0,other,L
512245,11144,5,3,MeVC22,MeVC22_L,,,,visual_centrifugal,L,,SIFa_to_target,male-cns:v1.0,other,L
512245,11200,1,1,GNG022,GNG022_L,,,,cb_intrinsic,L,,SIFa_to_target,male-cns:v1.0,other,L
512245,11209,3,3,IPC,IPC_R,"PI1,PI2,PI3",,,cb_endocrine,R,,SIFa_to_target,male-cns:v1.0,other,R
512245,11212,1,1,l-LNv,l-LNv_R,l-LNv,ol_bilateral,,ol_intrinsic,R,,SIFa_to_target,male-cns:v1.0,PDF_positive_LNv,R
512245,11217,1,1,LT58,LT58_R,LT58,,,ol_intrinsic,R,,SIFa_to_target,male-cns:v1.0,other,R
512245,11218,3,3,AVLP039,AVLP039_L,AVLP039,,,cb_intrinsic,L,,SIFa_to_target,male-cns:v1.0,other,L
512245,11227,6,3,CSD,CSD_R,CSD,,,cb_intrinsic,R,,SIFa_to_target,male-cns:v1.0,other,R
512245,11244,3,3,lLN1_bc,lLN1_bc_R,"lLN1_b,lLN1_c",ALLN,,cb_intrinsic,R,,SIFa_to_target,male-cns:v1.0,other,R
512245,11249,1,1,WED190,WED190_M,,,,cb_intrinsic,M,,SIFa_to_target,male-cns:v1.0,other,unknown
512245,11251,1,1,DNpe043,DNpe043(CL207)_L,CL207,,xn,descending_neuron,L,,SIFa_to_target,male-cns:v1.0,other,L
512245,11252,2,1,PVLP017,PVLP017_L,PVLP017,,,cb_intrinsic,L,,SIFa_to_target,male-cns:v1.0,other,L
512245,11262,2,2,lLN1_bc,lLN1_bc_L,"lLN1_b,lLN1_c",ALLN,,cb_intrinsic,L,,SIFa_to_target,male-cns:v1.0,other,L
512245,11272,1,1,PVLP062,PVLP062_L,PVLP062,,,cb_intrinsic,L,,SIFa_to_target,male-cns:v1.0,other,L
512245,11273,1,1,Dm13,Dm13_L,,,,ol_intrinsic,L,,SIFa_to_target,male-cns:v1.0,other,L
512245,11289,3,3,lLN1_bc,lLN1_bc_R,"lLN1_b,lLN1_c",ALLN,,cb_intrinsic,R,,SIFa_to_target,male-cns:v1.0,other,R
512245,11290,1,1,DNp66,DNp66(AVLP499)_R,AVLP499,,xn,descending_neuron,R,,SIFa_to_target,male-cns:v1.0,other,R
512245,11292,2,2,lLN1_bc,lLN1_bc_L,"lLN1_b,lLN1_c",ALLN,,cb_intrinsic,L,,SIFa_to_target,male-cns:v1.0,other,L
512245,11294,9,6,lLN2T_e,lLN2T_e(Tortuous)_L,lLN2T_e,ALLN,,cb_intrinsic,L,,SIFa_to_target,male-cns:v1.0,other,L
512245,11345,1,1,lLN2X11,lLN2X11_R,,ALLN,,cb_intrinsic,R,,SIFa_to_target,male-cns:v1.0,other,R
512245,11350,1,1,DMS,DMS_L,"PI1,PI2,PI3",,,cb_endocrine,L,,SIFa_to_target,male-cns:v1.0,other,L
512245,11359,16,14,lLN2T_e,lLN2T_e(Tortuous)_L,lLN2T_e,ALLN,,cb_intrinsic,L,,SIFa_to_target,male-cns:v1.0,other,L
512245,11363,1,1,VES045,VES045_R,VES045,,,cb_intrinsic,R,,SIFa_to_target,male-cns:v1.0,other,R
512245,11369,1,1,DNc01,DNc01_L,SIFa,,xn,descending_neuron,L,,SIFa_to_target,male-cns:v1.0,other,L
512245,11375,1,1,MeVPLo1,MeVPLo1_R,,,,visual_projection,R,,SIFa_to_target,male-cns:v1.0,other,R
512245,11379,9,7,lLN2T_e,lLN2T_e(Tortuous)_R,lLN2T_e,ALLN,,cb_intrinsic,R,,SIFa_to_target,male-cns:v1.0,other,R
512245,11384,1,1,MeVPMe6,MeVPMe6_L,,,,visual_projection,L,,SIFa_to_target,male-cns:v1.0,other,L
512245,11385,1,1,MeVC22,MeVC22_R,,,,visual_centrifugal,R,,SIFa_to_target,male-cns:v1.0,other,R
512245,11389,1,1,CB1074,CB1074_L,,,,cb_intrinsic,L,,SIFa_to_target,male-cns:v1.0,other,L
512245,11395,2,2,PLP128,PLP128_L,PLP128,,,cb_intrinsic,L,,SIFa_to_target,male-cns:v1.0,other,L
512245,11399,19,15,lLN2T_d,lLN2T_d(Tortuous)_L,lLN2T_d,ALLN,,cb_intrinsic,L,,SIFa_to_target,male-cns:v1.0,other,L
512245,11436,1,1,Dm6,Dm6_L,,,,ol_intrinsic,L,,SIFa_to_target,male-cns:v1.0,other,L
512245,11451,1,1,SAD051_a,SAD051_a_R,SAD051_a,,,cb_intrinsic,R,,SIFa_to_target,male-cns:v1.0,other,R
512245,11478,2,1,lLN1_bc,lLN1_bc_R,"lLN1_b,lLN1_c",ALLN,,cb_intrinsic,R,,SIFa_to_target,male-cns:v1.0,other,R
512245,11501,1,1,lLN1_bc,lLN1_bc_R,"lLN1_b,lLN1_c",ALLN,,cb_intrinsic,R,,SIFa_to_target,male-cns:v1.0,other,R
512245,11514,2,2,DL4_adPN,DL4_adPN_R,DL4_adPN,ALPN,,cb_intrinsic,R,,SIFa_to_target,male-cns:v1.0,other,R
512245,11517,30,24,lLN2T_c,lLN2T_c(Tortuous)_L,lLN2T_c,ALLN,,cb_intrinsic,L,,SIFa_to_target,male-cns:v1.0,other,L
512245,11523,1,1,lLN1_bc,lLN1_bc_L,"lLN1_b,lLN1_c",ALLN,,cb_intrinsic,L,,SIFa_to_target,male-cns:v1.0,other,L
512245,11531,2,2,lLN1_bc,lLN1_bc_L,"lLN1_b,lLN1_c",ALLN,,cb_intrinsic,L,,SIFa_to_target,male-cns:v1.0,other,L
512245,11539,1,1,aMe4,aMe4_L,,,,visual_centrifugal,L,,SIFa_to_target,male-cns:v1.0,other,L
512245,11546,3,2,v2LN30,v2LN30_L,v2LN30,ALLN,,cb_intrinsic,L,,SIFa_to_target,male-cns:v1.0,other,L
512245,11552,1,1,CB1076,CB1076_L,,,,cb_intrinsic,L,,SIFa_to_target,male-cns:v1.0,other,L
512245,11556,22,20,lLN2T_d,lLN2T_d(Tortuous)_L,lLN2T_d,ALLN,,cb_intrinsic,L,,SIFa_to_target,male-cns:v1.0,other,L
512245,11558,1,1,ALIN5,ALIN5_R,,ALIN,,cb_intrinsic,R,,SIFa_to_target,male-cns:v1.0,other,R
512245,11580,1,1,AVLP539,AVLP539_L,AVLP539,,,cb_intrinsic,L,,SIFa_to_target,male-cns:v1.0,other,L
512245,11583,2,2,VP1d+VP4_l2PN2,VP1d+VP4_l2PN2_L,VP1d+VP4_l2PN2,ALPN,,cb_intrinsic,L,,SIFa_to_target,male-cns:v1.0,other,L
512245,11603,14,13,lLN2P_a,lLN2P_a_R,lLN2P_a,ALLN,,cb_intrinsic,R,,SIFa_to_target,male-cns:v1.0,other,R
512245,11620,1,1,lLN1_bc,lLN1_bc_R,"lLN1_b,lLN1_c",ALLN,,cb_intrinsic,R,,SIFa_to_target,male-cns:v1.0,other,R
512245,11631,1,1,AVLP084,AVLP084_R,AVLP084,,,cb_intrinsic,R,,SIFa_to_target,male-cns:v1.0,other,R
512245,11650,1,1,GNG467,GNG467_R,,,,cb_intrinsic,R,,SIFa_to_target,male-cns:v1.0,other,R
512245,11683,1,1,PRW016,PRW016_L,,,,cb_intrinsic,L,,SIFa_to_target,male-cns:v1.0,other,L
512245,11686,2,2,MeVC22,MeVC22_L,,,,visual_centrifugal,L,,SIFa_to_target,male-cns:v1.0,other,L
512245,11702,2,2,AMMC012,AMMC012_R,,,,cb_intrinsic,R,,SIFa_to_target,male-cns:v1.0,other,R
512245,11715,1,1,l-LNv,l-LNv_R,l-LNv,ol_bilateral,,ol_intrinsic,R,,SIFa_to_target,male-cns:v1.0,PDF_positive_LNv,R
512245,11722,3,3,v2LN30,v2LN30_R,v2LN30,ALLN,,cb_intrinsic,R,,SIFa_to_target,male-cns:v1.0,other,R
512245,11727,2,2,AVLP258,AVLP258_R,AVLP258,,,cb_intrinsic,R,,SIFa_to_target,male-cns:v1.0,other,R
512245,11733,1,1,AN08B018,AN08B018_a_L,,,BA,ascending_neuron,L,,SIFa_to_target,male-cns:v1.0,other,L
512245,11736,1,1,lLN1_bc,lLN1_bc_R,"lLN1_b,lLN1_c",ALLN,,cb_intrinsic,R,,SIFa_to_target,male-cns:v1.0,other,R
512245,11773,1,1,MeVP36,MeVP36_R,,,,visual_projection,R,,SIFa_to_target,male-cns:v1.0,other,R
512245,11776,1,1,AVLP590,AVLP590_L,AVLP590,,,cb_intrinsic,L,,SIFa_to_target,male-cns:v1.0,other,L
512245,11782,6,4,SAD106,SAD106_L,,,,cb_intrinsic,L,,SIFa_to_target,male-cns:v1.0,other,L
512245,11788,8,6,lLN2T_d,lLN2T_d(Tortuous)_R,lLN2T_d,ALLN,,cb_intrinsic,R,,SIFa_to_target,male-cns:v1.0,other,R
512245,11816,1,1,DA1_lPN,DA1_lPN_R,DA1_lPN,ALPN,,cb_intrinsic,R,,SIFa_to_target,male-cns:v1.0,other,R
512245,11828,1,1,lLN1_bc,lLN1_bc_R,"lLN1_b,lLN1_c",ALLN,,cb_intrinsic,R,,SIFa_to_target,male-cns:v1.0,other,R
512245,11832,1,1,CL367,CL367(hb1073428001)_L,(hb1073428001),,,cb_intrinsic,L,,SIFa_to_target,male-cns:v1.0,other,L
512245,11835,1,1,CB1076,CB1076_L,,,,cb_intrinsic,L,,SIFa_to_target,male-cns:v1.0,other,L
512245,11837,4,3,lLN2X05,lLN2X05_L,lLN2T_a,ALLN,,cb_intrinsic,L,,SIFa_to_target,male-cns:v1.0,other,L
512245,11867,1,1,AN08B018,AN08B018_a_R,,,BA,ascending_neuron,R,,SIFa_to_target,male-cns:v1.0,other,R
512245,11870,2,2,lLN1_bc,lLN1_bc_L,"lLN1_b,lLN1_c",ALLN,,cb_intrinsic,L,,SIFa_to_target,male-cns:v1.0,other,L
512245,11877,1,1,PLP032,PLP032_L,PLP032,,,cb_intrinsic,L,,SIFa_to_target,male-cns:v1.0,other,L
512245,11885,1,1,Dm1,Dm1_L,,,,ol_intrinsic,L,,SIFa_to_target,male-cns:v1.0,other,L
512245,11914,1,1,lLN2X05,lLN2X05_R,lLN2T_a,ALLN,,cb_intrinsic,R,,SIFa_to_target,male-cns:v1.0,other,R
512245,11930,1,1,M_imPNl92,M_imPNl92_L,M_imPNl92,ALPN,BI,cb_intrinsic,L,,SIFa_to_target,male-cns:v1.0,other,L
512245,11932,1,1,GNG119,GNG119_R,,,,cb_intrinsic,R,,SIFa_to_target,male-cns:v1.0,other,R
512245,11935,1,1,GNG131,GNG131_L,,,,cb_intrinsic,L,,SIFa_to_target,male-cns:v1.0,other,L
512245,11947,1,1,MeVPLo1,MeVPLo1_R,,,,visual_projection,R,,SIFa_to_target,male-cns:v1.0,other,R
512245,11950,1,1,CB0591,CB0591_L,,,,cb_intrinsic,L,,SIFa_to_target,male-cns:v1.0,other,L
512245,11952,3,1,lLN2X11,lLN2X11_L,,ALLN,,cb_intrinsic,L,,SIFa_to_target,male-cns:v1.0,other,L
512245,11975,1,1,lLN1_a,lLN1_a_L,lLN1_a,ALLN,,cb_intrinsic,L,,SIFa_to_target,male-cns:v1.0,other,L
512245,11991,1,1,lLN2X05,lLN2X05_L,lLN2T_a,ALLN,,cb_intrinsic,L,,SIFa_to_target,male-cns:v1.0,other,L
512245,11993,6,4,lLN2X05,lLN2X05_R,lLN2T_a,ALLN,,cb_intrinsic,R,,SIFa_to_target,male-cns:v1.0,other,R
512245,11996,1,1,DA1_lPN,DA1_lPN_R,DA1_lPN,ALPN,,cb_intrinsic,R,,SIFa_to_target,male-cns:v1.0,other,R
512245,12031,2,2,DC4_adPN,DC4_adPN_L,DC4_adPN,ALPN,,cb_intrinsic,L,,SIFa_to_target,male-cns:v1.0,other,L
512245,12034,1,1,CB1076,CB1076_L,,,,cb_intrinsic,L,,SIFa_to_target,male-cns:v1.0,other,L
512245,12041,1,1,AVLP396,AVLP396_R,AVLP396,,,cb_intrinsic,R,,SIFa_to_target,male-cns:v1.0,other,R
512245,12053,12,12,SAD106,SAD106_R,,,,cb_intrinsic,R,,SIFa_to_target,male-cns:v1.0,other,R
512245,12056,2,1,WED046,WED046_L,WED046,,,cb_intrinsic,L,,SIFa_to_target,male-cns:v1.0,other,L
512245,12057,1,1,VM3_adPN,VM3_adPN_L,VM3_adPN,ALPN,,cb_intrinsic,L,,SIFa_to_target,male-cns:v1.0,other,L
512245,12093,1,1,GNG579,GNG579_R,,,,cb_intrinsic,R,,SIFa_to_target,male-cns:v1.0,other,R
512245,12124,1,1,WED191,WED191_M,,,,cb_intrinsic,M,,SIFa_to_target,male-cns:v1.0,other,unknown
512245,12128,1,1,GNG047,GNG047_R,,,,cb_intrinsic,R,,SIFa_to_target,male-cns:v1.0,other,R
512245,12140,3,3,MeVPLo1,MeVPLo1_L,,,,visual_projection,L,,SIFa_to_target,male-cns:v1.0,other,L
512245,12150,1,1,CB1542,CB1542_R,,,,cb_intrinsic,R,,SIFa_to_target,male-cns:v1.0,other,R
512245,12151,3,3,DNge138,DNge138_M,,,xn,descending_neuron,M,,SIFa_to_target,male-cns:v1.0,other,unknown
512245,12152,2,2,DC2_adPN,DC2_adPN_L,DC2_adPN,ALPN,,cb_intrinsic,L,,SIFa_to_target,male-cns:v1.0,other,L
512245,12156,1,1,CB3019,CB3019_L,,,,cb_intrinsic,L,,SIFa_to_target,male-cns:v1.0,other,L
512245,12184,1,1,PVLP122,PVLP122_R,PVLP122,,,cb_intrinsic,R,,SIFa_to_target,male-cns:v1.0,other,R
512245,12213,1,1,SAD052,SAD052_L,SAD052,,,cb_intrinsic,L,,SIFa_to_target,male-cns:v1.0,other,L
512245,12283,5,5,AVLP533,AVLP533_L,AVLP533,,,cb_intrinsic,L,,SIFa_to_target,male-cns:v1.0,other,L
512245,12296,1,1,SMP545,SMP545_R,SMP545,,,cb_intrinsic,R,,SIFa_to_target,male-cns:v1.0,other,R
512245,12354,8,7,lLN2T_e,lLN2T_e(Tortuous)_R,lLN2T_e,ALLN,,cb_intrinsic,R,,SIFa_to_target,male-cns:v1.0,other,R
512245,12367,1,1,VM3_adPN,VM3_adPN_L,VM3_adPN,ALPN,,cb_intrinsic,L,,SIFa_to_target,male-cns:v1.0,other,L
512245,12373,1,1,ALIN1,ALIN1_L,ALIN1,ALIN,,cb_intrinsic,L,,SIFa_to_target,male-cns:v1.0,other,L
512245,12376,1,1,PLP209,PLP209_R,PLP209,,,cb_intrinsic,R,,SIFa_to_target,male-cns:v1.0,other,R
512245,12396,1,1,AVLP533,AVLP533_R,AVLP533,,,cb_intrinsic,R,,SIFa_to_target,male-cns:v1.0,other,R
512245,12398,1,1,AN27X013,AN27X013_L,,,XA,ascending_neuron,L,,SIFa_to_target,male-cns:v1.0,other,L
512245,12399,1,1,AVLP555,AVLP555_L,AVLP555,,,cb_intrinsic,L,,SIFa_to_target,male-cns:v1.0,other,L
512245,12469,1,1,AN08B018,AN08B018_d_L,,,BA,ascending_neuron,L,,SIFa_to_target,male-cns:v1.0,other,L
512245,12488,2,2,AVLP536,AVLP536_L,AVLP536,,,cb_intrinsic,L,,SIFa_to_target,male-cns:v1.0,other,L
512245,12494,2,2,CB1076,CB1076_R,,,,cb_intrinsic,R,,SIFa_to_target,male-cns:v1.0,other,R
512245,12498,1,1,GNG062,GNG062_L,,,,cb_intrinsic,L,,SIFa_to_target,male-cns:v1.0,other,L
512245,12513,2,1,Cm31b,Cm31b_L,,,,ol_intrinsic,L,,SIFa_to_target,male-cns:v1.0,other,L
512245,12517,1,1,aMe12,aMe12_L,aMe12,,,visual_projection,L,,SIFa_to_target,male-cns:v1.0,other,L
512245,12523,1,1,IPC,IPC_L,"PI1,PI2,PI3",,,cb_endocrine,L,,SIFa_to_target,male-cns:v1.0,other,L
512245,12563,1,1,GNG134,GNG134_L,,,,cb_intrinsic,L,,SIFa_to_target,male-cns:v1.0,other,L
512245,12605,2,2,GNG147,GNG147_R,,,,cb_intrinsic,R,,SIFa_to_target,male-cns:v1.0,other,R
512245,12610,1,1,DNg102,DNg102_L,,,xn,descending_neuron,L,,SIFa_to_target,male-cns:v1.0,other,L
512245,12660,1,1,SAD010,SAD010_R,SAD010,,,cb_intrinsic,R,,SIFa_to_target,male-cns:v1.0,other,R
512245,12737,2,1,aMe12,aMe12_L,aMe12,,,visual_projection,L,,SIFa_to_target,male-cns:v1.0,other,L
512245,12786,1,1,MeVP43,MeVP43_L,,,,visual_projection,L,,SIFa_to_target,male-cns:v1.0,other,L
512245,12800,1,1,AVLP297,AVLP297_L,AVLP297,,,cb_intrinsic,L,,SIFa_to_target,male-cns:v1.0,other,L
512245,12806,3,2,GNG578,GNG578_R,,,,cb_intrinsic,R,,SIFa_to_target,male-cns:v1.0,other,R
512245,12814,1,1,Dm13,Dm13_L,,,,ol_intrinsic,L,,SIFa_to_target,male-cns:v1.0,other,L
512245,12856,1,1,AVLP534,AVLP534_R,AVLP534,,,cb_intrinsic,R,,SIFa_to_target,male-cns:v1.0,other,R
512245,12857,1,1,AVLP721m,AVLP721m_R,,,,cb_intrinsic,R,,SIFa_to_target,male-cns:v1.0,other,R
512245,12921,3,3,IPC,IPC_L,"PI1,PI2,PI3",,,cb_endocrine,L,,SIFa_to_target,male-cns:v1.0,other,L
512245,12934,1,1,M_l2PNl21,M_l2PNl21_R,M_l2PNl21,ALPN,,cb_intrinsic,R,,SIFa_to_target,male-cns:v1.0,other,R
512245,12958,2,2,DL2d_adPN,DL2d_adPN_L,DL2d_adPN,ALPN,,cb_intrinsic,L,,SIFa_to_target,male-cns:v1.0,other,L
512245,13011,1,1,AVLP413,AVLP413_L,AVLP413,,,cb_intrinsic,L,,SIFa_to_target,male-cns:v1.0,other,L
512245,13029,1,1,SIP025,SIP025_L,SIP025,,,cb_intrinsic,L,,SIFa_to_target,male-cns:v1.0,other,L
512245,13037,2,1,WED114,WED114_L,WED114,,,cb_intrinsic,L,,SIFa_to_target,male-cns:v1.0,other,L
512245,13053,1,1,Dm13,Dm13_L,,,,ol_intrinsic,L,,SIFa_to_target,male-cns:v1.0,other,L
512245,13120,1,1,MeVPMe5,MeVPMe5_R,,,,ol_intrinsic,R,,SIFa_to_target,male-cns:v1.0,other,R
512245,13216,1,1,IPC,IPC_R,"PI1,PI2,PI3",,,cb_endocrine,R,,SIFa_to_target,male-cns:v1.0,other,R
512245,13239,1,1,Mi19,Mi19_L,,,,ol_intrinsic,L,,SIFa_to_target,male-cns:v1.0,other,L
512245,13248,1,1,Mi20,Mi20_L,,,,ol_intrinsic,L,,SIFa_to_target,male-cns:v1.0,other,L
512245,13257,1,1,DNp25,DNp25_R,DNp25,,xn,descending_neuron,R,,SIFa_to_target,male-cns:v1.0,other,R
512245,13263,1,1,WED108,WED108_R,WED108,,,cb_intrinsic,R,,SIFa_to_target,male-cns:v1.0,other,R
512245,13268,1,1,DNg52,DNg52_R,,,xl,descending_neuron,R,,SIFa_to_target,male-cns:v1.0,other,R
512245,13277,1,1,DNg86,DNg86_R,,,,descending_neuron,R,,SIFa_to_target,male-cns:v1.0,other,R
512245,13315,6,5,lLN2P_b,lLN2P_b_R,lLN2P_b,ALLN,,cb_intrinsic,R,,SIFa_to_target,male-cns:v1.0,other,R
512245,13317,3,2,DNg33,DNg33_L,,,xn,descending_neuron,L,,SIFa_to_target,male-cns:v1.0,other,L
512245,13323,1,1,AVLP504,AVLP504_R,AVLP504,,,cb_intrinsic,R,,SIFa_to_target,male-cns:v1.0,other,R
512245,13329,1,1,AVLP509,AVLP509_R,AVLP509,,,cb_intrinsic,R,,SIFa_to_target,male-cns:v1.0,other,R
512245,13389,1,1,M_vPNml50,M_vPNml50_R,M_vPNml50,ALPN,,cb_intrinsic,R,,SIFa_to_target,male-cns:v1.0,other,R
512245,13394,1,1,AVLP266,AVLP266_L,AVLP266,,,cb_intrinsic,L,,SIFa_to_target,male-cns:v1.0,other,L
512245,13431,2,1,lLN2T_b,lLN2T_b(Tortuous)_L,lLN2T_b,ALLN,,cb_intrinsic,L,,SIFa_to_target,male-cns:v1.0,other,L
512245,13432,1,1,DNg66,DNg66_M,,,ad,descending_neuron,M,,SIFa_to_target,male-cns:v1.0,other,unknown
512245,13442,1,1,DNg33,DNg33_R,,,xn,descending_neuron,R,,SIFa_to_target,male-cns:v1.0,other,R
512245,13482,3,2,Dm13,Dm13_L,,,,ol_intrinsic,L,,SIFa_to_target,male-cns:v1.0,other,L
512245,13508,1,1,DNg17,DNg17_R,,,xn,descending_neuron,R,,SIFa_to_target,male-cns:v1.0,other,R
512245,13628,1,1,Dm18,Dm18_L,,,,ol_intrinsic,L,,SIFa_to_target,male-cns:v1.0,other,L
512245,13690,1,1,CB2086,CB2086_L,,,,cb_intrinsic,L,,SIFa_to_target,male-cns:v1.0,other,L
512245,13730,1,1,Dm18,Dm18_L,,,,ol_intrinsic,L,,SIFa_to_target,male-cns:v1.0,other,L
512245,13790,3,2,AVLP761m,AVLP761m_L,,,,cb_intrinsic,L,,SIFa_to_target,male-cns:v1.0,other,L
512245,13793,2,1,Mi19,Mi19_L,,,,ol_intrinsic,L,,SIFa_to_target,male-cns:v1.0,other,L
512245,13821,1,1,lLN2X12,lLN2X12_R,,ALLN,,cb_intrinsic,R,,SIFa_to_target,male-cns:v1.0,other,R
512245,13825,2,1,AVLP429,AVLP429_R,AVLP429,,,cb_intrinsic,R,,SIFa_to_target,male-cns:v1.0,other,R
512245,13832,4,2,M_vPNml50,M_vPNml50_R,M_vPNml50,ALPN,,cb_intrinsic,R,,SIFa_to_target,male-cns:v1.0,other,R
512245,13846,1,1,Li29,Li29_L,,,,ol_intrinsic,L,,SIFa_to_target,male-cns:v1.0,other,L
512245,13884,3,2,Dm13,Dm13_L,,,,ol_intrinsic,L,,SIFa_to_target,male-cns:v1.0,other,L
512245,13895,1,1,CB2521,CB2521_R,,,,cb_intrinsic,R,,SIFa_to_target,male-cns:v1.0,other,R
512245,13904,1,1,AVLP507,AVLP507_R,AVLP507,,,cb_intrinsic,R,,SIFa_to_target,male-cns:v1.0,other,R
512245,13925,1,1,CB1076,CB1076_R,,,,cb_intrinsic,R,,SIFa_to_target,male-cns:v1.0,other,R
512245,13933,1,1,Dm13,Dm13_R,,,,ol_intrinsic,R,,SIFa_to_target,male-cns:v1.0,other,R
512245,13951,2,2,M_vPNml50,M_vPNml50_L,M_vPNml50,ALPN,,cb_intrinsic,L,,SIFa_to_target,male-cns:v1.0,other,L
512245,13972,2,2,VM7v_adPN,VM7v_adPN_L,VM7v_adPN,ALPN,,cb_intrinsic,L,,SIFa_to_target,male-cns:v1.0,other,L
512245,13984,14,11,aMe3,aMe3_L,aMe3,,,visual_projection,L,,SIFa_to_target,male-cns:v1.0,other,L
512245,13986,1,1,AVLP299_d,AVLP299_d_L,AVLP299,,,cb_intrinsic,L,,SIFa_to_target,male-cns:v1.0,other,L
512245,13994,2,2,DNge172,DNge172_R,,,ad,descending_neuron,R,,SIFa_to_target,male-cns:v1.0,other,R
512245,14026,1,1,AN05B004,AN05B004_L,,,BA,ascending_neuron,L,,SIFa_to_target,male-cns:v1.0,other,L
512245,14031,2,2,Dm13,Dm13_L,,,,ol_intrinsic,L,,SIFa_to_target,male-cns:v1.0,other,L
512245,14059,1,1,PLP301m,PLP301m_R,,,,cb_intrinsic,R,,SIFa_to_target,male-cns:v1.0,other,R
512245,14091,1,1,CB3544,CB3544_L,,,,cb_intrinsic,L,,SIFa_to_target,male-cns:v1.0,other,L
512245,14207,1,1,aMe3,aMe3_R,aMe3,,,visual_projection,R,,SIFa_to_target,male-cns:v1.0,other,R
512245,14212,1,1,CSD,CSD_L,CSD,,,cb_intrinsic,L,,SIFa_to_target,male-cns:v1.0,other,L
512245,14241,2,2,AVLP547,AVLP547_L,AVLP547,,,cb_intrinsic,L,,SIFa_to_target,male-cns:v1.0,other,L
512245,14255,1,1,Dm18,Dm18_L,,,,ol_intrinsic,L,,SIFa_to_target,male-cns:v1.0,other,L
512245,14263,1,1,Dm18,Dm18_L,,,,ol_intrinsic,L,,SIFa_to_target,male-cns:v1.0,other,L
512245,14268,2,2,CL199,CL199_L,CL199,,,cb_intrinsic,L,,SIFa_to_target,male-cns:v1.0,other,L
512245,14289,2,1,GNG057,GNG057_R,,,,cb_intrinsic,R,,SIFa_to_target,male-cns:v1.0,other,R
512245,14323,1,1,WED092,WED092_L,WED092,,,cb_intrinsic,L,,SIFa_to_target,male-cns:v1.0,other,L
512245,14342,2,2,MeVP18,MeVP18_L,,,,visual_projection,L,,SIFa_to_target,male-cns:v1.0,other,L
512245,14343,1,1,lLN2R_a,lLN2R_a_L,lLN2R_a,ALLN,,cb_intrinsic,L,,SIFa_to_target,male-cns:v1.0,other,L
512245,14386,1,1,vLN24,vLN24_L,vLN24,ALLN,,cb_intrinsic,L,,SIFa_to_target,male-cns:v1.0,other,L
512245,14387,1,1,DNge151,DNge151_M,,,ad,descending_neuron,M,,SIFa_to_target,male-cns:v1.0,other,unknown
512245,14400,1,1,CB1549,CB1549_L,,,,cb_intrinsic,L,,SIFa_to_target,male-cns:v1.0,other,L
512245,14437,2,1,VP3+VP1l_ivPN,VP3+VP1l_ivPN_R,VP3+VP1l_ivPN,ALPN,BI,cb_intrinsic,R,,SIFa_to_target,male-cns:v1.0,other,R
512245,14449,1,1,Dm18,Dm18_L,,,,ol_intrinsic,L,,SIFa_to_target,male-cns:v1.0,other,L
512245,14489,1,1,GNG631,GNG631_R,,,,cb_intrinsic,R,,SIFa_to_target,male-cns:v1.0,other,R
512245,14502,2,2,ANXXX098,ANXXX098(14502)(hb2034132170)_L,(hb2034132170),,BA,ascending_neuron,L,,SIFa_to_target,male-cns:v1.0,other,L
512245,14504,1,1,Dm6,Dm6_L,,,,ol_intrinsic,L,,SIFa_to_target,male-cns:v1.0,other,L
512245,14530,1,1,DA4l_adPN,DA4l_adPN_R,DA4l_adPN,ALPN,,cb_intrinsic,R,,SIFa_to_target,male-cns:v1.0,other,R
512245,14548,2,1,GNG154,GNG154_L,,,,cb_intrinsic,L,,SIFa_to_target,male-cns:v1.0,other,L
512245,14565,1,1,WED114,WED114_L,WED114,,,cb_intrinsic,L,,SIFa_to_target,male-cns:v1.0,other,L
512245,14573,1,1,M_l2PNl23,M_l2PNl23_R,M_l2PNl23,ALPN,,cb_intrinsic,R,,SIFa_to_target,male-cns:v1.0,other,R
512245,14581,1,1,TmY19a,TmY19a_R,,,,ol_intrinsic,R,,SIFa_to_target,male-cns:v1.0,other,R
512245,14653,1,1,Dm20,Dm20_L,,,,ol_intrinsic,L,,SIFa_to_target,male-cns:v1.0,other,L
512245,14690,1,1,TmY19a,TmY19a_L,,,,ol_intrinsic,L,,SIFa_to_target,male-cns:v1.0,other,L
512245,14723,3,3,AVLP431,AVLP431_R,AVLP431,,,cb_intrinsic,R,,SIFa_to_target,male-cns:v1.0,other,R
512245,14772,1,1,PRW065,PRW065_L,,,,cb_intrinsic,L,,SIFa_to_target,male-cns:v1.0,other,L
512245,14797,1,1,aMe4,aMe4_L,aMe4,,,visual_centrifugal,L,,SIFa_to_target,male-cns:v1.0,other,L
512245,14825,6,6,AVLP546,AVLP546_L,AVLP546,,,cb_intrinsic,L,,SIFa_to_target,male-cns:v1.0,other,L
512245,14847,1,1,Dm14,Dm14_L,,,,ol_intrinsic,L,,SIFa_to_target,male-cns:v1.0,other,L
512245,14856,1,1,GNG159,GNG159_L,,,,cb_intrinsic,L,,SIFa_to_target,male-cns:v1.0,other,L
512245,14927,1,1,Dm13,Dm13_R,,,,ol_intrinsic,R,,SIFa_to_target,male-cns:v1.0,other,R
512245,15041,2,2,Dm18,Dm18_L,,,,ol_intrinsic,L,,SIFa_to_target,male-cns:v1.0,other,L
512245,15153,2,2,GNG631,GNG631_L,,,,cb_intrinsic,L,,SIFa_to_target,male-cns:v1.0,other,L
512245,15197,1,1,AVLP725m,AVLP725m_L,,,,cb_intrinsic,L,,SIFa_to_target,male-cns:v1.0,other,L
512245,15258,4,3,AVLP112,AVLP112_R,AVLP112,,,cb_intrinsic,R,,SIFa_to_target,male-cns:v1.0,other,R
512245,15320,1,1,PRW055,PRW055_L,,,,cb_intrinsic,L,,SIFa_to_target,male-cns:v1.0,other,L
512245,15345,2,2,AVLP139,AVLP139_L,AVLP139,,,cb_intrinsic,L,,SIFa_to_target,male-cns:v1.0,other,L
512245,15407,2,2,MeVP17,MeVP17_L,,,,visual_projection,L,,SIFa_to_target,male-cns:v1.0,other,L
512245,15423,1,1,Dm18,Dm18_L,,,,ol_intrinsic,L,,SIFa_to_target,male-cns:v1.0,other,L
512245,15485,1,1,DNge145,DNge145_L,,,xn,descending_neuron,L,,SIFa_to_target,male-cns:v1.0,other,L
512245,15488,1,1,Dm6,Dm6_L,,,,ol_intrinsic,L,,SIFa_to_target,male-cns:v1.0,other,L
512245,15514,5,4,AN27X013,AN27X013_R,,,XA,ascending_neuron,R,,SIFa_to_target,male-cns:v1.0,other,R
512245,15531,1,1,AVLP124,AVLP124_L,AVLP124,,,cb_intrinsic,L,,SIFa_to_target,male-cns:v1.0,other,L
512245,15567,1,1,GNG578,GNG578_L,,,,cb_intrinsic,L,,SIFa_to_target,male-cns:v1.0,other,L
512245,15612,1,1,GNG592,GNG592_R,,,,cb_intrinsic,R,,SIFa_to_target,male-cns:v1.0,other,R
512245,15662,1,1,lLN2R_a,lLN2R_a_L,lLN2R_a,ALLN,,cb_intrinsic,L,,SIFa_to_target,male-cns:v1.0,other,L
512245,15668,1,1,LPT114,LPT114_L,,,,visual_centrifugal,L,,SIFa_to_target,male-cns:v1.0,other,L
512245,15683,1,1,aMe4,aMe4_L,aMe4,,,visual_centrifugal,L,,SIFa_to_target,male-cns:v1.0,other,L
512245,15700,1,1,Dm13,Dm13_L,,,,ol_intrinsic,L,,SIFa_to_target,male-cns:v1.0,other,L
512245,15831,1,1,AVLP605,AVLP605_M,,,,cb_intrinsic,M,,SIFa_to_target,male-cns:v1.0,other,unknown
512245,15835,1,1,DNp25,DNp25_L,DNp25,,xn,descending_neuron,L,,SIFa_to_target,male-cns:v1.0,other,L
512245,15877,1,1,PS221,PS221_L,PS221,,,cb_intrinsic,L,,SIFa_to_target,male-cns:v1.0,other,L
512245,15904,1,1,Delta7,Delta7(PB15)_L4R5_R,Delta7,CX,,cb_intrinsic,R,,SIFa_to_target,male-cns:v1.0,other,R
512245,15945,1,1,DNpe035,DNpe035(SMP601)_R,SMP601,,xn,descending_neuron,R,,SIFa_to_target,male-cns:v1.0,other,R
512245,15965,1,1,CB4118,CB4118_L,,,,cb_intrinsic,L,,SIFa_to_target,male-cns:v1.0,other,L
512245,16030,1,1,AVLP451,AVLP451_L,AVLP451,,,cb_intrinsic,L,,SIFa_to_target,male-cns:v1.0,other,L
512245,16048,1,1,GNG125,GNG125_R,,,,cb_intrinsic,R,,SIFa_to_target,male-cns:v1.0,other,R
512245,16070,2,2,Mi19,Mi19_L,,,,ol_intrinsic,L,,SIFa_to_target,male-cns:v1.0,other,L
512245,16080,1,1,AVLP323,AVLP323_L,AVLP323,,,cb_intrinsic,L,,SIFa_to_target,male-cns:v1.0,other,L
512245,16168,1,1,GNG343,GNG343_L,,,,cb_intrinsic,M,,SIFa_to_target,male-cns:v1.0,other,L
512245,16174,1,1,AN17B009,AN17B009_L,,,BA,ascending_neuron,L,,SIFa_to_target,male-cns:v1.0,other,L
512245,16183,1,1,PRW064,PRW064_L,,,,cb_intrinsic,L,,SIFa_to_target,male-cns:v1.0,other,L
512245,16200,1,1,AN08B024,AN08B024(16189)_R,,,BA,ascending_neuron,R,,SIFa_to_target,male-cns:v1.0,other,R
512245,16331,1,1,GNG452,GNG452_L,,,,cb_intrinsic,L,,SIFa_to_target,male-cns:v1.0,other,L
512245,16360,2,2,EPG,EPG(PB08)_L6,EPG,CX,,cb_intrinsic,L,,SIFa_to_target,male-cns:v1.0,other,unknown
512245,16411,1,1,AVLP203_a,AVLP203_a_R,AVLP203,,,cb_intrinsic,R,,SIFa_to_target,male-cns:v1.0,other,R
512245,16433,1,1,VC4_adPN,VC4_adPN_L,VC4_adPN,ALPN,,cb_intrinsic,L,,SIFa_to_target,male-cns:v1.0,other,L
512245,16456,1,1,,,,,,cb_intrinsic,L,,SIFa_to_target,male-cns:v1.0,other,unknown
512245,16460,2,2,lLN2T_b,lLN2T_b(Tortuous)_R,lLN2T_b,ALLN,,cb_intrinsic,R,,SIFa_to_target,male-cns:v1.0,other,R
512245,16563,1,1,AN19B028,AN19B028_R,,,BA,ascending_neuron,R,,SIFa_to_target,male-cns:v1.0,other,R
512245,16569,1,1,AN05B097,AN05B097_R,,,BA,ascending_neuron,R,,SIFa_to_target,male-cns:v1.0,other,R
512245,16631,1,1,AVLP113,AVLP113_L,AVLP113,,,cb_intrinsic,L,,SIFa_to_target,male-cns:v1.0,other,L
512245,16656,1,1,,,,,,cb_intrinsic,L,,SIFa_to_target,male-cns:v1.0,other,unknown
512245,16695,1,1,GNG065,GNG065_L,,,,cb_intrinsic,L,,SIFa_to_target,male-cns:v1.0,other,L
512245,16794,1,1,GNG016,GNG016_R,,,,cb_intrinsic,R,,SIFa_to_target,male-cns:v1.0,other,R
512245,16855,2,2,CB1932,CB1932_R,,,,cb_intrinsic,R,,SIFa_to_target,male-cns:v1.0,other,R
512245,16887,1,1,AVLP259,AVLP259_R,AVLP259,,,cb_intrinsic,R,,SIFa_to_target,male-cns:v1.0,other,R
512245,16931,1,1,SAD073,SAD073_R,SAD073,,,cb_intrinsic,R,,SIFa_to_target,male-cns:v1.0,other,R
512245,16977,2,2,ANXXX098,ANXXX098(16336)_R,,,BA,ascending_neuron,R,,SIFa_to_target,male-cns:v1.0,other,R
512245,17013,2,1,Dm13,Dm13_L,,,,ol_intrinsic,L,,SIFa_to_target,male-cns:v1.0,other,L
512245,17095,2,1,SAD079,SAD079_L,SAD079,,,cb_intrinsic,L,,SIFa_to_target,male-cns:v1.0,other,L
512245,17138,1,1,MeLo10,MeLo10_L,,,,ol_intrinsic,L,,SIFa_to_target,male-cns:v1.0,other,L
512245,17183,1,1,GNG058,GNG058_L,,,,cb_intrinsic,L,,SIFa_to_target,male-cns:v1.0,other,L
512245,17233,1,1,GNG139,GNG139_L,,,,cb_intrinsic,L,,SIFa_to_target,male-cns:v1.0,other,L
512245,17311,1,1,Dm14,Dm14_L,,,,ol_intrinsic,L,,SIFa_to_target,male-cns:v1.0,other,L
512245,17325,26,24,lLN2P_a,lLN2P_a_L,lLN2P_a,ALLN,,cb_intrinsic,L,,SIFa_to_target,male-cns:v1.0,other,L
512245,17390,2,2,aMe4,aMe4_L,aMe4,,,visual_centrifugal,L,,SIFa_to_target,male-cns:v1.0,other,L
512245,17517,1,1,AVLP722m,AVLP722m_L,,,,cb_intrinsic,L,,SIFa_to_target,male-cns:v1.0,other,L
512245,17540,2,2,DL2v_adPN,DL2v_adPN_L,DL2v_adPN,ALPN,,cb_intrinsic,L,,SIFa_to_target,male-cns:v1.0,other,L
512245,17559,1,1,AVLP341,AVLP341_L,AVLP341,,,cb_intrinsic,L,,SIFa_to_target,male-cns:v1.0,other,L
512245,17569,1,1,VC3_adPN,VC3_adPN_L,VC3l_adPN,ALPN,,cb_intrinsic,L,,SIFa_to_target,male-cns:v1.0,other,L
512245,17591,1,1,ER4d,ER4d_R,ER4d,CX,,cb_intrinsic,R,,SIFa_to_target,male-cns:v1.0,other,R
512245,17616,1,1,PVLP123,PVLP123_R,PVLP124,,,cb_intrinsic,R,,SIFa_to_target,male-cns:v1.0,other,R
512245,17618,1,1,AVLP761m,AVLP761m_L,,,,cb_intrinsic,L,,SIFa_to_target,male-cns:v1.0,other,L
512245,17672,1,1,SMP741,SMP741_L,,,,cb_intrinsic,L,,SIFa_to_target,male-cns:v1.0,other,L
512245,17673,1,1,Tm1,Tm1_L,,,,ol_intrinsic,L,,SIFa_to_target,male-cns:v1.0,other,L
512245,17711,2,2,PVLP201m_d,PVLP201m_d_R,,,,cb_intrinsic,R,,SIFa_to_target,male-cns:v1.0,other,R
512245,17742,1,1,Cm26,Cm26_L,,,,ol_intrinsic,L,,SIFa_to_target,male-cns:v1.0,other,L
512245,17784,1,1,AVLP024_b,AVLP024_b_L,AVLP024,,,cb_intrinsic,L,,SIFa_to_target,male-cns:v1.0,other,L
512245,17811,2,2,AVLP102,AVLP102_R,AVLP102,,,cb_intrinsic,R,,SIFa_to_target,male-cns:v1.0,other,R
512245,17869,2,2,AVLP111,AVLP111_R,AVLP111,,,cb_intrinsic,R,,SIFa_to_target,male-cns:v1.0,other,R
512245,17898,4,4,AVLP102,AVLP102_L,AVLP102,,,cb_intrinsic,L,,SIFa_to_target,male-cns:v1.0,other,L
512245,18000,1,1,CB3673b,CB3673b_L,,,,cb_intrinsic,L,,SIFa_to_target,male-cns:v1.0,other,L
512245,18016,7,7,lLN2P_c,lLN2T_a(Tortuous)_R,lLN2P_c,ALLN,,cb_intrinsic,R,,SIFa_to_target,male-cns:v1.0,other,R
512245,18090,1,1,CB4180,CB4180_R,,,,cb_intrinsic,R,,SIFa_to_target,male-cns:v1.0,other,R
512245,18165,13,12,lLN2P_b,lLN2P_b_L,lLN2P_b,ALLN,,cb_intrinsic,L,,SIFa_to_target,male-cns:v1.0,other,L
512245,18196,1,1,PRW016,PRW016_R,,,,cb_intrinsic,R,,SIFa_to_target,male-cns:v1.0,other,R
512245,18203,1,1,CB3417,CB3417_R,,ALLN,,cb_intrinsic,R,,SIFa_to_target,male-cns:v1.0,other,R
512245,18216,1,1,Dm13,Dm13_R,,,,ol_intrinsic,R,,SIFa_to_target,male-cns:v1.0,other,R
512245,18228,1,1,Dm13,Dm13_R,,,,ol_intrinsic,R,,SIFa_to_target,male-cns:v1.0,other,R
512245,18233,1,1,AVLP612,AVLP612_L,,,,cb_intrinsic,L,,SIFa_to_target,male-cns:v1.0,other,L
512245,18240,1,1,TmY15,TmY15_L,,,,ol_intrinsic,L,,SIFa_to_target,male-cns:v1.0,other,L
512245,18275,1,1,CL128a,CL128a_L,,,,cb_intrinsic,L,,SIFa_to_target,male-cns:v1.0,other,L
512245,18332,1,1,v2LN3A,v2LN3A_R,v2LN3A,ALLN,,cb_intrinsic,R,,SIFa_to_target,male-cns:v1.0,other,R
512245,18431,3,3,SAD077,SAD077_L,SAD077,,,cb_intrinsic,L,,SIFa_to_target,male-cns:v1.0,other,L
512245,18608,1,1,CB1973,CB1973_R,,,,cb_intrinsic,R,,SIFa_to_target,male-cns:v1.0,other,R
512245,18705,1,1,AVLP040,AVLP040_R,AVLP040,,,cb_intrinsic,R,,SIFa_to_target,male-cns:v1.0,other,R
512245,18716,2,2,CB3245,CB3245_R,,,,cb_intrinsic,R,,SIFa_to_target,male-cns:v1.0,other,R
512245,18722,1,1,CB4083,CB4083_L,,ALLN,,cb_intrinsic,L,,SIFa_to_target,male-cns:v1.0,other,L
512245,18726,11,11,lLN2P_c,lLN2P_c_L,lLN2P_c,ALLN,,cb_intrinsic,L,,SIFa_to_target,male-cns:v1.0,other,L
512245,18730,24,23,lLN2P_b,lLN2P_b_L,lLN2P_b,ALLN,,cb_intrinsic,L,,SIFa_to_target,male-cns:v1.0,other,L
512245,18804,2,2,AN09B012,AN09B012(14794)_L,,,CA,ascending_neuron,L,,SIFa_to_target,male-cns:v1.0,other,L
512245,18834,1,1,VM7d_adPN,VM7d_adPN_L,VM7d_adPN,ALPN,,cb_intrinsic,L,,SIFa_to_target,male-cns:v1.0,other,L
512245,18871,1,1,GNG245,GNG245_R,,,,cb_intrinsic,R,,SIFa_to_target,male-cns:v1.0,other,R
512245,18881,1,1,L1,L1_L,,,,ol_intrinsic,L,,SIFa_to_target,male-cns:v1.0,other,L
512245,18882,2,2,CB2478,CB2478_R,,,,cb_intrinsic,R,,SIFa_to_target,male-cns:v1.0,other,R
512245,18956,1,1,LAL171,LAL171_R,LAL171,,,cb_intrinsic,R,,SIFa_to_target,male-cns:v1.0,other,R
512245,19033,2,1,AVLP139,AVLP139_L,AVLP139,,,cb_intrinsic,L,,SIFa_to_target,male-cns:v1.0,other,L
512245,19042,1,1,PVLP099,PVLP099_R,PVLP099,,,cb_intrinsic,R,,SIFa_to_target,male-cns:v1.0,other,R
512245,19048,1,1,CB1973,CB1973_L,,,,cb_intrinsic,L,,SIFa_to_target,male-cns:v1.0,other,L
512245,19094,1,1,Tm3,Tm3_L,,,,ol_intrinsic,L,,SIFa_to_target,male-cns:v1.0,other,L
512245,19116,2,2,PVLP046,PVLP046_L,PVLP046,,,visual_centrifugal,L,,SIFa_to_target,male-cns:v1.0,other,L
512245,19178,1,1,TmY19a,TmY19a_R,,,,ol_intrinsic,R,,SIFa_to_target,male-cns:v1.0,other,R
512245,19197,1,1,AN09B018,AN09B018_R,,,BA,ascending_neuron,R,,SIFa_to_target,male-cns:v1.0,other,R
512245,19221,1,1,CB2789,CB2789_L,,,,cb_intrinsic,L,,SIFa_to_target,male-cns:v1.0,other,L
512245,19303,1,1,Pm2b,Pm2b_L,,,,ol_intrinsic,L,,SIFa_to_target,male-cns:v1.0,other,L
512245,19413,2,2,AVLP099,AVLP099_L,AVLP099,,,cb_intrinsic,L,,SIFa_to_target,male-cns:v1.0,other,L
512245,19427,2,1,GNG219,GNG219_R,,,,cb_intrinsic,R,,SIFa_to_target,male-cns:v1.0,other,R
512245,19562,1,1,ALON2,ALON2_L,,ALON,,cb_intrinsic,L,,SIFa_to_target,male-cns:v1.0,other,L
512245,19638,2,2,CB1314,CB1314_L,,,,cb_intrinsic,L,,SIFa_to_target,male-cns:v1.0,other,L
512245,19658,1,1,PVLP074,PVLP074_L,PVLP074,,,cb_intrinsic,L,,SIFa_to_target,male-cns:v1.0,other,L
512245,19761,1,1,CB3649,CB3649_R,,,,cb_intrinsic,R,,SIFa_to_target,male-cns:v1.0,other,R
512245,19767,14,9,lLN2P_b,lLN2P_b_L,lLN2P_b,ALLN,,cb_intrinsic,L,,SIFa_to_target,male-cns:v1.0,other,L
512245,19769,1,1,AVLP346,AVLP346_L,AVLP346,,,cb_intrinsic,L,,SIFa_to_target,male-cns:v1.0,other,L
512245,19920,1,1,SMP514,SMP514_L,SMP514,,,cb_intrinsic,L,,SIFa_to_target,male-cns:v1.0,other,L
512245,19921,12,10,lLN2P_a,lLN2P_a_L,lLN2P_a,ALLN,,cb_intrinsic,L,,SIFa_to_target,male-cns:v1.0,other,L
512245,20068,1,1,WED055_b,WED055_b_R,WED055_b,,,cb_intrinsic,R,,SIFa_to_target,male-cns:v1.0,other,R
512245,20200,2,1,v2LN3A,v2LN3A_L,v2LN3A,ALLN,,cb_intrinsic,L,,SIFa_to_target,male-cns:v1.0,other,L
512245,20213,1,1,MeVP17,MeVP17_L,,,,visual_projection,L,,SIFa_to_target,male-cns:v1.0,other,L
512245,20402,18,17,lLN2P_b,lLN2P_b_L,lLN2P_b,ALLN,,cb_intrinsic,L,,SIFa_to_target,male-cns:v1.0,other,L
512245,20415,1,1,AVLP149,AVLP149_L,AVLP149,,,cb_intrinsic,L,,SIFa_to_target,male-cns:v1.0,other,L
512245,20451,1,1,VES097,VES097_R,,,,cb_intrinsic,R,,SIFa_to_target,male-cns:v1.0,other,R
512245,20454,4,4,AVLP264,AVLP264_L,AVLP264,,,cb_intrinsic,L,,SIFa_to_target,male-cns:v1.0,other,L
512245,20456,2,2,AN08B028,AN08B028(19280)_L,,,BA,ascending_neuron,L,,SIFa_to_target,male-cns:v1.0,other,L
512245,20486,1,1,MeVPLo2,MeVPLo2_L,,,,visual_projection,L,,SIFa_to_target,male-cns:v1.0,other,L
512245,20581,19,17,lLN2P_c,lLN2P_c_L,lLN2P_c,ALLN,,cb_intrinsic,L,,SIFa_to_target,male-cns:v1.0,other,L
512245,20620,11,8,lLN2P_b,lLN2P_b_L,lLN2P_b,ALLN,,cb_intrinsic,L,,SIFa_to_target,male-cns:v1.0,other,L
512245,20776,1,1,AVLP403,AVLP403_R,AVLP403,,,cb_intrinsic,R,,SIFa_to_target,male-cns:v1.0,other,R
512245,20811,3,3,CB0282,CB0282_R,,,,cb_intrinsic,R,,SIFa_to_target,male-cns:v1.0,other,R
512245,20822,1,1,SAD077,SAD077_L,SAD077,,,cb_intrinsic,L,,SIFa_to_target,male-cns:v1.0,other,L
512245,20834,3,2,CB1938,CB1938_R,,,,cb_intrinsic,R,,SIFa_to_target,male-cns:v1.0,other,R
512245,20879,1,1,AVLP261_a,AVLP261_a_L,AVLP261,,,cb_intrinsic,L,,SIFa_to_target,male-cns:v1.0,other,L
512245,21043,1,1,MeLo10,MeLo10_L,,,,ol_intrinsic,L,,SIFa_to_target,male-cns:v1.0,other,L
512245,21050,1,1,ANXXX174,ANXXX174(hb1978499214)_L,(hb1978499214),,CA,ascending_neuron,L,,SIFa_to_target,male-cns:v1.0,other,L
512245,21098,1,1,,,,,,cb_intrinsic,L,,SIFa_to_target,male-cns:v1.0,other,unknown
512245,21109,2,2,AVLP139,AVLP139_R,AVLP139,,,cb_intrinsic,R,,SIFa_to_target,male-cns:v1.0,other,R
512245,21179,1,1,ER2_a,ER2_a_R,ER2_a,CX,,cb_intrinsic,R,,SIFa_to_target,male-cns:v1.0,other,R
512245,21212,1,1,CB3305,CB3305_L,,,,cb_intrinsic,L,,SIFa_to_target,male-cns:v1.0,other,L
512245,21264,1,1,AVLP309,AVLP309_L,AVLP309,,,cb_intrinsic,L,,SIFa_to_target,male-cns:v1.0,other,L
512245,21340,2,2,CB2090,CB2090_R,,,,cb_intrinsic,R,,SIFa_to_target,male-cns:v1.0,other,R
512245,21515,1,1,,,,,,cb_intrinsic,R,,SIFa_to_target,male-cns:v1.0,other,unknown
512245,21531,1,1,WED047,WED047_R,WED047,,,cb_intrinsic,R,,SIFa_to_target,male-cns:v1.0,other,R
512245,21545,1,1,CB3305,CB3305_R,,,,cb_intrinsic,R,,SIFa_to_target,male-cns:v1.0,other,R
512245,21567,6,5,lLN2P_c,lLN2P_c_R,lLN2P_c,ALLN,,cb_intrinsic,R,,SIFa_to_target,male-cns:v1.0,other,R
512245,21606,1,1,AVLP103,AVLP103_R,AVLP103,,,cb_intrinsic,R,,SIFa_to_target,male-cns:v1.0,other,R
512245,21610,1,1,Lawf1,Lawf1_L,,,,ol_intrinsic,L,,SIFa_to_target,male-cns:v1.0,other,L
512245,21640,1,1,CB0929,CB0929_R,,,,cb_intrinsic,R,,SIFa_to_target,male-cns:v1.0,other,R
512245,21687,5,4,CB2228,CB2228_L,,,,cb_intrinsic,L,,SIFa_to_target,male-cns:v1.0,other,L
512245,21795,1,1,CL108,CL108_L,CL108,,,cb_intrinsic,L,,SIFa_to_target,male-cns:v1.0,other,L
512245,21870,1,1,AN10B022,AN10B022(21870)_L,,,BA,ascending_neuron,L,,SIFa_to_target,male-cns:v1.0,other,L
512245,22027,1,1,TmY3,TmY3_L,,,,ol_intrinsic,L,,SIFa_to_target,male-cns:v1.0,other,L
512245,22090,1,1,AN27X016,AN27X016_L,,,BA,ascending_neuron,L,,SIFa_to_target,male-cns:v1.0,other,L
512245,22166,20,19,lLN2P_c,lLN2P_c_L,lLN2P_c,ALLN,,cb_intrinsic,L,,SIFa_to_target,male-cns:v1.0,other,L
512245,22188,2,2,AVLP264,AVLP264_R,AVLP264,,,cb_intrinsic,R,,SIFa_to_target,male-cns:v1.0,other,R
512245,22217,1,1,CB1065,CB1065_R,,,,cb_intrinsic,R,,SIFa_to_target,male-cns:v1.0,other,R
512245,22243,20,19,lLN2P_c,lLN2P_c_L,lLN2P_c,ALLN,,cb_intrinsic,L,,SIFa_to_target,male-cns:v1.0,other,L
512245,22276,34,31,lLN2P_a,lLN2P_a_L,lLN2P_a,ALLN,,cb_intrinsic,L,,SIFa_to_target,male-cns:v1.0,other,L
512245,22327,1,1,Pm6,Pm6_L,,,,ol_intrinsic,L,,SIFa_to_target,male-cns:v1.0,other,L
512245,22395,2,2,CB2228,CB2228_L,,,,cb_intrinsic,L,,SIFa_to_target,male-cns:v1.0,other,L
512245,22441,1,1,CB2228,CB2228_L,,,,cb_intrinsic,L,,SIFa_to_target,male-cns:v1.0,other,L
512245,22494,1,1,VM5d_adPN,VM5d_adPN_L,VM5d_adPN,ALPN,,cb_intrinsic,L,,SIFa_to_target,male-cns:v1.0,other,L
512245,22502,1,1,Tm12,Tm12_L,,,,ol_intrinsic,L,,SIFa_to_target,male-cns:v1.0,other,L
512245,22548,1,1,AVLP349,AVLP349_R,AVLP349,,,cb_intrinsic,R,,SIFa_to_target,male-cns:v1.0,other,R
512245,22569,1,1,VM5d_adPN,VM5d_adPN_L,VM5d_adPN,ALPN,,cb_intrinsic,L,,SIFa_to_target,male-cns:v1.0,other,L
512245,22639,2,2,WED051,WED051_R,WED051,,,cb_intrinsic,R,,SIFa_to_target,male-cns:v1.0,other,R
512245,22736,1,1,AVLP121,AVLP121_R,AVLP121,,,cb_intrinsic,R,,SIFa_to_target,male-cns:v1.0,other,R
512245,22767,1,1,AVLP264,AVLP264_R,AVLP264,,,cb_intrinsic,R,,SIFa_to_target,male-cns:v1.0,other,R
512245,23035,2,2,WED166_d,WED166_d_R,"WED166_c,WED027",,,cb_intrinsic,R,,SIFa_to_target,male-cns:v1.0,other,R
512245,23066,2,2,Lawf1,Lawf1_L,,,,ol_intrinsic,L,,SIFa_to_target,male-cns:v1.0,other,L
512245,23191,3,3,SAD078,SAD078_L,SAD078,,,cb_intrinsic,L,,SIFa_to_target,male-cns:v1.0,other,L
512245,23209,1,1,PhG11,PhG11_L,,gustatory,pharyngeal sensillum,cb_sensory,,L,SIFa_to_target,male-cns:v1.0,other,L
512245,23343,1,1,CB3427,CB3427_L,,,,cb_intrinsic,L,,SIFa_to_target,male-cns:v1.0,other,L
512245,23387,1,1,,,,,,cb_intrinsic,L,,SIFa_to_target,male-cns:v1.0,other,unknown
512245,23401,1,1,lLN1_bc,lLN1_bc_L,"lLN1_b,lLN1_c",ALLN,,cb_intrinsic,L,,SIFa_to_target,male-cns:v1.0,other,L
512245,23477,2,2,lLN2X04,lLN2X04_L,,ALLN,,cb_intrinsic,L,,SIFa_to_target,male-cns:v1.0,other,L
512245,23489,1,1,GNG393,GNG393_L,,,,cb_intrinsic,L,,SIFa_to_target,male-cns:v1.0,other,L
512245,23512,1,1,CB1903,CB1903_R,,,,cb_intrinsic,R,,SIFa_to_target,male-cns:v1.0,other,R
512245,23544,3,3,WED072,WED072_R,WED072,,,cb_intrinsic,R,,SIFa_to_target,male-cns:v1.0,other,R
512245,23567,1,1,Cm11c,Cm11c_L,,,,ol_intrinsic,L,,SIFa_to_target,male-cns:v1.0,other,L
512245,23601,1,1,FB4Y,FB4Y_R,FB4Y,CX,,cb_intrinsic,R,,SIFa_to_target,male-cns:v1.0,other,R
512245,23608,2,2,SAD078,SAD078_L,SAD078,,,cb_intrinsic,L,,SIFa_to_target,male-cns:v1.0,other,L
512245,23624,6,6,L2,L2_L,,,,ol_intrinsic,L,,SIFa_to_target,male-cns:v1.0,other,L
512245,23730,1,1,CB2374,CB2374_L,,,,cb_intrinsic,L,,SIFa_to_target,male-cns:v1.0,other,L
512245,23732,1,1,M_lvPNm27,M_lvPNm27_L,M_lvPNm27,ALPN,BI,cb_intrinsic,L,,SIFa_to_target,male-cns:v1.0,other,L
512245,23851,4,4,AVLP139,AVLP139_R,AVLP139,,,cb_intrinsic,R,,SIFa_to_target,male-cns:v1.0,other,R
512245,23854,10,9,lLN2P_a,lLN2P_a_R,lLN2P_a,ALLN,,cb_intrinsic,R,,SIFa_to_target,male-cns:v1.0,other,R
512245,23881,2,2,AVLP404,AVLP404_L,AVLP404,,,cb_intrinsic,L,,SIFa_to_target,male-cns:v1.0,other,L
512245,24055,1,1,AVLP149,AVLP149_R,AVLP149,,,cb_intrinsic,R,,SIFa_to_target,male-cns:v1.0,other,R
512245,24135,1,1,Pm9,Pm9_L,,,,ol_intrinsic,L,,SIFa_to_target,male-cns:v1.0,other,L
512245,24148,1,1,WED114,WED114_R,WED114,,,cb_intrinsic,R,,SIFa_to_target,male-cns:v1.0,other,R
512245,24223,1,1,Dm1,Dm1_L,,,,ol_intrinsic,L,,SIFa_to_target,male-cns:v1.0,other,L
512245,24373,1,1,VES096,VES096_R,,,,cb_intrinsic,R,,SIFa_to_target,male-cns:v1.0,other,R
512245,24397,1,1,AVLP378,AVLP378_R,AVLP378,,,cb_intrinsic,R,,SIFa_to_target,male-cns:v1.0,other,R
512245,24475,1,1,L1,L1_L,,,,ol_intrinsic,L,,SIFa_to_target,male-cns:v1.0,other,L
512245,24521,1,1,AVLP104,AVLP104_L,AVLP104,,,cb_intrinsic,L,,SIFa_to_target,male-cns:v1.0,other,L
512245,24565,1,1,MeVP12,MeVP12_L,,,,visual_projection,L,,SIFa_to_target,male-cns:v1.0,other,L
512245,24580,1,1,Dm1,Dm1_L,,,,ol_intrinsic,L,,SIFa_to_target,male-cns:v1.0,other,L
512245,24624,1,1,TmY19a,TmY19a_L,,,,ol_intrinsic,L,,SIFa_to_target,male-cns:v1.0,other,L
512245,24635,1,1,WED047,WED047_R,WED047,,,cb_intrinsic,R,,SIFa_to_target,male-cns:v1.0,other,R
512245,24747,3,2,TmY3,TmY3_L,,,,ol_intrinsic,L,,SIFa_to_target,male-cns:v1.0,other,L
512245,24772,2,2,PVLP046,PVLP046_L,PVLP046,,,visual_centrifugal,L,,SIFa_to_target,male-cns:v1.0,other,L
512245,24825,1,1,CB1932,CB1932_R,,,,cb_intrinsic,R,,SIFa_to_target,male-cns:v1.0,other,R
512245,24828,5,5,lLN2P_b,lLN2P_b_R,lLN2P_b,ALLN,,cb_intrinsic,R,,SIFa_to_target,male-cns:v1.0,other,R
512245,24874,3,3,WED055_b,WED055_b_R,WED055_b,,,cb_intrinsic,R,,SIFa_to_target,male-cns:v1.0,other,R
512245,24957,1,1,Mi1,Mi1_L,,,,ol_intrinsic,L,,SIFa_to_target,male-cns:v1.0,other,L
512245,25064,1,1,T2,T2_L,,,,ol_intrinsic,L,,SIFa_to_target,male-cns:v1.0,other,L
512245,25081,1,1,v2LN3A1_b,v2LN3A1_b_R,,ALLN,,cb_intrinsic,R,,SIFa_to_target,male-cns:v1.0,other,R
512245,25112,1,1,,,,,,cb_intrinsic,L,,SIFa_to_target,male-cns:v1.0,other,unknown
512245,25226,1,1,Lawf1,Lawf1_L,,,,ol_intrinsic,L,,SIFa_to_target,male-cns:v1.0,other,L
512245,25652,1,1,AVLP136,AVLP136_L,AVLP136,,,cb_intrinsic,L,,SIFa_to_target,male-cns:v1.0,other,L
512245,25787,1,1,TmY14,TmY14_L,,,,visual_projection,L,,SIFa_to_target,male-cns:v1.0,other,L
512245,25790,1,1,AVLP037,AVLP037_R,AVLP037,,,cb_intrinsic,R,,SIFa_to_target,male-cns:v1.0,other,R
512245,25987,1,1,Cm11b,Cm11b_R,,,,ol_intrinsic,R,,SIFa_to_target,male-cns:v1.0,other,R
512245,26266,1,1,TmY14,TmY14_L,,,,visual_projection,L,,SIFa_to_target,male-cns:v1.0,other,L
512245,26270,1,1,Dm9,Dm9_R,,,,ol_intrinsic,R,,SIFa_to_target,male-cns:v1.0,other,R
512245,26309,2,2,Dm18,Dm18_L,,,,ol_intrinsic,L,,SIFa_to_target,male-cns:v1.0,other,L
512245,26440,2,2,AVLP377,AVLP377_R,AVLP377,,,cb_intrinsic,R,,SIFa_to_target,male-cns:v1.0,other,R
512245,26505,1,1,Lawf2,Lawf2_L,,,,ol_intrinsic,L,,SIFa_to_target,male-cns:v1.0,other,L
512245,26668,1,1,TmY3,TmY3_L,,,,ol_intrinsic,L,,SIFa_to_target,male-cns:v1.0,other,L
512245,26766,1,1,M_vPNml65,M_vPNml65_R,M_vPNml65,ALPN,,cb_intrinsic,R,,SIFa_to_target,male-cns:v1.0,other,R
512245,26845,1,1,DL2v_adPN,DL2v_adPN_L,DL2v_adPN,ALPN,,cb_intrinsic,L,,SIFa_to_target,male-cns:v1.0,other,L
512245,27010,1,1,CB0956,CB0956_L,,,,cb_intrinsic,L,,SIFa_to_target,male-cns:v1.0,other,L
512245,27166,2,2,PRW026,PRW026_L,,,,cb_intrinsic,L,,SIFa_to_target,male-cns:v1.0,other,L
512245,27416,7,6,lLN2P_b,lLN2P_b_R,lLN2P_b,ALLN,,cb_intrinsic,R,,SIFa_to_target,male-cns:v1.0,other,R
512245,27501,1,1,MeLo13,MeLo13_L,,,,ol_intrinsic,L,,SIFa_to_target,male-cns:v1.0,other,L
512245,27584,1,1,T1,T1_L,,,,ol_intrinsic,L,,SIFa_to_target,male-cns:v1.0,other,L
512245,27614,9,9,lLN2P_b,lLN2P_b_R,lLN2P_b,ALLN,,cb_intrinsic,R,,SIFa_to_target,male-cns:v1.0,other,R
512245,27816,1,1,ANXXX027,ANXXX027(27816)_R,,,CA,ascending_neuron,R,,SIFa_to_target,male-cns:v1.0,other,R
512245,27914,3,2,WED055_b,WED055_b_R,,,,cb_intrinsic,R,,SIFa_to_target,male-cns:v1.0,other,R
512245,28117,1,1,CB4116,CB4116_L,,,,cb_intrinsic,L,,SIFa_to_target,male-cns:v1.0,other,L
512245,28154,1,1,,,,,,cb_intrinsic,L,,SIFa_to_target,male-cns:v1.0,other,unknown
512245,28235,1,1,T2a,T2a_L,,,,ol_intrinsic,L,,SIFa_to_target,male-cns:v1.0,other,L
512245,28239,2,2,LPLC1,LPLC1_L,LPLC1,,,visual_projection,L,,SIFa_to_target,male-cns:v1.0,other,L
512245,28406,20,19,lLN2P_c,lLN2P_c_L,lLN2P_c,ALLN,,cb_intrinsic,L,,SIFa_to_target,male-cns:v1.0,other,L
512245,28522,1,1,ANXXX169,ANXXX169_R,,,BA,ascending_neuron,R,,SIFa_to_target,male-cns:v1.0,other,R
512245,28525,6,6,lLN2P_b,lLN2P_b_R,lLN2P_b,ALLN,,cb_intrinsic,R,,SIFa_to_target,male-cns:v1.0,other,R
512245,28574,1,1,CL253,CL253_L,CL253,,,cb_intrinsic,L,,SIFa_to_target,male-cns:v1.0,other,L
512245,28653,2,1,ANXXX136,ANXXX136_L,,,BA,ascending_neuron,L,,SIFa_to_target,male-cns:v1.0,other,L
512245,28660,1,1,L2,L2_L,,,,ol_intrinsic,L,,SIFa_to_target,male-cns:v1.0,other,L
512245,28680,1,1,VM5d_adPN,VM5d_adPN_L,VM5d_adPN,ALPN,,cb_intrinsic,L,,SIFa_to_target,male-cns:v1.0,other,L
512245,28821,1,1,TmY14,TmY14_L,,,,visual_projection,L,,SIFa_to_target,male-cns:v1.0,other,L
512245,28899,1,1,CB3909,CB3909_L,,,,cb_intrinsic,L,,SIFa_to_target,male-cns:v1.0,other,L
512245,28979,1,1,AVLP145,AVLP145_L,AVLP145,,,cb_intrinsic,L,,SIFa_to_target,male-cns:v1.0,other,L
512245,28981,1,1,TmY15,TmY15_L,,,,ol_intrinsic,L,,SIFa_to_target,male-cns:v1.0,other,L
512245,29176,1,1,DL2v_adPN,DL2v_adPN_R,DL2v_adPN,ALPN,,cb_intrinsic,R,,SIFa_to_target,male-cns:v1.0,other,R
512245,29178,1,1,TmY3,TmY3_L,,,,ol_intrinsic,L,,SIFa_to_target,male-cns:v1.0,other,L
512245,29244,1,1,M_lvPNm33,M_lvPNm33_L,M_lvPNm33,ALPN,,cb_intrinsic,L,,SIFa_to_target,male-cns:v1.0,other,L
512245,29334,1,1,AN09B018,AN09B018_R,,,BA,ascending_neuron,R,,SIFa_to_target,male-cns:v1.0,other,R
512245,29418,1,1,AVLP269_b,AVLP269_b_L,AVLP269,,,cb_intrinsic,L,,SIFa_to_target,male-cns:v1.0,other,L
512245,29547,1,1,CB1314,CB1314_R,,,,cb_intrinsic,R,,SIFa_to_target,male-cns:v1.0,other,R
512245,29923,2,2,AN19B044,AN19B044_L,,,BA,ascending_neuron,L,,SIFa_to_target,male-cns:v1.0,other,L
512245,30194,1,1,SAD013,SAD013_L,SAD013,,,cb_intrinsic,L,,SIFa_to_target,male-cns:v1.0,other,L
512245,30421,6,6,lLN2P_b,lLN2P_b_R,lLN2P_b,ALLN,,cb_intrinsic,R,,SIFa_to_target,male-cns:v1.0,other,R
512245,30435,1,1,Mi14,Mi14_L,,,,ol_intrinsic,L,,SIFa_to_target,male-cns:v1.0,other,L
512245,30532,2,2,CB2558,CB2558_L,,,,cb_intrinsic,L,,SIFa_to_target,male-cns:v1.0,other,L
512245,30923,1,1,TmY3,TmY3_R,,,,ol_intrinsic,R,,SIFa_to_target,male-cns:v1.0,other,R
512245,30971,1,1,Tm3,Tm3_L,,,,ol_intrinsic,L,,SIFa_to_target,male-cns:v1.0,other,L
512245,31054,1,1,AN10B027,AN10B027(31054)_L,,,CA,ascending_neuron,L,,SIFa_to_target,male-cns:v1.0,other,L
512245,31415,1,1,TmY3,TmY3_L,,,,ol_intrinsic,L,,SIFa_to_target,male-cns:v1.0,other,L
512245,31674,1,1,AMMC033,AMMC033_L,,,,cb_intrinsic,L,,SIFa_to_target,male-cns:v1.0,other,L
512245,31712,1,1,ANXXX150,ANXXX150_L,,,BA,ascending_neuron,L,,SIFa_to_target,male-cns:v1.0,other,L
512245,31762,2,2,Tm5Y,Tm5Y_L,,,,ol_intrinsic,L,,SIFa_to_target,male-cns:v1.0,other,L
512245,31810,1,1,AVLP377,AVLP377_R,AVLP377,,,cb_intrinsic,R,,SIFa_to_target,male-cns:v1.0,other,R
512245,31908,1,1,Lawf1,Lawf1_L,,,,ol_intrinsic,L,,SIFa_to_target,male-cns:v1.0,other,L
512245,31966,2,2,AN10B027,AN10B027(31966)_R,,,CA,ascending_neuron,R,,SIFa_to_target,male-cns:v1.0,other,R
512245,31980,1,1,AVLP459,AVLP459_L,AVLP459,,,cb_intrinsic,L,,SIFa_to_target,male-cns:v1.0,other,L
512245,32137,2,2,MeLo3b,MeLo3b_L,,,,ol_intrinsic,L,,SIFa_to_target,male-cns:v1.0,other,L
512245,32370,1,1,Mi1,Mi1_L,,,,ol_intrinsic,L,,SIFa_to_target,male-cns:v1.0,other,L
512245,32592,2,2,AN10B027,AN10B027(31966)_L,,,CA,ascending_neuron,L,,SIFa_to_target,male-cns:v1.0,other,L
512245,32702,1,1,CB2257,CB2257_R,,,,cb_intrinsic,R,,SIFa_to_target,male-cns:v1.0,other,R
512245,32881,1,1,AN10B027,AN10B027(32881)_R,,,CA,ascending_neuron,R,,SIFa_to_target,male-cns:v1.0,other,R
512245,32903,3,3,TmY3,TmY3_L,,,,ol_intrinsic,L,,SIFa_to_target,male-cns:v1.0,other,L
512245,32967,2,2,CB2228,CB2228_R,,,,cb_intrinsic,R,,SIFa_to_target,male-cns:v1.0,other,R
512245,33009,1,1,WED118,WED118_R,WED118,,,cb_intrinsic,R,,SIFa_to_target,male-cns:v1.0,other,R
512245,33162,2,2,AVLP145,AVLP145_R,AVLP145,,,cb_intrinsic,R,,SIFa_to_target,male-cns:v1.0,other,R
512245,33278,1,1,CB1447,CB1447_R,,,,cb_intrinsic,R,,SIFa_to_target,male-cns:v1.0,other,R
512245,33583,1,1,AVLP145,AVLP145_R,AVLP145,,,cb_intrinsic,R,,SIFa_to_target,male-cns:v1.0,other,R
512245,33764,1,1,Lawf1,Lawf1_L,,,,ol_intrinsic,L,,SIFa_to_target,male-cns:v1.0,other,L
512245,33889,1,1,Lawf2,Lawf2_L,,,,ol_intrinsic,L,,SIFa_to_target,male-cns:v1.0,other,L
512245,34087,3,3,Tm2,Tm2_L,,,,ol_intrinsic,L,,SIFa_to_target,male-cns:v1.0,other,L
512245,34216,1,1,TmY14,TmY14_L,,,,visual_projection,L,,SIFa_to_target,male-cns:v1.0,other,L
512245,34365,2,2,TmY3,TmY3_L,,,,ol_intrinsic,L,,SIFa_to_target,male-cns:v1.0,other,L
512245,34371,1,1,TmY9a,TmY9a_L,,,,ol_intrinsic,L,,SIFa_to_target,male-cns:v1.0,other,L
512245,34539,1,1,AN10B027,AN10B027(32881)_L,,,CA,ascending_neuron,L,,SIFa_to_target,male-cns:v1.0,other,L
512245,34683,3,3,AN09B037,AN09B037_R,,,BA,ascending_neuron,R,,SIFa_to_target,male-cns:v1.0,other,R
512245,34835,1,1,Lawf2,Lawf2_L,,,,ol_intrinsic,L,,SIFa_to_target,male-cns:v1.0,other,L
512245,35066,1,1,TmY3,TmY3_L,,,,ol_intrinsic,L,,SIFa_to_target,male-cns:v1.0,other,L
512245,35196,13,12,lLN2P_a,lLN2P_a_L,lLN2P_a,ALLN,,cb_intrinsic,L,,SIFa_to_target,male-cns:v1.0,other,L
512245,35261,3,3,VES020,VES020_R,VES020,,,cb_intrinsic,R,,SIFa_to_target,male-cns:v1.0,other,R
512245,35930,1,1,CB0533,CB0533_L,,,,cb_intrinsic,L,,SIFa_to_target,male-cns:v1.0,other,L
512245,36247,1,1,TmY3,TmY3_L,,,,ol_intrinsic,L,,SIFa_to_target,male-cns:v1.0,other,L
512245,36422,1,1,PRW005,PRW005_L,,,,cb_intrinsic,L,,SIFa_to_target,male-cns:v1.0,other,L
512245,36430,1,1,MeVP2,MeVP2_L,,,,visual_projection,L,,SIFa_to_target,male-cns:v1.0,other,L
512245,36602,1,1,Tm37,Tm37_L,,,,ol_intrinsic,L,,SIFa_to_target,male-cns:v1.0,other,L
512245,36899,1,1,MeLo3a,MeLo3a_L,,,,ol_intrinsic,L,,SIFa_to_target,male-cns:v1.0,other,L
512245,36947,3,3,WED102,WED102_L,WED102,,,cb_intrinsic,L,,SIFa_to_target,male-cns:v1.0,other,L
512245,37001,1,1,Cm11a,Cm11a_L,,,,ol_intrinsic,L,,SIFa_to_target,male-cns:v1.0,other,L
512245,37369,1,1,MeLo3a,MeLo3a_L,,,,ol_intrinsic,L,,SIFa_to_target,male-cns:v1.0,other,L
512245,38296,1,1,CB2642,CB2642_L,,,,cb_intrinsic,L,,SIFa_to_target,male-cns:v1.0,other,L
512245,38432,1,1,TmY3,TmY3_L,,,,ol_intrinsic,L,,SIFa_to_target,male-cns:v1.0,other,L
512245,38846,1,1,LLPC2,LLPC2_L,"LLPC2a,LLPC2b,LLPC2c,LLPC2d",,,visual_projection,L,,SIFa_to_target,male-cns:v1.0,other,L
512245,38921,2,1,lLN9,lLN9_R,lLN9,ALLN,,cb_intrinsic,R,,SIFa_to_target,male-cns:v1.0,other,R
512245,38933,1,1,AVLP149,AVLP149_R,AVLP149,,,cb_intrinsic,R,,SIFa_to_target,male-cns:v1.0,other,R
512245,39322,1,1,Pm5,Pm5_L,,,,ol_intrinsic,L,,SIFa_to_target,male-cns:v1.0,other,L
512245,39420,2,2,T2,T2_L,,,,ol_intrinsic,L,,SIFa_to_target,male-cns:v1.0,other,L
512245,39629,1,1,Mi1,Mi1_R,,,,ol_intrinsic,R,,SIFa_to_target,male-cns:v1.0,other,R
512245,39681,1,1,Tm40,Tm40_L,,,,ol_intrinsic,L,,SIFa_to_target,male-cns:v1.0,other,L
512245,39692,1,1,TmY3,TmY3_R,,,,ol_intrinsic,R,,SIFa_to_target,male-cns:v1.0,other,R
512245,39831,1,1,Mi1,Mi1_L,,,,ol_intrinsic,L,,SIFa_to_target,male-cns:v1.0,other,L
512245,40090,1,1,TmY3,TmY3_L,,,,ol_intrinsic,L,,SIFa_to_target,male-cns:v1.0,other,L
512245,40178,1,1,Lawf1,Lawf1_L,,,,ol_intrinsic,L,,SIFa_to_target,male-cns:v1.0,other,L
512245,40205,1,1,CB1964,CB1964_L,,,,cb_intrinsic,L,,SIFa_to_target,male-cns:v1.0,other,L
512245,40334,1,1,Lawf2,Lawf2_L,,,,ol_intrinsic,L,,SIFa_to_target,male-cns:v1.0,other,L
512245,40466,1,1,PVLP033,PVLP033_L,PVLP033,,,cb_intrinsic,L,,SIFa_to_target,male-cns:v1.0,other,L
512245,40535,2,2,TmY3,TmY3_L,,,,ol_intrinsic,L,,SIFa_to_target,male-cns:v1.0,other,L
512245,40546,1,1,AVLP156,AVLP156_L,AVLP156,,,cb_intrinsic,L,,SIFa_to_target,male-cns:v1.0,other,L
512245,40687,1,1,Mi4,Mi4_L,,,,ol_intrinsic,L,,SIFa_to_target,male-cns:v1.0,other,L
512245,41265,1,1,TmY3,TmY3_L,,,,ol_intrinsic,L,,SIFa_to_target,male-cns:v1.0,other,L
512245,41671,1,1,TmY3,TmY3_R,,,,ol_intrinsic,R,,SIFa_to_target,male-cns:v1.0,other,R
512245,41765,1,1,Lawf1,Lawf1_L,,,,ol_intrinsic,L,,SIFa_to_target,male-cns:v1.0,other,L
512245,41802,1,1,TmY5a,TmY5a_L,,,,ol_intrinsic,L,,SIFa_to_target,male-cns:v1.0,other,L
512245,42254,1,1,Mi1,Mi1_L,,,,ol_intrinsic,L,,SIFa_to_target,male-cns:v1.0,other,L
512245,42426,1,1,lLN9,lLN9_L,lLN9,ALLN,,cb_intrinsic,L,,SIFa_to_target,male-cns:v1.0,other,L
512245,42988,1,1,TmY3,TmY3_L,,,,ol_intrinsic,L,,SIFa_to_target,male-cns:v1.0,other,L
512245,43077,1,1,Lawf1,Lawf1_L,,,,ol_intrinsic,L,,SIFa_to_target,male-cns:v1.0,other,L
512245,43216,1,1,M_lvPNm26,M_lvPNm26_L,M_lvPNm26,ALPN,,cb_intrinsic,L,,SIFa_to_target,male-cns:v1.0,other,L
512245,43293,1,1,GNG041,GNG041_L,,,,cb_intrinsic,L,,SIFa_to_target,male-cns:v1.0,other,L
512245,43334,1,1,TmY3,TmY3_R,,,,ol_intrinsic,R,,SIFa_to_target,male-cns:v1.0,other,R
512245,44216,1,1,GNG094,GNG094_L,,,,cb_intrinsic,L,,SIFa_to_target,male-cns:v1.0,other,L
512245,44824,1,1,Mi4,Mi4_L,,,,ol_intrinsic,L,,SIFa_to_target,male-cns:v1.0,other,L
512245,44854,1,1,Dm10,Dm10_L,,,,ol_intrinsic,L,,SIFa_to_target,male-cns:v1.0,other,L
512245,44903,1,1,FB4M,FB4M(PPM3-FB3/4-NO-DAN)_L,FB4M,CX,,cb_intrinsic,L,,SIFa_to_target,male-cns:v1.0,DAN,L
512245,44995,1,1,M_lPNm11D,M_lPNm11D_R,M_lPNm11D,ALPN,,cb_intrinsic,R,,SIFa_to_target,male-cns:v1.0,other,R
512245,45100,2,1,TmY3,TmY3_L,,,,ol_intrinsic,L,,SIFa_to_target,male-cns:v1.0,other,L
512245,45572,1,1,Cm20,Cm20_L,,,,ol_intrinsic,L,,SIFa_to_target,male-cns:v1.0,other,L
512245,45700,1,1,GNG471,GNG471_L,,,,cb_intrinsic,L,,SIFa_to_target,male-cns:v1.0,other,L
512245,45745,1,1,Lawf2,Lawf2_L,,,,ol_intrinsic,L,,SIFa_to_target,male-cns:v1.0,other,L
512245,46137,2,2,Dm1,Dm1_L,,,,ol_intrinsic,L,,SIFa_to_target,male-cns:v1.0,other,L
512245,46153,1,1,GNG482,GNG482_R,,,,cb_intrinsic,R,,SIFa_to_target,male-cns:v1.0,other,R
512245,46221,2,1,CB1638,CB1638_R,,,,cb_intrinsic,R,,SIFa_to_target,male-cns:v1.0,other,R
512245,46244,1,1,Y3,Y3_L,,,,ol_intrinsic,L,,SIFa_to_target,male-cns:v1.0,other,L
512245,46329,5,5,Mi1,Mi1_L,,,,ol_intrinsic,L,,SIFa_to_target,male-cns:v1.0,other,L
512245,46389,2,1,Dm10,Dm10_L,,,,ol_intrinsic,L,,SIFa_to_target,male-cns:v1.0,other,L
512245,46771,1,1,Tm2,Tm2_R,,,,ol_intrinsic,R,,SIFa_to_target,male-cns:v1.0,other,R
512245,46913,1,1,Lat3,Lat3_L,,,,ol_intrinsic,L,,SIFa_to_target,male-cns:v1.0,other,L
512245,47368,1,1,TmY3,TmY3_R,,,,ol_intrinsic,R,,SIFa_to_target,male-cns:v1.0,other,R
512245,47696,1,1,TmY3,TmY3_R,,,,ol_intrinsic,R,,SIFa_to_target,male-cns:v1.0,other,R
512245,47726,1,1,CL203,CL203_L,CL203,,,cb_intrinsic,L,,SIFa_to_target,male-cns:v1.0,other,L
512245,47815,1,1,Dm1,Dm1_L,,,,ol_intrinsic,L,,SIFa_to_target,male-cns:v1.0,other,L
512245,48425,1,1,Mi17,Mi17_L,,,,ol_intrinsic,L,,SIFa_to_target,male-cns:v1.0,other,L
512245,48666,1,1,Tm5b,Tm5b_L,,,,ol_intrinsic,L,,SIFa_to_target,male-cns:v1.0,other,L
512245,48802,1,1,Lawf1,Lawf1_L,,,,ol_intrinsic,L,,SIFa_to_target,male-cns:v1.0,other,L
512245,48861,1,1,,,,,,cb_intrinsic,L,,SIFa_to_target,male-cns:v1.0,other,unknown
512245,49035,1,1,Dm10,Dm10_L,,,,ol_intrinsic,L,,SIFa_to_target,male-cns:v1.0,other,L
512245,49240,1,1,TmY3,TmY3_L,,,,ol_intrinsic,L,,SIFa_to_target,male-cns:v1.0,other,L
512245,49379,1,1,Lawf1,Lawf1_L,,,,ol_intrinsic,L,,SIFa_to_target,male-cns:v1.0,other,L
512245,49407,1,1,Dm10,Dm10_L,,,,ol_intrinsic,L,,SIFa_to_target,male-cns:v1.0,other,L
512245,49693,8,7,AVLP545,AVLP545_L,AVLP545,,,cb_intrinsic,L,,SIFa_to_target,male-cns:v1.0,other,L
512245,49942,2,2,TmY3,TmY3_R,,,,ol_intrinsic,R,,SIFa_to_target,male-cns:v1.0,other,R
512245,50178,1,1,M_vPNml76,M_vPNml76_L,M_vPNml76,ALPN,,cb_intrinsic,L,,SIFa_to_target,male-cns:v1.0,other,L
512245,50191,1,1,ANXXX007,ANXXX007_L,,,BA,ascending_neuron,L,,SIFa_to_target,male-cns:v1.0,other,L
512245,50219,1,1,Cm8,Cm8_R,,,,ol_intrinsic,R,,SIFa_to_target,male-cns:v1.0,other,R
512245,50248,1,1,Tm2,Tm2_R,,,,ol_intrinsic,R,,SIFa_to_target,male-cns:v1.0,other,R
512245,50981,2,1,VP1l+_lvPN,VP1l+_lvPN_L,VP1l+_lvPN,ALPN,,cb_intrinsic,L,,SIFa_to_target,male-cns:v1.0,other,L
512245,51359,1,1,Tm3,Tm3_L,,,,ol_intrinsic,L,,SIFa_to_target,male-cns:v1.0,other,L
512245,51395,1,1,TmY3,TmY3_L,,,,ol_intrinsic,L,,SIFa_to_target,male-cns:v1.0,other,L
512245,51476,8,7,Tm1,Tm1_L,,,,ol_intrinsic,L,,SIFa_to_target,male-cns:v1.0,other,L
512245,52112,1,1,ANXXX074,ANXXX074_L,,,BA,ascending_neuron,L,,SIFa_to_target,male-cns:v1.0,other,L
512245,52368,2,2,Dm10,Dm10_L,,,,ol_intrinsic,L,,SIFa_to_target,male-cns:v1.0,other,L
512245,52400,1,1,TmY3,TmY3_L,,,,ol_intrinsic,L,,SIFa_to_target,male-cns:v1.0,other,L
512245,52535,1,1,SMP520,SMP520_L,SMP520,,,cb_intrinsic,L,,SIFa_to_target,male-cns:v1.0,other,L
512245,52548,1,1,TmY3,TmY3_L,,,,ol_intrinsic,L,,SIFa_to_target,male-cns:v1.0,other,L
512245,52721,1,1,Dm1,Dm1_L,,,,ol_intrinsic,L,,SIFa_to_target,male-cns:v1.0,other,L
512245,53038,1,1,MeVP2,MeVP2_L,,,,visual_projection,L,,SIFa_to_target,male-cns:v1.0,other,L
512245,53109,1,1,Dm-DRA1,Dm-DRA1_L,,,,ol_intrinsic,L,,SIFa_to_target,male-cns:v1.0,other,L
512245,53156,3,3,TmY3,TmY3_R,,,,ol_intrinsic,R,,SIFa_to_target,male-cns:v1.0,other,R
512245,53187,1,1,Dm8a,Dm8a_L,,,,ol_intrinsic,L,,SIFa_to_target,male-cns:v1.0,other,L
512245,53255,1,1,Mi4,Mi4_R,,,,ol_intrinsic,R,,SIFa_to_target,male-cns:v1.0,other,R
512245,53292,1,1,T1,T1_L,,,,ol_intrinsic,L,,SIFa_to_target,male-cns:v1.0,other,L
512245,53648,1,1,Mi4,Mi4_R,,,,ol_intrinsic,R,,SIFa_to_target,male-cns:v1.0,other,R
512245,53711,1,1,Dm10,Dm10_L,,,,ol_intrinsic,L,,SIFa_to_target,male-cns:v1.0,other,L
512245,53791,2,2,SMP284_b,SMP284_b_L,SMP284,,,cb_intrinsic,L,,SIFa_to_target,male-cns:v1.0,other,L
512245,54011,1,1,SAxx01,SAxx01_R,,,,sensory_ascending,,R,SIFa_to_target,male-cns:v1.0,other,R
512245,54078,1,1,JO-A2,JO-A2_L,,mechanosensory,auditory,cb_sensory,,L,SIFa_to_target,male-cns:v1.0,other,L
512245,54104,1,1,LB1d,LB1d_L,,gustatory,labellar bristle,cb_sensory,,L,SIFa_to_target,male-cns:v1.0,other,L
512245,54118,1,1,PS072,PS072_L,PS072,,,cb_intrinsic,L,,SIFa_to_target,male-cns:v1.0,other,L
512245,54136,3,3,Dm1,Dm1_L,,,,ol_intrinsic,L,,SIFa_to_target,male-cns:v1.0,other,L
512245,54209,1,1,MeLo3a,MeLo3a_R,,,,ol_intrinsic,R,,SIFa_to_target,male-cns:v1.0,other,R
512245,54242,1,1,GNG443,GNG443_L,,,,cb_intrinsic,L,,SIFa_to_target,male-cns:v1.0,other,L
512245,54287,1,1,Tm3,Tm3_L,,,,ol_intrinsic,L,,SIFa_to_target,male-cns:v1.0,other,L
512245,54500,1,1,C3,C3_L,,,,ol_intrinsic,L,,SIFa_to_target,male-cns:v1.0,other,L
512245,54547,1,1,TmY3,TmY3_L,,,,ol_intrinsic,L,,SIFa_to_target,male-cns:v1.0,other,L
512245,54774,1,1,ANXXX169,ANXXX169_L,,,BA,ascending_neuron,L,,SIFa_to_target,male-cns:v1.0,other,L
512245,55426,1,1,GNG387,GNG387_L,,,,cb_intrinsic,L,,SIFa_to_target,male-cns:v1.0,other,L
512245,56674,1,1,Tm5b,Tm5b_L,,,,ol_intrinsic,L,,SIFa_to_target,male-cns:v1.0,other,L
512245,56984,1,1,TmY3,TmY3_R,,,,ol_intrinsic,R,,SIFa_to_target,male-cns:v1.0,other,R
512245,57118,1,1,T1,T1_L,,,,ol_intrinsic,L,,SIFa_to_target,male-cns:v1.0,other,L
512245,57268,1,1,Cm11b,Cm11b_L,,,,ol_intrinsic,L,,SIFa_to_target,male-cns:v1.0,other,L
512245,57406,1,1,Mi14,Mi14_R,,,,ol_intrinsic,R,,SIFa_to_target,male-cns:v1.0,other,R
512245,57783,1,1,lLN12A,lLN12A_R,lLN12A,ALLN,,cb_intrinsic,R,,SIFa_to_target,male-cns:v1.0,other,R
512245,58024,1,1,Dm4,Dm4_L,,,,ol_intrinsic,L,,SIFa_to_target,male-cns:v1.0,other,L
512245,58068,1,1,MeLo9,MeLo9_L,,,,ol_intrinsic,L,,SIFa_to_target,male-cns:v1.0,other,L
512245,58131,1,1,Mi1,Mi1_L,,,,ol_intrinsic,L,,SIFa_to_target,male-cns:v1.0,other,L
512245,58196,1,1,TmY3,TmY3_R,,,,ol_intrinsic,R,,SIFa_to_target,male-cns:v1.0,other,R
512245,58414,2,2,SAD077,SAD077_L,SAD077,,,cb_intrinsic,L,,SIFa_to_target,male-cns:v1.0,other,L
512245,58896,1,1,GNG050,GNG050_L,,,,cb_intrinsic,L,,SIFa_to_target,male-cns:v1.0,other,L
512245,59281,1,1,L1,L1_L,,,,ol_intrinsic,L,,SIFa_to_target,male-cns:v1.0,other,L
512245,59464,2,2,Dm10,Dm10_L,,,,ol_intrinsic,L,,SIFa_to_target,male-cns:v1.0,other,L
512245,59489,1,1,WED035,WED035_L,WED035,,,cb_intrinsic,L,,SIFa_to_target,male-cns:v1.0,other,L
512245,59782,1,1,Tm3,Tm3_L,,,,ol_intrinsic,L,,SIFa_to_target,male-cns:v1.0,other,L
512245,59931,1,1,Tm5b,Tm5b_L,,,,ol_intrinsic,L,,SIFa_to_target,male-cns:v1.0,other,L
512245,60017,1,1,DL2d_vPN,DL2d_vPN_L,DL2d_vPN,ALPN,,cb_intrinsic,L,,SIFa_to_target,male-cns:v1.0,other,L
512245,60136,1,1,Dm8b,Dm8b_L,,,,ol_intrinsic,L,,SIFa_to_target,male-cns:v1.0,other,L
512245,60623,1,1,lLN9,lLN9_R,lLN9,ALLN,,cb_intrinsic,R,,SIFa_to_target,male-cns:v1.0,other,R
512245,60844,1,1,Mi4,Mi4_L,,,,ol_intrinsic,L,,SIFa_to_target,male-cns:v1.0,other,L
512245,60868,1,1,TmY20,TmY20_L,,,,ol_intrinsic,L,,SIFa_to_target,male-cns:v1.0,other,L
512245,60941,1,1,TmY3,TmY3_L,,,,ol_intrinsic,L,,SIFa_to_target,male-cns:v1.0,other,L
512245,61002,1,1,Dm10,Dm10_L,,,,ol_intrinsic,L,,SIFa_to_target,male-cns:v1.0,other,L
512245,61479,1,1,Cm11b,Cm11b_L,,,,ol_intrinsic,L,,SIFa_to_target,male-cns:v1.0,other,L
512245,61594,1,1,MeTu3b,MeTu3b_L,"MC61,MC64",,,visual_projection,L,,SIFa_to_target,male-cns:v1.0,other,L
512245,61673,1,1,Dm8b,Dm8b_L,,,,ol_intrinsic,L,,SIFa_to_target,male-cns:v1.0,other,L
512245,61877,1,1,Mi14,Mi14_R,,,,ol_intrinsic,R,,SIFa_to_target,male-cns:v1.0,other,R
512245,62271,1,1,Mi10,Mi10_L,,,,ol_intrinsic,L,,SIFa_to_target,male-cns:v1.0,other,L
512245,62612,1,1,MeLo3a,MeLo3a_L,,,,ol_intrinsic,L,,SIFa_to_target,male-cns:v1.0,other,L
512245,62749,1,1,TmY3,TmY3_R,,,,ol_intrinsic,R,,SIFa_to_target,male-cns:v1.0,other,R
512245,62838,1,1,TmY3,TmY3_R,,,,ol_intrinsic,R,,SIFa_to_target,male-cns:v1.0,other,R
512245,62959,1,1,Dm10,Dm10_L,,,,ol_intrinsic,L,,SIFa_to_target,male-cns:v1.0,other,L
512245,63082,1,1,TmY3,TmY3_L,,,,ol_intrinsic,L,,SIFa_to_target,male-cns:v1.0,other,L
512245,63276,1,1,Mi14,Mi14_R,,,,ol_intrinsic,R,,SIFa_to_target,male-cns:v1.0,other,R
512245,63555,1,1,Dm10,Dm10_R,,,,ol_intrinsic,R,,SIFa_to_target,male-cns:v1.0,other,R
512245,63672,1,1,Tm5c,Tm5c_L,,,,ol_intrinsic,L,,SIFa_to_target,male-cns:v1.0,other,L
512245,63869,1,1,Tm5Y,Tm5Y_L,,,,ol_intrinsic,L,,SIFa_to_target,male-cns:v1.0,other,L
512245,63871,1,1,Cm3,Cm3_R,,,,ol_intrinsic,R,,SIFa_to_target,male-cns:v1.0,other,R
512245,63877,1,1,Dm10,Dm10_R,,,,ol_intrinsic,R,,SIFa_to_target,male-cns:v1.0,other,R
512245,63895,1,1,L5,L5_L,,,,ol_intrinsic,L,,SIFa_to_target,male-cns:v1.0,other,L
512245,64056,1,1,Mi14,Mi14_L,,,,ol_intrinsic,L,,SIFa_to_target,male-cns:v1.0,other,L
512245,64125,2,1,T2,T2_L,,,,ol_intrinsic,L,,SIFa_to_target,male-cns:v1.0,other,L
512245,64466,2,2,Dm10,Dm10_L,,,,ol_intrinsic,L,,SIFa_to_target,male-cns:v1.0,other,L
512245,64515,1,1,Cm7,Cm7_L,,,,ol_intrinsic,L,,SIFa_to_target,male-cns:v1.0,other,L
512245,64597,1,1,Mi14,Mi14_R,,,,ol_intrinsic,R,,SIFa_to_target,male-cns:v1.0,other,R
512245,64628,3,3,Dm10,Dm10_R,,,,ol_intrinsic,R,,SIFa_to_target,male-cns:v1.0,other,R
512245,64958,2,2,Mi1,Mi1_L,,,,ol_intrinsic,L,,SIFa_to_target,male-cns:v1.0,other,L
512245,65089,3,2,Tm6,Tm6_L,,,,ol_intrinsic,L,,SIFa_to_target,male-cns:v1.0,other,L
512245,65360,1,1,MeLo9,MeLo9_L,,,,ol_intrinsic,L,,SIFa_to_target,male-cns:v1.0,other,L
512245,65538,1,1,Dm10,Dm10_R,,,,ol_intrinsic,R,,SIFa_to_target,male-cns:v1.0,other,R
512245,65748,1,1,Cm3,Cm3_L,,,,ol_intrinsic,L,,SIFa_to_target,male-cns:v1.0,other,L
512245,65938,1,1,TmY18,TmY18_L,,,,ol_intrinsic,L,,SIFa_to_target,male-cns:v1.0,other,L
512245,66176,1,1,Dm8b,Dm8b_L,,,,ol_intrinsic,L,,SIFa_to_target,male-cns:v1.0,other,L
512245,66401,1,1,Tm5c,Tm5c_R,,,,ol_intrinsic,R,,SIFa_to_target,male-cns:v1.0,other,R
512245,66585,1,1,Dm8a,Dm8a_R,,,,ol_intrinsic,R,,SIFa_to_target,male-cns:v1.0,other,R
512245,66643,1,1,Dm10,Dm10_L,,,,ol_intrinsic,L,,SIFa_to_target,male-cns:v1.0,other,L
512245,66653,1,1,Cm11a,Cm11a_R,,,,ol_intrinsic,R,,SIFa_to_target,male-cns:v1.0,other,R
512245,66912,1,1,AVLP155_a,AVLP155_a_L,AVLP155,,,cb_intrinsic,L,,SIFa_to_target,male-cns:v1.0,other,L
512245,67052,2,1,lLN2T_b,lLN2T_b(Tortuous)_R,lLN2T_b,ALLN,,cb_intrinsic,R,,SIFa_to_target,male-cns:v1.0,other,R
512245,67168,2,2,GNG183,GNG183_L,,,,cb_intrinsic,L,,SIFa_to_target,male-cns:v1.0,other,L
512245,67284,2,2,MeTu3c,MeTu3c_R,"MC61,MC64",,,visual_projection,R,,SIFa_to_target,male-cns:v1.0,other,R
512245,67338,1,1,T2,T2_R,,,,ol_intrinsic,R,,SIFa_to_target,male-cns:v1.0,other,R
512245,67508,1,1,TmY3,TmY3_L,,,,ol_intrinsic,L,,SIFa_to_target,male-cns:v1.0,other,L
512245,67590,1,1,Dm10,Dm10_R,,,,ol_intrinsic,R,,SIFa_to_target,male-cns:v1.0,other,R
512245,67810,1,1,Tm3,Tm3_R,,,,ol_intrinsic,R,,SIFa_to_target,male-cns:v1.0,other,R
512245,68131,1,1,Mi14,Mi14_L,,,,ol_intrinsic,L,,SIFa_to_target,male-cns:v1.0,other,L
512245,68333,1,1,Dm10,Dm10_R,,,,ol_intrinsic,R,,SIFa_to_target,male-cns:v1.0,other,R
512245,68668,5,5,AVLP103,AVLP103_L,AVLP103,,,cb_intrinsic,L,,SIFa_to_target,male-cns:v1.0,other,L
512245,69045,2,1,PRW043,PRW043_L,,,,cb_intrinsic,L,,SIFa_to_target,male-cns:v1.0,other,L
512245,69436,1,1,Dm10,Dm10_R,,,,ol_intrinsic,R,,SIFa_to_target,male-cns:v1.0,other,R
512245,69442,2,2,TmY3,TmY3_L,,,,ol_intrinsic,L,,SIFa_to_target,male-cns:v1.0,other,L
512245,69451,1,1,T2,T2_L,,,,ol_intrinsic,L,,SIFa_to_target,male-cns:v1.0,other,L
512245,69770,1,1,Mi14,Mi14_L,,,,ol_intrinsic,L,,SIFa_to_target,male-cns:v1.0,other,L
512245,69943,1,1,Tm3,Tm3_L,,,,ol_intrinsic,L,,SIFa_to_target,male-cns:v1.0,other,L
512245,70065,2,2,T2,T2_L,,,,ol_intrinsic,L,,SIFa_to_target,male-cns:v1.0,other,L
512245,70505,3,2,Mi14,Mi14_L,,,,ol_intrinsic,L,,SIFa_to_target,male-cns:v1.0,other,L
512245,71016,1,1,Dm10,Dm10_R,,,,ol_intrinsic,R,,SIFa_to_target,male-cns:v1.0,other,R
512245,71049,1,1,Dm10,Dm10_R,,,,ol_intrinsic,R,,SIFa_to_target,male-cns:v1.0,other,R
512245,71157,1,1,CB3513,CB3513_L,,,,cb_intrinsic,L,,SIFa_to_target,male-cns:v1.0,other,L
512245,71310,2,1,Mi4,Mi4_L,,,,ol_intrinsic,L,,SIFa_to_target,male-cns:v1.0,other,L
512245,71445,1,1,Dm8a,Dm8a_L,,,,ol_intrinsic,L,,SIFa_to_target,male-cns:v1.0,other,L
512245,71686,1,1,TmY3,TmY3_L,,,,ol_intrinsic,L,,SIFa_to_target,male-cns:v1.0,other,L
512245,71846,1,1,Mi4,Mi4_L,,,,ol_intrinsic,L,,SIFa_to_target,male-cns:v1.0,other,L
512245,71929,1,1,T2,T2_R,,,,ol_intrinsic,R,,SIFa_to_target,male-cns:v1.0,other,R
512245,72211,2,1,MeLo9,MeLo9_L,,,,ol_intrinsic,L,,SIFa_to_target,male-cns:v1.0,other,L
512245,72446,1,1,Dm10,Dm10_L,,,,ol_intrinsic,L,,SIFa_to_target,male-cns:v1.0,other,L
512245,72470,1,1,TmY3,TmY3_L,,,,ol_intrinsic,L,,SIFa_to_target,male-cns:v1.0,other,L
512245,72503,1,1,Mi14,Mi14_L,,,,ol_intrinsic,L,,SIFa_to_target,male-cns:v1.0,other,L
512245,72627,1,1,Mi4,Mi4_L,,,,ol_intrinsic,L,,SIFa_to_target,male-cns:v1.0,other,L
512245,72839,1,1,Tm3,Tm3_R,,,,ol_intrinsic,R,,SIFa_to_target,male-cns:v1.0,other,R
512245,73317,1,1,T2,T2_L,,,,ol_intrinsic,L,,SIFa_to_target,male-cns:v1.0,other,L
512245,73362,2,1,TmY3,TmY3_L,,,,ol_intrinsic,L,,SIFa_to_target,male-cns:v1.0,other,L
512245,73492,2,2,DM4_vPN,DM4_vPN_R,DM4_vPN,ALPN,,cb_intrinsic,R,,SIFa_to_target,male-cns:v1.0,other,R
512245,73647,1,1,PS072,PS072_L,PS072,,,cb_intrinsic,L,,SIFa_to_target,male-cns:v1.0,other,L
512245,73699,1,1,TmY3,TmY3_L,,,,ol_intrinsic,L,,SIFa_to_target,male-cns:v1.0,other,L
512245,73735,1,1,MeLo9,MeLo9_L,,,,ol_intrinsic,L,,SIFa_to_target,male-cns:v1.0,other,L
512245,74044,3,2,Tm3,Tm3_R,,,,ol_intrinsic,R,,SIFa_to_target,male-cns:v1.0,other,R
512245,74255,1,1,MeLo9,MeLo9_L,,,,ol_intrinsic,L,,SIFa_to_target,male-cns:v1.0,other,L
512245,74256,1,1,TmY3,TmY3_L,,,,ol_intrinsic,L,,SIFa_to_target,male-cns:v1.0,other,L
512245,75083,1,1,Dm10,Dm10_R,,,,ol_intrinsic,R,,SIFa_to_target,male-cns:v1.0,other,R
512245,75272,1,1,Dm8a,Dm8a_L,,,,ol_intrinsic,L,,SIFa_to_target,male-cns:v1.0,other,L
512245,75680,2,2,Dm10,Dm10_L,,,,ol_intrinsic,L,,SIFa_to_target,male-cns:v1.0,other,L
512245,76461,5,5,Tm1,Tm1_L,,,,ol_intrinsic,L,,SIFa_to_target,male-cns:v1.0,other,L
512245,76629,3,3,TmY3,TmY3_L,,,,ol_intrinsic,L,,SIFa_to_target,male-cns:v1.0,other,L
512245,77103,1,1,Mi14,Mi14_R,,,,ol_intrinsic,R,,SIFa_to_target,male-cns:v1.0,other,R
512245,77374,1,1,Dm8a,Dm8a_L,,,,ol_intrinsic,L,,SIFa_to_target,male-cns:v1.0,other,L
512245,77647,2,2,Dm10,Dm10_L,,,,ol_intrinsic,L,,SIFa_to_target,male-cns:v1.0,other,L
512245,77678,1,1,Mi14,Mi14_L,,,,ol_intrinsic,L,,SIFa_to_target,male-cns:v1.0,other,L
512245,77807,1,1,Cm3,Cm3_L,,,,ol_intrinsic,L,,SIFa_to_target,male-cns:v1.0,other,L
512245,77822,2,2,GNG419,GNG419_L,,,,cb_intrinsic,L,,SIFa_to_target,male-cns:v1.0,other,L
512245,77835,1,1,Dm10,Dm10_L,,,,ol_intrinsic,L,,SIFa_to_target,male-cns:v1.0,other,L
512245,77868,1,1,LB2a,LB2a_L,,gustatory,labellar bristle,cb_sensory,,L,SIFa_to_target,male-cns:v1.0,other,L
512245,77972,2,2,Tm3,Tm3_R,,,,ol_intrinsic,R,,SIFa_to_target,male-cns:v1.0,other,R
512245,78165,1,1,Cm5,Cm5_L,,,,ol_intrinsic,L,,SIFa_to_target,male-cns:v1.0,other,L
512245,78275,1,1,Dm10,Dm10_L,,,,ol_intrinsic,L,,SIFa_to_target,male-cns:v1.0,other,L
512245,78813,1,1,Pm4,Pm4_L,,,,ol_intrinsic,L,,SIFa_to_target,male-cns:v1.0,other,L
512245,78856,1,1,Tm3,Tm3_R,,,,ol_intrinsic,R,,SIFa_to_target,male-cns:v1.0,other,R
512245,79105,3,3,Dm10,Dm10_R,,,,ol_intrinsic,R,,SIFa_to_target,male-cns:v1.0,other,R
512245,79213,2,1,Dm10,Dm10_L,,,,ol_intrinsic,L,,SIFa_to_target,male-cns:v1.0,other,L
512245,79216,1,1,Tm37,Tm37_R,,,,ol_intrinsic,R,,SIFa_to_target,male-cns:v1.0,other,R
512245,79897,2,2,ANXXX202,ANXXX202_R,,,BA,ascending_neuron,R,,SIFa_to_target,male-cns:v1.0,other,R
512245,80121,1,1,Dm8a,Dm8a_L,,,,ol_intrinsic,L,,SIFa_to_target,male-cns:v1.0,other,L
512245,80443,1,1,Dm12,Dm12_L,,,,ol_intrinsic,L,,SIFa_to_target,male-cns:v1.0,other,L
512245,80933,1,1,TmY3,TmY3_L,,,,ol_intrinsic,L,,SIFa_to_target,male-cns:v1.0,other,L
512245,80936,1,1,MeLo9,MeLo9_L,,,,ol_intrinsic,L,,SIFa_to_target,male-cns:v1.0,other,L
512245,81619,1,1,Dm10,Dm10_R,,,,ol_intrinsic,R,,SIFa_to_target,male-cns:v1.0,other,R
512245,81946,1,1,Tm3,Tm3_L,,,,ol_intrinsic,L,,SIFa_to_target,male-cns:v1.0,other,L
512245,82009,1,1,v2LN3A1_b,v2LN3A1_b_R,,ALLN,,cb_intrinsic,R,,SIFa_to_target,male-cns:v1.0,other,R
512245,82131,1,1,AN10B045,AN10B045_L,,,BA,ascending_neuron,L,,SIFa_to_target,male-cns:v1.0,other,L
512245,82159,1,1,Cm3,Cm3_L,,,,ol_intrinsic,L,,SIFa_to_target,male-cns:v1.0,other,L
512245,82222,1,1,AVLP025,AVLP025_L,AVLP025,,,cb_intrinsic,L,,SIFa_to_target,male-cns:v1.0,other,L
512245,82434,1,1,Tm3,Tm3_L,,,,ol_intrinsic,L,,SIFa_to_target,male-cns:v1.0,other,L
512245,82926,1,1,TmY3,TmY3_L,,,,ol_intrinsic,L,,SIFa_to_target,male-cns:v1.0,other,L
512245,82969,1,1,Dm8b,Dm8b_R,,,,ol_intrinsic,R,,SIFa_to_target,male-cns:v1.0,other,R
512245,83323,1,1,Dm10,Dm10_L,,,,ol_intrinsic,L,,SIFa_to_target,male-cns:v1.0,other,L
512245,83968,2,2,CB2228,CB2228_R,,,,cb_intrinsic,R,,SIFa_to_target,male-cns:v1.0,other,R
512245,84141,5,4,T1,T1_L,,,,ol_intrinsic,L,,SIFa_to_target,male-cns:v1.0,other,L
512245,84405,1,1,T1,T1_L,,,,ol_intrinsic,L,,SIFa_to_target,male-cns:v1.0,other,L
512245,84608,4,4,T1,T1_L,,,,ol_intrinsic,L,,SIFa_to_target,male-cns:v1.0,other,L
512245,85318,1,1,MeTu1,MeTu1_L,"MC61,MC64",,,visual_projection,L,,SIFa_to_target,male-cns:v1.0,other,L
512245,85447,2,2,T2a,T2a_L,,,,ol_intrinsic,L,,SIFa_to_target,male-cns:v1.0,other,L
512245,85548,1,1,MeLo9,MeLo9_L,,,,ol_intrinsic,L,,SIFa_to_target,male-cns:v1.0,other,L
512245,85733,1,1,AVLP348,AVLP348_L,AVLP348,,,cb_intrinsic,L,,SIFa_to_target,male-cns:v1.0,other,L
512245,86003,2,1,Tm3,Tm3_L,,,,ol_intrinsic,L,,SIFa_to_target,male-cns:v1.0,other,L
512245,86388,1,1,Dm9,Dm9_L,,,,ol_intrinsic,L,,SIFa_to_target,male-cns:v1.0,other,L
512245,87705,1,1,Tm5c,Tm5c_L,,,,ol_intrinsic,L,,SIFa_to_target,male-cns:v1.0,other,L
512245,87866,1,1,Tm3,Tm3_L,,,,ol_intrinsic,L,,SIFa_to_target,male-cns:v1.0,other,L
512245,88091,1,1,SMP510,SMP510_L,SMP510,,,cb_intrinsic,L,,SIFa_to_target,male-cns:v1.0,other,L
512245,88205,6,6,Tm20,Tm20_L,,,,ol_intrinsic,L,,SIFa_to_target,male-cns:v1.0,other,L
512245,88217,2,2,Cm8,Cm8_L,,,,ol_intrinsic,L,,SIFa_to_target,male-cns:v1.0,other,L
512245,88456,2,2,Dm10,Dm10_L,,,,ol_intrinsic,L,,SIFa_to_target,male-cns:v1.0,other,L
512245,88480,1,1,Tm5b,Tm5b_L,,,,ol_intrinsic,L,,SIFa_to_target,male-cns:v1.0,other,L
512245,89117,1,1,Dm10,Dm10_L,,,,ol_intrinsic,L,,SIFa_to_target,male-cns:v1.0,other,L
512245,89638,2,2,GNG232,GNG232_L,,,,cb_intrinsic,L,,SIFa_to_target,male-cns:v1.0,other,L
512245,89663,2,2,Tm12,Tm12_R,,,,ol_intrinsic,R,,SIFa_to_target,male-cns:v1.0,other,R
512245,90256,1,1,Mi4,Mi4_L,,,,ol_intrinsic,L,,SIFa_to_target,male-cns:v1.0,other,L
512245,90606,1,1,Tm29,Tm29_L,,,,ol_intrinsic,L,,SIFa_to_target,male-cns:v1.0,other,L
512245,90647,1,1,Dm10,Dm10_L,,,,ol_intrinsic,L,,SIFa_to_target,male-cns:v1.0,other,L
512245,90669,1,1,AN10B045,AN10B045_L,,,,ascending_neuron,L,,SIFa_to_target,male-cns:v1.0,other,L
512245,91008,1,1,Dm10,Dm10_L,,,,ol_intrinsic,L,,SIFa_to_target,male-cns:v1.0,other,L
512245,91126,1,1,AVLP401,AVLP401_L,AVLP401,,,cb_intrinsic,L,,SIFa_to_target,male-cns:v1.0,other,L
512245,91190,1,1,LPT111,LPT111_L,LT71,,,visual_centrifugal,L,,SIFa_to_target,male-cns:v1.0,other,L
512245,93748,1,1,Dm10,Dm10_R,,,,ol_intrinsic,R,,SIFa_to_target,male-cns:v1.0,other,R
512245,94768,1,1,Tm3,Tm3_L,,,,ol_intrinsic,L,,SIFa_to_target,male-cns:v1.0,other,L
512245,96233,1,1,Dm8a,Dm8a_L,,,,ol_intrinsic,L,,SIFa_to_target,male-cns:v1.0,other,L
512245,96316,1,1,Mi15,Mi15_R,,,,ol_intrinsic,R,,SIFa_to_target,male-cns:v1.0,other,R
512245,96662,1,1,Dm8b,Dm8b_R,,,,ol_intrinsic,R,,SIFa_to_target,male-cns:v1.0,other,R
512245,96674,5,5,TmY3,TmY3_L,,,,ol_intrinsic,L,,SIFa_to_target,male-cns:v1.0,other,L
512245,97628,1,1,Tm3,Tm3_L,,,,ol_intrinsic,L,,SIFa_to_target,male-cns:v1.0,other,L
512245,97705,1,1,Dm10,Dm10_L,,,,ol_intrinsic,L,,SIFa_to_target,male-cns:v1.0,other,L
512245,97754,1,1,Cm11a,Cm11a_L,,,,ol_intrinsic,L,,SIFa_to_target,male-cns:v1.0,other,L
512245,98021,1,1,Dm10,Dm10_L,,,,ol_intrinsic,L,,SIFa_to_target,male-cns:v1.0,other,L
512245,98221,1,1,Dm10,Dm10_L,,,,ol_intrinsic,L,,SIFa_to_target,male-cns:v1.0,other,L
512245,99062,1,1,Dm8b,Dm8b_R,,,,ol_intrinsic,R,,SIFa_to_target,male-cns:v1.0,other,R
512245,99080,1,1,CB3326,CB3326_L,,ALLN,,cb_intrinsic,L,,SIFa_to_target,male-cns:v1.0,other,L
512245,99224,1,1,TmY3,TmY3_L,,,,ol_intrinsic,L,,SIFa_to_target,male-cns:v1.0,other,L
512245,99327,1,1,AN06B039,AN06B039_R,,,CA,ascending_neuron,R,,SIFa_to_target,male-cns:v1.0,other,R
512245,99682,1,1,LAL133_d,LAL133_d_R,LAL133,,,cb_intrinsic,R,,SIFa_to_target,male-cns:v1.0,other,R
512245,99977,1,1,v2LN34E,v2LN34E_R,v2LN34E,ALLN,,cb_intrinsic,R,,SIFa_to_target,male-cns:v1.0,other,R
512245,100419,1,1,T1,T1_L,,,,ol_intrinsic,L,,SIFa_to_target,male-cns:v1.0,other,L
512245,100613,1,1,Dm10,Dm10_L,,,,ol_intrinsic,L,,SIFa_to_target,male-cns:v1.0,other,L
512245,100821,1,1,Tm1,Tm1_L,,,,ol_intrinsic,L,,SIFa_to_target,male-cns:v1.0,other,L
512245,101046,1,1,Dm9,Dm9_L,,,,ol_intrinsic,L,,SIFa_to_target,male-cns:v1.0,other,L
512245,101116,1,1,Cm15,Cm15_L,,,,ol_intrinsic,L,,SIFa_to_target,male-cns:v1.0,other,L
512245,101238,1,1,GNG419,GNG419_R,,,,cb_intrinsic,R,,SIFa_to_target,male-cns:v1.0,other,R
512245,101588,1,1,Tm5b,Tm5b_L,,,,ol_intrinsic,L,,SIFa_to_target,male-cns:v1.0,other,L
512245,101657,1,1,ORN_VM7d,ORN_VM7d_L,ORN_VM7d,olfactory,,cb_sensory,,L,SIFa_to_target,male-cns:v1.0,other,L
512245,101920,1,1,L5,L5_R,,,,ol_intrinsic,R,,SIFa_to_target,male-cns:v1.0,other,R
512245,101942,1,1,ORN_DP1l,ORN_DP1l_L,ORN_DP1l,olfactory,,cb_sensory,,L,SIFa_to_target,male-cns:v1.0,other,L
512245,101950,2,2,MeLo9,MeLo9_L,,,,ol_intrinsic,L,,SIFa_to_target,male-cns:v1.0,other,L
512245,102545,1,1,AVLP087,AVLP087_L,AVLP087,,,cb_intrinsic,L,,SIFa_to_target,male-cns:v1.0,other,L
512245,102558,1,1,v2LN39a,v2LN39a_L,,ALLN,,cb_intrinsic,L,,SIFa_to_target,male-cns:v1.0,other,L
512245,103492,1,1,Dm9,Dm9_L,,,,ol_intrinsic,L,,SIFa_to_target,male-cns:v1.0,other,L
512245,105005,1,1,TmY10,TmY10_L,,,,ol_intrinsic,L,,SIFa_to_target,male-cns:v1.0,other,L
512245,105922,1,1,WED103,WED103_L,WED103,,,cb_intrinsic,L,,SIFa_to_target,male-cns:v1.0,other,L
512245,106136,3,3,Dm10,Dm10_L,,,,ol_intrinsic,L,,SIFa_to_target,male-cns:v1.0,other,L
512245,106248,1,1,TmY18,TmY18_L,,,,ol_intrinsic,L,,SIFa_to_target,male-cns:v1.0,other,L
512245,107203,2,2,Dm10,Dm10_R,,,,ol_intrinsic,R,,SIFa_to_target,male-cns:v1.0,other,R
512245,107214,1,1,Mi16,Mi16_L,,,,ol_intrinsic,L,,SIFa_to_target,male-cns:v1.0,other,L
512245,107264,1,1,CB3103,CB3103_L,,,,cb_intrinsic,L,,SIFa_to_target,male-cns:v1.0,other,L
512245,108454,1,1,T2,T2_L,,,,ol_intrinsic,L,,SIFa_to_target,male-cns:v1.0,other,L
512245,108915,2,2,Dm10,Dm10_L,,,,ol_intrinsic,L,,SIFa_to_target,male-cns:v1.0,other,L
512245,109098,3,3,Dm10,Dm10_L,,,,ol_intrinsic,L,,SIFa_to_target,male-cns:v1.0,other,L
512245,109437,1,1,Tm3,Tm3_L,,,,ol_intrinsic,L,,SIFa_to_target,male-cns:v1.0,other,L
512245,110429,1,1,AN10B045,AN10B045_R,,,BA,ascending_neuron,R,,SIFa_to_target,male-cns:v1.0,other,R
512245,110807,1,1,Mi9,Mi9_L,,,,ol_intrinsic,L,,SIFa_to_target,male-cns:v1.0,other,L
512245,111470,1,1,Dm10,Dm10_L,,,,ol_intrinsic,L,,SIFa_to_target,male-cns:v1.0,other,L
512245,111689,2,2,ORN_D,ORN_D_L,ORN_D,olfactory,,cb_sensory,,L,SIFa_to_target,male-cns:v1.0,other,L
512245,111703,1,1,TmY18,TmY18_R,,,,ol_intrinsic,R,,SIFa_to_target,male-cns:v1.0,other,R
512245,111706,2,1,Dm10,Dm10_L,,,,ol_intrinsic,L,,SIFa_to_target,male-cns:v1.0,other,L
512245,111716,1,1,Tm37,Tm37_L,,,,ol_intrinsic,L,,SIFa_to_target,male-cns:v1.0,other,L
512245,112103,3,3,WED103,WED103_L,WED103,,,cb_intrinsic,L,,SIFa_to_target,male-cns:v1.0,other,L
512245,112644,1,1,L5,L5_R,,,,ol_intrinsic,R,,SIFa_to_target,male-cns:v1.0,other,R
512245,112991,1,1,Cm12,Cm12_L,,,,ol_intrinsic,L,,SIFa_to_target,male-cns:v1.0,other,L
512245,113323,1,1,AN05B104,AN05B104_L,,,BA,ascending_neuron,L,,SIFa_to_target,male-cns:v1.0,other,L
512245,113602,1,1,Tm3,Tm3_L,,,,ol_intrinsic,L,,SIFa_to_target,male-cns:v1.0,other,L
512245,113796,1,1,Tm6,Tm6_L,,,,ol_intrinsic,L,,SIFa_to_target,male-cns:v1.0,other,L
512245,114019,2,2,Dm10,Dm10_L,,,,ol_intrinsic,L,,SIFa_to_target,male-cns:v1.0,other,L
512245,114558,1,1,L5,L5_L,,,,ol_intrinsic,L,,SIFa_to_target,male-cns:v1.0,other,L
512245,115144,1,1,Dm8a,Dm8a_R,,,,ol_intrinsic,R,,SIFa_to_target,male-cns:v1.0,other,R
512245,115515,1,1,T2a,T2a_L,,,,ol_intrinsic,L,,SIFa_to_target,male-cns:v1.0,other,L
512245,115777,1,1,Tm2,Tm2_L,,,,ol_intrinsic,L,,SIFa_to_target,male-cns:v1.0,other,L
512245,117112,1,1,LPi2e,LPi2e_L,,,,ol_intrinsic,L,,SIFa_to_target,male-cns:v1.0,other,L
512245,117166,2,2,Mi1,Mi1_L,,,,ol_intrinsic,L,,SIFa_to_target,male-cns:v1.0,other,L
512245,117584,1,1,Mi15,Mi15_R,,,,ol_intrinsic,R,,SIFa_to_target,male-cns:v1.0,other,R
512245,118153,1,1,TmY18,TmY18_L,,,,ol_intrinsic,L,,SIFa_to_target,male-cns:v1.0,other,L
512245,118666,1,1,Mi15,Mi15_R,,,,ol_intrinsic,R,,SIFa_to_target,male-cns:v1.0,other,R
512245,118946,1,1,Tm3,Tm3_L,,,,ol_intrinsic,L,,SIFa_to_target,male-cns:v1.0,other,L
512245,119834,1,1,TmY10,TmY10_L,,,,ol_intrinsic,L,,SIFa_to_target,male-cns:v1.0,other,L
512245,120784,1,1,TmY18,TmY18_R,,,,ol_intrinsic,R,,SIFa_to_target,male-cns:v1.0,other,R
512245,121365,1,1,MeLo10,MeLo10_L,,,,ol_intrinsic,L,,SIFa_to_target,male-cns:v1.0,other,L
512245,121728,3,2,Tm6,Tm6_L,,,,ol_intrinsic,L,,SIFa_to_target,male-cns:v1.0,other,L
512245,122345,1,1,Tm5b,Tm5b_R,,,,ol_intrinsic,R,,SIFa_to_target,male-cns:v1.0,other,R
512245,122587,1,1,HRN_VP4,HRN_VP4_L,HRN_VP4,hygrosensory,,cb_sensory,,L,SIFa_to_target,male-cns:v1.0,other,L
512245,122815,1,1,Mi1,Mi1_L,,,,ol_intrinsic,L,,SIFa_to_target,male-cns:v1.0,other,L
512245,123946,2,2,MeVP2,MeVP2_L,,,,visual_projection,L,,SIFa_to_target,male-cns:v1.0,other,L
512245,123968,1,1,ORN_DM4,ORN_DM4_R,ORN_DM4,olfactory,,cb_sensory,,R,SIFa_to_target,male-cns:v1.0,other,R
512245,124023,1,1,Cm2,Cm2_R,,,,ol_intrinsic,R,,SIFa_to_target,male-cns:v1.0,other,R
512245,124212,1,1,Cm2,Cm2_R,,,,ol_intrinsic,R,,SIFa_to_target,male-cns:v1.0,other,R
512245,125342,1,1,Tm5a,Tm5a_L,,,,ol_intrinsic,L,,SIFa_to_target,male-cns:v1.0,other,L
512245,126012,1,1,Tm5b,Tm5b_L,,,,ol_intrinsic,L,,SIFa_to_target,male-cns:v1.0,other,L
512245,126537,1,1,L5,L5_L,,,,ol_intrinsic,L,,SIFa_to_target,male-cns:v1.0,other,L
512245,126597,2,2,AN10B045,AN10B045_L,,,BA,ascending_neuron,L,,SIFa_to_target,male-cns:v1.0,other,L
512245,126708,1,1,Dm10,Dm10_L,,,,ol_intrinsic,L,,SIFa_to_target,male-cns:v1.0,other,L
512245,126786,1,1,Mi15,Mi15_L,,,,ol_intrinsic,L,,SIFa_to_target,male-cns:v1.0,other,L
512245,127037,1,1,Mi15,Mi15_L,,,,ol_intrinsic,L,,SIFa_to_target,male-cns:v1.0,other,L
512245,128066,2,2,Cm1,Cm1_R,,,,ol_intrinsic,R,,SIFa_to_target,male-cns:v1.0,other,R
512245,128399,1,1,T5c,T5c_L,,,,ol_intrinsic,L,,SIFa_to_target,male-cns:v1.0,other,L
512245,128818,1,1,Dm9,Dm9_L,,,,ol_intrinsic,L,,SIFa_to_target,male-cns:v1.0,other,L
512245,128943,1,1,Dm10,Dm10_R,,,,ol_intrinsic,R,,SIFa_to_target,male-cns:v1.0,other,R
512245,129072,1,1,Mi15,Mi15_L,,,,ol_intrinsic,L,,SIFa_to_target,male-cns:v1.0,other,L
512245,129139,1,1,Tm3,Tm3_L,,,,ol_intrinsic,L,,SIFa_to_target,male-cns:v1.0,other,L
512245,129933,1,1,Mi15,Mi15_R,,,,ol_intrinsic,R,,SIFa_to_target,male-cns:v1.0,other,R
512245,130073,1,1,T5c,T5c_L,,,,ol_intrinsic,L,,SIFa_to_target,male-cns:v1.0,other,L
512245,130239,1,1,Dm2,Dm2_R,,,,ol_intrinsic,R,,SIFa_to_target,male-cns:v1.0,other,R
512245,130279,5,5,lLN2P_b,lLN2P_b_R,lLN2P_b,ALLN,,cb_intrinsic,R,,SIFa_to_target,male-cns:v1.0,other,R
512245,130674,1,1,Tm3,Tm3_L,,,,ol_intrinsic,L,,SIFa_to_target,male-cns:v1.0,other,L
512245,132583,1,1,PhG1b,PhG1b_L,,gustatory,pharyngeal sensillum,cb_sensory,,L,SIFa_to_target,male-cns:v1.0,other,L
512245,133008,1,1,Cm2,Cm2_R,,,,ol_intrinsic,R,,SIFa_to_target,male-cns:v1.0,other,R
512245,133027,1,1,ORN_VM7d,ORN_VM7d_L,ORN_VM7d,olfactory,,cb_sensory,,L,SIFa_to_target,male-cns:v1.0,other,L
512245,133322,1,1,Dm10,Dm10_L,,,,ol_intrinsic,L,,SIFa_to_target,male-cns:v1.0,other,L
512245,133402,1,1,T5c,T5c_L,,,,ol_intrinsic,L,,SIFa_to_target,male-cns:v1.0,other,L
512245,133538,1,1,Tm2,Tm2_L,,,,ol_intrinsic,L,,SIFa_to_target,male-cns:v1.0,other,L
512245,133880,2,2,Mi15,Mi15_L,,,,ol_intrinsic,L,,SIFa_to_target,male-cns:v1.0,other,L
512245,134096,1,1,Dm10,Dm10_L,,,,ol_intrinsic,L,,SIFa_to_target,male-cns:v1.0,other,L
512245,134196,2,2,Mi15,Mi15_R,,,,ol_intrinsic,R,,SIFa_to_target,male-cns:v1.0,other,R
512245,134513,1,1,Mi15,Mi15_R,,,,ol_intrinsic,R,,SIFa_to_target,male-cns:v1.0,other,R
512245,135633,1,1,Tm5c,Tm5c_L,,,,ol_intrinsic,L,,SIFa_to_target,male-cns:v1.0,other,L
512245,136012,1,1,Tm5b,Tm5b_L,,,,ol_intrinsic,L,,SIFa_to_target,male-cns:v1.0,other,L
512245,136183,1,1,LB3a,LB3a_L,,gustatory,labellar bristle,cb_sensory,,L,SIFa_to_target,male-cns:v1.0,other,L
512245,136369,1,1,AN05B068,AN05B068_R,,,BA,ascending_neuron,R,,SIFa_to_target,male-cns:v1.0,other,R
512245,136867,1,1,Cm1,Cm1_L,,,,ol_intrinsic,L,,SIFa_to_target,male-cns:v1.0,other,L
512245,137114,1,1,SMP261,SMP261_R,SMP261,,,cb_intrinsic,R,,SIFa_to_target,male-cns:v1.0,other,R
512245,137770,1,1,PRW075,PRW075_L,,,,cb_intrinsic,L,,SIFa_to_target,male-cns:v1.0,other,L
512245,138384,1,1,WED103,WED103_L,WED103,,,cb_intrinsic,L,,SIFa_to_target,male-cns:v1.0,other,L
512245,140767,1,1,Tm20,Tm20_L,,,,ol_intrinsic,L,,SIFa_to_target,male-cns:v1.0,other,L
512245,140915,1,1,Tm4,Tm4_L,,,,ol_intrinsic,L,,SIFa_to_target,male-cns:v1.0,other,L
512245,141544,1,1,Tm26,Tm26_L,,,,ol_intrinsic,L,,SIFa_to_target,male-cns:v1.0,other,L
512245,143281,1,1,Dm10,Dm10_L,,,,ol_intrinsic,L,,SIFa_to_target,male-cns:v1.0,other,L
512245,143805,1,1,Tm6,Tm6_L,,,,ol_intrinsic,L,,SIFa_to_target,male-cns:v1.0,other,L
512245,143983,1,1,Tm5b,Tm5b_L,,,,ol_intrinsic,L,,SIFa_to_target,male-cns:v1.0,other,L
512245,144883,1,1,Tm12,Tm12_L,,,,ol_intrinsic,L,,SIFa_to_target,male-cns:v1.0,other,L
512245,144968,1,1,Dm8a,Dm8a_L,,,,ol_intrinsic,L,,SIFa_to_target,male-cns:v1.0,other,L
512245,146307,1,1,Tm3,Tm3_L,,,,ol_intrinsic,L,,SIFa_to_target,male-cns:v1.0,other,L
512245,146559,1,1,Cm1,Cm1_L,,,,ol_intrinsic,L,,SIFa_to_target,male-cns:v1.0,other,L
512245,148432,1,1,Dm16,Dm16_L,,,,ol_intrinsic,L,,SIFa_to_target,male-cns:v1.0,other,L
512245,149576,1,1,Dm2,Dm2_R,,,,ol_intrinsic,R,,SIFa_to_target,male-cns:v1.0,other,R
512245,149867,1,1,Dm2,Dm2_L,,,,ol_intrinsic,L,,SIFa_to_target,male-cns:v1.0,other,L
512245,149919,1,1,Tm3,Tm3_L,,,,ol_intrinsic,L,,SIFa_to_target,male-cns:v1.0,other,L
512245,150147,1,1,,,,,,cb_intrinsic,L,,SIFa_to_target,male-cns:v1.0,other,unknown
512245,150155,1,1,Tm6,Tm6_L,,,,ol_intrinsic,L,,SIFa_to_target,male-cns:v1.0,other,L
512245,150489,1,1,AN09B016,AN09B016_R,,,BA,ascending_neuron,R,,SIFa_to_target,male-cns:v1.0,other,R
512245,150645,1,1,Dm8b,Dm8b_L,,,,ol_intrinsic,L,,SIFa_to_target,male-cns:v1.0,other,L
512245,150917,1,1,Cm2,Cm2_L,,,,ol_intrinsic,L,,SIFa_to_target,male-cns:v1.0,other,L
512245,151058,1,1,Dm2,Dm2_L,,,,ol_intrinsic,L,,SIFa_to_target,male-cns:v1.0,other,L
512245,151469,1,1,AN10B047,AN10B047_R,,,,ascending_neuron,R,,SIFa_to_target,male-cns:v1.0,other,R
512245,151644,1,1,Tm3,Tm3_L,,,,ol_intrinsic,L,,SIFa_to_target,male-cns:v1.0,other,L
512245,151919,1,1,L1,L1_L,,,,ol_intrinsic,L,,SIFa_to_target,male-cns:v1.0,other,L
512245,152220,1,1,,Dm9_fragment_L,,,,,,,SIFa_to_target,male-cns:v1.0,other,L
512245,152579,1,1,Tm5b,Tm5b_L,,,,ol_intrinsic,L,,SIFa_to_target,male-cns:v1.0,other,L
512245,154435,1,1,AN10B035,AN10B035_R,,,BA,ascending_neuron,R,,SIFa_to_target,male-cns:v1.0,other,R
512245,154733,1,1,TmY18,TmY18_L,,,,ol_intrinsic,L,,SIFa_to_target,male-cns:v1.0,other,L
512245,154798,1,1,Cm2,Cm2_R,,,,ol_intrinsic,R,,SIFa_to_target,male-cns:v1.0,other,R
512245,155488,1,1,Cm2,Cm2_L,,,,ol_intrinsic,L,,SIFa_to_target,male-cns:v1.0,other,L
512245,155623,1,1,Cm2,Cm2_L,,,,ol_intrinsic,L,,SIFa_to_target,male-cns:v1.0,other,L
512245,155639,2,2,Dm10,Dm10_L,,,,ol_intrinsic,L,,SIFa_to_target,male-cns:v1.0,other,L
512245,156569,1,1,Tm20,Tm20_L,,,,ol_intrinsic,L,,SIFa_to_target,male-cns:v1.0,other,L
512245,156987,1,1,Dm10,Dm10_L,,,,ol_intrinsic,L,,SIFa_to_target,male-cns:v1.0,other,L
512245,157002,1,1,LPi3a,LPi3a_L,,,,ol_intrinsic,L,,SIFa_to_target,male-cns:v1.0,other,L
512245,157359,1,1,Dm8a,Dm8a_L,,,,ol_intrinsic,L,,SIFa_to_target,male-cns:v1.0,other,L
512245,157469,1,1,ORN_DA1,ORN_DA1_R,ORN_DA1,olfactory,,cb_sensory,,R,SIFa_to_target,male-cns:v1.0,other,R
512245,157877,2,1,Cm1,Cm1_L,,,,ol_intrinsic,L,,SIFa_to_target,male-cns:v1.0,other,L
512245,158137,1,1,ORN_DM4,ORN_DM4_R,ORN_DM4,olfactory,,cb_sensory,,R,SIFa_to_target,male-cns:v1.0,other,R
512245,159236,2,2,Dm10,Dm10_L,,,,ol_intrinsic,L,,SIFa_to_target,male-cns:v1.0,other,L
512245,160590,2,1,Tm3,Tm3_L,,,,ol_intrinsic,L,,SIFa_to_target,male-cns:v1.0,other,L
512245,161033,1,1,Dm2,Dm2_R,,,,ol_intrinsic,R,,SIFa_to_target,male-cns:v1.0,other,R
512245,161097,2,2,Dm10,Dm10_L,,,,ol_intrinsic,L,,SIFa_to_target,male-cns:v1.0,other,L
512245,161551,1,1,ORN_VM7v,ORN_VM7v_R,ORN_VM7v,olfactory,,cb_sensory,,R,SIFa_to_target,male-cns:v1.0,other,R
512245,161584,1,1,Dm8b,Dm8b_L,,,,ol_intrinsic,L,,SIFa_to_target,male-cns:v1.0,other,L
512245,161685,1,1,Cm2,Cm2_L,,,,ol_intrinsic,L,,SIFa_to_target,male-cns:v1.0,other,L
512245,162621,2,2,Dm10,Dm10_L,,,,ol_intrinsic,L,,SIFa_to_target,male-cns:v1.0,other,L
512245,162665,1,1,Cm11a,Cm11a_L,,,,ol_intrinsic,L,,SIFa_to_target,male-cns:v1.0,other,L
512245,162797,1,1,Dm10,Dm10_L,,,,ol_intrinsic,L,,SIFa_to_target,male-cns:v1.0,other,L
512245,162864,1,1,Dm2,Dm2_R,,,,ol_intrinsic,R,,SIFa_to_target,male-cns:v1.0,other,R
512245,162950,1,1,Mi15,Mi15_L,,,,ol_intrinsic,L,,SIFa_to_target,male-cns:v1.0,other,L
512245,163573,1,1,Cm2,Cm2_L,,,,ol_intrinsic,L,,SIFa_to_target,male-cns:v1.0,other,L
512245,164039,1,1,ORN_DP1l,ORN_DP1l_R,ORN_DP1l,olfactory,,cb_sensory,,R,SIFa_to_target,male-cns:v1.0,other,R
512245,164060,1,1,Cm2,Cm2_L,,,,ol_intrinsic,L,,SIFa_to_target,male-cns:v1.0,other,L
512245,164955,8,8,Tm4,Tm4_L,,,,ol_intrinsic,L,,SIFa_to_target,male-cns:v1.0,other,L
512245,165011,2,2,T2,T2_L,,,,ol_intrinsic,L,,SIFa_to_target,male-cns:v1.0,other,L
512245,165664,2,2,ANXXX169,ANXXX169_L,,,BA,ascending_neuron,L,,SIFa_to_target,male-cns:v1.0,other,L
512245,166351,2,2,Mi14,Mi14_L,,,,ol_intrinsic,L,,SIFa_to_target,male-cns:v1.0,other,L
512245,166759,1,1,Tm3,Tm3_L,,,,ol_intrinsic,L,,SIFa_to_target,male-cns:v1.0,other,L
512245,166991,4,2,Tm20,Tm20_L,,,,ol_intrinsic,L,,SIFa_to_target,male-cns:v1.0,other,L
512245,167682,4,4,Mi4,Mi4_L,,,,ol_intrinsic,L,,SIFa_to_target,male-cns:v1.0,other,L
512245,167878,1,1,Dm2,Dm2_L,,,,ol_intrinsic,L,,SIFa_to_target,male-cns:v1.0,other,L
512245,168171,1,1,TmY18,TmY18_L,,,,ol_intrinsic,L,,SIFa_to_target,male-cns:v1.0,other,L
512245,169124,1,1,Tm3,Tm3_L,,,,ol_intrinsic,L,,SIFa_to_target,male-cns:v1.0,other,L
512245,169679,1,1,Tm20,Tm20_L,,,,ol_intrinsic,L,,SIFa_to_target,male-cns:v1.0,other,L
512245,171486,1,1,Dm10,Dm10_L,,,,ol_intrinsic,L,,SIFa_to_target,male-cns:v1.0,other,L
512245,171851,1,1,AN10B045,AN10B045_R,,,BA,ascending_neuron,R,,SIFa_to_target,male-cns:v1.0,other,R
512245,173353,1,1,TmY18,TmY18_L,,,,ol_intrinsic,L,,SIFa_to_target,male-cns:v1.0,other,L
512245,174122,1,1,Mi17,Mi17_L,,,,ol_intrinsic,L,,SIFa_to_target,male-cns:v1.0,other,L
512245,174517,2,2,v2LN47,v2LN47_L,v2LN47,ALLN,,cb_intrinsic,L,,SIFa_to_target,male-cns:v1.0,other,L
512245,174566,1,1,ORN_VA6,ORN_VA6_R,ORN_VA6,olfactory,,cb_sensory,,R,SIFa_to_target,male-cns:v1.0,other,R
512245,175206,1,1,Mi15,Mi15_L,,,,ol_intrinsic,L,,SIFa_to_target,male-cns:v1.0,other,L
512245,175572,1,1,LB1e,LB1e_L,,gustatory,labellar bristle,cb_sensory,,L,SIFa_to_target,male-cns:v1.0,other,L
512245,175923,3,2,T2,T2_L,,,,ol_intrinsic,L,,SIFa_to_target,male-cns:v1.0,other,L
512245,176619,1,1,L5,L5_L,,,,ol_intrinsic,L,,SIFa_to_target,male-cns:v1.0,other,L
512245,176732,1,1,Dm10,Dm10_L,,,,ol_intrinsic,L,,SIFa_to_target,male-cns:v1.0,other,L
512245,176761,1,1,L5,L5_L,,,,ol_intrinsic,L,,SIFa_to_target,male-cns:v1.0,other,L
512245,179959,1,1,Mi15,Mi15_L,,,,ol_intrinsic,L,,SIFa_to_target,male-cns:v1.0,other,L
512245,180043,3,3,AVLP110_b,AVLP110_b_L,AVLP110,,,cb_intrinsic,L,,SIFa_to_target,male-cns:v1.0,other,L
512245,180355,1,1,Dm8a,Dm8a_L,,,,ol_intrinsic,L,,SIFa_to_target,male-cns:v1.0,other,L
512245,182664,1,1,T5d,T5d_L,,,,ol_intrinsic,L,,SIFa_to_target,male-cns:v1.0,other,L
512245,183966,1,1,Tm2,Tm2_L,,,,ol_intrinsic,L,,SIFa_to_target,male-cns:v1.0,other,L
512245,184022,1,1,Dm10,Dm10_L,,,,ol_intrinsic,L,,SIFa_to_target,male-cns:v1.0,other,L
512245,184812,1,1,Mi15,Mi15_L,,,,ol_intrinsic,L,,SIFa_to_target,male-cns:v1.0,other,L
512245,185726,2,2,v2LN3A,v2LN3A_L,v2LN3A,ALLN,,cb_intrinsic,L,,SIFa_to_target,male-cns:v1.0,other,L
512245,186025,1,1,T5b,T5b_L,,,,ol_intrinsic,L,,SIFa_to_target,male-cns:v1.0,other,L
512245,186397,1,1,ORN_DM1,ORN_DM1_R,ORN_DM1,olfactory,,cb_sensory,,R,SIFa_to_target,male-cns:v1.0,other,R
512245,186858,1,1,AN10B037,AN10B037_L,,,,ascending_neuron,L,,SIFa_to_target,male-cns:v1.0,other,L
512245,186894,1,1,ORN_VC4,ORN_VC4_R,ORN_VC4,olfactory,,cb_sensory,,R,SIFa_to_target,male-cns:v1.0,other,R
512245,187734,1,1,Mi2,Mi2_L,,,,ol_intrinsic,L,,SIFa_to_target,male-cns:v1.0,other,L
512245,188259,1,1,Dm3b,Dm3b_L,,,,ol_intrinsic,L,,SIFa_to_target,male-cns:v1.0,other,L
512245,189139,2,2,Cm2,Cm2_L,,,,ol_intrinsic,L,,SIFa_to_target,male-cns:v1.0,other,L
512245,191144,1,1,ORN_DM1,ORN_DM1_R,ORN_DM1,olfactory,,cb_sensory,,R,SIFa_to_target,male-cns:v1.0,other,R
512245,193512,1,1,Dm2,Dm2_L,,,,ol_intrinsic,L,,SIFa_to_target,male-cns:v1.0,other,L
512245,193948,1,1,L5,L5_L,,,,ol_intrinsic,L,,SIFa_to_target,male-cns:v1.0,other,L
512245,195264,1,1,AN09A005,AN09A005_L,,,BA,ascending_neuron,L,,SIFa_to_target,male-cns:v1.0,other,L
512245,195309,1,1,AN10B039,AN10B039_L,,,BA,ascending_neuron,L,,SIFa_to_target,male-cns:v1.0,other,L
512245,195896,1,1,ORN_VC4,ORN_VC4_R,ORN_VC4,olfactory,,cb_sensory,,R,SIFa_to_target,male-cns:v1.0,other,R
512245,197027,1,1,T5b,T5b_L,,,,ol_intrinsic,L,,SIFa_to_target,male-cns:v1.0,other,L
512245,197444,1,1,Mi15,Mi15_L,,,,ol_intrinsic,L,,SIFa_to_target,male-cns:v1.0,other,L
512245,197732,1,1,R7p,R7p_L,,visual,,ol_sensory,,L,SIFa_to_target,male-cns:v1.0,other,L
512245,197913,1,1,Mi2,Mi2_L,,,,ol_intrinsic,L,,SIFa_to_target,male-cns:v1.0,other,L
512245,198641,1,1,Tm20,Tm20_L,,,,ol_intrinsic,L,,SIFa_to_target,male-cns:v1.0,other,L
512245,199459,1,1,Tm5a,Tm5a_L,,,,ol_intrinsic,L,,SIFa_to_target,male-cns:v1.0,other,L
512245,199591,1,1,Mi15,Mi15_L,,,,ol_intrinsic,L,,SIFa_to_target,male-cns:v1.0,other,L
512245,203234,1,1,LB3a,LB3a_L,,gustatory,labellar bristle,cb_sensory,,L,SIFa_to_target,male-cns:v1.0,other,L
512245,203795,1,1,Cm2,Cm2_L,,,,ol_intrinsic,L,,SIFa_to_target,male-cns:v1.0,other,L
512245,204282,1,1,ORN_DM2,ORN_DM2_R,ORN_DM2,olfactory,,cb_sensory,,R,SIFa_to_target,male-cns:v1.0,other,R
512245,204591,1,1,ORN_VM5d,ORN_VM5d_L,ORN_VM5d,olfactory,,cb_sensory,,L,SIFa_to_target,male-cns:v1.0,other,L
512245,204817,1,1,Cm2,Cm2_L,,,,ol_intrinsic,L,,SIFa_to_target,male-cns:v1.0,other,L
512245,204985,2,2,Tm6,Tm6_L,,,,ol_intrinsic,L,,SIFa_to_target,male-cns:v1.0,other,L
512245,205471,1,1,Cm1,Cm1_L,,,,ol_intrinsic,L,,SIFa_to_target,male-cns:v1.0,other,L
512245,207037,1,1,Cm2,Cm2_L,,,,ol_intrinsic,L,,SIFa_to_target,male-cns:v1.0,other,L
512245,207784,1,1,ORN_DM2,ORN_DM2_R,ORN_DM2,olfactory,,cb_sensory,,R,SIFa_to_target,male-cns:v1.0,other,R
512245,211021,1,1,Cm2,Cm2_L,,,,ol_intrinsic,L,,SIFa_to_target,male-cns:v1.0,other,L
512245,214985,1,1,ORN_DM4,ORN_DM4_R,ORN_DM4,olfactory,,cb_sensory,,R,SIFa_to_target,male-cns:v1.0,other,R
512245,215093,1,1,ORN_VM5d,ORN_VM5d_R,ORN_VM5d,olfactory,,cb_sensory,,R,SIFa_to_target,male-cns:v1.0,other,R
512245,215361,1,1,Dm2,Dm2_L,,,,ol_intrinsic,L,,SIFa_to_target,male-cns:v1.0,other,L
512245,221200,1,1,C2,C2_L,,,,ol_intrinsic,L,,SIFa_to_target,male-cns:v1.0,other,L
512245,221293,1,1,L4,L4_L,,,,ol_intrinsic,L,,SIFa_to_target,male-cns:v1.0,other,L
512245,222913,1,1,ORN_VC4,ORN_VC4_unknown,ORN_VC4,olfactory,,cb_sensory,,unknown,SIFa_to_target,male-cns:v1.0,other,unknown
512245,224885,1,1,Dm9,Dm9_L,,,,ol_intrinsic,L,,SIFa_to_target,male-cns:v1.0,other,L
512245,227498,1,1,ORN_VM3,ORN_VM3_R,ORN_VM3,olfactory,,cb_sensory,,R,SIFa_to_target,male-cns:v1.0,other,R
512245,235995,2,2,,,,,,,,,SIFa_to_target,male-cns:v1.0,other,unknown
512245,236475,1,1,LB3d,LB3d_L,,gustatory,labellar bristle,cb_sensory,,L,SIFa_to_target,male-cns:v1.0,other,L
512245,243859,1,1,ORN_VM5d,ORN_VM5d_L,ORN_VM5d,olfactory,,cb_sensory,,L,SIFa_to_target,male-cns:v1.0,other,L
512245,247232,1,1,lLN2X12,lLN2X12_R,,ALLN,,cb_intrinsic,R,,SIFa_to_target,male-cns:v1.0,other,R
512245,261450,1,1,LB3c,LB3c_L,,gustatory,labellar bristle,cb_sensory,,L,SIFa_to_target,male-cns:v1.0,other,L
512245,267437,8,8,lLN2P_c,lLN2P_c_R,lLN2P_c,ALLN,,cb_intrinsic,R,,SIFa_to_target,male-cns:v1.0,other,R
512245,268258,1,1,DNge173,DNge173_L,,,fl,descending_neuron,L,,SIFa_to_target,male-cns:v1.0,other,L
512245,270666,1,1,,,,,,,,,SIFa_to_target,male-cns:v1.0,other,unknown
512245,273577,1,1,AN10B045,AN10B045_R,,,BA,ascending_neuron,R,,SIFa_to_target,male-cns:v1.0,other,R
512245,284924,1,1,ORN_VM2,ORN_VM2_R,ORN_VM2,olfactory,,cb_sensory,,R,SIFa_to_target,male-cns:v1.0,other,R
512245,287529,1,1,AN10B035,AN10B035_R,,,BA,ascending_neuron,R,,SIFa_to_target,male-cns:v1.0,other,R
512245,289654,1,1,MeLo9,MeLo9_L,,,,ol_intrinsic,L,,SIFa_to_target,male-cns:v1.0,other,L
512245,296396,1,1,,,,,,,,,SIFa_to_target,male-cns:v1.0,other,unknown
512245,296510,1,1,,MeLo9_fragment_L,,,,,,,SIFa_to_target,male-cns:v1.0,other,L
512245,302159,1,1,ORN_VC4,ORN_VC4_R,ORN_VC4,olfactory,,cb_sensory,,R,SIFa_to_target,male-cns:v1.0,other,R
512245,319609,1,1,,,,,,,,,SIFa_to_target,male-cns:v1.0,other,unknown
512245,321564,3,2,,,,,,,,,SIFa_to_target,male-cns:v1.0,other,unknown
512245,347635,1,1,,,,,,,,,SIFa_to_target,male-cns:v1.0,other,unknown
512245,348174,1,1,ORN_VC4,ORN_VC4_L,ORN_VC4,olfactory,,cb_sensory,,L,SIFa_to_target,male-cns:v1.0,other,L
512245,373875,1,1,ORN_DM4,ORN_DM4_L,ORN_DM4,olfactory,,cb_sensory,,L,SIFa_to_target,male-cns:v1.0,other,L
512245,396209,1,1,,,,,,,,,SIFa_to_target,male-cns:v1.0,other,unknown
512245,413245,3,3,,,,,,,,,SIFa_to_target,male-cns:v1.0,other,unknown
512245,433049,1,1,AVLP095,AVLP095_L,AVLP095,,,cb_intrinsic,L,,SIFa_to_target,male-cns:v1.0,other,L
512245,464937,1,1,ORN_VC4,ORN_VC4_L,ORN_VC4,olfactory,,cb_sensory,,L,SIFa_to_target,male-cns:v1.0,other,L
512245,511778,1,1,EL,EL_L,EL,CX,,cb_intrinsic,L,,SIFa_to_target,male-cns:v1.0,other,L
512245,511810,2,2,ANXXX308,ANXXX308_R,,,BA,ascending_neuron,R,,SIFa_to_target,male-cns:v1.0,other,R
512245,511823,1,1,AN09A005,AN09A005_R,,,XA,ascending_neuron,R,,SIFa_to_target,male-cns:v1.0,other,R
512245,511828,4,4,AN09A005,AN09A005_L,,,XA,ascending_neuron,L,,SIFa_to_target,male-cns:v1.0,other,L
512245,512054,4,4,L2,L2_L,,,,ol_intrinsic,L,,SIFa_to_target,male-cns:v1.0,other,L
512245,512115,1,1,Tm35,Tm35_L,,,,ol_intrinsic,L,,SIFa_to_target,male-cns:v1.0,other,L
512245,512143,1,1,Dm14,Dm14_L,,,,ol_intrinsic,L,,SIFa_to_target,male-cns:v1.0,other,L
512245,512324,1,1,SAD052,SAD052_L,SAD052,,,cb_intrinsic,L,,SIFa_to_target,male-cns:v1.0,other,L
512245,512337,3,3,Tm5Y,Tm5Y_L,,,,ol_intrinsic,L,,SIFa_to_target,male-cns:v1.0,other,L
512245,512363,1,1,AVLP159,AVLP159_L,AVLP159,,,cb_intrinsic,L,,SIFa_to_target,male-cns:v1.0,other,L
512245,512415,1,1,PVLP123,PVLP123_L,PVLP123,,,cb_intrinsic,L,,SIFa_to_target,male-cns:v1.0,other,L
512245,512446,1,1,GNG128,GNG128_L,,,,cb_intrinsic,L,,SIFa_to_target,male-cns:v1.0,other,L
512245,512476,1,1,LoVP108,LoVP108_L,,,,visual_projection,L,,SIFa_to_target,male-cns:v1.0,other,L
512245,512513,1,1,EPG,EPG(PB08)_R1,EPG,CX,,cb_intrinsic,R,,SIFa_to_target,male-cns:v1.0,other,unknown
512245,512524,2,2,Mi14,Mi14_L,,,,ol_intrinsic,L,,SIFa_to_target,male-cns:v1.0,other,L
512245,512526,1,1,TmY3,TmY3_L,,,,ol_intrinsic,L,,SIFa_to_target,male-cns:v1.0,other,L
512245,512541,1,1,CB3552,CB3552_L,,,,cb_intrinsic,L,,SIFa_to_target,male-cns:v1.0,other,L
512245,512812,1,1,TmY3,TmY3_L,,,,ol_intrinsic,L,,SIFa_to_target,male-cns:v1.0,other,L
512245,512867,1,1,MeLo11,MeLo11_L,,,,ol_intrinsic,L,,SIFa_to_target,male-cns:v1.0,other,L
512245,513062,5,5,Tm6,Tm6_L,,,,ol_intrinsic,L,,SIFa_to_target,male-cns:v1.0,other,L
512245,513065,1,1,MeVP6,MeVP6_L,MC66,,,visual_projection,L,,SIFa_to_target,male-cns:v1.0,other,L
512245,513075,1,1,Cm1,Cm1_L,,,,ol_intrinsic,L,,SIFa_to_target,male-cns:v1.0,other,L
512245,513114,1,1,AN01A055,AN01A055_R,,,XA,ascending_neuron,R,,SIFa_to_target,male-cns:v1.0,other,R
512245,513125,1,1,CB3302,CB3302_R,,,,cb_intrinsic,R,,SIFa_to_target,male-cns:v1.0,other,R
512245,513248,2,2,Tm3,Tm3_L,,,,ol_intrinsic,L,,SIFa_to_target,male-cns:v1.0,other,L
512245,513286,1,1,,22507_R,,,,cb_intrinsic,R,,SIFa_to_target,male-cns:v1.0,other,R
512245,513337,1,1,Dm14,Dm14_L,,,,ol_intrinsic,L,,SIFa_to_target,male-cns:v1.0,other,L
512245,513338,1,1,MeLo2,MeLo2_L,,,,ol_intrinsic,L,,SIFa_to_target,male-cns:v1.0,other,L
512245,513467,1,1,TmY14,TmY14_L,,,,visual_projection,L,,SIFa_to_target,male-cns:v1.0,other,L
512245,513696,1,1,AVLP411,AVLP411_L,AVLP411,,,cb_intrinsic,L,,SIFa_to_target,male-cns:v1.0,other,L
512245,513785,1,1,WED055_b,WED055_b_L,,,,cb_intrinsic,L,,SIFa_to_target,male-cns:v1.0,other,L
512245,513933,2,2,AN08B084,AN08B084_R,,,BA,ascending_neuron,R,,SIFa_to_target,male-cns:v1.0,other,R
512245,513986,1,1,Cm23,Cm23_L,,,,ol_intrinsic,L,,SIFa_to_target,male-cns:v1.0,other,L
512245,513990,1,1,Cm11d,Cm11d_L,,,,ol_intrinsic,L,,SIFa_to_target,male-cns:v1.0,other,L
512245,514115,7,6,T2,T2_L,,,,ol_intrinsic,L,,SIFa_to_target,male-cns:v1.0,other,L
512245,514168,1,1,Tm37,Tm37_L,,,,ol_intrinsic,L,,SIFa_to_target,male-cns:v1.0,other,L
512245,514281,1,1,Tm3,Tm3_L,,,,ol_intrinsic,L,,SIFa_to_target,male-cns:v1.0,other,L
512245,514283,1,1,AVLP372,AVLP372_L,AVLP372,,,cb_intrinsic,L,,SIFa_to_target,male-cns:v1.0,other,L
512245,514712,1,1,CB4116,CB4116_L,,,,cb_intrinsic,L,,SIFa_to_target,male-cns:v1.0,other,L
512245,514922,2,2,,,,,,cb_intrinsic,R,,SIFa_to_target,male-cns:v1.0,other,unknown
512245,514962,1,1,Dm10,Dm10_L,,,,ol_intrinsic,L,,SIFa_to_target,male-cns:v1.0,other,L
512245,515158,1,1,v2LN34F,v2LN34F_R,v2LN34F,ALLN,,cb_intrinsic,R,,SIFa_to_target,male-cns:v1.0,other,R
512245,515278,2,1,MeVPMe12,MeVPMe12_R,,ol_bilateral,,ol_intrinsic,R,,SIFa_to_target,male-cns:v1.0,other,R
512245,515414,1,1,Tm16,Tm16_L,,,,ol_intrinsic,L,,SIFa_to_target,male-cns:v1.0,other,L
512245,515477,1,1,Tm3,Tm3_L,,,,ol_intrinsic,L,,SIFa_to_target,male-cns:v1.0,other,L
512245,515549,2,1,DA3_adPN,DA3_adPN_R,DA3_adPN,ALPN,,cb_intrinsic,R,,SIFa_to_target,male-cns:v1.0,other,R
512245,515554,1,1,l2LN19,l2LN19_L,l2LN19,ALLN,,cb_intrinsic,L,,SIFa_to_target,male-cns:v1.0,other,L
512245,515772,1,1,AVLP103,AVLP103_L,AVLP103,,,cb_intrinsic,L,,SIFa_to_target,male-cns:v1.0,other,L
512245,515850,1,1,T2,T2_L,,,,ol_intrinsic,L,,SIFa_to_target,male-cns:v1.0,other,L
512245,515861,1,1,MeLo11,MeLo11_L,,,,ol_intrinsic,L,,SIFa_to_target,male-cns:v1.0,other,L
512245,516034,1,1,Tm3,Tm3_L,,,,ol_intrinsic,L,,SIFa_to_target,male-cns:v1.0,other,L
512245,516040,2,2,LPi2e,LPi2e_L,,,,ol_intrinsic,L,,SIFa_to_target,male-cns:v1.0,other,L
512245,516074,1,1,Pm2a,Pm2a_L,,,,ol_intrinsic,L,,SIFa_to_target,male-cns:v1.0,other,L
512245,516200,1,1,Tm3,Tm3_L,,,,ol_intrinsic,L,,SIFa_to_target,male-cns:v1.0,other,L
512245,516216,1,1,LB3d,LB3d_L,,gustatory,labellar bristle,cb_sensory,,L,SIFa_to_target,male-cns:v1.0,other,L
512245,516294,2,2,AN10B022,AN10B022(21870)_R,,,BA,ascending_neuron,R,,SIFa_to_target,male-cns:v1.0,other,R
512245,516409,1,1,AVLP294,AVLP294_L,AVLP294,,,cb_intrinsic,L,,SIFa_to_target,male-cns:v1.0,other,L
512245,516412,2,2,Mi14,Mi14_L,,,,ol_intrinsic,L,,SIFa_to_target,male-cns:v1.0,other,L
512245,516448,1,1,AVLP346,AVLP346_L,AVLP346,,,cb_intrinsic,L,,SIFa_to_target,male-cns:v1.0,other,L
512245,516481,1,1,Dm11,Dm11_L,,,,ol_intrinsic,L,,SIFa_to_target,male-cns:v1.0,other,L
512245,516703,1,1,L1,L1_L,,,,ol_intrinsic,L,,SIFa_to_target,male-cns:v1.0,other,L
512245,516750,2,2,Tm3,Tm3_L,,,,ol_intrinsic,L,,SIFa_to_target,male-cns:v1.0,other,L
512245,516913,1,1,TmY3,TmY3_L,,,,ol_intrinsic,L,,SIFa_to_target,male-cns:v1.0,other,L
512245,516915,1,1,Mi1,Mi1_L,,,,ol_intrinsic,L,,SIFa_to_target,male-cns:v1.0,other,L
512245,516931,1,1,TmY3,TmY3_L,,,,ol_intrinsic,L,,SIFa_to_target,male-cns:v1.0,other,L
512245,517059,1,1,ER2_a,ER2_a_L,ER2_a,CX,,cb_intrinsic,L,,SIFa_to_target,male-cns:v1.0,other,L
512245,517159,2,1,Tm5b,Tm5b_L,,,,ol_intrinsic,L,,SIFa_to_target,male-cns:v1.0,other,L
512245,517368,1,1,CB3302,CB3302_L,,,,cb_intrinsic,L,,SIFa_to_target,male-cns:v1.0,other,L
512245,517630,2,1,CB3302,CB3302_R,,,,cb_intrinsic,R,,SIFa_to_target,male-cns:v1.0,other,R
512245,517631,1,1,,,,,,cb_intrinsic,R,,SIFa_to_target,male-cns:v1.0,other,unknown
512245,517689,1,1,LPC2,LPC2_L,LPC2,,,visual_projection,L,,SIFa_to_target,male-cns:v1.0,other,L
512245,517701,1,1,Mi2,Mi2_L,,,,ol_intrinsic,L,,SIFa_to_target,male-cns:v1.0,other,L
512245,517822,1,1,Cm5,Cm5_L,,,,ol_intrinsic,L,,SIFa_to_target,male-cns:v1.0,other,L
512245,517880,1,1,CB2599,CB2599_L,,,,cb_intrinsic,L,,SIFa_to_target,male-cns:v1.0,other,L
512245,518039,7,7,WED055_a,WED055_a_L,WED055_a,,,cb_intrinsic,L,,SIFa_to_target,male-cns:v1.0,other,L
512245,518041,2,2,,CB0763_L,,,,cb_intrinsic,L,,SIFa_to_target,male-cns:v1.0,other,L
512245,518046,1,1,Lawf1,Lawf1_L,,,,ol_intrinsic,L,,SIFa_to_target,male-cns:v1.0,other,L
512245,518118,1,1,MeLo9,MeLo9_L,,,,ol_intrinsic,L,,SIFa_to_target,male-cns:v1.0,other,L
512245,518164,1,1,Mi15,Mi15_L,,,,ol_intrinsic,L,,SIFa_to_target,male-cns:v1.0,other,L
512245,518204,1,1,TmY3,TmY3_L,,,,ol_intrinsic,L,,SIFa_to_target,male-cns:v1.0,other,L
512245,518426,1,1,AN01A086,AN01A086_L,,,XA,ascending_neuron,L,,SIFa_to_target,male-cns:v1.0,other,L
512245,518485,1,1,Tm5c,Tm5c_L,,,,ol_intrinsic,L,,SIFa_to_target,male-cns:v1.0,other,L
512245,518826,1,1,Dm20,Dm20_L,,,,ol_intrinsic,L,,SIFa_to_target,male-cns:v1.0,other,L
512245,518837,1,1,MeVP1,MeVP1_L,MC62,,,visual_projection,L,,SIFa_to_target,male-cns:v1.0,other,L
512245,518899,1,1,Tm5c,Tm5c_L,,,,ol_intrinsic,L,,SIFa_to_target,male-cns:v1.0,other,L
512245,518904,1,1,AVLP234,AVLP234_L,AVLP234,,,cb_intrinsic,L,,SIFa_to_target,male-cns:v1.0,other,L
512245,518946,1,1,Dm10,Dm10_L,,,,ol_intrinsic,L,,SIFa_to_target,male-cns:v1.0,other,L
512245,519140,1,1,EPG,EPG(PB08)_L1,EPG,CX,,cb_intrinsic,L,,SIFa_to_target,male-cns:v1.0,other,unknown
512245,519242,11,11,lLN2T_d,lLN2T_d(Tortuous)_R,lLN2T_d,ALLN,,cb_intrinsic,R,,SIFa_to_target,male-cns:v1.0,other,R
512245,519247,1,1,ORN_VC4,ORN_VC4_R,ORN_VC4,olfactory,,cb_sensory,,R,SIFa_to_target,male-cns:v1.0,other,R
512245,519317,1,1,mALB3,mALB3_R,mALB3,,,cb_intrinsic,R,,SIFa_to_target,male-cns:v1.0,other,R
512245,519343,2,1,AVLP112,AVLP112_L,AVLP112,,,cb_intrinsic,L,,SIFa_to_target,male-cns:v1.0,other,L
512245,519345,1,1,AVLP374,AVLP374_L,AVLP374,,,cb_intrinsic,L,,SIFa_to_target,male-cns:v1.0,other,L
512245,519365,6,6,VES092,VES092_L,,,,cb_intrinsic,L,,SIFa_to_target,male-cns:v1.0,other,L
512245,519410,1,1,DNp34,DNp34_R,DNp34,,xl,descending_neuron,R,,SIFa_to_target,male-cns:v1.0,other,R
512245,519420,1,1,WED107,WED107_R,WED107,,,cb_intrinsic,R,,SIFa_to_target,male-cns:v1.0,other,R
512245,519441,1,1,GNG215,GNG215_L,,,,cb_intrinsic,L,,SIFa_to_target,male-cns:v1.0,other,L
512245,519454,1,1,WED210,WED210_L,,,,cb_intrinsic,L,,SIFa_to_target,male-cns:v1.0,other,L
512245,519480,1,1,Tm3,Tm3_L,,,,ol_intrinsic,L,,SIFa_to_target,male-cns:v1.0,other,L
512245,519658,2,2,MeVPMe2,MeVPMe2_L,,,,visual_projection,L,,SIFa_to_target,male-cns:v1.0,other,L
512245,519737,1,1,Tm4,Tm4_L,,,,ol_intrinsic,L,,SIFa_to_target,male-cns:v1.0,other,L
512245,519771,4,4,DNp71,DNp71(DNp09)_L,DNp09,,xl,descending_neuron,L,,SIFa_to_target,male-cns:v1.0,other,L
512245,519909,2,1,AVLP018,AVLP018_L,AVLP018,,,cb_intrinsic,L,,SIFa_to_target,male-cns:v1.0,other,L
512245,520034,1,1,AVLP082,AVLP082_L,AVLP082,,,cb_intrinsic,L,,SIFa_to_target,male-cns:v1.0,other,L
512245,520103,1,1,T1,T1_L,,,,ol_intrinsic,L,,SIFa_to_target,male-cns:v1.0,other,L
512245,520104,3,3,Tm4,Tm4_L,,,,ol_intrinsic,L,,SIFa_to_target,male-cns:v1.0,other,L
512245,520319,1,1,Mi15,Mi15_L,,,,ol_intrinsic,L,,SIFa_to_target,male-cns:v1.0,other,L
512245,520341,1,1,CB0540,CB0540_L,,,,cb_intrinsic,L,,SIFa_to_target,male-cns:v1.0,other,L
512245,520432,1,1,AVLP722m,AVLP722m_L,,,,cb_intrinsic,L,,SIFa_to_target,male-cns:v1.0,other,L
512245,520495,1,1,TmY5a,TmY5a_L,,,,ol_intrinsic,L,,SIFa_to_target,male-cns:v1.0,other,L
512245,520560,1,1,Dm18,Dm18_L,,,,ol_intrinsic,L,,SIFa_to_target,male-cns:v1.0,other,L
512245,520570,1,1,TmY3,TmY3_L,,,,ol_intrinsic,L,,SIFa_to_target,male-cns:v1.0,other,L
512245,520593,4,4,AVLP115,AVLP115_L,AVLP115,,,cb_intrinsic,L,,SIFa_to_target,male-cns:v1.0,other,L
512245,520671,1,1,GNG069,GNG069_L,,,,cb_intrinsic,L,,SIFa_to_target,male-cns:v1.0,other,L
512245,520787,5,3,lLN2T_a,lLN2T_a(Tortuous)_L,lLN2T_a,ALLN,,cb_intrinsic,L,,SIFa_to_target,male-cns:v1.0,other,L
512245,520791,1,1,CB2545,CB2545_R,,,,cb_intrinsic,R,,SIFa_to_target,male-cns:v1.0,other,R
512245,520884,1,1,GNG458,GNG458_L,,,,cb_intrinsic,L,,SIFa_to_target,male-cns:v1.0,other,L
512245,520888,1,1,GNG078,GNG078_L,,,,cb_intrinsic,L,,SIFa_to_target,male-cns:v1.0,other,L
512245,521231,2,1,GNG227,GNG227_L,,,,cb_intrinsic,L,,SIFa_to_target,male-cns:v1.0,other,L
512245,521274,1,1,ANXXX380,ANXXX380_R,,,BA,ascending_neuron,R,,SIFa_to_target,male-cns:v1.0,other,R
512245,521288,1,1,Mi15,Mi15_L,,,,ol_intrinsic,L,,SIFa_to_target,male-cns:v1.0,other,L
512245,521457,3,3,CB2286,CB2286_L,,,,cb_intrinsic,L,,SIFa_to_target,male-cns:v1.0,other,L
512245,521490,2,2,AVLP721m,AVLP721m_L,,,,cb_intrinsic,L,,SIFa_to_target,male-cns:v1.0,other,L
512245,521575,2,1,DL2v_adPN,DL2v_adPN_R,DL2v_adPN,ALPN,,cb_intrinsic,R,,SIFa_to_target,male-cns:v1.0,other,R
512245,521586,2,2,ALBN1,ALBN1_L,ALBN1,ALLN,,cb_intrinsic,L,,SIFa_to_target,male-cns:v1.0,other,L
512245,521664,3,3,AVLP264,AVLP264_L,AVLP264,,,cb_intrinsic,L,,SIFa_to_target,male-cns:v1.0,other,L
512245,521668,2,2,CB2491,CB2491_L,,,,cb_intrinsic,L,,SIFa_to_target,male-cns:v1.0,other,L
512245,521935,1,1,lLN1_bc,lLN1_bc_L,"lLN1_b,lLN1_c",ALLN,,cb_intrinsic,L,,SIFa_to_target,male-cns:v1.0,other,L
512245,521987,2,2,AVLP598,AVLP598(hb5813002234)_R,(hb5813002234),,,cb_intrinsic,R,,SIFa_to_target,male-cns:v1.0,other,R
512245,522300,3,3,AN10B027,AN10B027(31054)_R,,,CA,ascending_neuron,R,,SIFa_to_target,male-cns:v1.0,other,R
512245,522329,3,3,Mi19,Mi19_L,,,,ol_intrinsic,L,,SIFa_to_target,male-cns:v1.0,other,L
512245,522410,2,1,AVLP532,AVLP532_L,AVLP532,,,cb_intrinsic,L,,SIFa_to_target,male-cns:v1.0,other,L
512245,522428,2,2,GNG592,GNG592_R,,,,cb_intrinsic,R,,SIFa_to_target,male-cns:v1.0,other,R
512245,522746,1,1,LB1c,LB1c_R,,gustatory,labellar bristle,cb_sensory,,R,SIFa_to_target,male-cns:v1.0,other,R
512245,522841,2,1,LB1c,LB1c_R,,gustatory,labellar bristle,cb_sensory,,R,SIFa_to_target,male-cns:v1.0,other,R
512245,522885,1,1,Tm5c,Tm5c_L,,,,ol_intrinsic,L,,SIFa_to_target,male-cns:v1.0,other,L
512245,522887,2,2,Tm3,Tm3_L,,,,ol_intrinsic,L,,SIFa_to_target,male-cns:v1.0,other,L
512245,522908,2,2,Mi14,Mi14_L,,,,ol_intrinsic,L,,SIFa_to_target,male-cns:v1.0,other,L
512245,522928,1,1,Tm29,Tm29_L,,,,ol_intrinsic,L,,SIFa_to_target,male-cns:v1.0,other,L
512245,522941,1,1,Mi19,Mi19_L,,,,ol_intrinsic,L,,SIFa_to_target,male-cns:v1.0,other,L
512245,522993,1,1,PFGs,PFGs(PB10)_R1_C1_irreg,PFGs,CX,,cb_intrinsic,L,,SIFa_to_target,male-cns:v1.0,other,unknown
512245,523010,1,1,Dm18,Dm18_L,,,,ol_intrinsic,L,,SIFa_to_target,male-cns:v1.0,other,L
512245,523537,2,1,AVLP115,AVLP115_L,AVLP115,,,cb_intrinsic,L,,SIFa_to_target,male-cns:v1.0,other,L
512245,523591,5,4,il3LN6,il3LN6_L,il3LN6,ALLN,,cb_intrinsic,L,,SIFa_to_target,male-cns:v1.0,other,L
512245,523644,1,1,SAD072,SAD072_L,SAD072,,,cb_intrinsic,L,,SIFa_to_target,male-cns:v1.0,other,L
512245,523675,3,3,AN27X013,AN27X013_L,,,XA,ascending_neuron,L,,SIFa_to_target,male-cns:v1.0,other,L
512245,523786,1,1,EPG,EPG(PB08)_R4,EPG,CX,,cb_intrinsic,R,,SIFa_to_target,male-cns:v1.0,other,unknown
512245,523858,1,1,WED109,WED109_R,WED109,,,cb_intrinsic,R,,SIFa_to_target,male-cns:v1.0,other,R
512245,523861,6,6,AVLP116,AVLP116_L,AVLP116,,,cb_intrinsic,L,,SIFa_to_target,male-cns:v1.0,other,L
512245,523921,1,1,PVLP122,PVLP122_R,PVLP122,,,cb_intrinsic,R,,SIFa_to_target,male-cns:v1.0,other,R
512245,523941,1,1,M_lvPNm35,M_lvPNm35_R,M_lvPNm35,ALPN,,cb_intrinsic,R,,SIFa_to_target,male-cns:v1.0,other,R
512245,524046,1,1,,,,,,cb_intrinsic,L,,SIFa_to_target,male-cns:v1.0,other,unknown
512245,524179,4,4,Tm2,Tm2_L,,,,ol_intrinsic,L,,SIFa_to_target,male-cns:v1.0,other,L
512245,524300,1,1,AVLP112,AVLP112_L,AVLP112,,,cb_intrinsic,L,,SIFa_to_target,male-cns:v1.0,other,L
512245,524523,1,1,AVLP105,AVLP105_L,AVLP105,,,cb_intrinsic,L,,SIFa_to_target,male-cns:v1.0,other,L
512245,524610,1,1,GNG057,GNG057_L,,,,cb_intrinsic,L,,SIFa_to_target,male-cns:v1.0,other,L
512245,524635,2,2,T2a,T2a_L,,,,ol_intrinsic,L,,SIFa_to_target,male-cns:v1.0,other,L
512245,524668,1,1,PLP256,PLP256_L,,,,cb_intrinsic,L,,SIFa_to_target,male-cns:v1.0,other,L
512245,524729,1,1,L5,L5_L,,,,ol_intrinsic,L,,SIFa_to_target,male-cns:v1.0,other,L
512245,524761,1,1,AN09A005,AN09A005_L,,,XA,ascending_neuron,L,,SIFa_to_target,male-cns:v1.0,other,L
512245,524881,1,1,CL002,CL002_L,CL002,,,cb_intrinsic,L,,SIFa_to_target,male-cns:v1.0,other,L
512245,525099,1,1,ORN_VM7d,ORN_VM7d_R,ORN_VM7d,olfactory,,cb_sensory,,R,SIFa_to_target,male-cns:v1.0,other,R
512245,525127,1,1,CB0221,CB0221_R,"PS255,PS256,PS257,PS258",,,cb_intrinsic,R,,SIFa_to_target,male-cns:v1.0,other,R
512245,525170,1,1,ORN_VC1,ORN_VC1_R,ORN_VC1,olfactory,,cb_sensory,,R,SIFa_to_target,male-cns:v1.0,other,R
512245,525254,2,2,TmY3,TmY3_L,,,,ol_intrinsic,L,,SIFa_to_target,male-cns:v1.0,other,L
512245,525296,1,1,L1,L1_L,,,,ol_intrinsic,L,,SIFa_to_target,male-cns:v1.0,other,L
512245,525365,1,1,CB4116,CB4116_L,,,,cb_intrinsic,L,,SIFa_to_target,male-cns:v1.0,other,L
512245,525503,1,1,Tm3,Tm3_L,,,,ol_intrinsic,L,,SIFa_to_target,male-cns:v1.0,other,L
512245,525979,2,2,CB2538,CB2538_R,,,,cb_intrinsic,R,,SIFa_to_target,male-cns:v1.0,other,R
512245,526031,1,1,PVLP021,PVLP021_L,PVLP021,,,cb_intrinsic,L,,SIFa_to_target,male-cns:v1.0,other,L
512245,526076,1,1,Cm7,Cm7_L,,,,ol_intrinsic,L,,SIFa_to_target,male-cns:v1.0,other,L
512245,526199,1,1,TmY3,TmY3_L,,,,ol_intrinsic,L,,SIFa_to_target,male-cns:v1.0,other,L
512245,526472,1,1,AVLP451,AVLP451_R,AVLP451,,,cb_intrinsic,R,,SIFa_to_target,male-cns:v1.0,other,R
512245,526505,3,3,ANXXX308,ANXXX308_L,,,BA,ascending_neuron,L,,SIFa_to_target,male-cns:v1.0,other,L
512245,526548,2,2,EL,EL_R,EL,CX,,cb_intrinsic,R,,SIFa_to_target,male-cns:v1.0,other,R
512245,526631,1,1,MeLo13,MeLo13_L,,,,ol_intrinsic,L,,SIFa_to_target,male-cns:v1.0,other,L
512245,526854,2,1,Lawf1,Lawf1_L,,,,ol_intrinsic,L,,SIFa_to_target,male-cns:v1.0,other,L
512245,526932,1,1,L5,L5_L,,,,ol_intrinsic,L,,SIFa_to_target,male-cns:v1.0,other,L
512245,527033,1,1,Dm10,Dm10_L,,,,ol_intrinsic,L,,SIFa_to_target,male-cns:v1.0,other,L
512245,527169,1,1,TmY3,TmY3_L,,,,ol_intrinsic,L,,SIFa_to_target,male-cns:v1.0,other,L
512245,527423,1,1,AVLP379,AVLP379_R,AVLP379,,,cb_intrinsic,R,,SIFa_to_target,male-cns:v1.0,other,R
512245,527469,1,1,lLN2X02,lLN2X02_L,,ALLN,,cb_intrinsic,L,,SIFa_to_target,male-cns:v1.0,other,L
512245,527470,30,26,lLN2T_c,lLN2T_c(Tortuous)_L,lLN2T_c,ALLN,,cb_intrinsic,L,,SIFa_to_target,male-cns:v1.0,other,L
512245,529104,1,1,CB0640,CB0640_L,,,,cb_intrinsic,L,,SIFa_to_target,male-cns:v1.0,other,L
512245,529261,1,1,HRN_VP4,HRN_VP4_R,HRN_VP4,hygrosensory,,cb_sensory,,R,SIFa_to_target,male-cns:v1.0,other,R
512245,529439,2,2,Dm1,Dm1_L,,,,ol_intrinsic,L,,SIFa_to_target,male-cns:v1.0,other,L
512245,529456,2,2,AVLP323,AVLP323_L,AVLP323,,,cb_intrinsic,L,,SIFa_to_target,male-cns:v1.0,other,L
512245,529507,1,1,Dm8b,Dm8b_L,,,,ol_intrinsic,L,,SIFa_to_target,male-cns:v1.0,other,L
512245,529741,1,1,SLP188,SLP188_L,SLP188,,,cb_intrinsic,L,,SIFa_to_target,male-cns:v1.0,other,L
512245,529757,1,1,Cm16,Cm16_L,,,,ol_intrinsic,L,,SIFa_to_target,male-cns:v1.0,other,L
512245,529795,2,1,Tm1,Tm1_L,,,,ol_intrinsic,L,,SIFa_to_target,male-cns:v1.0,other,L
512245,529857,1,1,MeLo11,MeLo11_L,,,,ol_intrinsic,L,,SIFa_to_target,male-cns:v1.0,other,L
512245,529900,1,1,Tm6,Tm6_L,,,,ol_intrinsic,L,,SIFa_to_target,male-cns:v1.0,other,L
512245,530435,2,2,AN09B037,AN09B037_R,,,BA,ascending_neuron,R,,SIFa_to_target,male-cns:v1.0,other,R
512245,530594,1,1,TmY18,TmY18_L,,,,ol_intrinsic,L,,SIFa_to_target,male-cns:v1.0,other,L
512245,530772,1,1,MeLo13,MeLo13_L,,,,ol_intrinsic,L,,SIFa_to_target,male-cns:v1.0,other,L
512245,530790,2,2,PLP128,PLP128_R,PLP128,,,cb_intrinsic,R,,SIFa_to_target,male-cns:v1.0,other,R
512245,531371,1,1,MeLo2,MeLo2_L,,,,ol_intrinsic,L,,SIFa_to_target,male-cns:v1.0,other,L
512245,531382,1,1,Dm20,Dm20_L,,,,ol_intrinsic,L,,SIFa_to_target,male-cns:v1.0,other,L
512245,531453,1,1,WED030_a,WED030_a_L,WED030,,,cb_intrinsic,L,,SIFa_to_target,male-cns:v1.0,other,L
512245,531538,1,1,CB1314,CB1314_L,,,,cb_intrinsic,L,,SIFa_to_target,male-cns:v1.0,other,L
512245,531836,1,1,AVLP098,AVLP098_L,AVLP098,,,cb_intrinsic,L,,SIFa_to_target,male-cns:v1.0,other,L
512245,531837,4,2,AVLP400,AVLP400_L,AVLP400,,,cb_intrinsic,L,,SIFa_to_target,male-cns:v1.0,other,L
512245,531843,3,3,Dm1,Dm1_L,,,,ol_intrinsic,L,,SIFa_to_target,male-cns:v1.0,other,L
512245,531859,1,1,DNpe022,DNpe022(PS271)_L,PS271,,xl,descending_neuron,L,,SIFa_to_target,male-cns:v1.0,other,L
512245,531994,1,1,Tm4,Tm4_L,,,,ol_intrinsic,L,,SIFa_to_target,male-cns:v1.0,other,L
512245,532198,2,1,WED196,WED196_M,,,,cb_intrinsic,M,,SIFa_to_target,male-cns:v1.0,other,unknown
512245,532255,1,1,MeVC23,MeVC23_L,,,,visual_centrifugal,L,,SIFa_to_target,male-cns:v1.0,other,L
512245,532655,13,11,lLN2T_a,lLN2T_a(Tortuous)_L,lLN2T_a,ALLN,,cb_intrinsic,L,,SIFa_to_target,male-cns:v1.0,other,L
512245,532695,7,7,Tm4,Tm4_L,,,,ol_intrinsic,L,,SIFa_to_target,male-cns:v1.0,other,L
512245,532699,1,1,Tm6,Tm6_L,,,,ol_intrinsic,L,,SIFa_to_target,male-cns:v1.0,other,L
512245,532766,1,1,M_l2PNm16,M_l2PNm16_L,M_l2PNm16,ALPN,,cb_intrinsic,L,,SIFa_to_target,male-cns:v1.0,other,L
512245,532888,3,3,aMe4,aMe4_L,aMe4,,,visual_centrifugal,L,,SIFa_to_target,male-cns:v1.0,other,L
512245,532896,1,1,Tm1,Tm1_L,,,,ol_intrinsic,L,,SIFa_to_target,male-cns:v1.0,other,L
512245,533391,1,1,Mi15,Mi15_L,,,,ol_intrinsic,L,,SIFa_to_target,male-cns:v1.0,other,L
512245,533481,2,1,AVLP101,AVLP101_L,AVLP101,,,cb_intrinsic,L,,SIFa_to_target,male-cns:v1.0,other,L
512245,533495,1,1,MeLo7,MeLo7_L,,,,ol_intrinsic,L,,SIFa_to_target,male-cns:v1.0,other,L
512245,533529,1,1,PS124,PS124_R,PS124,,,cb_intrinsic,R,,SIFa_to_target,male-cns:v1.0,other,R
512245,533720,2,2,CB3411,CB3411_L,,,,cb_intrinsic,L,,SIFa_to_target,male-cns:v1.0,other,L
512245,533747,1,1,AVLP110_b,AVLP110_b_L,AVLP110,,,cb_intrinsic,L,,SIFa_to_target,male-cns:v1.0,other,L
512245,533751,2,2,CB0466,CB0466_L,,,,cb_intrinsic,L,,SIFa_to_target,male-cns:v1.0,other,L
512245,533769,1,1,CB3329,CB3329_L,,,,cb_intrinsic,L,,SIFa_to_target,male-cns:v1.0,other,L
512245,534075,1,1,Cm3,Cm3_L,,,,ol_intrinsic,L,,SIFa_to_target,male-cns:v1.0,other,L
512245,534286,2,2,Dm10,Dm10_L,,,,ol_intrinsic,L,,SIFa_to_target,male-cns:v1.0,other,L
512245,534332,1,1,Dm8a,Dm8a_L,,,,ol_intrinsic,L,,SIFa_to_target,male-cns:v1.0,other,L
512245,534566,3,2,Tm3,Tm3_L,,,,ol_intrinsic,L,,SIFa_to_target,male-cns:v1.0,other,L
512245,534634,1,1,TmY3,TmY3_L,,,,ol_intrinsic,L,,SIFa_to_target,male-cns:v1.0,other,L
512245,534754,1,1,TmY3,TmY3_L,,,,ol_intrinsic,L,,SIFa_to_target,male-cns:v1.0,other,L
512245,535261,2,2,Tm4,Tm4_L,,,,ol_intrinsic,L,,SIFa_to_target,male-cns:v1.0,other,L
512245,535276,1,1,Dm8b,Dm8b_L,,,,ol_intrinsic,L,,SIFa_to_target,male-cns:v1.0,other,L
512245,535355,2,2,Dm1,Dm1_L,,,,ol_intrinsic,L,,SIFa_to_target,male-cns:v1.0,other,L
512245,535688,1,1,Tm3,Tm3_L,,,,ol_intrinsic,L,,SIFa_to_target,male-cns:v1.0,other,L
512245,536193,14,11,Tm6,Tm6_L,,,,ol_intrinsic,L,,SIFa_to_target,male-cns:v1.0,other,L
512245,537054,1,1,TmY3,TmY3_L,,,,ol_intrinsic,L,,SIFa_to_target,male-cns:v1.0,other,L
512245,537120,1,1,Tm5c,Tm5c_L,,,,ol_intrinsic,L,,SIFa_to_target,male-cns:v1.0,other,L
512245,537172,1,1,L5,L5_L,,,,ol_intrinsic,L,,SIFa_to_target,male-cns:v1.0,other,L
512245,537502,1,1,Tm3,Tm3_L,,,,ol_intrinsic,L,,SIFa_to_target,male-cns:v1.0,other,L
512245,537639,1,1,Cm8,Cm8_L,,,,ol_intrinsic,L,,SIFa_to_target,male-cns:v1.0,other,L
512245,537665,2,2,Tm37,Tm37_L,,,,ol_intrinsic,L,,SIFa_to_target,male-cns:v1.0,other,L
512245,537922,3,3,Dm10,Dm10_L,,,,ol_intrinsic,L,,SIFa_to_target,male-cns:v1.0,other,L
512245,537955,1,1,Tm37,Tm37_L,,,,ol_intrinsic,L,,SIFa_to_target,male-cns:v1.0,other,L
512245,538091,1,1,TmY3,TmY3_L,,,,ol_intrinsic,L,,SIFa_to_target,male-cns:v1.0,other,L
512245,539222,1,1,Tm3,Tm3_L,,,,ol_intrinsic,L,,SIFa_to_target,male-cns:v1.0,other,L
512245,539282,1,1,Mi4,Mi4_L,,,,ol_intrinsic,L,,SIFa_to_target,male-cns:v1.0,other,L
512245,539294,1,1,Dm10,Dm10_L,,,,ol_intrinsic,L,,SIFa_to_target,male-cns:v1.0,other,L
512245,539307,2,2,Dm1,Dm1_L,,,,ol_intrinsic,L,,SIFa_to_target,male-cns:v1.0,other,L
512245,539506,1,1,CB2257,CB2257_L,,,,cb_intrinsic,L,,SIFa_to_target,male-cns:v1.0,other,L
512245,539737,1,1,TmY5a,TmY5a_L,,,,ol_intrinsic,L,,SIFa_to_target,male-cns:v1.0,other,L
512245,539791,1,1,Mi4,Mi4_L,,,,ol_intrinsic,L,,SIFa_to_target,male-cns:v1.0,other,L
512245,539907,1,1,L5,L5_L,,,,ol_intrinsic,L,,SIFa_to_target,male-cns:v1.0,other,L
512245,539909,1,1,MeVP2,MeVP2_L,,,,visual_projection,L,,SIFa_to_target,male-cns:v1.0,other,L
512245,539985,1,1,L5,L5_L,,,,ol_intrinsic,L,,SIFa_to_target,male-cns:v1.0,other,L
512245,540373,1,1,Tm3,Tm3_L,,,,ol_intrinsic,L,,SIFa_to_target,male-cns:v1.0,other,L
512245,541394,1,1,Mi15,Mi15_L,,,,ol_intrinsic,L,,SIFa_to_target,male-cns:v1.0,other,L
512245,541396,1,1,Lawf1,Lawf1_L,,,,ol_intrinsic,L,,SIFa_to_target,male-cns:v1.0,other,L
512245,541557,1,1,TmY3,TmY3_L,,,,ol_intrinsic,L,,SIFa_to_target,male-cns:v1.0,other,L
512245,541757,3,3,Mi4,Mi4_L,,,,ol_intrinsic,L,,SIFa_to_target,male-cns:v1.0,other,L
512245,541809,1,1,Tm3,Tm3_L,,,,ol_intrinsic,L,,SIFa_to_target,male-cns:v1.0,other,L
512245,542159,1,1,Mi4,Mi4_L,,,,ol_intrinsic,L,,SIFa_to_target,male-cns:v1.0,other,L
512245,542213,1,1,T2a,T2a_L,,,,ol_intrinsic,L,,SIFa_to_target,male-cns:v1.0,other,L
512245,542504,1,1,L5,L5_L,,,,ol_intrinsic,L,,SIFa_to_target,male-cns:v1.0,other,L
512245,543156,1,1,Tm5c,Tm5c_L,,,,ol_intrinsic,L,,SIFa_to_target,male-cns:v1.0,other,L
512245,543306,1,1,L1,L1_L,,,,ol_intrinsic,L,,SIFa_to_target,male-cns:v1.0,other,L
512245,543520,1,1,Dm10,Dm10_L,,,,ol_intrinsic,L,,SIFa_to_target,male-cns:v1.0,other,L
512245,543557,1,1,L5,L5_L,,,,ol_intrinsic,L,,SIFa_to_target,male-cns:v1.0,other,L
512245,543774,1,1,v2LN41,v2LN41_R,v2LN41,ALLN,,cb_intrinsic,R,,SIFa_to_target,male-cns:v1.0,other,R
512245,543837,1,1,Dm10,Dm10_L,,,,ol_intrinsic,L,,SIFa_to_target,male-cns:v1.0,other,L
512245,544106,1,1,Tm3,Tm3_L,,,,ol_intrinsic,L,,SIFa_to_target,male-cns:v1.0,other,L
512245,544227,1,1,Mi15,Mi15_L,,,,ol_intrinsic,L,,SIFa_to_target,male-cns:v1.0,other,L
512245,544252,1,1,Dm10,Dm10_L,,,,ol_intrinsic,L,,SIFa_to_target,male-cns:v1.0,other,L
512245,544258,2,2,CB3417,CB3417_R,,ALLN,,cb_intrinsic,R,,SIFa_to_target,male-cns:v1.0,other,R
512245,544362,2,2,Mi14,Mi14_L,,,,ol_intrinsic,L,,SIFa_to_target,male-cns:v1.0,other,L
512245,544619,1,1,Tm6,Tm6_L,,,,ol_intrinsic,L,,SIFa_to_target,male-cns:v1.0,other,L
512245,544673,1,1,Dm8b,Dm8b_L,,,,ol_intrinsic,L,,SIFa_to_target,male-cns:v1.0,other,L
512245,545406,1,1,Mi15,Mi15_L,,,,ol_intrinsic,L,,SIFa_to_target,male-cns:v1.0,other,L
512245,545478,1,1,Tm5Y,Tm5Y_L,,,,ol_intrinsic,L,,SIFa_to_target,male-cns:v1.0,other,L
512245,545934,1,1,Dm10,Dm10_L,,,,ol_intrinsic,L,,SIFa_to_target,male-cns:v1.0,other,L
512245,546283,1,1,Tm3,Tm3_L,,,,ol_intrinsic,L,,SIFa_to_target,male-cns:v1.0,other,L
512245,546340,1,1,Mi15,Mi15_L,,,,ol_intrinsic,L,,SIFa_to_target,male-cns:v1.0,other,L
512245,546486,1,1,Mi4,Mi4_L,,,,ol_intrinsic,L,,SIFa_to_target,male-cns:v1.0,other,L
512245,546550,1,1,TmY3,TmY3_L,,,,ol_intrinsic,L,,SIFa_to_target,male-cns:v1.0,other,L
512245,548110,1,1,Mi13,Mi13_L,,,,ol_intrinsic,L,,SIFa_to_target,male-cns:v1.0,other,L
512245,548676,1,1,L5,L5_L,,,,ol_intrinsic,L,,SIFa_to_target,male-cns:v1.0,other,L
512245,549229,1,1,EA27X006,EA27X006_R,,,,efferent_ascending,R,,SIFa_to_target,male-cns:v1.0,other,R
512245,549795,4,3,Dm10,Dm10_R,,,,ol_intrinsic,R,,SIFa_to_target,male-cns:v1.0,other,R
512245,551161,1,1,Tm5c,Tm5c_L,,,,ol_intrinsic,L,,SIFa_to_target,male-cns:v1.0,other,L
512245,551294,17,16,lLN2P_c,lLN2P_c_R,lLN2P_c,ALLN,,cb_intrinsic,R,,SIFa_to_target,male-cns:v1.0,other,R
512245,552026,1,1,Dm3b,Dm3b_L,,,,ol_intrinsic,L,,SIFa_to_target,male-cns:v1.0,other,L
512245,553046,1,1,Dm10,Dm10_L,,,,ol_intrinsic,L,,SIFa_to_target,male-cns:v1.0,other,L
512245,553895,1,1,l-LNv,l-LNv_L,l-LNv,ol_bilateral,,ol_intrinsic,L,,SIFa_to_target,male-cns:v1.0,PDF_positive_LNv,L
512245,554568,3,3,Dm10,Dm10_R,,,,ol_intrinsic,R,,SIFa_to_target,male-cns:v1.0,other,R
512245,555292,1,1,GNG412,GNG412_L,,,,cb_intrinsic,L,,SIFa_to_target,male-cns:v1.0,other,L
512245,555318,3,2,lLN2X04,lLN2X04_L,,ALLN,,cb_intrinsic,L,,SIFa_to_target,male-cns:v1.0,other,L
512245,555921,4,4,L2,L2_L,,,,ol_intrinsic,L,,SIFa_to_target,male-cns:v1.0,other,L
512245,555923,5,5,Tm2,Tm2_L,,,,ol_intrinsic,L,,SIFa_to_target,male-cns:v1.0,other,L
512245,555926,8,8,Tm1,Tm1_L,,,,ol_intrinsic,L,,SIFa_to_target,male-cns:v1.0,other,L
512245,555966,1,1,VP3+_l2PN,VP3+_l2PN_R,VP3+_l2PN,ALPN,BI,cb_intrinsic,R,,SIFa_to_target,male-cns:v1.0,other,R
512245,555969,1,1,l2LN22,l2LN22_R,l2LN22,ALLN,,cb_intrinsic,R,,SIFa_to_target,male-cns:v1.0,other,R
512245,556347,1,1,EPG,EPG(PB08)_R4,EPG,CX,,cb_intrinsic,R,,SIFa_to_target,male-cns:v1.0,other,unknown
512245,559256,2,2,,,,,,cb_intrinsic,R,,SIFa_to_target,male-cns:v1.0,other,unknown
512245,559505,1,1,,,,,,cb_intrinsic,L,,SIFa_to_target,male-cns:v1.0,other,unknown
512245,559507,1,1,Mi1,Mi1_L,,,,ol_intrinsic,L,,SIFa_to_target,male-cns:v1.0,other,L
512245,560503,3,3,Mi1,Mi1_L,,,,ol_intrinsic,L,,SIFa_to_target,male-cns:v1.0,other,L
512245,564174,3,3,DL2d_adPN,DL2d_adPN_L,DL2d_adPN,ALPN,,cb_intrinsic,L,,SIFa_to_target,male-cns:v1.0,other,L
512245,565219,1,1,vDeltaM,vDeltaM_C8,vDeltaM,CX,,cb_intrinsic,R,,SIFa_to_target,male-cns:v1.0,other,unknown
512245,567159,1,1,PRW075,PRW075_R,,,,cb_intrinsic,R,,SIFa_to_target,male-cns:v1.0,other,R
512245,569209,2,2,Dm1,Dm1_L,,,,ol_intrinsic,L,,SIFa_to_target,male-cns:v1.0,other,L
512245,569556,2,2,SAD117,SAD117_R,,,,cb_intrinsic,R,,SIFa_to_target,male-cns:v1.0,other,R
512245,569917,2,2,Mi15,Mi15_L,,,,ol_intrinsic,L,,SIFa_to_target,male-cns:v1.0,other,L
512245,571357,2,2,Dm10,Dm10_L,,,,ol_intrinsic,L,,SIFa_to_target,male-cns:v1.0,other,L
512245,574357,1,1,AN09A005,AN09A005_L,,,BA,ascending_neuron,L,,SIFa_to_target,male-cns:v1.0,other,L
512245,578432,2,2,AVLP401,AVLP401_L,AVLP401,,,cb_intrinsic,L,,SIFa_to_target,male-cns:v1.0,other,L
512245,579317,1,1,,,,,,,,,SIFa_to_target,male-cns:v1.0,other,unknown
512245,580743,2,2,TmY18,TmY18_L,,,,ol_intrinsic,L,,SIFa_to_target,male-cns:v1.0,other,L
512245,580840,1,1,T2a,T2a_L,,,,ol_intrinsic,L,,SIFa_to_target,male-cns:v1.0,other,L
512245,580970,1,1,Lawf2,Lawf2_L,,,,ol_intrinsic,L,,SIFa_to_target,male-cns:v1.0,other,L
512245,581390,1,1,Dm3b,Dm3b_L,,,,ol_intrinsic,L,,SIFa_to_target,male-cns:v1.0,other,L
512245,582877,1,1,AVLP443,AVLP443_L,AVLP443,,,cb_intrinsic,L,,SIFa_to_target,male-cns:v1.0,other,L
512245,800014,3,2,IN17B003,IN17B003_L,,,BI,vnc_intrinsic,L,,SIFa_to_target,male-cns:v1.0,other,L
512245,800054,1,1,INXXX025,INXXX025_L,,,BI,vnc_intrinsic,L,,SIFa_to_target,male-cns:v1.0,other,L
512245,800072,1,1,INXXX464,INXXX464_L,,,IR,vnc_intrinsic,L,,SIFa_to_target,male-cns:v1.0,other,L
512245,800132,1,1,IN13A003,IN13A003_L,,,IR,vnc_intrinsic,L,,SIFa_to_target,male-cns:v1.0,other,L
512245,800218,1,1,INXXX126,INXXX126_L,,,II,vnc_intrinsic,L,,SIFa_to_target,male-cns:v1.0,other,L
512245,800233,1,1,IN19A007,IN19A007_L,,,IR,vnc_intrinsic,L,,SIFa_to_target,male-cns:v1.0,other,L
512245,800248,1,1,MNad07,MNad07_L,,,ad,vnc_motor,L,,SIFa_to_target,male-cns:v1.0,other,L
512245,800268,1,1,IN01B001,IN01B001_L,,,II,vnc_intrinsic,L,,SIFa_to_target,male-cns:v1.0,other,L
512245,800374,1,1,IN19A007,IN19A007_L,,,IR,vnc_intrinsic,L,,SIFa_to_target,male-cns:v1.0,other,L
512245,800565,1,1,IN18B008,IN18B008_R,,,BI,vnc_intrinsic,R,,SIFa_to_target,male-cns:v1.0,other,R
512245,800571,1,1,INXXX149,INXXX149_R,,,BR,vnc_intrinsic,R,,SIFa_to_target,male-cns:v1.0,other,R
512245,800615,1,1,EN00B013,EN00B013_M,,,,vnc_efferent,M,,SIFa_to_target,male-cns:v1.0,other,unknown
512245,800659,3,3,MNad22,MNad22_R,,,ad,vnc_motor,R,,SIFa_to_target,male-cns:v1.0,other,R
512245,800754,1,1,INXXX223,INXXX223_R,,,BR,vnc_intrinsic,R,,SIFa_to_target,male-cns:v1.0,other,R
512245,800927,1,1,IN09B008,IN09B008_L,,,BR,vnc_intrinsic,L,,SIFa_to_target,male-cns:v1.0,other,L
512245,800966,1,1,IN19A073,IN19A073_L,,,IR,vnc_intrinsic,L,,SIFa_to_target,male-cns:v1.0,other,L
512245,800986,2,1,INXXX149,INXXX149_L,,,BR,vnc_intrinsic,L,,SIFa_to_target,male-cns:v1.0,other,L
512245,801013,1,1,INXXX149,INXXX149_L,,,BR,vnc_intrinsic,L,,SIFa_to_target,male-cns:v1.0,other,L
512245,801142,1,1,IN23B024,IN23B024_R,,,BR,vnc_intrinsic,R,,SIFa_to_target,male-cns:v1.0,other,R
512245,801158,1,1,MNad64,MNad64_R,,,ad,vnc_motor,R,,SIFa_to_target,male-cns:v1.0,other,R
512245,801179,1,1,IN10B011,IN10B011_R,,,BI,vnc_intrinsic,R,,SIFa_to_target,male-cns:v1.0,other,R
512245,801199,1,1,INXXX034,INXXX034_M,,,BA,vnc_intrinsic,M,,SIFa_to_target,male-cns:v1.0,other,unknown
512245,801547,1,1,IN21A018,IN21A018_L,,,IR,vnc_intrinsic,L,,SIFa_to_target,male-cns:v1.0,other,L
512245,801743,1,1,IN09A017,IN09A017_L,,,BR,vnc_intrinsic,L,,SIFa_to_target,male-cns:v1.0,other,L
512245,801759,1,1,IN23B023,IN23B023_L,,,BI,vnc_intrinsic,L,,SIFa_to_target,male-cns:v1.0,other,L
512245,801795,1,1,IN01B007,IN01B007_R,,,IR,vnc_intrinsic,R,,SIFa_to_target,male-cns:v1.0,other,R
512245,801810,2,2,INXXX209,INXXX209_R,,,BR,vnc_intrinsic,R,,SIFa_to_target,male-cns:v1.0,other,R
512245,801954,1,1,IN00A014,IN00A014_M,,,BI,vnc_intrinsic,M,,SIFa_to_target,male-cns:v1.0,other,unknown
512245,802015,1,1,IN09A024,IN09A024_L,,,IR,vnc_intrinsic,L,,SIFa_to_target,male-cns:v1.0,other,L
512245,802140,1,1,INXXX288,INXXX288_L,,,BR,vnc_intrinsic,L,,SIFa_to_target,male-cns:v1.0,other,L
512245,802163,1,1,IN19B020,IN19B020_L,,,BI,vnc_intrinsic,L,,SIFa_to_target,male-cns:v1.0,other,L
512245,802652,1,1,IN05B013,IN05B013_L,,,BI,vnc_intrinsic,L,,SIFa_to_target,male-cns:v1.0,other,L
512245,802820,1,1,INXXX126,INXXX126_L,,,II,vnc_intrinsic,L,,SIFa_to_target,male-cns:v1.0,other,L
512245,802850,1,1,IN12B016,IN12B016_L,,,BI,vnc_intrinsic,L,,SIFa_to_target,male-cns:v1.0,other,L
512245,802872,1,1,INXXX246,INXXX246_L,,,BR,vnc_intrinsic,L,,SIFa_to_target,male-cns:v1.0,other,L
512245,802892,1,1,IN13B019,IN13B019_R,,,CR,vnc_intrinsic,R,,SIFa_to_target,male-cns:v1.0,other,R
512245,802907,1,1,MNad23,MNad23_R,,,ad,vnc_motor,R,,SIFa_to_target,male-cns:v1.0,other,R
512245,803005,1,1,EN00B004,EN00B004_M,,,,vnc_efferent,M,,SIFa_to_target,male-cns:v1.0,other,unknown
512245,803010,1,1,MNad17,MNad17_R,,,ad,vnc_motor,R,,SIFa_to_target,male-cns:v1.0,other,R
512245,803064,1,1,INXXX212,INXXX212_L,,,BR,vnc_intrinsic,L,,SIFa_to_target,male-cns:v1.0,other,L
512245,803209,4,4,IN01A045,IN01A045_R,,,BR,vnc_intrinsic,R,,SIFa_to_target,male-cns:v1.0,other,R
512245,803217,1,1,INXXX285,INXXX285_L,,,BR,vnc_intrinsic,L,,SIFa_to_target,male-cns:v1.0,other,L
512245,803317,2,1,IN00A033,IN00A033_M,,,BR,vnc_intrinsic,M,,SIFa_to_target,male-cns:v1.0,other,unknown
512245,803388,1,1,IN23B008,IN23B008_R,,,BI,vnc_intrinsic,R,,SIFa_to_target,male-cns:v1.0,other,R
512245,803470,2,2,IN20A.22A017,IN20A.22A017_L,,,,vnc_intrinsic,L,,SIFa_to_target,male-cns:v1.0,other,L
512245,803583,1,1,INXXX056,INXXX056_L,,,BI,vnc_intrinsic,L,,SIFa_to_target,male-cns:v1.0,other,L
512245,803702,1,1,IN17A099,IN17A099_L,,,II,vnc_intrinsic,L,,SIFa_to_target,male-cns:v1.0,other,L
512245,803821,3,3,IN27X002,IN27X002_L,,,BI,vnc_intrinsic,L,,SIFa_to_target,male-cns:v1.0,other,L
512245,803889,1,1,INXXX261,INXXX261_R,,,BR,vnc_intrinsic,R,,SIFa_to_target,male-cns:v1.0,other,R
512245,803900,1,1,INXXX279,INXXX279_R,,,BR,vnc_intrinsic,R,,SIFa_to_target,male-cns:v1.0,other,R
512245,803926,2,2,IN01B007,IN01B007_L,,,IR,vnc_intrinsic,L,,SIFa_to_target,male-cns:v1.0,other,L
512245,804084,1,1,IN14B010,IN14B010_R,,,BR,vnc_intrinsic,R,,SIFa_to_target,male-cns:v1.0,other,R
512245,804119,1,1,MNad53,MNad53_L,,,ad,vnc_motor,L,,SIFa_to_target,male-cns:v1.0,other,L
512245,804328,1,1,ANXXX214,INXXX214_R,,,BR,vnc_intrinsic,R,,SIFa_to_target,male-cns:v1.0,other,R
512245,804385,1,1,IN12B020,IN12B020_R,,,BR,vnc_intrinsic,R,,SIFa_to_target,male-cns:v1.0,other,R
512245,804392,1,1,INXXX331,INXXX331_R,,,BR,vnc_intrinsic,R,,SIFa_to_target,male-cns:v1.0,other,R
512245,804411,1,1,INXXX290,INXXX290_L,,,BR,vnc_intrinsic,L,,SIFa_to_target,male-cns:v1.0,other,L
512245,804414,1,1,IN01A048,IN01A048_L,,,BI,vnc_intrinsic,L,,SIFa_to_target,male-cns:v1.0,other,L
512245,804518,1,1,IN14A085_b,IN14A085_b_R,,,CR,vnc_intrinsic,R,,SIFa_to_target,male-cns:v1.0,other,R
512245,804608,1,1,IN10B050,IN10B050_R,,,BI,vnc_intrinsic,R,,SIFa_to_target,male-cns:v1.0,other,R
512245,804637,1,1,IN20A.22A041,IN20A.22A041_L,,,IR,vnc_intrinsic,L,,SIFa_to_target,male-cns:v1.0,other,L
512245,804674,1,1,INXXX283,INXXX283_R,,,BR,vnc_intrinsic,R,,SIFa_to_target,male-cns:v1.0,other,R
512245,804754,1,1,IN03A062_h,IN03A062_h_L,,,IR,vnc_intrinsic,L,,SIFa_to_target,male-cns:v1.0,other,L
512245,804755,1,1,INXXX221,INXXX221_R,,,BR,vnc_intrinsic,R,,SIFa_to_target,male-cns:v1.0,other,R
512245,804868,1,1,INXXX221,INXXX221_L,,,BR,vnc_intrinsic,L,,SIFa_to_target,male-cns:v1.0,other,L
512245,804969,1,1,AN05B108,AN05B108_R,,,BI,vnc_intrinsic,R,,SIFa_to_target,male-cns:v1.0,other,R
512245,805185,1,1,IN00A017,IN00A017_M,,,BR,vnc_intrinsic,M,,SIFa_to_target,male-cns:v1.0,other,unknown
512245,805191,1,1,IN08B004,IN08B004_L,,,BI,vnc_intrinsic,L,,SIFa_to_target,male-cns:v1.0,other,L
512245,805227,1,1,IN19B040,IN19B040_L,,,BI,vnc_intrinsic,L,,SIFa_to_target,male-cns:v1.0,other,L
512245,805229,1,1,IN27X003,IN27X003_L,,,BI,vnc_intrinsic,L,,SIFa_to_target,male-cns:v1.0,other,L
512245,805241,1,1,INXXX363,INXXX363_L,,,BR,vnc_intrinsic,L,,SIFa_to_target,male-cns:v1.0,other,L
512245,805268,1,1,INXXX386,INXXX386_L,,,BR,vnc_intrinsic,L,,SIFa_to_target,male-cns:v1.0,other,L
512245,805518,3,2,SNxx14,,,unknown_sensory,abdomen,vnc_sensory,,R,SIFa_to_target,male-cns:v1.0,other,unknown
512245,805581,1,1,IN03A067,IN03A067_L,,,IR,vnc_intrinsic,L,,SIFa_to_target,male-cns:v1.0,other,L
512245,805843,1,1,IN00A033,IN00A033_M,,,BR,vnc_intrinsic,M,,SIFa_to_target,male-cns:v1.0,other,unknown
512245,805986,1,1,IN14A059,IN14A059_R,,,CR,vnc_intrinsic,R,,SIFa_to_target,male-cns:v1.0,other,R
512245,806531,1,1,IN20A.22A016,IN20A.22A016_L,,,IR,vnc_intrinsic,L,,SIFa_to_target,male-cns:v1.0,other,L
512245,806601,1,1,MNad69,MNad69_R,,,ad,vnc_motor,R,,SIFa_to_target,male-cns:v1.0,other,R
512245,806845,2,1,IN09A029,IN09A029_R,,,II,vnc_intrinsic,R,,SIFa_to_target,male-cns:v1.0,other,R
512245,806985,1,1,IN01B024,IN01B024_L,,,IR,vnc_intrinsic,L,,SIFa_to_target,male-cns:v1.0,other,L
512245,806999,5,5,INXXX343,INXXX343_R,,,BR,vnc_intrinsic,R,,SIFa_to_target,male-cns:v1.0,other,R
512245,807002,2,2,INXXX336,INXXX336_R,,,BR,vnc_intrinsic,R,,SIFa_to_target,male-cns:v1.0,other,R
512245,807007,1,1,INXXX290,INXXX290_L,,,BR,vnc_intrinsic,L,,SIFa_to_target,male-cns:v1.0,other,L
512245,807072,2,1,INXXX343,INXXX343_L,,,BR,vnc_intrinsic,L,,SIFa_to_target,male-cns:v1.0,other,L
512245,807288,1,1,LK,LK_L,,,ad,vnc_endocrine,L,,SIFa_to_target,male-cns:v1.0,other,L
512245,807346,2,2,INXXX290,INXXX290_R,,,BR,vnc_intrinsic,R,,SIFa_to_target,male-cns:v1.0,other,R
512245,807506,2,2,INXXX397,INXXX397_R,,,BR,vnc_intrinsic,R,,SIFa_to_target,male-cns:v1.0,other,R
512245,807595,2,1,SNpp40,,,mechanosensory_proprioceptive,chordotonal organ,vnc_sensory,,L,SIFa_to_target,male-cns:v1.0,other,unknown
512245,807780,2,1,INXXX374,INXXX374_L,,,BR,vnc_intrinsic,L,,SIFa_to_target,male-cns:v1.0,other,L
512245,808353,2,2,EN00B013,EN00B013_M,,,,vnc_efferent,M,,SIFa_to_target,male-cns:v1.0,other,unknown
512245,808689,2,2,IN10B041,IN10B041_R,,,BI,vnc_intrinsic,R,,SIFa_to_target,male-cns:v1.0,other,R
512245,808896,2,2,INXXX386,INXXX386_R,,,BR,vnc_intrinsic,R,,SIFa_to_target,male-cns:v1.0,other,R
512245,808926,1,1,"MNad04,MNad48","MNad04,MNad48_R",,,ad,vnc_motor,R,,SIFa_to_target,male-cns:v1.0,other,R
512245,809091,1,1,IN10B038,IN10B038_L,,,BI,vnc_intrinsic,L,,SIFa_to_target,male-cns:v1.0,other,L
512245,809105,1,1,IN09A039,IN09A039_R,,,IR,vnc_intrinsic,R,,SIFa_to_target,male-cns:v1.0,other,R
512245,809282,1,1,IN05B091,IN05B091_L,,,BI,vnc_intrinsic,L,,SIFa_to_target,male-cns:v1.0,other,L
512245,809437,1,1,SNpp38,,,mechanosensory_proprioceptive,campaniform sensilla,vnc_sensory,,L,SIFa_to_target,male-cns:v1.0,other,unknown
512245,809597,2,2,IN09A022,IN09A022_R,,,,vnc_intrinsic,R,,SIFa_to_target,male-cns:v1.0,other,R
512245,809690,1,1,IN14A029,IN14A029_R,,,BR,vnc_intrinsic,R,,SIFa_to_target,male-cns:v1.0,other,R
512245,809715,1,1,INXXX280,INXXX280_L,,,BI,vnc_intrinsic,L,,SIFa_to_target,male-cns:v1.0,other,L
512245,809735,1,1,SNxx14,,,unknown_sensory,abdomen,vnc_sensory,,R,SIFa_to_target,male-cns:v1.0,other,unknown
512245,809828,1,1,IN10B044,IN10B044_R,,,,vnc_intrinsic,R,,SIFa_to_target,male-cns:v1.0,other,R
512245,809974,2,2,EN00B010,EN00B010_M,,,,vnc_efferent,M,,SIFa_to_target,male-cns:v1.0,other,unknown
512245,810009,1,1,SNpp23,,,mechanosensory_proprioceptive,haltere,vnc_sensory,,L,SIFa_to_target,male-cns:v1.0,other,unknown
512245,810117,3,3,INXXX295,INXXX295_L,,,BI,vnc_intrinsic,L,,SIFa_to_target,male-cns:v1.0,other,L
512245,810321,2,2,SNxx20,,,unknown_sensory,abdomen,vnc_sensory,,L,SIFa_to_target,male-cns:v1.0,other,unknown
512245,811383,1,1,,,,,,vnc_intrinsic,L,,SIFa_to_target,male-cns:v1.0,other,unknown
512245,811400,1,1,MNxm02,MNxm02_L,,,xm,vnc_motor,L,,SIFa_to_target,male-cns:v1.0,other,L
512245,811679,1,1,IN13B093,IN13B093_R,,,CR,vnc_intrinsic,R,,SIFa_to_target,male-cns:v1.0,other,R
512245,811911,1,1,IN13B082,IN13B082_R,,,CR,vnc_intrinsic,R,,SIFa_to_target,male-cns:v1.0,other,R
512245,812633,1,1,EN00B027,EN00B027_M,,,ad,vnc_efferent,M,,SIFa_to_target,male-cns:v1.0,other,unknown
512245,813104,1,1,IN09A005,IN09A005_R,,,BI,vnc_intrinsic,R,,SIFa_to_target,male-cns:v1.0,other,R
512245,813133,1,1,INXXX452,INXXX452_R,,,BR,vnc_intrinsic,R,,SIFa_to_target,male-cns:v1.0,other,R
512245,813185,1,1,SNpp60,,,mechanosensory_proprioceptive,chordotonal organ,vnc_sensory,,R,SIFa_to_target,male-cns:v1.0,other,unknown
512245,813204,1,1,INXXX364,INXXX364_R,,,BR,vnc_intrinsic,R,,SIFa_to_target,male-cns:v1.0,other,R
512245,813725,3,3,LK,LK_L,,,ad,vnc_endocrine,L,,SIFa_to_target,male-cns:v1.0,other,L
512245,814115,2,2,IN09A005,IN09A005_L,,,BI,vnc_intrinsic,L,,SIFa_to_target,male-cns:v1.0,other,L
512245,814367,2,1,LK,LK_R,,,ad,vnc_endocrine,R,,SIFa_to_target,male-cns:v1.0,other,R
512245,814553,2,1,SNxx14,,,unknown_sensory,abdomen,vnc_sensory,,R,SIFa_to_target,male-cns:v1.0,other,unknown
512245,814783,2,1,LK,LK_R,,,ad,vnc_endocrine,R,,SIFa_to_target,male-cns:v1.0,other,R
512245,814958,2,2,LK,LK_R,,,ad,vnc_endocrine,R,,SIFa_to_target,male-cns:v1.0,other,R
512245,814989,2,2,MNad03,MNad03_R,,,ad,vnc_motor,R,,SIFa_to_target,male-cns:v1.0,other,R
512245,815790,1,1,,,,mechanosensory_proprioceptive,leg,vnc_sensory,,L,SIFa_to_target,male-cns:v1.0,other,unknown
512245,817019,1,1,AN27X018,AN27X018_R,,,BA,ascending_neuron,R,,SIFa_to_target,male-cns:v1.0,other,R
512245,817324,4,4,IN13B098,IN13B098_R,,,CR,vnc_intrinsic,R,,SIFa_to_target,male-cns:v1.0,other,R
512245,817391,1,1,IN14A029,IN14A029_L,,,BR,vnc_intrinsic,L,,SIFa_to_target,male-cns:v1.0,other,L
512245,819277,1,1,SNxx16,,,unknown_sensory,abdomen,vnc_sensory,,R,SIFa_to_target,male-cns:v1.0,other,unknown
512245,820902,1,1,,,,,,vnc_intrinsic,L,,SIFa_to_target,male-cns:v1.0,other,unknown
512245,829527,1,1,LK,LK_L,,,ad,vnc_endocrine,L,,SIFa_to_target,male-cns:v1.0,other,L
512245,900035,1,1,aMe6a,aMe6a_L,aMe6a,,,visual_projection,L,,SIFa_to_target,male-cns:v1.0,other,L
512245,902728,6,5,INXXX209,INXXX209_R,,,BR,vnc_intrinsic,R,,SIFa_to_target,male-cns:v1.0,other,R
512245,902779,1,1,IN20A.22A049,IN20A.22A049_L,,,,vnc_intrinsic,L,,SIFa_to_target,male-cns:v1.0,other,L
512245,903021,1,1,INXXX197,INXXX197_R,,,BR,vnc_intrinsic,R,,SIFa_to_target,male-cns:v1.0,other,R
512245,903116,1,1,IN09A006,IN09A006_L,,,IR,vnc_intrinsic,L,,SIFa_to_target,male-cns:v1.0,other,L
512245,903161,1,1,IN03A089,IN03A089_L,,,IR,vnc_intrinsic,L,,SIFa_to_target,male-cns:v1.0,other,L
512245,903189,1,1,IN13B010,IN13B010_R,,,CR,vnc_intrinsic,R,,SIFa_to_target,male-cns:v1.0,other,R
512245,903493,1,1,,,,,,vnc_tbc,,,SIFa_to_target,male-cns:v1.0,other,unknown
512245,903563,1,1,INXXX418,INXXX418_R,,,BR,vnc_intrinsic,R,,SIFa_to_target,male-cns:v1.0,other,R
512245,903780,1,1,INXXX258,INXXX258_R,,,BR,vnc_intrinsic,R,,SIFa_to_target,male-cns:v1.0,other,R
512245,904958,1,1,IN00A067,IN00A067_M,,,BI,vnc_intrinsic,M,,SIFa_to_target,male-cns:v1.0,other,unknown
512245,905310,1,1,IN16B041,IN16B041_L,,,IR,vnc_intrinsic,L,,SIFa_to_target,male-cns:v1.0,other,L
512245,905625,1,1,IN01A070,IN01A070_R,,,,vnc_intrinsic,R,,SIFa_to_target,male-cns:v1.0,other,R
512245,905918,2,2,IN23B024,IN23B024_L,,,BR,vnc_intrinsic,L,,SIFa_to_target,male-cns:v1.0,other,L
512245,905924,1,1,INXXX279,INXXX279_R,,,BR,vnc_intrinsic,R,,SIFa_to_target,male-cns:v1.0,other,R
512245,907835,1,1,EN00B010,EN00B010_M,,,,vnc_efferent,M,,SIFa_to_target,male-cns:v1.0,other,unknown
512245,907942,1,1,INXXX377,INXXX377_R,,,BR,vnc_intrinsic,R,,SIFa_to_target,male-cns:v1.0,other,R
512245,908375,1,1,IN20A.22A055,IN20A.22A055_L,,,,vnc_intrinsic,L,,SIFa_to_target,male-cns:v1.0,other,L
512245,908668,1,1,IN01B083_b,IN01B083_b_L,,,IR,vnc_intrinsic,L,,SIFa_to_target,male-cns:v1.0,other,L
512245,908804,1,1,SNpp42,,,mechanosensory_proprioceptive,chordotonal organ,vnc_sensory,,L,SIFa_to_target,male-cns:v1.0,other,unknown
512245,908816,1,1,SNpp42,,,mechanosensory_proprioceptive,chordotonal organ,vnc_sensory,L,L,SIFa_to_target,male-cns:v1.0,other,unknown
512245,908962,1,1,IN14A020,IN14A020_R,,,CI,vnc_intrinsic,R,,SIFa_to_target,male-cns:v1.0,other,R
512245,909059,1,1,IN09A053,IN09A053_R,,,BR,vnc_intrinsic,R,,SIFa_to_target,male-cns:v1.0,other,R
512245,909139,1,1,IN00A017,IN00A017_M,,,BR,vnc_intrinsic,M,,SIFa_to_target,male-cns:v1.0,other,unknown
512245,909797,1,1,"IN20A.22A070,IN20A.22A080","IN20A.22A070,IN20A.22A080_L",,,,vnc_intrinsic,L,,SIFa_to_target,male-cns:v1.0,other,L
512245,910220,2,1,SNxx20,,,unknown_sensory,abdomen,vnc_sensory,,L,SIFa_to_target,male-cns:v1.0,other,unknown
512245,910320,3,3,SNxx20,,,unknown_sensory,abdomen,vnc_sensory,,R,SIFa_to_target,male-cns:v1.0,other,unknown
512245,910701,1,1,ORN_DL5,ORN_DL5_L,ORN_DL5,olfactory,,cb_sensory,,L,SIFa_to_target,male-cns:v1.0,other,L
512245,912485,1,1,IN09A060,IN09A060_L,,,,vnc_intrinsic,L,,SIFa_to_target,male-cns:v1.0,other,L
512245,912647,1,1,LK,LK_R,,,ad,vnc_endocrine,R,,SIFa_to_target,male-cns:v1.0,other,R
512245,913079,2,2,IN10B058,IN10B058_R,,,,vnc_intrinsic,R,,SIFa_to_target,male-cns:v1.0,other,R
512245,914266,2,1,SNxx14,,,unknown_sensory,abdomen,vnc_sensory,,R,SIFa_to_target,male-cns:v1.0,other,unknown
512245,915118,1,1,Dm20,Dm20_L,,,,ol_intrinsic,L,,SIFa_to_target,male-cns:v1.0,other,L
512245,918582,18,17,lLN2P_a,lLN2P_a_R,lLN2P_a,ALLN,,cb_intrinsic,R,,SIFa_to_target,male-cns:v1.0,other,R
512245,926810,1,1,IN21A083,IN21A083_L,,,IR,vnc_intrinsic,L,,SIFa_to_target,male-cns:v1.0,other,L
512245,933318,2,2,SNpp53,SNpp53_R,,mechanosensory_proprioceptive,campaniform sensilla,vnc_sensory,,R,SIFa_to_target,male-cns:v1.0,other,R
512245,934779,1,1,AN17A062,AN17A062_L,,,IA,ascending_neuron,L,,SIFa_to_target,male-cns:v1.0,other,L
512245,935860,1,1,SNpp56,,,mechanosensory_proprioceptive,leg,vnc_sensory,,L,SIFa_to_target,male-cns:v1.0,other,unknown
512245,935927,1,1,IN19A020,IN19A020_L,,,IR,vnc_intrinsic,L,,SIFa_to_target,male-cns:v1.0,other,L
512245,944267,1,1,AN10B045,AN10B045_L,,,BA,ascending_neuron,L,,SIFa_to_target,male-cns:v1.0,other,L
512245,201695766,1,1,ORN_VL1,ORN_VL1_L,ORN_VL1,olfactory,,cb_sensory,,L,SIFa_to_target,male-cns:v1.0,other,L
512245,212945075,1,1,ORN_DM1,ORN_DM1_L,ORN_DM1,olfactory,,cb_sensory,,L,SIFa_to_target,male-cns:v1.0,other,L
512245,324178811,1,1,LB1c,LB1c_L,,gustatory,labellar bristle,cb_sensory,,L,SIFa_to_target,male-cns:v1.0,other,L
512245,325265593,1,1,ORN_DM4,ORN_DM4_L,ORN_DM4,olfactory,,cb_sensory,,L,SIFa_to_target,male-cns:v1.0,other,L
512245,379170143,1,1,AN10B045,AN10B045_R,,,BA,ascending_neuron,R,,SIFa_to_target,male-cns:v1.0,other,R
512245,424050443,1,1,ORN_VM2,ORN_VM2_L,ORN_VM2,olfactory,,cb_sensory,,L,SIFa_to_target,male-cns:v1.0,other,L
512245,651813160,2,2,ORN_DM4,ORN_DM4_L,ORN_DM4,olfactory,,cb_sensory,,L,SIFa_to_target,male-cns:v1.0,other,L
512245,712967856,2,2,,,,,,,,,SIFa_to_target,male-cns:v1.0,other,unknown
512245,786482749,1,1,LB3a,LB3a_L,,gustatory,labellar bristle,cb_sensory,,L,SIFa_to_target,male-cns:v1.0,other,L
512245,844236462,1,1,ORN_VM5d,ORN_VM5d_L,ORN_VM5d,olfactory,,cb_sensory,,L,SIFa_to_target,male-cns:v1.0,other,L
512245,985260467,1,1,,,,,,,,,SIFa_to_target,male-cns:v1.0,other,unknown
512245,1050003044,3,3,LK,LK_L,,,ad,vnc_endocrine,L,,SIFa_to_target,male-cns:v1.0,other,L
512245,1050687371,2,1,INXXX245,INXXX245_R,,,BI,vnc_intrinsic,R,,SIFa_to_target,male-cns:v1.0,other,R
10342,10011,4,3,OA-AL2i1,OA-AL2i1_L,P1-9,,,visual_centrifugal,L,,target_to_SIFa,male-cns:v1.0,other,L
10342,10049,2,2,VA7m_lPN,VA7m_lPN_L,VA7m_lPN,ALPN,,cb_intrinsic,L,,target_to_SIFa,male-cns:v1.0,other,L
10342,10085,5,2,Am1,Am1_L,,,,ol_intrinsic,L,,target_to_SIFa,male-cns:v1.0,other,L
10342,10096,2,2,lLN2F_a,lLN2F_a(Full)_L,lLN2F_a,ALLN,,cb_intrinsic,L,,target_to_SIFa,male-cns:v1.0,other,L
10342,10111,6,2,DM3_adPN,DM3_adPN_L,DM3_adPN,ALPN,,cb_intrinsic,L,,target_to_SIFa,male-cns:v1.0,other,L
10342,10120,2,1,OA-VPM4,OA-VPM4_L,OA-VPM4,,,cb_intrinsic,L,,target_to_SIFa,male-cns:v1.0,other,L
10342,10126,5,4,DP1m_adPN,DP1m_adPN_L,DP1m_adPN,ALPN,,cb_intrinsic,L,,target_to_SIFa,male-cns:v1.0,other,L
10342,10144,1,1,SMP001,SMP001_R,SMP001,,,cb_intrinsic,R,,target_to_SIFa,male-cns:v1.0,other,R
10342,10150,1,1,AN27X013,AN27X013_R,,,XA,ascending_neuron,R,,target_to_SIFa,male-cns:v1.0,other,R
10342,10157,5,3,CT1,CT1_R,CT1,,,ol_intrinsic,R,,target_to_SIFa,male-cns:v1.0,other,R
10342,10165,2,1,AN05B101,AN05B101_L,,,BA,ascending_neuron,L,,target_to_SIFa,male-cns:v1.0,other,L
10342,10190,1,1,MeVPMe2,MeVPMe2_R,,,,visual_projection,R,,target_to_SIFa,male-cns:v1.0,other,R
10342,10208,4,2,DM1_lPN,DM1_lPN_L,DM1_lPN,ALPN,,cb_intrinsic,L,,target_to_SIFa,male-cns:v1.0,other,L
10342,10271,4,2,Pm11,Pm11_L,,,,ol_intrinsic,L,,target_to_SIFa,male-cns:v1.0,other,L
10342,10272,1,1,MeVPMe2,MeVPMe2_L,,,,visual_projection,L,,target_to_SIFa,male-cns:v1.0,other,L
10342,10286,3,3,DNpe053,DNpe053(SMP454)_L,SMP454,,xn,descending_neuron,L,,target_to_SIFa,male-cns:v1.0,other,L
10342,10294,1,1,OLVC5,OLVC5(PS064)_L,PS064,,,visual_centrifugal,L,,target_to_SIFa,male-cns:v1.0,other,L
10342,10305,1,1,LHPV12a1,LHPV12a1_L,LHPV12a1,,,cb_intrinsic,L,,target_to_SIFa,male-cns:v1.0,other,L
10342,10321,2,2,VL2p_adPN,VL2p_adPN_L,VL2p_adPN,ALPN,,cb_intrinsic,L,,target_to_SIFa,male-cns:v1.0,other,L
10342,10359,7,5,DL1_adPN,DL1_adPN_L,DL1_adPN,ALPN,,cb_intrinsic,L,,target_to_SIFa,male-cns:v1.0,other,L
10342,10376,4,1,lLN2F_b,lLN2F_b(Full)_L,lLN2F_b,ALLN,,cb_intrinsic,L,,target_to_SIFa,male-cns:v1.0,other,L
10342,10414,4,4,LT33,LT33_R,LT33,,,ol_intrinsic,R,,target_to_SIFa,male-cns:v1.0,other,R
10342,10447,1,1,DNge138,DNge138_M,,,xn,descending_neuron,M,,target_to_SIFa,male-cns:v1.0,other,unknown
10342,10459,4,2,lLN2F_a,lLN2F_a(Full)_L,lLN2F_a,ALLN,,cb_intrinsic,L,,target_to_SIFa,male-cns:v1.0,other,L
10342,10461,4,4,AL-AST1,AL-AST1_L,AL-AST1,ALON,,cb_intrinsic,L,,target_to_SIFa,male-cns:v1.0,other,L
10342,10470,7,3,DC1_adPN,DC1_adPN_L,DC1_adPN,ALPN,,cb_intrinsic,L,,target_to_SIFa,male-cns:v1.0,other,L
10342,10473,1,1,il3LN6,il3LN6_R,il3LN6,ALLN,,cb_intrinsic,R,,target_to_SIFa,male-cns:v1.0,other,R
10342,10488,3,3,Pm11,Pm11_L,,,,ol_intrinsic,L,,target_to_SIFa,male-cns:v1.0,other,L
10342,10522,1,1,VL2p_adPN,VL2p_adPN_R,VL2p_adPN,ALPN,,cb_intrinsic,R,,target_to_SIFa,male-cns:v1.0,other,R
10342,10540,3,2,APL,APL_R,APL,,,cb_intrinsic,R,,target_to_SIFa,male-cns:v1.0,APL,R
10342,10551,1,1,aMe17c,aMe17c_L,aMe17c,,,visual_centrifugal,L,,target_to_SIFa,male-cns:v1.0,other,L
10342,10561,4,2,VA2_adPN,VA2_adPN_L,VA2_adPN,ALPN,,cb_intrinsic,L,,target_to_SIFa,male-cns:v1.0,other,L
10342,10567,1,1,M_l2PNl20,M_l2PNl20_R,M_l2PNl20,ALPN,BI,cb_intrinsic,R,,target_to_SIFa,male-cns:v1.0,other,R
10342,10593,1,1,AL-MBDL1,AL-MBDL1_L,AL-MBDL1,ALIN,,cb_intrinsic,L,,target_to_SIFa,male-cns:v1.0,other,L
10342,10624,5,5,ExR5,ExR5_R,ExR5,CX,,cb_intrinsic,R,,target_to_SIFa,male-cns:v1.0,other,R
10342,10632,4,3,lLN1_bc,lLN1_bc_L,"lLN1_b,lLN1_c",ALLN,,cb_intrinsic,L,,target_to_SIFa,male-cns:v1.0,other,L
10342,10705,2,2,DNc02,DNc02(SIFa)_L,SIFa,,xn,descending_neuron,L,,target_to_SIFa,male-cns:v1.0,other,L
10342,10708,1,1,AVLP544,AVLP544_L,AVLP544,,,cb_intrinsic,L,,target_to_SIFa,male-cns:v1.0,other,L
10342,10736,7,5,VP2_adPN,VP2_adPN_L,VP2_adPN,ALPN,,cb_intrinsic,L,,target_to_SIFa,male-cns:v1.0,other,L
10342,10739,1,1,DNg24,DNg24_L,,,xn,descending_neuron,L,,target_to_SIFa,male-cns:v1.0,other,L
10342,10753,1,1,PPL201,PPL201_L,PPL201,DAN,,cb_intrinsic,L,,target_to_SIFa,male-cns:v1.0,DAN,L
10342,10767,4,2,DL5_adPN,DL5_adPN_L,DL5_adPN,ALPN,,cb_intrinsic,L,,target_to_SIFa,male-cns:v1.0,other,L
10342,10777,1,1,PS088,PS088_L,PS088,,,cb_intrinsic,L,,target_to_SIFa,male-cns:v1.0,other,L
10342,10823,5,5,DNp48,DNp48(SMP462)_R,SMP462,,xn,descending_neuron,R,,target_to_SIFa,male-cns:v1.0,other,R
10342,10877,6,5,VA6_adPN,VA6_adPN_L,VA6_adPN,ALPN,,cb_intrinsic,L,,target_to_SIFa,male-cns:v1.0,other,L
10342,10905,2,1,lLN1_bc,lLN1_bc_L,"lLN1_b,lLN1_c",ALLN,,cb_intrinsic,L,,target_to_SIFa,male-cns:v1.0,other,L
10342,10926,1,1,CB0381,CB0381_L,,,,cb_intrinsic,L,,target_to_SIFa,male-cns:v1.0,other,L
10342,10977,3,1,APL,APL_L,APL,,,cb_intrinsic,L,,target_to_SIFa,male-cns:v1.0,APL,L
10342,10994,2,2,SLP235,SLP235_L,SLP235,,,cb_intrinsic,L,,target_to_SIFa,male-cns:v1.0,other,L
10342,11044,2,2,AMMC034_a,AMMC034_a_L,,,,cb_intrinsic,L,,target_to_SIFa,male-cns:v1.0,other,L
10342,11050,2,2,VP1d+VP4_l2PN1,VP1d+VP4_l2PN1_L,VP1d+VP4_l2PN1,ALPN,BI,cb_intrinsic,L,,target_to_SIFa,male-cns:v1.0,other,L
10342,11053,1,1,LPsP,LPsP(PB13)_L,LPsP,CX,,cb_intrinsic,L,,target_to_SIFa,male-cns:v1.0,other,L
10342,11080,3,1,DM2_lPN,DM2_lPN_L,DM2_lPN,ALPN,,cb_intrinsic,L,,target_to_SIFa,male-cns:v1.0,other,L
10342,11105,1,1,VC2_lPN,VC2_lPN_L,VC2_lPN,ALPN,,cb_intrinsic,L,,target_to_SIFa,male-cns:v1.0,other,L
10342,11121,1,1,DNp52,DNp52(CRE101)_L,CRE101,,,descending_neuron,L,,target_to_SIFa,male-cns:v1.0,other,L
10342,11135,5,4,DA4m_adPN,DA4m_adPN_L,DA4m_adPN,ALPN,,cb_intrinsic,L,,target_to_SIFa,male-cns:v1.0,other,L
10342,11143,4,2,VP1m_l2PN,VP1m_l2PN_L,VP1m_l2PN,ALPN,,cb_intrinsic,L,,target_to_SIFa,male-cns:v1.0,other,L
10342,11146,1,1,MeVPMe2,MeVPMe2_R,,,,visual_projection,R,,target_to_SIFa,male-cns:v1.0,other,R
10342,11162,1,1,DH44,DH44_R,"PI1,PI2,PI3",,,cb_endocrine,R,,target_to_SIFa,male-cns:v1.0,other,R
10342,11173,11,11,DNg103,DNg103_R,,,xl,descending_neuron,R,,target_to_SIFa,male-cns:v1.0,other,R
10342,11189,1,1,PS116,PS116_R,PS116,,,cb_intrinsic,R,,target_to_SIFa,male-cns:v1.0,other,R
10342,11195,1,1,M_spPN5t10,M_spPN5t10_L,M_spPN5t10,ALPN,BI,cb_intrinsic,L,,target_to_SIFa,male-cns:v1.0,other,L
10342,11227,2,2,CSD,CSD_R,CSD,,,cb_intrinsic,R,,target_to_SIFa,male-cns:v1.0,other,R
10342,11283,1,1,VA1v_adPN,VA1v_adPN_L,VA1v_adPN,ALPN,,cb_intrinsic,L,,target_to_SIFa,male-cns:v1.0,other,L
10342,11294,4,1,lLN2T_e,lLN2T_e(Tortuous)_L,lLN2T_e,ALLN,,cb_intrinsic,L,,target_to_SIFa,male-cns:v1.0,other,L
10342,11326,3,3,ExR5,ExR5_R,ExR5,CX,,cb_intrinsic,R,,target_to_SIFa,male-cns:v1.0,other,R
10342,11337,1,1,vCal1,vCal1_L,PLP127,,,visual_projection,L,,target_to_SIFa,male-cns:v1.0,other,L
10342,11343,3,2,SMP586,SMP586_R,SMP586,,,cb_intrinsic,R,,target_to_SIFa,male-cns:v1.0,other,R
10342,11344,1,1,MeVC6,MeVC6_L,PS132,,,visual_centrifugal,L,,target_to_SIFa,male-cns:v1.0,other,L
10342,11359,2,2,lLN2T_e,lLN2T_e(Tortuous)_L,lLN2T_e,ALLN,,cb_intrinsic,L,,target_to_SIFa,male-cns:v1.0,other,L
10342,11369,1,1,DNc01,DNc01_L,SIFa,,xn,descending_neuron,L,,target_to_SIFa,male-cns:v1.0,other,L
10342,11390,5,5,VL1_ilPN,VL1_ilPN_R,VL1_ilPN,ALPN,BI,cb_intrinsic,R,,target_to_SIFa,male-cns:v1.0,other,R
10342,11399,3,2,lLN2T_d,lLN2T_d(Tortuous)_L,lLN2T_d,ALLN,,cb_intrinsic,L,,target_to_SIFa,male-cns:v1.0,other,L
10342,11400,2,1,lLN1_bc,lLN1_bc_L,"lLN1_b,lLN1_c",ALLN,,cb_intrinsic,L,,target_to_SIFa,male-cns:v1.0,other,L
10342,11477,7,7,LHPV6q1,LHPV6q1_R,LHPV6q1,,,cb_intrinsic,R,,target_to_SIFa,male-cns:v1.0,other,R
10342,11486,2,1,DNd03,DNd03_L,,,xn,descending_neuron,L,,target_to_SIFa,male-cns:v1.0,other,L
10342,11496,1,1,GNG484,GNG484_L,,,,cb_intrinsic,L,,target_to_SIFa,male-cns:v1.0,other,L
10342,11503,2,2,EPG,EPG(PB08)_R8,EPG,CX,,cb_intrinsic,R,,target_to_SIFa,male-cns:v1.0,other,unknown
10342,11517,4,4,lLN2T_c,lLN2T_c(Tortuous)_L,lLN2T_c,ALLN,,cb_intrinsic,L,,target_to_SIFa,male-cns:v1.0,other,L
10342,11546,3,2,v2LN30,v2LN30_L,v2LN30,ALLN,,cb_intrinsic,L,,target_to_SIFa,male-cns:v1.0,other,L
10342,11556,4,2,lLN2T_d,lLN2T_d(Tortuous)_L,lLN2T_d,ALLN,,cb_intrinsic,L,,target_to_SIFa,male-cns:v1.0,other,L
10342,11594,1,1,lLN2X11,lLN2X11_L,,ALLN,,cb_intrinsic,L,,target_to_SIFa,male-cns:v1.0,other,L
10342,11602,1,1,OA-ASM1,OA-ASM1_L,OA-ASM1,,,visual_centrifugal,L,,target_to_SIFa,male-cns:v1.0,other,L
10342,11606,1,1,LHCENT8,LHCENT8_R,LHCENT8,,,cb_intrinsic,R,,target_to_SIFa,male-cns:v1.0,other,R
10342,11608,1,1,OA-VUMa2,OA-VUMa2_M,OA-VUMa2,,,cb_intrinsic,M,,target_to_SIFa,male-cns:v1.0,other,unknown
10342,11666,1,1,SAD108,SAD108_L,,,,cb_intrinsic,L,,target_to_SIFa,male-cns:v1.0,other,L
10342,11703,10,6,VM1_lPN,VM1_lPN_L,VM1_lPN,ALPN,,cb_intrinsic,L,,target_to_SIFa,male-cns:v1.0,other,L
10342,11734,3,3,DPM,DPM_L,DPM,,,cb_intrinsic,L,,target_to_SIFa,male-cns:v1.0,DPM,L
10342,11740,2,1,GNG540,GNG540_L,,,,cb_intrinsic,L,,target_to_SIFa,male-cns:v1.0,other,L
10342,11761,1,1,VP1d+VP4_l2PN1,VP1d+VP4_l2PN1_R,VP1d+VP4_l2PN1,ALPN,BI,cb_intrinsic,R,,target_to_SIFa,male-cns:v1.0,other,R
10342,11817,2,1,VA5_lPN,VA5_lPN_L,VA5_lPN,ALPN,,cb_intrinsic,L,,target_to_SIFa,male-cns:v1.0,other,L
10342,11829,1,1,DL4_adPN,DL4_adPN_L,DL4_adPN,ALPN,,cb_intrinsic,L,,target_to_SIFa,male-cns:v1.0,other,L
10342,11837,3,2,lLN2X05,lLN2X05_L,lLN2T_a,ALLN,,cb_intrinsic,L,,target_to_SIFa,male-cns:v1.0,other,L
10342,11870,1,1,lLN1_bc,lLN1_bc_L,"lLN1_b,lLN1_c",ALLN,,cb_intrinsic,L,,target_to_SIFa,male-cns:v1.0,other,L
10342,11884,1,1,CB4118,CB4118_L,,,,cb_intrinsic,L,,target_to_SIFa,male-cns:v1.0,other,L
10342,11886,1,1,ExR1,ExR1_R,ExR1,CX,,cb_intrinsic,R,,target_to_SIFa,male-cns:v1.0,other,R
10342,11952,2,2,lLN2X11,lLN2X11_L,,ALLN,,cb_intrinsic,L,,target_to_SIFa,male-cns:v1.0,other,L
10342,11976,1,1,AN27X017,AN27X017_L,,,BA,ascending_neuron,L,,target_to_SIFa,male-cns:v1.0,other,L
10342,11991,3,2,lLN2X05,lLN2X05_L,lLN2T_a,ALLN,,cb_intrinsic,L,,target_to_SIFa,male-cns:v1.0,other,L
10342,12022,4,2,PRW070,PRW070_L,,,,cb_intrinsic,L,,target_to_SIFa,male-cns:v1.0,other,L
10342,12031,1,1,DC4_adPN,DC4_adPN_L,DC4_adPN,ALPN,,cb_intrinsic,L,,target_to_SIFa,male-cns:v1.0,other,L
10342,12057,2,2,VM3_adPN,VM3_adPN_L,VM3_adPN,ALPN,,cb_intrinsic,L,,target_to_SIFa,male-cns:v1.0,other,L
10342,12061,2,1,DL1_adPN,DL1_adPN_L,DL1_adPN,ALPN,,cb_intrinsic,L,,target_to_SIFa,male-cns:v1.0,other,L
10342,12109,4,1,OA-VUMa2,OA-VUMa2_M,OA-VUMa2,,,cb_intrinsic,M,,target_to_SIFa,male-cns:v1.0,other,unknown
10342,12113,2,1,PRW070,PRW070_R,,,,cb_intrinsic,R,,target_to_SIFa,male-cns:v1.0,other,R
10342,12151,1,1,DNge138,DNge138_M,,,xn,descending_neuron,M,,target_to_SIFa,male-cns:v1.0,other,unknown
10342,12152,1,1,DC2_adPN,DC2_adPN_L,DC2_adPN,ALPN,,cb_intrinsic,L,,target_to_SIFa,male-cns:v1.0,other,L
10342,12196,1,1,Li29,Li29_L,,,,ol_intrinsic,L,,target_to_SIFa,male-cns:v1.0,other,L
10342,12283,3,2,AVLP533,AVLP533_L,AVLP533,,,cb_intrinsic,L,,target_to_SIFa,male-cns:v1.0,other,L
10342,12357,1,1,ER2_c,ER2_c_L,ER2_c,CX,,cb_intrinsic,L,,target_to_SIFa,male-cns:v1.0,other,L
10342,12398,2,2,AN27X013,AN27X013_L,,,XA,ascending_neuron,L,,target_to_SIFa,male-cns:v1.0,other,L
10342,12449,1,1,EPG,EPG(PB08)_L5,EPG,CX,,cb_intrinsic,L,,target_to_SIFa,male-cns:v1.0,other,unknown
10342,12509,1,1,VA3_adPN,VA3_adPN_L,VA3_adPN,ALPN,,cb_intrinsic,L,,target_to_SIFa,male-cns:v1.0,other,L
10342,12542,1,1,5-HTPMPD01,5-HTPMPD01_L,5-HTPMPD01,,,cb_intrinsic,L,,target_to_SIFa,male-cns:v1.0,other,L
10342,12656,1,1,ExR1,ExR1_L,ExR1,CX,,cb_intrinsic,L,,target_to_SIFa,male-cns:v1.0,other,L
10342,12674,6,5,FB6C_a,FB6C_a_R,FB6C_a,CX,,cb_intrinsic,R,,target_to_SIFa,male-cns:v1.0,other,R
10342,12675,10,9,DNg103,DNg103_L,,,xl,descending_neuron,L,,target_to_SIFa,male-cns:v1.0,other,L
10342,12702,2,1,LHPV5e1,LHPV5e1_R,LHPV5e1,,,cb_intrinsic,R,,target_to_SIFa,male-cns:v1.0,other,R
10342,12706,1,1,ExR3,ExR3_L,ExR3,CX,,cb_intrinsic,L,,target_to_SIFa,male-cns:v1.0,other,L
10342,12717,1,1,lLN2X12,lLN2X12_L,,ALLN,,cb_intrinsic,L,,target_to_SIFa,male-cns:v1.0,other,L
10342,12756,1,1,VA5_lPN,VA5_lPN_L,VA5_lPN,ALPN,,cb_intrinsic,L,,target_to_SIFa,male-cns:v1.0,other,L
10342,12777,2,2,GNG572,GNG572_L,,,,cb_intrinsic,L,,target_to_SIFa,male-cns:v1.0,other,L
10342,12896,1,1,OA-VUMa5,OA-VUMa5_M,OA-VUMa5,ALLN,,cb_intrinsic,M,,target_to_SIFa,male-cns:v1.0,other,unknown
10342,12929,2,1,,,,ALLN,,cb_intrinsic,L,,target_to_SIFa,male-cns:v1.0,other,unknown
10342,12977,2,2,lLN2X12,lLN2X12_L,,ALLN,,cb_intrinsic,L,,target_to_SIFa,male-cns:v1.0,other,L
10342,13000,1,1,PRW045,PRW045_R,,,,cb_intrinsic,R,,target_to_SIFa,male-cns:v1.0,other,R
10342,13027,4,3,VC5_lvPN,VC5_lvPN_L,VC3m_lvPN,ALPN,,cb_intrinsic,L,,target_to_SIFa,male-cns:v1.0,other,L
10342,13230,2,2,VC5_lvPN,VC5_lvPN_L,VC3m_lvPN,ALPN,,cb_intrinsic,L,,target_to_SIFa,male-cns:v1.0,other,L
10342,13235,1,1,AVLP720m,AVLP720m_L,,,,cb_intrinsic,L,,target_to_SIFa,male-cns:v1.0,other,L
10342,13259,2,2,PPL202,PPL202_L,PPL202,DAN,,cb_intrinsic,L,,target_to_SIFa,male-cns:v1.0,DAN,L
10342,13356,1,1,VM4_adPN,VM4_adPN_L,VM4_adPN,ALPN,,cb_intrinsic,L,,target_to_SIFa,male-cns:v1.0,other,L
10342,13431,6,4,lLN2T_b,lLN2T_b(Tortuous)_L,lLN2T_b,ALLN,,cb_intrinsic,L,,target_to_SIFa,male-cns:v1.0,other,L
10342,13442,1,1,DNg33,DNg33_R,,,xn,descending_neuron,R,,target_to_SIFa,male-cns:v1.0,other,R
10342,13479,2,1,DC2_adPN,DC2_adPN_L,DC2_adPN,ALPN,,cb_intrinsic,L,,target_to_SIFa,male-cns:v1.0,other,L
10342,13481,1,1,SMP744,SMP744_R,,,,cb_intrinsic,R,,target_to_SIFa,male-cns:v1.0,other,R
10342,13541,1,1,SAxx01,SAxx01_R,,unknown_sensory,abdomen,sensory_ascending,,R,target_to_SIFa,male-cns:v1.0,other,R
10342,13550,1,1,lLN2X12,lLN2X12_L,,ALLN,,cb_intrinsic,L,,target_to_SIFa,male-cns:v1.0,other,L
10342,13558,7,6,PRW066,PRW066_R,,,,cb_intrinsic,R,,target_to_SIFa,male-cns:v1.0,other,R
10342,13614,1,1,AVLP317,AVLP317_L,AVLP317,,,cb_intrinsic,L,,target_to_SIFa,male-cns:v1.0,other,L
10342,13761,1,1,LHPV6g1,LHPV6g1_L,LHPV6g1,,,cb_intrinsic,L,,target_to_SIFa,male-cns:v1.0,other,L
10342,13836,1,1,GNG487,GNG487_R,,,,cb_intrinsic,R,,target_to_SIFa,male-cns:v1.0,other,R
10342,13846,1,1,Li29,Li29_L,,,,ol_intrinsic,L,,target_to_SIFa,male-cns:v1.0,other,L
10342,13880,1,1,PRW003,PRW003_R,,,,cb_intrinsic,R,,target_to_SIFa,male-cns:v1.0,other,R
10342,14026,8,8,AN05B004,AN05B004_L,,,BA,ascending_neuron,L,,target_to_SIFa,male-cns:v1.0,other,L
10342,14063,1,1,AN27X003,AN27X003_L,,,BA,ascending_neuron,L,,target_to_SIFa,male-cns:v1.0,other,L
10342,14108,1,1,TmY19a,TmY19a_L,,,,ol_intrinsic,L,,target_to_SIFa,male-cns:v1.0,other,L
10342,14201,1,1,TmY19b,TmY19b_L,,,,ol_intrinsic,L,,target_to_SIFa,male-cns:v1.0,other,L
10342,14212,1,1,CSD,CSD_L,CSD,,,cb_intrinsic,L,,target_to_SIFa,male-cns:v1.0,other,L
10342,14222,3,3,FB7A,FB7A_R,FB7A,CX,,cb_intrinsic,R,,target_to_SIFa,male-cns:v1.0,other,R
10342,14238,1,1,SCL002m,SCL002m_R,,,,cb_intrinsic,R,,target_to_SIFa,male-cns:v1.0,other,R
10342,14241,3,3,AVLP547,AVLP547_L,AVLP547,,,cb_intrinsic,L,,target_to_SIFa,male-cns:v1.0,other,L
10342,14341,2,2,MeVC12,MeVC12_R,,,,visual_centrifugal,R,,target_to_SIFa,male-cns:v1.0,other,R
10342,14343,1,1,lLN2R_a,lLN2R_a_L,lLN2R_a,ALLN,,cb_intrinsic,L,,target_to_SIFa,male-cns:v1.0,other,L
10342,14427,1,1,VM5v_adPN,VM5v_adPN_L,VM5v_adPN,ALPN,,cb_intrinsic,L,,target_to_SIFa,male-cns:v1.0,other,L
10342,14489,60,52,GNG631,GNG631_R,,,,cb_intrinsic,R,,target_to_SIFa,male-cns:v1.0,other,R
10342,14806,2,2,Delta7,Delta7(PB15)_L8R1R9_L,Delta7,CX,,cb_intrinsic,L,,target_to_SIFa,male-cns:v1.0,other,L
10342,14842,1,1,DNge184,DNge184_L,,,xn,descending_neuron,L,,target_to_SIFa,male-cns:v1.0,other,L
10342,14912,8,6,GNG152,GNG152_R,,,,cb_intrinsic,R,,target_to_SIFa,male-cns:v1.0,other,R
10342,15152,1,1,MeVPaMe2,MeVPaMe2_L,aMe19a,,,visual_projection,L,,target_to_SIFa,male-cns:v1.0,other,L
10342,15153,40,36,GNG631,GNG631_L,,,,cb_intrinsic,L,,target_to_SIFa,male-cns:v1.0,other,L
10342,15176,2,2,PEN_b(PEN2),PEN_b(PB06b)_R8,PEN_b(PEN2),CX,,cb_intrinsic,R,,target_to_SIFa,male-cns:v1.0,other,unknown
10342,15420,1,1,SAD001,SAD001_L,SAD001,,,cb_intrinsic,L,,target_to_SIFa,male-cns:v1.0,other,L
10342,15487,2,2,GNG550,GNG550_L,,,,cb_intrinsic,L,,target_to_SIFa,male-cns:v1.0,other,L
10342,15514,1,1,AN27X013,AN27X013_R,,,XA,ascending_neuron,R,,target_to_SIFa,male-cns:v1.0,other,R
10342,15823,3,3,DM5_lPN,DM5_lPN_L,DM5_lPN,ALPN,,cb_intrinsic,L,,target_to_SIFa,male-cns:v1.0,other,L
10342,15833,9,9,DNp52,DNp52(CRE101)_R,CRE101,,,descending_neuron,R,,target_to_SIFa,male-cns:v1.0,other,R
10342,16023,1,1,TmY19a,TmY19a_L,,,,ol_intrinsic,L,,target_to_SIFa,male-cns:v1.0,other,L
10342,16160,1,1,SMP504,SMP504_R,SMP504,,,cb_intrinsic,R,,target_to_SIFa,male-cns:v1.0,other,R
10342,16206,2,1,VA7m_lPN,VA7m_lPN_L,VA7m_lPN,ALPN,,cb_intrinsic,L,,target_to_SIFa,male-cns:v1.0,other,L
10342,16228,1,1,DL3_lPN,DL3_lPN_L,DL3_lPN,ALPN,,cb_intrinsic,L,,target_to_SIFa,male-cns:v1.0,other,L
10342,16343,2,2,ER4d,ER4d_R,ER4d,CX,,cb_intrinsic,R,,target_to_SIFa,male-cns:v1.0,other,R
10342,16367,1,1,MeVPLo2,MeVPLo2_R,,,,visual_projection,R,,target_to_SIFa,male-cns:v1.0,other,R
10342,16724,1,1,LHPV4j4,LHPV4j4_L,LHPV4j4,,,cb_intrinsic,L,,target_to_SIFa,male-cns:v1.0,other,L
10342,17124,1,1,ANXXX082,ANXXX082_R,,,CA,ascending_neuron,R,,target_to_SIFa,male-cns:v1.0,other,R
10342,17210,8,7,DNpe036,DNpe036_L,,,xn,descending_neuron,L,,target_to_SIFa,male-cns:v1.0,other,L
10342,17325,1,1,lLN2P_a,lLN2P_a_L,lLN2P_a,ALLN,,cb_intrinsic,L,,target_to_SIFa,male-cns:v1.0,other,L
10342,17350,1,1,DM6_adPN,DM6_adPN_L,DM6_adPN,ALPN,,cb_intrinsic,L,,target_to_SIFa,male-cns:v1.0,other,L
10342,17368,1,1,Pm2b,Pm2b_L,,,,ol_intrinsic,L,,target_to_SIFa,male-cns:v1.0,other,L
10342,17378,2,1,AN27X017,AN27X017_R,,,BA,ascending_neuron,R,,target_to_SIFa,male-cns:v1.0,other,R
10342,17410,1,1,PLP123,PLP123_L,PLP123,,,cb_intrinsic,L,,target_to_SIFa,male-cns:v1.0,other,L
10342,17525,1,1,Pm9,Pm9_L,,,,ol_intrinsic,L,,target_to_SIFa,male-cns:v1.0,other,L
10342,17569,2,2,VC3_adPN,VC3_adPN_L,VC3l_adPN,ALPN,,cb_intrinsic,L,,target_to_SIFa,male-cns:v1.0,other,L
10342,17651,2,2,Pm2a,Pm2a_L,,,,ol_intrinsic,L,,target_to_SIFa,male-cns:v1.0,other,L
10342,17737,1,1,Tm2,Tm2_L,,,,ol_intrinsic,L,,target_to_SIFa,male-cns:v1.0,other,L
10342,18075,1,1,LHPD4d1,LHPD4d1_L,LHPD4d1,,,cb_intrinsic,L,,target_to_SIFa,male-cns:v1.0,other,L
10342,18110,1,1,DNge145,DNge145_L,,,xn,descending_neuron,L,,target_to_SIFa,male-cns:v1.0,other,L
10342,18165,3,2,lLN2P_b,lLN2P_b_L,lLN2P_b,ALLN,,cb_intrinsic,L,,target_to_SIFa,male-cns:v1.0,other,L
10342,18196,2,2,PRW016,PRW016_R,,,,cb_intrinsic,R,,target_to_SIFa,male-cns:v1.0,other,R
10342,18332,1,1,v2LN3A,v2LN3A_R,v2LN3A,ALLN,,cb_intrinsic,R,,target_to_SIFa,male-cns:v1.0,other,R
10342,18482,5,3,hDeltaD,hDeltaD_10_C6,hDeltaD,CX,,cb_intrinsic,L,,target_to_SIFa,male-cns:v1.0,other,unknown
10342,18671,3,3,CL234,CL234_R,CL234,,,cb_intrinsic,R,,target_to_SIFa,male-cns:v1.0,other,R
10342,18730,2,2,lLN2P_b,lLN2P_b_L,lLN2P_b,ALLN,,cb_intrinsic,L,,target_to_SIFa,male-cns:v1.0,other,L
10342,19767,3,2,lLN2P_b,lLN2P_b_L,lLN2P_b,ALLN,,cb_intrinsic,L,,target_to_SIFa,male-cns:v1.0,other,L
10342,19830,3,1,LPLC2,LPLC2_L,LPLC2,,,visual_projection,L,,target_to_SIFa,male-cns:v1.0,other,L
10342,19915,1,1,GNG630,GNG630_R,,,,cb_intrinsic,R,,target_to_SIFa,male-cns:v1.0,other,R
10342,19921,1,1,lLN2P_a,lLN2P_a_L,lLN2P_a,ALLN,,cb_intrinsic,L,,target_to_SIFa,male-cns:v1.0,other,L
10342,19935,2,2,ER2_c,ER2_c_R,ER2_c,CX,,cb_intrinsic,R,,target_to_SIFa,male-cns:v1.0,other,R
10342,20235,1,1,CB1706,CB1706_L,,,,cb_intrinsic,L,,target_to_SIFa,male-cns:v1.0,other,L
10342,20253,1,1,ER2_a,ER2_a_R,ER2_a,CX,,cb_intrinsic,R,,target_to_SIFa,male-cns:v1.0,other,R
10342,20291,2,2,SIP122m,SIP122m_L,,,,cb_intrinsic,L,,target_to_SIFa,male-cns:v1.0,other,L
10342,20402,4,2,lLN2P_b,lLN2P_b_L,lLN2P_b,ALLN,,cb_intrinsic,L,,target_to_SIFa,male-cns:v1.0,other,L
10342,20418,2,1,DNpe053,DNpe053(SMP454)_R,SMP454,,xn,descending_neuron,R,,target_to_SIFa,male-cns:v1.0,other,R
10342,20579,2,1,Pm10,Pm10_L,,,,ol_intrinsic,L,,target_to_SIFa,male-cns:v1.0,other,L
10342,20590,1,1,ER2_a,ER2_a_R,ER2_a,CX,,cb_intrinsic,R,,target_to_SIFa,male-cns:v1.0,other,R
10342,20620,4,1,lLN2P_b,lLN2P_b_L,lLN2P_b,ALLN,,cb_intrinsic,L,,target_to_SIFa,male-cns:v1.0,other,L
10342,20800,1,1,SMP741,SMP741_R,,,,cb_intrinsic,R,,target_to_SIFa,male-cns:v1.0,other,R
10342,20831,1,1,AN09A005,AN09A005_R,,,XA,ascending_neuron,R,,target_to_SIFa,male-cns:v1.0,other,R
10342,20910,1,1,M_lPNm11D,M_lPNm11D_L,M_lPNm11D,ALPN,,cb_intrinsic,L,,target_to_SIFa,male-cns:v1.0,other,L
10342,21020,2,2,ANXXX165,ANXXX165_R,,,BA,ascending_neuron,R,,target_to_SIFa,male-cns:v1.0,other,R
10342,21195,5,4,AN05B097,AN05B097_L,,,BA,ascending_neuron,L,,target_to_SIFa,male-cns:v1.0,other,L
10342,21645,1,1,ER2_a,ER2_a_L,ER2_a,CX,,cb_intrinsic,L,,target_to_SIFa,male-cns:v1.0,other,L
10342,21751,1,1,CL133,CL133_L,CL133,,,cb_intrinsic,L,,target_to_SIFa,male-cns:v1.0,other,L
10342,22166,3,2,lLN2P_c,lLN2P_c_L,lLN2P_c,ALLN,,cb_intrinsic,L,,target_to_SIFa,male-cns:v1.0,other,L
10342,22243,3,2,lLN2P_c,lLN2P_c_L,lLN2P_c,ALLN,,cb_intrinsic,L,,target_to_SIFa,male-cns:v1.0,other,L
10342,22884,6,5,ExR5,ExR5_L,ExR5,CX,,cb_intrinsic,L,,target_to_SIFa,male-cns:v1.0,other,L
10342,23094,1,1,Pm3,Pm3_L,,,,ol_intrinsic,L,,target_to_SIFa,male-cns:v1.0,other,L
10342,23601,1,1,FB4Y,FB4Y_R,FB4Y,CX,,cb_intrinsic,R,,target_to_SIFa,male-cns:v1.0,other,R
10342,24174,1,1,MeLo14,MeLo14_L,,,,ol_intrinsic,L,,target_to_SIFa,male-cns:v1.0,other,L
10342,24246,1,1,AN05B098,AN05B098_L,,,BA,ascending_neuron,L,,target_to_SIFa,male-cns:v1.0,other,L
10342,24740,1,1,T5d,T5d_L,,,,ol_intrinsic,L,,target_to_SIFa,male-cns:v1.0,other,L
10342,25294,1,1,Tm1,Tm1_L,,,,ol_intrinsic,L,,target_to_SIFa,male-cns:v1.0,other,L
10342,25491,1,1,CB2539,CB2539_R,"SMP300,SMP301",,,cb_intrinsic,R,,target_to_SIFa,male-cns:v1.0,other,R
10342,26257,1,1,LHPV4l1,LHPV4l1_L,LHPV4l1,,,cb_intrinsic,L,,target_to_SIFa,male-cns:v1.0,other,L
10342,27661,1,1,Pm10,Pm10_L,,,,ol_intrinsic,L,,target_to_SIFa,male-cns:v1.0,other,L
10342,28334,2,2,PRW005,PRW005_R,,,,cb_intrinsic,R,,target_to_SIFa,male-cns:v1.0,other,R
10342,28394,2,1,PRW036,PRW036_R,,,,cb_intrinsic,R,,target_to_SIFa,male-cns:v1.0,other,R
10342,28406,3,2,lLN2P_c,lLN2P_c_L,lLN2P_c,ALLN,,cb_intrinsic,L,,target_to_SIFa,male-cns:v1.0,other,L
10342,28468,1,1,FB8H,FB8H_L,FB8H,CX,,cb_intrinsic,L,,target_to_SIFa,male-cns:v1.0,other,L
10342,28998,1,1,Pm2a,Pm2a_L,,,,ol_intrinsic,L,,target_to_SIFa,male-cns:v1.0,other,L
10342,29215,2,1,PRW075,PRW075_L,,,,cb_intrinsic,L,,target_to_SIFa,male-cns:v1.0,other,L
10342,29234,4,3,ANXXX202,ANXXX202_L,,,BA,ascending_neuron,L,,target_to_SIFa,male-cns:v1.0,other,L
10342,29342,1,1,CB1055,CB1055_R,,,,cb_intrinsic,R,,target_to_SIFa,male-cns:v1.0,other,R
10342,29367,2,1,SMP168,SMP168_R,SMP168,,,cb_intrinsic,R,,target_to_SIFa,male-cns:v1.0,other,R
10342,29502,3,3,GNG070,GNG070_R,,,,cb_intrinsic,R,,target_to_SIFa,male-cns:v1.0,other,R
10342,29521,3,2,ORN_DP1m,ORN_DP1m_R,ORN_DP1m,olfactory,,cb_sensory,,R,target_to_SIFa,male-cns:v1.0,other,R
10342,29536,2,2,v2LN3A1_b,v2LN3A1_b_L,,ALLN,,cb_intrinsic,L,,target_to_SIFa,male-cns:v1.0,other,L
10342,29915,1,1,TmY14,TmY14_L,,,,visual_projection,L,,target_to_SIFa,male-cns:v1.0,other,L
10342,30021,3,2,M_lPNm11C,M_lPNm11C_L,M_lPNm11C,ALPN,,cb_intrinsic,L,,target_to_SIFa,male-cns:v1.0,other,L
10342,30574,1,1,ANXXX338,ANXXX338_R,,,BA,ascending_neuron,R,,target_to_SIFa,male-cns:v1.0,other,R
10342,30735,1,1,Tm4,Tm4_L,,,,ol_intrinsic,L,,target_to_SIFa,male-cns:v1.0,other,L
10342,31134,1,1,Tm2,Tm2_L,,,,ol_intrinsic,L,,target_to_SIFa,male-cns:v1.0,other,L
10342,31348,2,1,M_lPNm11D,M_lPNm11D_L,M_lPNm11D,ALPN,,cb_intrinsic,L,,target_to_SIFa,male-cns:v1.0,other,L
10342,32025,2,2,Cm11c,Cm11c_L,,,,ol_intrinsic,L,,target_to_SIFa,male-cns:v1.0,other,L
10342,32222,1,1,TmY15,TmY15_L,,,,ol_intrinsic,L,,target_to_SIFa,male-cns:v1.0,other,L
10342,32572,1,1,LHPD2a2,LHPD2a2_L,LHPD2a2,,,cb_intrinsic,L,,target_to_SIFa,male-cns:v1.0,other,L
10342,34151,1,1,SMP403,SMP403_R,SMP403,,,cb_intrinsic,R,,target_to_SIFa,male-cns:v1.0,other,R
10342,34172,1,1,LHAD2c2,LHAD2c2_R,LHAD2c2,,,cb_intrinsic,R,,target_to_SIFa,male-cns:v1.0,other,R
10342,35081,1,1,Tm3,Tm3_L,,,,ol_intrinsic,L,,target_to_SIFa,male-cns:v1.0,other,L
10342,35196,2,2,lLN2P_a,lLN2P_a_L,lLN2P_a,ALLN,,cb_intrinsic,L,,target_to_SIFa,male-cns:v1.0,other,L
10342,35334,6,6,PRW032,PRW032_R,,,,cb_intrinsic,R,,target_to_SIFa,male-cns:v1.0,other,R
10342,35624,2,1,PRW016,PRW016_R,,,,cb_intrinsic,R,,target_to_SIFa,male-cns:v1.0,other,R
10342,35813,4,3,,,,,,cb_endocrine,L,,target_to_SIFa,male-cns:v1.0,other,unknown
10342,36733,1,1,PRW044,PRW044_L,,,,cb_intrinsic,L,,target_to_SIFa,male-cns:v1.0,other,L
10342,37908,2,2,aMe5,aMe5_R,aMe5,,,visual_projection,R,,target_to_SIFa,male-cns:v1.0,other,R
10342,38326,2,2,PRW054,PRW054_L,,,,cb_intrinsic,L,,target_to_SIFa,male-cns:v1.0,other,L
10342,38670,2,1,CB1619,CB1619_L,,,,cb_intrinsic,L,,target_to_SIFa,male-cns:v1.0,other,L
10342,38829,3,2,PRW022,PRW022_R,,,,cb_intrinsic,R,,target_to_SIFa,male-cns:v1.0,other,R
10342,39324,1,1,CB3264,CB3264_L,,,,cb_intrinsic,L,,target_to_SIFa,male-cns:v1.0,other,L
10342,39741,1,1,Mi1,Mi1_L,,,,ol_intrinsic,L,,target_to_SIFa,male-cns:v1.0,other,L
10342,39767,7,6,PRW043,PRW043_R,,,,cb_intrinsic,R,,target_to_SIFa,male-cns:v1.0,other,R
10342,41193,3,3,PRW017,PRW017_R,,,,cb_intrinsic,R,,target_to_SIFa,male-cns:v1.0,other,R
10342,41783,3,3,PRW009,PRW009_R,,,,cb_intrinsic,R,,target_to_SIFa,male-cns:v1.0,other,R
10342,41805,1,1,CB2480,CB2480_L,,,,cb_intrinsic,L,,target_to_SIFa,male-cns:v1.0,other,L
10342,42378,1,1,Tm4,Tm4_L,,,,ol_intrinsic,L,,target_to_SIFa,male-cns:v1.0,other,L
10342,43652,1,1,LH002m,LH002m_L,,,,cb_intrinsic,L,,target_to_SIFa,male-cns:v1.0,other,L
10342,43673,1,1,Tm1,Tm1_L,,,,ol_intrinsic,L,,target_to_SIFa,male-cns:v1.0,other,L
10342,45155,2,2,hDeltaE,hDeltaE_11_C6,hDeltaE,CX,,cb_intrinsic,L,,target_to_SIFa,male-cns:v1.0,other,unknown
10342,45190,1,1,Tm16,Tm16_L,,,,ol_intrinsic,L,,target_to_SIFa,male-cns:v1.0,other,L
10342,45295,1,1,Tm1,Tm1_L,,,,ol_intrinsic,L,,target_to_SIFa,male-cns:v1.0,other,L
10342,45485,1,1,SMP025,SMP025_R,SMP025,,,cb_intrinsic,R,,target_to_SIFa,male-cns:v1.0,other,R
10342,45574,1,1,Mi1,Mi1_L,,,,ol_intrinsic,L,,target_to_SIFa,male-cns:v1.0,other,L
10342,45698,1,1,T2,T2_L,,,,ol_intrinsic,L,,target_to_SIFa,male-cns:v1.0,other,L
10342,45721,1,1,KCab-s,KCab-s_R,"KCab-m,KCab-c,KCab-s",Kenyon_Cell,,cb_intrinsic,R,,target_to_SIFa,male-cns:v1.0,KC_alpha_beta,R
10342,46320,1,1,Pm10,Pm10_L,,,,ol_intrinsic,L,,target_to_SIFa,male-cns:v1.0,other,L
10342,46532,1,1,Tm1,Tm1_L,,,,ol_intrinsic,L,,target_to_SIFa,male-cns:v1.0,other,L
10342,46571,3,3,FB6C_b,FB6C_b_R,FB6C_b,CX,,cb_intrinsic,R,,target_to_SIFa,male-cns:v1.0,other,R
10342,46636,2,2,FB8I,FB8I_L,FB8I,CX,,cb_intrinsic,L,,target_to_SIFa,male-cns:v1.0,other,L
10342,46691,1,1,PLP177,PLP177_L,PLP177,,,cb_intrinsic,L,,target_to_SIFa,male-cns:v1.0,other,L
10342,46734,2,1,,,,,,cb_intrinsic,R,,target_to_SIFa,male-cns:v1.0,other,unknown
10342,46753,1,1,SMP511,SMP511_R,SMP511,,,cb_intrinsic,R,,target_to_SIFa,male-cns:v1.0,other,R
10342,49513,1,1,JO-ED2_a,JO-ED2_a_L,,mechanosensory,wind_gravity,cb_sensory,,L,target_to_SIFa,male-cns:v1.0,other,L
10342,50937,1,1,CL160,CL160_R,CL160,,,cb_intrinsic,R,,target_to_SIFa,male-cns:v1.0,other,R
10342,50940,1,1,Mi14,Mi14_L,,,,ol_intrinsic,L,,target_to_SIFa,male-cns:v1.0,other,L
10342,51043,1,1,Mi1,Mi1_L,,,,ol_intrinsic,L,,target_to_SIFa,male-cns:v1.0,other,L
10342,51272,1,1,Tm1,Tm1_L,,,,ol_intrinsic,L,,target_to_SIFa,male-cns:v1.0,other,L
10342,51668,2,2,Tm1,Tm1_L,,,,ol_intrinsic,L,,target_to_SIFa,male-cns:v1.0,other,L
10342,51863,1,1,Tm23,Tm23_L,,,,ol_intrinsic,L,,target_to_SIFa,male-cns:v1.0,other,L
10342,53067,1,1,Tm1,Tm1_L,,,,ol_intrinsic,L,,target_to_SIFa,male-cns:v1.0,other,L
10342,53372,1,1,SMP721m,SMP721m_R,,,,cb_intrinsic,R,,target_to_SIFa,male-cns:v1.0,other,R
10342,54907,1,1,vDeltaE,vDeltaE_C6,vDeltaE,CX,,cb_intrinsic,R,,target_to_SIFa,male-cns:v1.0,other,unknown
10342,55049,1,1,FC3_c,FC3_c_C4_L,FC3,CX,,cb_intrinsic,L,,target_to_SIFa,male-cns:v1.0,other,L
10342,55733,1,1,CB2116,CB2116_R,,,,cb_intrinsic,R,,target_to_SIFa,male-cns:v1.0,other,R
10342,56126,1,1,Pm10,Pm10_L,,,,ol_intrinsic,L,,target_to_SIFa,male-cns:v1.0,other,L
10342,58095,1,1,Tm2,Tm2_L,,,,ol_intrinsic,L,,target_to_SIFa,male-cns:v1.0,other,L
10342,58661,1,1,LoVP105,LoVP105_L,PLP068,,,cb_intrinsic,L,,target_to_SIFa,male-cns:v1.0,other,L
10342,59220,1,1,Tm1,Tm1_L,,,,ol_intrinsic,L,,target_to_SIFa,male-cns:v1.0,other,L
10342,60746,1,1,Tm2,Tm2_L,,,,ol_intrinsic,L,,target_to_SIFa,male-cns:v1.0,other,L
10342,60948,1,1,KCab-s,KCab-s_L,"KCab-m,KCab-c,KCab-s",Kenyon_Cell,,cb_intrinsic,L,,target_to_SIFa,male-cns:v1.0,KC_alpha_beta,L
10342,62993,1,1,CB3357,CB3357_R,,,,cb_intrinsic,R,,target_to_SIFa,male-cns:v1.0,other,R
10342,63277,3,2,hDeltaF,hDeltaF_05_C2b,hDeltaF,CX,,cb_intrinsic,R,,target_to_SIFa,male-cns:v1.0,other,unknown
10342,63436,1,1,Mi4,Mi4_L,,,,ol_intrinsic,L,,target_to_SIFa,male-cns:v1.0,other,L
10342,64819,1,1,Tm1,Tm1_L,,,,ol_intrinsic,L,,target_to_SIFa,male-cns:v1.0,other,L
10342,65047,5,4,FB6X,FB6X_L,FB6X,CX,,cb_intrinsic,L,,target_to_SIFa,male-cns:v1.0,other,L
10342,65708,1,1,KCab-s,KCab-s_L,"KCab-m,KCab-c,KCab-s",Kenyon_Cell,,cb_intrinsic,L,,target_to_SIFa,male-cns:v1.0,KC_alpha_beta,L
10342,65817,1,1,Tm3,Tm3_L,,,,ol_intrinsic,L,,target_to_SIFa,male-cns:v1.0,other,L
10342,67055,1,1,hDeltaL,hDeltaL_04_C4,hDeltaL,CX,,cb_intrinsic,R,,target_to_SIFa,male-cns:v1.0,other,unknown
10342,67442,2,2,PRW022,PRW022_R,,,,cb_intrinsic,R,,target_to_SIFa,male-cns:v1.0,other,R
10342,67579,1,1,Tm2,Tm2_L,,,,ol_intrinsic,L,,target_to_SIFa,male-cns:v1.0,other,L
10342,67706,1,1,LC29,LC29_R,LC29,,,visual_projection,R,,target_to_SIFa,male-cns:v1.0,other,R
10342,68006,3,2,Mi4,Mi4_L,,,,ol_intrinsic,L,,target_to_SIFa,male-cns:v1.0,other,L
10342,68281,1,1,Cm21,Cm21_L,,,,ol_intrinsic,L,,target_to_SIFa,male-cns:v1.0,other,L
10342,68411,2,1,Tm1,Tm1_L,,,,ol_intrinsic,L,,target_to_SIFa,male-cns:v1.0,other,L
10342,69076,1,1,ORN_D,ORN_D_R,ORN_D,olfactory,,cb_sensory,,R,target_to_SIFa,male-cns:v1.0,other,R
10342,71837,1,1,Mi9,Mi9_L,,,,ol_intrinsic,L,,target_to_SIFa,male-cns:v1.0,other,L
10342,72455,1,1,Tm2,Tm2_L,,,,ol_intrinsic,L,,target_to_SIFa,male-cns:v1.0,other,L
10342,73186,1,1,Tm4,Tm4_L,,,,ol_intrinsic,L,,target_to_SIFa,male-cns:v1.0,other,L
10342,73337,1,1,KCab-m,KCab-m_L,"KCab-m,KCab-c,KCab-s",Kenyon_Cell,,cb_intrinsic,L,,target_to_SIFa,male-cns:v1.0,KC_alpha_beta,L
10342,73560,2,1,HRN_VP1d,HRN_VP1d_L,HRN_VP1d,hygrosensory,,cb_sensory,,L,target_to_SIFa,male-cns:v1.0,other,L
10342,73728,1,1,Pm10,Pm10_L,,,,ol_intrinsic,L,,target_to_SIFa,male-cns:v1.0,other,L
10342,73762,1,1,L5,L5_L,,,,ol_intrinsic,L,,target_to_SIFa,male-cns:v1.0,other,L
10342,74699,1,1,TmY3,TmY3_L,,,,ol_intrinsic,L,,target_to_SIFa,male-cns:v1.0,other,L
10342,75155,1,1,KCab-m,KCab-m_L,"KCab-m,KCab-c,KCab-s",Kenyon_Cell,,cb_intrinsic,L,,target_to_SIFa,male-cns:v1.0,KC_alpha_beta,L
10342,75524,1,1,SMP532_a,SMP532_a_L,SMP532,,,cb_intrinsic,L,,target_to_SIFa,male-cns:v1.0,other,L
10342,75627,1,1,TmY3,TmY3_L,,,,ol_intrinsic,L,,target_to_SIFa,male-cns:v1.0,other,L
10342,75897,1,1,VP2+_adPN,VP2+_adPN_L,VP2+_adPN,ALPN,,cb_intrinsic,L,,target_to_SIFa,male-cns:v1.0,other,L
10342,75968,1,1,KCab-m,KCab-m_L,"KCab-m,KCab-c,KCab-s",Kenyon_Cell,,cb_intrinsic,L,,target_to_SIFa,male-cns:v1.0,KC_alpha_beta,L
10342,76109,2,2,CB1509,CB1509_L,,,,cb_intrinsic,L,,target_to_SIFa,male-cns:v1.0,other,L
10342,76358,1,1,Cm7,Cm7_L,,,,ol_intrinsic,L,,target_to_SIFa,male-cns:v1.0,other,L
10342,76582,1,1,KCab-s,KCab-s_R,"KCab-m,KCab-c,KCab-s",Kenyon_Cell,,cb_intrinsic,R,,target_to_SIFa,male-cns:v1.0,KC_alpha_beta,R
10342,77914,2,1,KCab-s,KCab-s_L,"KCab-m,KCab-c,KCab-s",Kenyon_Cell,,cb_intrinsic,L,,target_to_SIFa,male-cns:v1.0,KC_alpha_beta,L
10342,78331,1,1,FB2L,FB2L_R,FB2L,CX,,cb_intrinsic,R,,target_to_SIFa,male-cns:v1.0,other,R
10342,78363,2,2,KCab-m,KCab-m_L,"KCab-m,KCab-c,KCab-s",Kenyon_Cell,,cb_intrinsic,L,,target_to_SIFa,male-cns:v1.0,KC_alpha_beta,L
10342,79299,2,2,KCab-s,KCab-s_L,"KCab-m,KCab-c,KCab-s",Kenyon_Cell,,cb_intrinsic,L,,target_to_SIFa,male-cns:v1.0,KC_alpha_beta,L
10342,79747,3,2,Dm-DRA2,Dm-DRA2_L,,,,ol_intrinsic,L,,target_to_SIFa,male-cns:v1.0,other,L
10342,79897,1,1,ANXXX202,ANXXX202_R,,,BA,ascending_neuron,R,,target_to_SIFa,male-cns:v1.0,other,R
10342,83411,1,1,Tm35,Tm35_L,,,,ol_intrinsic,L,,target_to_SIFa,male-cns:v1.0,other,L
10342,86717,1,1,KCab-s,KCab-s_L,"KCab-m,KCab-c,KCab-s",Kenyon_Cell,,cb_intrinsic,L,,target_to_SIFa,male-cns:v1.0,KC_alpha_beta,L
10342,86850,3,3,KCab-s,KCab-s_L,"KCab-m,KCab-c,KCab-s",Kenyon_Cell,,cb_intrinsic,L,,target_to_SIFa,male-cns:v1.0,KC_alpha_beta,L
10342,87311,2,2,SMP228,SMP228_R,SMP228,,,cb_intrinsic,R,,target_to_SIFa,male-cns:v1.0,other,R
10342,87450,9,9,Dm11,Dm11_L,,,,ol_intrinsic,L,,target_to_SIFa,male-cns:v1.0,other,L
10342,88605,1,1,Mi4,Mi4_L,,,,ol_intrinsic,L,,target_to_SIFa,male-cns:v1.0,other,L
10342,89039,1,1,ORN_DA1,ORN_DA1_R,ORN_DA1,olfactory,,cb_sensory,,R,target_to_SIFa,male-cns:v1.0,other,R
10342,89718,1,1,KCab-s,KCab-s_R,"KCab-m,KCab-c,KCab-s",Kenyon_Cell,,cb_intrinsic,R,,target_to_SIFa,male-cns:v1.0,KC_alpha_beta,R
10342,90080,2,1,ORN_D,ORN_D_R,ORN_D,olfactory,,cb_sensory,,R,target_to_SIFa,male-cns:v1.0,other,R
10342,90116,2,2,PRW026,PRW026_L,,,,cb_intrinsic,L,,target_to_SIFa,male-cns:v1.0,other,L
10342,90919,2,1,KCab-m,KCab-m_L,"KCab-m,KCab-c,KCab-s",Kenyon_Cell,,cb_intrinsic,L,,target_to_SIFa,male-cns:v1.0,KC_alpha_beta,L
10342,91883,1,1,Dm11,Dm11_L,,,,ol_intrinsic,L,,target_to_SIFa,male-cns:v1.0,other,L
10342,92019,1,1,Y14,Y14_L,,,,ol_intrinsic,L,,target_to_SIFa,male-cns:v1.0,other,L
10342,92098,1,1,T5b,T5b_L,,,,ol_intrinsic,L,,target_to_SIFa,male-cns:v1.0,other,L
10342,92188,1,1,EPG,EPG(PB08)_R7,EPG,CX,,cb_intrinsic,R,,target_to_SIFa,male-cns:v1.0,other,unknown
10342,93409,1,1,KCab-s,KCab-s_L,"KCab-m,KCab-c,KCab-s",Kenyon_Cell,,cb_intrinsic,L,,target_to_SIFa,male-cns:v1.0,KC_alpha_beta,L
10342,93593,1,1,KCab-m,KCab-m_R,"KCab-m,KCab-c,KCab-s",Kenyon_Cell,,cb_intrinsic,R,,target_to_SIFa,male-cns:v1.0,KC_alpha_beta,R
10342,95547,1,1,ORN_DA1,ORN_DA1_R,ORN_DA1,olfactory,,cb_sensory,,R,target_to_SIFa,male-cns:v1.0,other,R
10342,96213,2,1,CB1619,CB1619_L,,,,cb_intrinsic,L,,target_to_SIFa,male-cns:v1.0,other,L
10342,96487,1,1,Tm3,Tm3_L,,,,ol_intrinsic,L,,target_to_SIFa,male-cns:v1.0,other,L
10342,97024,1,1,KCab-s,KCab-s_L,"KCab-m,KCab-c,KCab-s",Kenyon_Cell,,cb_intrinsic,L,,target_to_SIFa,male-cns:v1.0,KC_alpha_beta,L
10342,98015,3,3,PRW005,PRW005_R,,,,cb_intrinsic,R,,target_to_SIFa,male-cns:v1.0,other,R
10342,99226,1,1,T5b,T5b_L,,,,ol_intrinsic,L,,target_to_SIFa,male-cns:v1.0,other,L
10342,100484,1,1,KCab-s,KCab-s_L,"KCab-m,KCab-c,KCab-s",Kenyon_Cell,,cb_intrinsic,L,,target_to_SIFa,male-cns:v1.0,KC_alpha_beta,L
10342,100622,2,2,Tm3,Tm3_L,,,,ol_intrinsic,L,,target_to_SIFa,male-cns:v1.0,other,L
10342,101035,2,2,SMP382,SMP382_R,SMP382,,,cb_intrinsic,R,,target_to_SIFa,male-cns:v1.0,other,R
10342,101240,2,1,JO-ED1,JO-ED1_L,,mechanosensory,wind_gravity,cb_sensory,,L,target_to_SIFa,male-cns:v1.0,other,L
10342,103231,1,1,Dm10,Dm10_L,,,,ol_intrinsic,L,,target_to_SIFa,male-cns:v1.0,other,L
10342,103398,1,1,Mi4,Mi4_L,,,,ol_intrinsic,L,,target_to_SIFa,male-cns:v1.0,other,L
10342,105085,3,2,Tm2,Tm2_L,,,,ol_intrinsic,L,,target_to_SIFa,male-cns:v1.0,other,L
10342,107009,2,1,KCab-s,KCab-s_L,"KCab-m,KCab-c,KCab-s",Kenyon_Cell,,cb_intrinsic,L,,target_to_SIFa,male-cns:v1.0,KC_alpha_beta,L
10342,107679,1,1,KCab-s,KCab-s_L,"KCab-m,KCab-c,KCab-s",Kenyon_Cell,,cb_intrinsic,L,,target_to_SIFa,male-cns:v1.0,KC_alpha_beta,L
10342,108035,3,3,Dm-DRA2,Dm-DRA2_L,,,,ol_intrinsic,L,,target_to_SIFa,male-cns:v1.0,other,L
10342,108049,1,1,,,,gustatory,leg bristle,sensory_ascending,,L,target_to_SIFa,male-cns:v1.0,other,unknown
10342,108716,2,2,ORN_DA1,ORN_DA1_R,ORN_DA1,olfactory,,cb_sensory,,R,target_to_SIFa,male-cns:v1.0,other,R
10342,109414,4,3,ORN_DA1,ORN_DA1_R,ORN_DA1,olfactory,,cb_sensory,,R,target_to_SIFa,male-cns:v1.0,other,R
10342,109802,1,1,KCab-s,KCab-s_L,"KCab-m,KCab-c,KCab-s",Kenyon_Cell,,cb_intrinsic,L,,target_to_SIFa,male-cns:v1.0,KC_alpha_beta,L
10342,110544,2,1,KCab-s,KCab-s_L,"KCab-m,KCab-c,KCab-s",Kenyon_Cell,,cb_intrinsic,L,,target_to_SIFa,male-cns:v1.0,KC_alpha_beta,L
10342,111495,1,1,Tm4,Tm4_L,,,,ol_intrinsic,L,,target_to_SIFa,male-cns:v1.0,other,L
10342,112729,1,1,KCab-s,KCab-s_L,"KCab-m,KCab-c,KCab-s",Kenyon_Cell,,cb_intrinsic,L,,target_to_SIFa,male-cns:v1.0,KC_alpha_beta,L
10342,113210,1,1,T5a,T5a_L,,,,ol_intrinsic,L,,target_to_SIFa,male-cns:v1.0,other,L
10342,113833,1,1,MeLo12,MeLo12_L,,,,ol_intrinsic,L,,target_to_SIFa,male-cns:v1.0,other,L
10342,115028,1,1,L5,L5_L,,,,ol_intrinsic,L,,target_to_SIFa,male-cns:v1.0,other,L
10342,116019,1,1,TmY18,TmY18_L,,,,ol_intrinsic,L,,target_to_SIFa,male-cns:v1.0,other,L
10342,116799,2,2,PS316,PS316_L,,,,cb_intrinsic,L,,target_to_SIFa,male-cns:v1.0,other,L
10342,117195,2,2,KCab-s,KCab-s_L,"KCab-m,KCab-c,KCab-s",Kenyon_Cell,,cb_intrinsic,L,,target_to_SIFa,male-cns:v1.0,KC_alpha_beta,L
10342,117483,2,2,Cm12,Cm12_L,,,,ol_intrinsic,L,,target_to_SIFa,male-cns:v1.0,other,L
10342,117921,1,1,L5,L5_L,,,,ol_intrinsic,L,,target_to_SIFa,male-cns:v1.0,other,L
10342,118422,1,1,MeTu2a,MeTu2a_L,"MC61,MC64",,,visual_projection,L,,target_to_SIFa,male-cns:v1.0,other,L
10342,118476,1,1,T4a,T4a_L,,,,ol_intrinsic,L,,target_to_SIFa,male-cns:v1.0,other,L
10342,119181,1,1,ORN_DM1,ORN_DM1_R,ORN_DM1,olfactory,,cb_sensory,,R,target_to_SIFa,male-cns:v1.0,other,R
10342,119559,1,1,T4d,T4d_L,,,,ol_intrinsic,L,,target_to_SIFa,male-cns:v1.0,other,L
10342,120894,1,1,KCab-s,KCab-s_L,"KCab-m,KCab-c,KCab-s",Kenyon_Cell,,cb_intrinsic,L,,target_to_SIFa,male-cns:v1.0,KC_alpha_beta,L
10342,121691,1,1,AN17A024,AN17A024_L,,,BA,ascending_neuron,L,,target_to_SIFa,male-cns:v1.0,other,L
10342,122463,2,2,KCab-s,KCab-s_L,"KCab-m,KCab-c,KCab-s",Kenyon_Cell,,cb_intrinsic,L,,target_to_SIFa,male-cns:v1.0,KC_alpha_beta,L
10342,123442,1,1,T5b,T5b_L,,,,ol_intrinsic,L,,target_to_SIFa,male-cns:v1.0,other,L
10342,128743,1,1,KCab-s,KCab-s_L,"KCab-m,KCab-c,KCab-s",Kenyon_Cell,,cb_intrinsic,L,,target_to_SIFa,male-cns:v1.0,KC_alpha_beta,L
10342,130122,3,2,FB7M,FB7M_R,FB7M,CX,,cb_intrinsic,R,,target_to_SIFa,male-cns:v1.0,other,R
10342,130728,1,1,TmY18,TmY18_L,,,,ol_intrinsic,L,,target_to_SIFa,male-cns:v1.0,other,L
10342,132860,1,1,T5b,T5b_L,,,,ol_intrinsic,L,,target_to_SIFa,male-cns:v1.0,other,L
10342,133027,1,1,ORN_VM7d,ORN_VM7d_L,ORN_VM7d,olfactory,,cb_sensory,,L,target_to_SIFa,male-cns:v1.0,other,L
10342,133864,3,2,KCab-s,KCab-s_L,"KCab-m,KCab-c,KCab-s",Kenyon_Cell,,cb_intrinsic,L,,target_to_SIFa,male-cns:v1.0,KC_alpha_beta,L
10342,134499,1,1,T5d,T5d_L,,,,ol_intrinsic,L,,target_to_SIFa,male-cns:v1.0,other,L
10342,134789,1,1,KCab-m,KCab-m_L,"KCab-m,KCab-c,KCab-s",Kenyon_Cell,,cb_intrinsic,L,,target_to_SIFa,male-cns:v1.0,KC_alpha_beta,L
10342,137440,4,3,SMP723m,SMP723m_R,,,,cb_intrinsic,R,,target_to_SIFa,male-cns:v1.0,other,R
10342,137802,2,1,LHPD3a5,LHPD3a5_L,LHPD3a5,,,cb_intrinsic,L,,target_to_SIFa,male-cns:v1.0,other,L
10342,138525,1,1,T2a,T2a_L,,,,ol_intrinsic,L,,target_to_SIFa,male-cns:v1.0,other,L
10342,138634,1,1,KCg-m,KCg-m_L,KCg-m,Kenyon_Cell,,cb_intrinsic,L,,target_to_SIFa,male-cns:v1.0,KC_gamma,L
10342,138822,2,2,PAM11,PAM11(a1)_L,PAM11,DAN,,cb_intrinsic,L,,target_to_SIFa,male-cns:v1.0,DAN,L
10342,138875,1,1,KCab-m,KCab-m_L,"KCab-m,KCab-c,KCab-s",Kenyon_Cell,,cb_intrinsic,L,,target_to_SIFa,male-cns:v1.0,KC_alpha_beta,L
10342,140730,1,1,KCab-s,KCab-s_L,"KCab-m,KCab-c,KCab-s",Kenyon_Cell,,cb_intrinsic,L,,target_to_SIFa,male-cns:v1.0,KC_alpha_beta,L
10342,141688,1,1,Tm3,Tm3_L,,,,ol_intrinsic,L,,target_to_SIFa,male-cns:v1.0,other,L
10342,143719,1,1,Tm3,Tm3_L,,,,ol_intrinsic,L,,target_to_SIFa,male-cns:v1.0,other,L
10342,143806,2,2,KCab-m,KCab-m_L,"KCab-m,KCab-c,KCab-s",Kenyon_Cell,,cb_intrinsic,L,,target_to_SIFa,male-cns:v1.0,KC_alpha_beta,L
10342,145063,1,1,LHPD4b1,LHPD4b1_L,LHPD4b1,,,cb_intrinsic,L,,target_to_SIFa,male-cns:v1.0,other,L
10342,145198,1,1,JO-EV6,JO-EV6_L,,mechanosensory,wind_gravity,cb_sensory,,L,target_to_SIFa,male-cns:v1.0,other,L
10342,145592,3,2,FS2,FS2_C7_R,FS2,CX,,cb_intrinsic,R,,target_to_SIFa,male-cns:v1.0,other,R
10342,148727,1,1,Dm2,Dm2_L,,,,ol_intrinsic,L,,target_to_SIFa,male-cns:v1.0,other,L
10342,150256,1,1,SIP078,SIP078_L,SIP078,,,cb_intrinsic,L,,target_to_SIFa,male-cns:v1.0,other,L
10342,151525,2,1,JO-mz,JO-mz_L,,mechanosensory,wind_gravity,cb_sensory,,L,target_to_SIFa,male-cns:v1.0,other,L
10342,152471,2,2,Mi15,Mi15_L,,,,ol_intrinsic,L,,target_to_SIFa,male-cns:v1.0,other,L
10342,152946,1,1,ORN_DA1,ORN_DA1_R,ORN_DA1,olfactory,,cb_sensory,,R,target_to_SIFa,male-cns:v1.0,other,R
10342,153858,2,1,SLP405,SLP405_R,,,,cb_intrinsic,R,,target_to_SIFa,male-cns:v1.0,other,R
10342,154435,2,1,AN10B035,AN10B035_R,,,BA,ascending_neuron,R,,target_to_SIFa,male-cns:v1.0,other,R
10342,154593,2,1,ORN_VC5,ORN_VC5_R,ORN_VC3m,olfactory,,cb_sensory,,R,target_to_SIFa,male-cns:v1.0,other,R
10342,155162,1,1,LHAV6a7,LHAV6a7_L,LHAV6a7,,,cb_intrinsic,L,,target_to_SIFa,male-cns:v1.0,other,L
10342,156803,2,2,SIP080,SIP080_L,SIP080,,,cb_intrinsic,L,,target_to_SIFa,male-cns:v1.0,other,L
10342,157213,1,1,KCab-s,KCab-s_L,"KCab-m,KCab-c,KCab-s",Kenyon_Cell,,cb_intrinsic,L,,target_to_SIFa,male-cns:v1.0,KC_alpha_beta,L
10342,157389,1,1,KCab-s,KCab-s_L,"KCab-m,KCab-c,KCab-s",Kenyon_Cell,,cb_intrinsic,L,,target_to_SIFa,male-cns:v1.0,KC_alpha_beta,L
10342,159021,1,1,FS3_c,FS3_c_C4_L,FS3,CX,,cb_intrinsic,L,,target_to_SIFa,male-cns:v1.0,other,L
10342,159524,1,1,ORN_VA2,ORN_VA2_R,ORN_VA2,olfactory,,cb_sensory,,R,target_to_SIFa,male-cns:v1.0,other,R
10342,162635,1,1,ORN_VA2,ORN_VA2_R,ORN_VA2,olfactory,,cb_sensory,,R,target_to_SIFa,male-cns:v1.0,other,R
10342,164125,1,1,Tm9,Tm9_L,,,,ol_intrinsic,L,,target_to_SIFa,male-cns:v1.0,other,L
10342,165557,1,1,CB4134,CB4134_R,,,,cb_intrinsic,R,,target_to_SIFa,male-cns:v1.0,other,R
10342,165623,1,1,vDeltaK,vDeltaK_C7,vDeltaK,CX,,cb_intrinsic,R,,target_to_SIFa,male-cns:v1.0,other,unknown
10342,166119,1,1,KCab-s,KCab-s_L,"KCab-m,KCab-c,KCab-s",Kenyon_Cell,,cb_intrinsic,L,,target_to_SIFa,male-cns:v1.0,KC_alpha_beta,L
10342,166950,2,2,ORN_DC2,ORN_DC2_L,ORN_DC2,olfactory,,cb_sensory,,L,target_to_SIFa,male-cns:v1.0,other,L
10342,167427,2,2,CB4134,CB4134_R,,,,cb_intrinsic,R,,target_to_SIFa,male-cns:v1.0,other,R
10342,167513,1,1,ORN_VC2,ORN_VC2_L,ORN_VC2,olfactory,,cb_sensory,,L,target_to_SIFa,male-cns:v1.0,other,L
10342,169061,1,1,vDeltaM,vDeltaM_C7,vDeltaM,CX,,cb_intrinsic,L,,target_to_SIFa,male-cns:v1.0,other,unknown
10342,170403,2,1,ORN_DM1,ORN_DM1_R,ORN_DM1,olfactory,,cb_sensory,,R,target_to_SIFa,male-cns:v1.0,other,R
10342,171116,3,3,Cm7,Cm7_L,,,,ol_intrinsic,L,,target_to_SIFa,male-cns:v1.0,other,L
10342,172424,2,1,CB1456,CB1456_R,"SMP097,SMP098_b",,,cb_intrinsic,R,,target_to_SIFa,male-cns:v1.0,other,R
10342,173751,1,1,ORN_DM1,ORN_DM1_L,ORN_DM1,olfactory,,cb_sensory,,L,target_to_SIFa,male-cns:v1.0,other,L
10342,175711,1,1,,,,,,,,,target_to_SIFa,male-cns:v1.0,other,unknown
10342,176116,1,1,Dm10,Dm10_L,,,,ol_intrinsic,L,,target_to_SIFa,male-cns:v1.0,other,L
10342,178945,1,1,PAM10,PAM10(B1)_R,PAM10,DAN,,cb_intrinsic,R,,target_to_SIFa,male-cns:v1.0,DAN,R
10342,179108,1,1,ORN_DM1,ORN_DM1_R,ORN_DM1,olfactory,,cb_sensory,,R,target_to_SIFa,male-cns:v1.0,other,R
10342,180999,1,1,PRW006,PRW006_L,,,,cb_intrinsic,L,,target_to_SIFa,male-cns:v1.0,other,L
10342,183425,1,1,ORN_DM1,ORN_DM1_R,ORN_DM1,olfactory,,cb_sensory,,R,target_to_SIFa,male-cns:v1.0,other,R
10342,185022,1,1,T5b,T5b_L,,,,ol_intrinsic,L,,target_to_SIFa,male-cns:v1.0,other,L
10342,186380,3,1,DNge144,DNge144_L,,,xl,descending_neuron,L,,target_to_SIFa,male-cns:v1.0,other,L
10342,190344,1,1,Mi15,Mi15_L,,,,ol_intrinsic,L,,target_to_SIFa,male-cns:v1.0,other,L
10342,190416,1,1,FS3_d,FS3_C9_L,FS3,CX,,cb_intrinsic,L,,target_to_SIFa,male-cns:v1.0,other,L
10342,191345,1,1,CB1456,CB1456_L,"SMP097,SMP098_b",,,cb_intrinsic,L,,target_to_SIFa,male-cns:v1.0,other,L
10342,191633,2,1,Mi15,Mi15_L,,,,ol_intrinsic,L,,target_to_SIFa,male-cns:v1.0,other,L
10342,192450,1,1,JO-CM,JO-CM_L,,mechanosensory,wind_gravity,cb_sensory,,L,target_to_SIFa,male-cns:v1.0,other,L
10342,195397,1,1,KCab-m,KCab-m_L,"KCab-m,KCab-c,KCab-s",Kenyon_Cell,,cb_intrinsic,L,,target_to_SIFa,male-cns:v1.0,KC_alpha_beta,L
10342,195752,1,1,ORN_DA1,ORN_DA1_R,ORN_DA1,olfactory,,cb_sensory,,R,target_to_SIFa,male-cns:v1.0,other,R
10342,198031,3,3,PFNp_d,PFNp_d,PFNp_d,CX,,cb_intrinsic,R,,target_to_SIFa,male-cns:v1.0,other,unknown
10342,198844,1,1,PFNp_b,PFNp_b,PFNp_b,CX,,cb_intrinsic,L,,target_to_SIFa,male-cns:v1.0,other,unknown
10342,200438,1,1,MeLo9,MeLo9_L,,,,ol_intrinsic,L,,target_to_SIFa,male-cns:v1.0,other,L
10342,202010,1,1,ORN_VA6,ORN_VA6_R,ORN_VA6,olfactory,,cb_sensory,,R,target_to_SIFa,male-cns:v1.0,other,R
10342,205223,3,3,ORN_VC5,ORN_VC5_L,ORN_VC3m,olfactory,,cb_sensory,,L,target_to_SIFa,male-cns:v1.0,other,L
10342,211754,1,1,ORN_DM6,ORN_DM6_R,ORN_DM6,olfactory,,cb_sensory,,R,target_to_SIFa,male-cns:v1.0,other,R
10342,212356,4,2,Mi15,Mi15_L,,,,ol_intrinsic,L,,target_to_SIFa,male-cns:v1.0,other,L
10342,215822,1,1,ORN_VA7m,ORN_VA7m_unknown,ORN_VA7m,olfactory,,cb_sensory,,unknown,target_to_SIFa,male-cns:v1.0,other,unknown
10342,216620,1,1,ORN_DC1,ORN_DC1_L,ORN_DC1,olfactory,,cb_sensory,,L,target_to_SIFa,male-cns:v1.0,other,L
10342,220227,1,1,ORN_D,ORN_D_L,ORN_D,olfactory,,cb_sensory,,L,target_to_SIFa,male-cns:v1.0,other,L
10342,221015,1,1,ANXXX008,ANXXX008_L,,,BA,ascending_neuron,L,,target_to_SIFa,male-cns:v1.0,other,L
10342,222777,2,1,AN09A005,AN09A005_R,,,BI,ascending_neuron,R,,target_to_SIFa,male-cns:v1.0,other,R
10342,222974,1,1,ORN_DM1,ORN_DM1_L,ORN_DM1,olfactory,,cb_sensory,,L,target_to_SIFa,male-cns:v1.0,other,L
10342,229739,1,1,ORN_DC2,ORN_DC2_L,ORN_DC2,olfactory,,cb_sensory,,L,target_to_SIFa,male-cns:v1.0,other,L
10342,232170,1,1,ORN_DL1,ORN_DL1_R,ORN_DL1,olfactory,,cb_sensory,,R,target_to_SIFa,male-cns:v1.0,other,R
10342,237978,1,1,ORN_DM6,ORN_DM6_R,ORN_DM6,olfactory,,cb_sensory,,R,target_to_SIFa,male-cns:v1.0,other,R
10342,242344,1,1,ORN_VA6,ORN_VA6_L,ORN_VA6,olfactory,,cb_sensory,,L,target_to_SIFa,male-cns:v1.0,other,L
10342,243579,1,1,ORN_VC3,ORN_VC3_L,ORN_VC3l,olfactory,,cb_sensory,,L,target_to_SIFa,male-cns:v1.0,other,L
10342,245458,2,1,SIP078,SIP078_L,SIP078,,,cb_intrinsic,L,,target_to_SIFa,male-cns:v1.0,other,L
10342,246941,1,1,ORN_VC3,ORN_VC3_L,ORN_VC3l,olfactory,,cb_sensory,,L,target_to_SIFa,male-cns:v1.0,other,L
10342,261100,2,2,HRN_VP4,HRN_VP4_L,HRN_VP4,hygrosensory,,cb_sensory,,L,target_to_SIFa,male-cns:v1.0,other,L
10342,268615,1,1,,,,,,,,,target_to_SIFa,male-cns:v1.0,other,unknown
10342,279476,1,1,ORN_DM1,ORN_DM1_L,ORN_DM1,olfactory,,cb_sensory,,L,target_to_SIFa,male-cns:v1.0,other,L
10342,280052,3,3,AN27X024,AN27X024_L,,,BA,ascending_neuron,L,,target_to_SIFa,male-cns:v1.0,other,L
10342,282479,1,1,AN10B034,AN10B034_R,,,BA,ascending_neuron,R,,target_to_SIFa,male-cns:v1.0,other,R
10342,301842,2,1,ORN_DA3,ORN_DA3_unknown,ORN_DA3,olfactory,,cb_sensory,,unknown,target_to_SIFa,male-cns:v1.0,other,unknown
10342,302985,1,1,ORN_DA1,ORN_DA1_L,ORN_DA1,olfactory,,cb_sensory,,L,target_to_SIFa,male-cns:v1.0,other,L
10342,321572,1,1,ORN_DL1,ORN_DL1_R,ORN_DL1,olfactory,,cb_sensory,,R,target_to_SIFa,male-cns:v1.0,other,R
10342,331721,2,2,AN27X004,AN27X004_R,,,BA,ascending_neuron,R,,target_to_SIFa,male-cns:v1.0,other,R
10342,339719,1,1,TRN_VP2,TRN_VP2_L,TRN_VP2,thermosensory,,cb_sensory,,L,target_to_SIFa,male-cns:v1.0,other,L
10342,350976,3,3,,,,,,,,,target_to_SIFa,male-cns:v1.0,other,unknown
10342,356393,1,1,ORN_DP1m,ORN_DP1m_L,ORN_DP1m,olfactory,,cb_sensory,,L,target_to_SIFa,male-cns:v1.0,other,L
10342,423778,1,1,ORN_VC3,ORN_VC3_L,ORN_VC3l,olfactory,,cb_sensory,,L,target_to_SIFa,male-cns:v1.0,other,L
10342,425802,2,1,ORN_DA3,ORN_DA3_unknown,ORN_DA3,olfactory,,cb_sensory,,unknown,target_to_SIFa,male-cns:v1.0,other,unknown
10342,427908,1,1,ORN_DM3,ORN_DM3_L,ORN_DM3,olfactory,,cb_sensory,,L,target_to_SIFa,male-cns:v1.0,other,L
10342,486076,3,2,ORN_DP1m,ORN_DP1m_L,ORN_DP1m,olfactory,,cb_sensory,,L,target_to_SIFa,male-cns:v1.0,other,L
10342,511810,73,69,ANXXX308,ANXXX308_R,,,BA,ascending_neuron,R,,target_to_SIFa,male-cns:v1.0,other,R
10342,511828,3,3,AN09A005,AN09A005_L,,,XA,ascending_neuron,L,,target_to_SIFa,male-cns:v1.0,other,L
10342,511853,1,1,SLP456,SLP456_L,SLP456,,,cb_intrinsic,L,,target_to_SIFa,male-cns:v1.0,other,L
10342,512245,9,6,DNc01,DNc01_R,SIFa,,xn,descending_neuron,R,,target_to_SIFa,male-cns:v1.0,other,R
10342,512266,1,1,GNG060,GNG060_R,,,,cb_intrinsic,R,,target_to_SIFa,male-cns:v1.0,other,R
10342,512273,2,2,PAL01,PAL01_L,PAL01,,,cb_intrinsic,L,,target_to_SIFa,male-cns:v1.0,other,L
10342,512305,2,2,EPG,EPG(PB08)_R8,EPG,CX,,cb_intrinsic,R,,target_to_SIFa,male-cns:v1.0,other,unknown
10342,512717,1,1,FB6M,FB6M_L,FB6M,CX,,cb_intrinsic,L,,target_to_SIFa,male-cns:v1.0,other,L
10342,512829,1,1,ORN_VC1,ORN_VC1_R,ORN_VC1,olfactory,,cb_sensory,,R,target_to_SIFa,male-cns:v1.0,other,R
10342,512975,2,1,JO-A3,JO-A3_L,,mechanosensory,auditory,cb_sensory,,L,target_to_SIFa,male-cns:v1.0,other,L
10342,513033,1,1,EPG,EPG(PB08)_L8,EPG,CX,,cb_intrinsic,L,,target_to_SIFa,male-cns:v1.0,other,unknown
10342,513463,3,3,EPG,EPG(PB08)_R2,EPG,CX,,cb_intrinsic,R,,target_to_SIFa,male-cns:v1.0,other,unknown
10342,513930,6,6,MeVPMe2,MeVPMe2_L,,,,visual_projection,L,,target_to_SIFa,male-cns:v1.0,other,L
10342,514042,1,1,ER2_b,ER2_b_L,ER2_b,CX,,cb_intrinsic,L,,target_to_SIFa,male-cns:v1.0,other,L
10342,514099,1,1,Tm4,Tm4_L,,,,ol_intrinsic,L,,target_to_SIFa,male-cns:v1.0,other,L
10342,514139,1,1,SAD021_a,SAD021_a_L,SAD021_a,,,cb_intrinsic,L,,target_to_SIFa,male-cns:v1.0,other,L
10342,514438,1,1,ORN_DL1,ORN_DL1_R,ORN_DL1,olfactory,,cb_sensory,,R,target_to_SIFa,male-cns:v1.0,other,R
10342,515011,2,2,ORN_DA1,ORN_DA1_unknown,ORN_DA1,olfactory,,cb_sensory,,unknown,target_to_SIFa,male-cns:v1.0,other,unknown
10342,515161,1,1,v2LN36,v2LN36_L,v2LN36,ALLN,,cb_intrinsic,L,,target_to_SIFa,male-cns:v1.0,other,L
10342,515642,1,1,CB1927,CB1927_L,,,,cb_intrinsic,L,,target_to_SIFa,male-cns:v1.0,other,L
10342,515760,1,1,ER4m,ER4m_R,ER4m,CX,,cb_intrinsic,R,,target_to_SIFa,male-cns:v1.0,other,R
10342,516780,1,1,Tm4,Tm4_L,,,,ol_intrinsic,L,,target_to_SIFa,male-cns:v1.0,other,L
10342,516976,3,1,GNG070,GNG070_L,,,,cb_intrinsic,L,,target_to_SIFa,male-cns:v1.0,other,L
10342,516999,1,1,MeVP14,MeVP14_L,,,,visual_projection,L,,target_to_SIFa,male-cns:v1.0,other,L
10342,517012,3,3,FB6C_b,FB6C_b_L,FB6C_b,CX,,cb_intrinsic,L,,target_to_SIFa,male-cns:v1.0,other,L
10342,517030,1,1,CB2814,CB2814_R,,,,cb_intrinsic,R,,target_to_SIFa,male-cns:v1.0,other,R
10342,517164,1,1,CB2831,CB2831_L,,,,cb_intrinsic,L,,target_to_SIFa,male-cns:v1.0,other,L
10342,517949,1,1,Pm10,Pm10_L,,,,ol_intrinsic,L,,target_to_SIFa,male-cns:v1.0,other,L
10342,519140,1,1,EPG,EPG(PB08)_L1,EPG,CX,,cb_intrinsic,L,,target_to_SIFa,male-cns:v1.0,other,unknown
10342,519242,1,1,lLN2T_d,lLN2T_d(Tortuous)_R,lLN2T_d,ALLN,,cb_intrinsic,R,,target_to_SIFa,male-cns:v1.0,other,R
10342,519252,1,1,ORN_VA6,ORN_VA6_unknown,ORN_VA6,olfactory,,cb_sensory,,unknown,target_to_SIFa,male-cns:v1.0,other,unknown
10342,519395,3,2,CB3245,CB3245_L,,,,cb_intrinsic,L,,target_to_SIFa,male-cns:v1.0,other,L
10342,519450,2,1,Tm1,Tm1_L,,,,ol_intrinsic,L,,target_to_SIFa,male-cns:v1.0,other,L
10342,520468,1,1,ExR3,ExR3_R,ExR3,CX,,cb_intrinsic,R,,target_to_SIFa,male-cns:v1.0,other,R
10342,520474,1,1,SMP510,SMP510_R,SMP510,,,cb_intrinsic,R,,target_to_SIFa,male-cns:v1.0,other,R
10342,520643,2,2,DNp46,DNp46(CL206)_L,CL206,,xn,descending_neuron,L,,target_to_SIFa,male-cns:v1.0,other,L
10342,520818,1,1,EPG,EPG(PB08)_L4,EPG,CX,,cb_intrinsic,L,,target_to_SIFa,male-cns:v1.0,other,unknown
10342,520891,1,1,SMP092,SMP092_R,SMP092,,,cb_intrinsic,R,,target_to_SIFa,male-cns:v1.0,other,R
10342,521343,2,2,Cm3,Cm3_L,,,,ol_intrinsic,L,,target_to_SIFa,male-cns:v1.0,other,L
10342,521536,1,1,LAL206,LAL206_L,,,,cb_intrinsic,L,,target_to_SIFa,male-cns:v1.0,other,L
10342,521546,1,1,LHAD1b2_d,LHAD1b2_d_L,LHAD1b2_d,,,cb_intrinsic,L,,target_to_SIFa,male-cns:v1.0,other,L
10342,521550,3,2,AN27X024,AN27X024_R,,,BA,ascending_neuron,R,,target_to_SIFa,male-cns:v1.0,other,R
10342,521935,1,1,lLN1_bc,lLN1_bc_L,"lLN1_b,lLN1_c",ALLN,,cb_intrinsic,L,,target_to_SIFa,male-cns:v1.0,other,L
10342,521978,2,2,SMP382,SMP382_R,SMP382,,,cb_intrinsic,R,,target_to_SIFa,male-cns:v1.0,other,R
10342,522304,3,2,JO-ED2_a,JO-ED2_a_L,,mechanosensory,wind_gravity,cb_sensory,,L,target_to_SIFa,male-cns:v1.0,other,L
10342,522410,4,4,AVLP532,AVLP532_L,AVLP532,,,cb_intrinsic,L,,target_to_SIFa,male-cns:v1.0,other,L
10342,522771,1,1,L5,L5_L,,,,ol_intrinsic,L,,target_to_SIFa,male-cns:v1.0,other,L
10342,522912,2,2,ORN_VC1,ORN_VC1_R,ORN_VC1,olfactory,,cb_sensory,,R,target_to_SIFa,male-cns:v1.0,other,R
10342,523582,1,1,AVLP357,AVLP357_L,AVLP357,,,cb_intrinsic,L,,target_to_SIFa,male-cns:v1.0,other,L
10342,523591,1,1,il3LN6,il3LN6_L,il3LN6,ALLN,,cb_intrinsic,L,,target_to_SIFa,male-cns:v1.0,other,L
10342,523675,2,2,AN27X013,AN27X013_L,,,XA,ascending_neuron,L,,target_to_SIFa,male-cns:v1.0,other,L
10342,523776,1,1,FB1C,FB1C_R,FB1C,CX,,cb_intrinsic,R,,target_to_SIFa,male-cns:v1.0,other,R
10342,524078,1,1,SLP471,SLP471_R,,,,cb_intrinsic,R,,target_to_SIFa,male-cns:v1.0,other,R
10342,524164,1,1,,,,ALLN,,cb_intrinsic,L,,target_to_SIFa,male-cns:v1.0,other,unknown
10342,524750,1,1,,,,,,,,,target_to_SIFa,male-cns:v1.0,other,unknown
10342,524761,3,3,AN09A005,AN09A005_L,,,XA,ascending_neuron,L,,target_to_SIFa,male-cns:v1.0,other,L
10342,525142,1,1,CB3581,CB3581_L,,,,cb_intrinsic,L,,target_to_SIFa,male-cns:v1.0,other,L
10342,525366,2,1,CB3552,CB3552_L,,,,cb_intrinsic,L,,target_to_SIFa,male-cns:v1.0,other,L
10342,525809,1,1,CL160,CL160_R,CL160,,,cb_intrinsic,R,,target_to_SIFa,male-cns:v1.0,other,R
10342,525902,2,2,Tm1,Tm1_L,,,,ol_intrinsic,L,,target_to_SIFa,male-cns:v1.0,other,L
10342,526505,83,80,ANXXX308,ANXXX308_L,,,BA,ascending_neuron,L,,target_to_SIFa,male-cns:v1.0,other,L
10342,526638,4,4,FB6C_a,FB6C_a_L,FB6C_a,CX,,cb_intrinsic,L,,target_to_SIFa,male-cns:v1.0,other,L
10342,526698,1,1,ANXXX202,ANXXX202_L,,,BA,ascending_neuron,L,,target_to_SIFa,male-cns:v1.0,other,L
10342,527470,6,3,lLN2T_c,lLN2T_c(Tortuous)_L,lLN2T_c,ALLN,,cb_intrinsic,L,,target_to_SIFa,male-cns:v1.0,other,L
10342,529072,2,2,JO-EV3,JO-EV3_L,,mechanosensory,wind_gravity,cb_sensory,,L,target_to_SIFa,male-cns:v1.0,other,L
10342,529127,2,2,FB6D,FB6D_L,FB6D,CX,,cb_intrinsic,L,,target_to_SIFa,male-cns:v1.0,other,L
10342,529326,2,2,Pm10,Pm10_L,,,,ol_intrinsic,L,,target_to_SIFa,male-cns:v1.0,other,L
10342,529370,1,1,Pm10,Pm10_L,,,,ol_intrinsic,L,,target_to_SIFa,male-cns:v1.0,other,L
10342,529418,2,1,SMP092,SMP092_R,SMP092,,,cb_intrinsic,R,,target_to_SIFa,male-cns:v1.0,other,R
10342,529429,2,1,lLN1_bc,lLN1_bc_L,"lLN1_b,lLN1_c",ALLN,,cb_intrinsic,L,,target_to_SIFa,male-cns:v1.0,other,L
10342,529665,1,1,VA7l_adPN,VA7l_adPN_L,VA7l_adPN,ALPN,,cb_intrinsic,L,,target_to_SIFa,male-cns:v1.0,other,L
10342,531397,5,3,Cm7,Cm7_L,,,,ol_intrinsic,L,,target_to_SIFa,male-cns:v1.0,other,L
10342,531538,1,1,CB1314,CB1314_L,,,,cb_intrinsic,L,,target_to_SIFa,male-cns:v1.0,other,L
10342,531592,1,1,LHAV2a2,LHAV2a2_L,LHAV2a2,,,cb_intrinsic,L,,target_to_SIFa,male-cns:v1.0,other,L
10342,531979,1,1,Tm3,Tm3_L,,,,ol_intrinsic,L,,target_to_SIFa,male-cns:v1.0,other,L
10342,532655,1,1,lLN2T_a,lLN2T_a(Tortuous)_L,lLN2T_a,ALLN,,cb_intrinsic,L,,target_to_SIFa,male-cns:v1.0,other,L
10342,532662,1,1,CB2711,CB2711_L,,ALPN,,cb_intrinsic,L,,target_to_SIFa,male-cns:v1.0,other,L
10342,532768,1,1,lLN2X12,lLN2X12_L,,ALLN,,cb_intrinsic,L,,target_to_SIFa,male-cns:v1.0,other,L
10342,532843,1,1,Tm2,Tm2_L,,,,ol_intrinsic,L,,target_to_SIFa,male-cns:v1.0,other,L
10342,533725,3,3,Delta7,Delta7(PB15)_L8R1R9_L,Delta7,CX,,cb_intrinsic,L,,target_to_SIFa,male-cns:v1.0,other,L
10342,533792,1,1,Tm2,Tm2_L,,,,ol_intrinsic,L,,target_to_SIFa,male-cns:v1.0,other,L
10342,533794,1,1,Cm17,Cm17_L,,,,ol_intrinsic,L,,target_to_SIFa,male-cns:v1.0,other,L
10342,537081,1,1,Tm2,Tm2_L,,,,ol_intrinsic,L,,target_to_SIFa,male-cns:v1.0,other,L
10342,539227,1,1,FB1C,FB1C_L,FB1C,CX,,cb_intrinsic,L,,target_to_SIFa,male-cns:v1.0,other,L
10342,543753,1,1,L5,L5_L,,,,ol_intrinsic,L,,target_to_SIFa,male-cns:v1.0,other,L
10342,544359,1,1,PAM10,PAM10(B1)_R,PAM10,DAN,,cb_intrinsic,R,,target_to_SIFa,male-cns:v1.0,DAN,R
10342,544729,1,1,Dm8a,Dm8a_L,,,,ol_intrinsic,L,,target_to_SIFa,male-cns:v1.0,other,L
10342,546400,1,1,Tm3,Tm3_L,,,,ol_intrinsic,L,,target_to_SIFa,male-cns:v1.0,other,L
10342,546947,1,1,CB2904,CB2904_L,,,,cb_intrinsic,L,,target_to_SIFa,male-cns:v1.0,other,L
10342,548922,1,1,Tm1,Tm1_L,,,,ol_intrinsic,L,,target_to_SIFa,male-cns:v1.0,other,L
10342,551639,1,1,Mi4,Mi4_L,,,,ol_intrinsic,L,,target_to_SIFa,male-cns:v1.0,other,L
10342,551689,1,1,ORN_VA2,ORN_VA2_R,ORN_VA2,olfactory,,cb_sensory,,R,target_to_SIFa,male-cns:v1.0,other,R
10342,556286,3,3,DNp32,DNp32_L,DNp32,,xl,descending_neuron,L,,target_to_SIFa,male-cns:v1.0,other,L
10342,556393,1,1,JO-unclear,JO-unclear_L,,mechanosensory,auditory,cb_sensory,,L,target_to_SIFa,male-cns:v1.0,other,L
10342,556522,1,1,PRW016,PRW016_R,,,,cb_intrinsic,R,,target_to_SIFa,male-cns:v1.0,other,R
10342,556859,3,1,ORN_DM1,ORN_DM1_R,ORN_DM1,olfactory,,cb_sensory,,R,target_to_SIFa,male-cns:v1.0,other,R
10342,567044,1,1,ORN_VC3,ORN_VC3_L,ORN_VC3l,olfactory,,cb_sensory,,L,target_to_SIFa,male-cns:v1.0,other,L
10342,568492,1,1,Tm3,Tm3_L,,,,ol_intrinsic,L,,target_to_SIFa,male-cns:v1.0,other,L
10342,570199,5,5,PRW013,PRW013_L,,,,cb_intrinsic,L,,target_to_SIFa,male-cns:v1.0,other,L
10342,580849,1,1,Tm2,Tm2_L,,,,ol_intrinsic,L,,target_to_SIFa,male-cns:v1.0,other,L
10342,800666,1,1,IN14A001,IN14A001_R,,,CR,vnc_intrinsic,R,,target_to_SIFa,male-cns:v1.0,other,R
10342,800925,2,2,IN05B022,IN05B022_L,,,BI,vnc_intrinsic,L,,target_to_SIFa,male-cns:v1.0,other,L
10342,800968,1,1,INXXX290,INXXX290_L,,,BR,vnc_intrinsic,L,,target_to_SIFa,male-cns:v1.0,other,L
10342,801199,7,5,INXXX034,INXXX034_M,,,BA,vnc_intrinsic,M,,target_to_SIFa,male-cns:v1.0,other,unknown
10342,801415,1,1,IN04B005,IN04B005_L,,,BR,vnc_intrinsic,L,,target_to_SIFa,male-cns:v1.0,other,L
10342,802244,1,1,ANXXX008,ANXXX008_R,,,BA,ascending_neuron,R,,target_to_SIFa,male-cns:v1.0,other,R
10342,802715,1,1,INXXX110,INXXX110_L,,,BI,vnc_intrinsic,L,,target_to_SIFa,male-cns:v1.0,other,L
10342,802955,1,1,EA27X006,EA27X006_L,,,,efferent_ascending,L,,target_to_SIFa,male-cns:v1.0,other,L
10342,803480,1,1,MNml82,MNml82_L,,,ml,vnc_motor,L,,target_to_SIFa,male-cns:v1.0,other,L
10342,803821,1,1,IN27X002,IN27X002_L,,,BI,vnc_intrinsic,L,,target_to_SIFa,male-cns:v1.0,other,L
10342,804888,3,2,,,,mechanosensory_proprioceptive,leg,vnc_sensory,,L,target_to_SIFa,male-cns:v1.0,other,unknown
10342,804889,1,1,IN00A022,IN00A022_M,,,BI,vnc_intrinsic,M,,target_to_SIFa,male-cns:v1.0,other,unknown
10342,804939,1,1,IN13B023,IN13B023_R,,,CR,vnc_intrinsic,R,,target_to_SIFa,male-cns:v1.0,other,R
10342,805362,1,1,AN27X011,AN27X011_L,,,BA,ascending_neuron,L,,target_to_SIFa,male-cns:v1.0,other,L
10342,807767,3,2,SNxx29,,,unknown_sensory,leg,vnc_sensory,,L,target_to_SIFa,male-cns:v1.0,other,unknown
10342,810965,2,2,LgLG3,LgLG3_L,,gustatory,leg bristle,vnc_sensory,,L,target_to_SIFa,male-cns:v1.0,other,L
10342,812103,1,1,IN01B065,IN01B065_L,,,IR,vnc_intrinsic,L,,target_to_SIFa,male-cns:v1.0,other,L
10342,814506,1,1,IN09A079,IN09A079_L,,,,vnc_intrinsic,L,,target_to_SIFa,male-cns:v1.0,other,L
10342,814965,5,3,INXXX377,INXXX377_L,,,BR,vnc_intrinsic,L,,target_to_SIFa,male-cns:v1.0,other,L
10342,816151,4,4,LgLG4,LgLG4_L,,gustatory,leg bristle,vnc_sensory,,L,target_to_SIFa,male-cns:v1.0,other,L
10342,816425,2,2,IN01B100,IN01B100_L,,,IR,vnc_intrinsic,L,,target_to_SIFa,male-cns:v1.0,other,L
10342,816932,4,3,IN01B080,IN01B080_L,,,,vnc_intrinsic,L,,target_to_SIFa,male-cns:v1.0,other,L
10342,817019,2,2,AN27X018,AN27X018_R,,,BA,ascending_neuron,R,,target_to_SIFa,male-cns:v1.0,other,R
10342,822246,6,3,LgLG4,LgLG4_L,,gustatory,leg bristle,vnc_sensory,,L,target_to_SIFa,male-cns:v1.0,other,L
10342,902280,1,1,IN09B005,IN09B005_R,,,BR,vnc_intrinsic,R,,target_to_SIFa,male-cns:v1.0,other,R
10342,903394,1,1,IN20A.22A059,IN20A.22A059_L,,,IR,vnc_intrinsic,L,,target_to_SIFa,male-cns:v1.0,other,L
10342,904965,1,1,INXXX209,INXXX209_L,,,BR,vnc_intrinsic,L,,target_to_SIFa,male-cns:v1.0,other,L
10342,909045,1,1,IN14A056,IN14A056_R,,,CR,vnc_intrinsic,R,,target_to_SIFa,male-cns:v1.0,other,R
10342,909367,8,5,SNxxxx,,,mechanosensory_proprioceptive,leg,vnc_sensory,,L,target_to_SIFa,male-cns:v1.0,other,unknown
10342,909825,1,1,IN23B086,IN23B086_L,,,BR,vnc_intrinsic,L,,target_to_SIFa,male-cns:v1.0,other,L
10342,915443,1,1,ENS4,,,unknown_sensory,,cb_sensory,,R,target_to_SIFa,male-cns:v1.0,other,unknown
10342,917516,3,2,HRN_VP1d,HRN_VP1d_L,HRN_VP1d,hygrosensory,,cb_sensory,,L,target_to_SIFa,male-cns:v1.0,other,L
10342,922590,1,1,ORN_DM1,ORN_DM1_L,ORN_DM1,olfactory,,cb_sensory,,L,target_to_SIFa,male-cns:v1.0,other,L
10342,932849,1,1,IN23B074,IN23B074_L,,,BI,vnc_intrinsic,L,,target_to_SIFa,male-cns:v1.0,other,L
10342,936775,1,1,INXXX283,INXXX283_R,,,BR,vnc_intrinsic,R,,target_to_SIFa,male-cns:v1.0,other,R
10342,940581,6,5,IN01B080,IN01B080_L,,,,vnc_intrinsic,L,,target_to_SIFa,male-cns:v1.0,other,L
10342,956012,1,1,ORN_VA3,ORN_VA3_L,ORN_VA3,olfactory,,cb_sensory,,L,target_to_SIFa,male-cns:v1.0,other,L
10342,956731,1,1,,,,,,,,,target_to_SIFa,male-cns:v1.0,other,unknown
10342,183359059,1,1,,,,,,,,,target_to_SIFa,male-cns:v1.0,other,unknown
10342,214557957,1,1,ORN_DM2,ORN_DM2_L,ORN_DM2,olfactory,,cb_sensory,,L,target_to_SIFa,male-cns:v1.0,other,L
10342,288638336,1,1,ORN_DM6,ORN_DM6_L,ORN_DM6,olfactory,,cb_sensory,,L,target_to_SIFa,male-cns:v1.0,other,L
10342,356783826,5,4,HRN_VP1d,HRN_VP1d_L,HRN_VP1d,hygrosensory,,cb_sensory,,L,target_to_SIFa,male-cns:v1.0,other,L
10342,357238889,10,8,ENS4,,,unknown_sensory,,cb_sensory,,R,target_to_SIFa,male-cns:v1.0,other,unknown
10342,360278126,10,9,TRN_VP2,TRN_VP2_L,TRN_VP2,thermosensory,,cb_sensory,,L,target_to_SIFa,male-cns:v1.0,other,L
10342,559502441,1,1,Tm4,Tm4_L,,,,ol_intrinsic,L,,target_to_SIFa,male-cns:v1.0,other,L
10342,659253814,3,1,,,,,,,,,target_to_SIFa,male-cns:v1.0,other,unknown
10342,876418966,2,1,ORN_VC5,ORN_VC5_L,ORN_VC3m,olfactory,,cb_sensory,,L,target_to_SIFa,male-cns:v1.0,other,L
10705,10009,1,1,CT1,CT1_L,CT1,,,ol_intrinsic,L,,target_to_SIFa,male-cns:v1.0,other,L
10705,10039,3,2,VL2a_adPN,VL2a_adPN_R,VL2a_adPN,ALPN,,cb_intrinsic,R,,target_to_SIFa,male-cns:v1.0,other,R
10705,10046,1,1,MeVC11,MeVC11_L,PS125,,,visual_centrifugal,L,,target_to_SIFa,male-cns:v1.0,other,L
10705,10063,3,2,DNp27,DNp27_R,DNp27,,xn,descending_neuron,R,,target_to_SIFa,male-cns:v1.0,other,R
10705,10072,1,1,OA-AL2i1,OA-AL2i1_R,P1-9,,,visual_centrifugal,R,,target_to_SIFa,male-cns:v1.0,other,R
10705,10093,4,3,Am1,Am1_R,,,,ol_intrinsic,R,,target_to_SIFa,male-cns:v1.0,other,R
10705,10096,1,1,lLN2F_a,lLN2F_a(Full)_L,lLN2F_a,ALLN,,cb_intrinsic,L,,target_to_SIFa,male-cns:v1.0,other,L
10705,10097,2,1,oviIN,oviIN_L,oviIN,,,cb_intrinsic,L,,target_to_SIFa,male-cns:v1.0,other,L
10705,10100,1,1,LoVCLo3,LoVCLo3_R,PLP244,,,visual_centrifugal,R,,target_to_SIFa,male-cns:v1.0,other,R
10705,10103,1,1,GNG104,GNG104_L,,,,cb_intrinsic,L,,target_to_SIFa,male-cns:v1.0,other,L
10705,10123,1,1,DNg30,DNg30_L,DNg30,,xn,descending_neuron,L,,target_to_SIFa,male-cns:v1.0,other,L
10705,10133,3,1,lLN2F_b,lLN2F_b(Full)_L,lLN2F_b,ALLN,,cb_intrinsic,L,,target_to_SIFa,male-cns:v1.0,other,L
10705,10134,9,4,VL2a_adPN,VL2a_adPN_L,VL2a_adPN,ALPN,,cb_intrinsic,L,,target_to_SIFa,male-cns:v1.0,other,L
10705,10143,1,1,DNp30,DNp30_L,DSKMP1A,,xn,descending_neuron,L,,target_to_SIFa,male-cns:v1.0,other,L
10705,10169,2,1,lLN2F_b,lLN2F_b(Full)_R,lLN2F_b,ALLN,,cb_intrinsic,R,,target_to_SIFa,male-cns:v1.0,other,R
10705,10190,2,1,MeVPMe2,MeVPMe2_R,,,,visual_projection,R,,target_to_SIFa,male-cns:v1.0,other,R
10705,10201,1,1,lLN2T_c,lLN2T_c(Tortuous)_R,lLN2T_c,ALLN,,cb_intrinsic,R,,target_to_SIFa,male-cns:v1.0,other,R
10705,10209,1,1,LHPV12a1,LHPV12a1_R,LHPV12a1,,,cb_intrinsic,R,,target_to_SIFa,male-cns:v1.0,other,R
10705,10237,3,2,DNg30,DNg30_R,DNg30,,xn,descending_neuron,R,,target_to_SIFa,male-cns:v1.0,other,R
10705,10255,3,2,MeVCMe1,MeVCMe1_L,aMe14b,,,visual_centrifugal,L,,target_to_SIFa,male-cns:v1.0,other,L
10705,10286,1,1,DNpe053,DNpe053(SMP454)_L,SMP454,,xn,descending_neuron,L,,target_to_SIFa,male-cns:v1.0,other,L
10705,10303,1,1,aMe17e,aMe17e_R,aMe17a,,,visual_centrifugal,R,,target_to_SIFa,male-cns:v1.0,other,R
10705,10307,2,2,AVLP083,AVLP083(no left?)_R,AVLP083,,,cb_intrinsic,R,,target_to_SIFa,male-cns:v1.0,other,L
10705,10312,1,1,MeVPMe2,MeVPMe2_R,,,,visual_projection,R,,target_to_SIFa,male-cns:v1.0,other,R
10705,10342,4,3,DNc02,DNc02(SIFa)_R,SIFa,,xn,descending_neuron,R,,target_to_SIFa,male-cns:v1.0,other,R
10705,10343,2,2,MeVPMe1,MeVPMe1_R,,,,visual_projection,R,,target_to_SIFa,male-cns:v1.0,other,R
10705,10347,5,5,LHPV6q1,LHPV6q1_L,LHPV6q1,,,cb_intrinsic,L,,target_to_SIFa,male-cns:v1.0,other,L
10705,10353,1,1,AVLP538,AVLP538_R,AVLP538,,,cb_intrinsic,R,,target_to_SIFa,male-cns:v1.0,other,R
10705,10358,1,1,MeVPMe12,MeVPMe12_R,,ol_bilateral,,ol_intrinsic,R,,target_to_SIFa,male-cns:v1.0,other,R
10705,10361,1,1,DNg40,DNg40(hb5813056435)_L,hb5813056435,,lt,descending_neuron,L,,target_to_SIFa,male-cns:v1.0,other,L
10705,10390,3,1,VA2_adPN,VA2_adPN_R,VA2_adPN,ALPN,,cb_intrinsic,R,,target_to_SIFa,male-cns:v1.0,other,R
10705,10397,1,1,lLN2T_a,lLN2T_a(Tortuous)_L,lLN2T_a,ALLN,,cb_intrinsic,L,,target_to_SIFa,male-cns:v1.0,other,L
10705,10404,1,1,AVLP082,AVLP082_R,AVLP082,,,cb_intrinsic,R,,target_to_SIFa,male-cns:v1.0,other,R
10705,10407,1,1,AVLP609,AVLP609_L,,,,cb_intrinsic,L,,target_to_SIFa,male-cns:v1.0,other,L
10705,10420,1,1,GNG667,GNG667_L,,,,cb_intrinsic,L,,target_to_SIFa,male-cns:v1.0,other,L
10705,10447,3,1,DNge138,DNge138_M,,,xn,descending_neuron,M,,target_to_SIFa,male-cns:v1.0,other,unknown
10705,10456,4,2,lLN2F_a,lLN2F_a(Full)_R,lLN2F_a,ALLN,,cb_intrinsic,R,,target_to_SIFa,male-cns:v1.0,other,R
10705,10459,2,2,lLN2F_a,lLN2F_a(Full)_L,lLN2F_a,ALLN,,cb_intrinsic,L,,target_to_SIFa,male-cns:v1.0,other,L
10705,10480,2,1,MeVP53,MeVP53_R,,,,visual_projection,R,,target_to_SIFa,male-cns:v1.0,other,R
10705,10510,2,1,GNG105,GNG105_L,,,,cb_intrinsic,L,,target_to_SIFa,male-cns:v1.0,other,L
10705,10515,1,1,lLN2F_b,lLN2F_b(Full)_R,lLN2F_b,ALLN,,cb_intrinsic,R,,target_to_SIFa,male-cns:v1.0,other,R
10705,10524,4,2,DP1l_adPN,DP1l_adPN_L,DP1l_adPN,ALPN,,cb_intrinsic,L,,target_to_SIFa,male-cns:v1.0,other,L
10705,10530,1,1,VL1_ilPN,VL1_ilPN_L,VL1_ilPN,ALPN,BI,cb_intrinsic,L,,target_to_SIFa,male-cns:v1.0,other,L
10705,10569,5,2,DC1_adPN,DC1_adPN_R,DC1_adPN,ALPN,,cb_intrinsic,R,,target_to_SIFa,male-cns:v1.0,other,R
10705,10593,2,1,AL-MBDL1,AL-MBDL1_L,AL-MBDL1,ALIN,,cb_intrinsic,L,,target_to_SIFa,male-cns:v1.0,other,L
10705,10602,2,1,AVLP200,AVLP200_L,AVLP200,,,cb_intrinsic,L,,target_to_SIFa,male-cns:v1.0,other,L
10705,10617,2,2,GNG105,GNG105_R,,,,cb_intrinsic,R,,target_to_SIFa,male-cns:v1.0,other,R
10705,10650,4,2,lLN2T_c,lLN2T_c(Tortuous)_R,lLN2T_c,ALLN,,cb_intrinsic,R,,target_to_SIFa,male-cns:v1.0,other,R
10705,10771,1,1,LT66,LT66_R,LT66,,,visual_projection,R,,target_to_SIFa,male-cns:v1.0,other,R
10705,10799,2,2,OA-VUMa4,OA-VUMa4_M,,,,cb_intrinsic,M,,target_to_SIFa,male-cns:v1.0,other,unknown
10705,10813,1,1,DNp43,DNp43(CL332)_R,CL332,,xl,descending_neuron,R,,target_to_SIFa,male-cns:v1.0,other,R
10705,10822,1,1,DNge047,DNge047_R,,,xn,descending_neuron,R,,target_to_SIFa,male-cns:v1.0,other,R
10705,10845,2,2,Dm17,Dm17_R,,,,ol_intrinsic,R,,target_to_SIFa,male-cns:v1.0,other,R
10705,10847,7,4,AVLP532,AVLP532_R,AVLP532,,,cb_intrinsic,R,,target_to_SIFa,male-cns:v1.0,other,R
10705,10898,4,3,AVLP476,AVLP476_R,AVLP476,,,cb_intrinsic,R,,target_to_SIFa,male-cns:v1.0,other,R
10705,10923,2,1,DNg40,DNg40(hb5813056435)_R,hb5813056435,,lt,descending_neuron,R,,target_to_SIFa,male-cns:v1.0,other,R
10705,10925,1,1,AVLP542,AVLP542_R,AVLP542,,,cb_intrinsic,R,,target_to_SIFa,male-cns:v1.0,other,R
10705,10929,2,2,lLN2T_a,lLN2T_a(Tortuous)_R,lLN2T_a,ALLN,,cb_intrinsic,R,,target_to_SIFa,male-cns:v1.0,other,R
10705,10942,2,2,lLN2T_a,lLN2T_a(Tortuous)_R,lLN2T_a,ALLN,,cb_intrinsic,R,,target_to_SIFa,male-cns:v1.0,other,R
10705,10950,1,1,Pm11,Pm11_R,,,,ol_intrinsic,R,,target_to_SIFa,male-cns:v1.0,other,R
10705,10996,2,1,VA4_lPN,VA4_lPN_R,VA4_lPN,ALPN,,cb_intrinsic,R,,target_to_SIFa,male-cns:v1.0,other,R
10705,10999,5,5,GNG700m,GNG700m_L,,,,cb_intrinsic,L,,target_to_SIFa,male-cns:v1.0,other,L
10705,11113,1,1,Mi19,Mi19_R,,,,ol_intrinsic,R,,target_to_SIFa,male-cns:v1.0,other,R
10705,11121,2,2,DNp52,DNp52(CRE101)_L,CRE101,,,descending_neuron,L,,target_to_SIFa,male-cns:v1.0,other,L
10705,11125,1,1,AVLP610,AVLP610_R,,,,cb_intrinsic,R,,target_to_SIFa,male-cns:v1.0,other,R
10705,11137,1,1,DNp04,DNp04_R,DNp04,,lt,descending_neuron,R,,target_to_SIFa,male-cns:v1.0,other,R
10705,11146,1,1,MeVPMe2,MeVPMe2_R,,,,visual_projection,R,,target_to_SIFa,male-cns:v1.0,other,R
10705,11178,1,1,SIP091,SIP091_L,hb953013850,,,cb_intrinsic,L,,target_to_SIFa,male-cns:v1.0,other,L
10705,11188,1,1,Dm17,Dm17_R,,,,ol_intrinsic,R,,target_to_SIFa,male-cns:v1.0,other,R
10705,11193,2,1,ALIN6,ALIN6_R,,ALIN,,cb_intrinsic,R,,target_to_SIFa,male-cns:v1.0,other,R
10705,11201,1,1,DNpe007,DNpe007(hb1343489608)_L,hb1343489608,,xl,descending_neuron,L,,target_to_SIFa,male-cns:v1.0,other,L
10705,11227,3,3,CSD,CSD_R,CSD,,,cb_intrinsic,R,,target_to_SIFa,male-cns:v1.0,other,R
10705,11255,3,3,FB1C,FB1C_L,FB1C,CX,,cb_intrinsic,L,,target_to_SIFa,male-cns:v1.0,other,L
10705,11259,1,1,DNp68,DNp68(CL138)_R,CL138,,xn,descending_neuron,R,,target_to_SIFa,male-cns:v1.0,other,R
10705,11262,2,1,lLN1_bc,lLN1_bc_L,"lLN1_b,lLN1_c",ALLN,,cb_intrinsic,L,,target_to_SIFa,male-cns:v1.0,other,L
10705,11294,2,2,lLN2T_e,lLN2T_e(Tortuous)_L,lLN2T_e,ALLN,,cb_intrinsic,L,,target_to_SIFa,male-cns:v1.0,other,L
10705,11326,2,2,ExR5,ExR5_R,ExR5,CX,,cb_intrinsic,R,,target_to_SIFa,male-cns:v1.0,other,R
10705,11328,2,1,CB2763,CB2763_L,,,,cb_intrinsic,L,,target_to_SIFa,male-cns:v1.0,other,L
10705,11342,2,2,lLN2X04,lLN2X04_R,,ALLN,,cb_intrinsic,R,,target_to_SIFa,male-cns:v1.0,other,R
10705,11343,3,3,SMP586,SMP586_R,SMP586,,,cb_intrinsic,R,,target_to_SIFa,male-cns:v1.0,other,R
10705,11345,1,1,lLN2X11,lLN2X11_R,,ALLN,,cb_intrinsic,R,,target_to_SIFa,male-cns:v1.0,other,R
10705,11369,15,12,DNc01,DNc01_L,SIFa,,xn,descending_neuron,L,,target_to_SIFa,male-cns:v1.0,other,L
10705,11379,3,3,lLN2T_e,lLN2T_e(Tortuous)_R,lLN2T_e,ALLN,,cb_intrinsic,R,,target_to_SIFa,male-cns:v1.0,other,R
10705,11390,5,4,VL1_ilPN,VL1_ilPN_R,VL1_ilPN,ALPN,BI,cb_intrinsic,R,,target_to_SIFa,male-cns:v1.0,other,R
10705,11404,2,2,AVLP352,AVLP352_L,AVLP352,,,cb_intrinsic,L,,target_to_SIFa,male-cns:v1.0,other,L
10705,11439,1,1,AVLP023,AVLP023_L,AVLP023,,,cb_intrinsic,L,,target_to_SIFa,male-cns:v1.0,other,L
10705,11467,5,4,VA4_lPN,VA4_lPN_L,VA4_lPN,ALPN,,cb_intrinsic,L,,target_to_SIFa,male-cns:v1.0,other,L
10705,11514,1,1,DL4_adPN,DL4_adPN_R,DL4_adPN,ALPN,,cb_intrinsic,R,,target_to_SIFa,male-cns:v1.0,other,R
10705,11518,1,1,AVLP201,AVLP201_L,AVLP201,,,cb_intrinsic,L,,target_to_SIFa,male-cns:v1.0,other,L
10705,11546,7,4,v2LN30,v2LN30_L,v2LN30,ALLN,,cb_intrinsic,L,,target_to_SIFa,male-cns:v1.0,other,L
10705,11556,2,2,lLN2T_d,lLN2T_d(Tortuous)_L,lLN2T_d,ALLN,,cb_intrinsic,L,,target_to_SIFa,male-cns:v1.0,other,L
10705,11604,1,1,AN05B004,AN05B004_R,,,BA,ascending_neuron,R,,target_to_SIFa,male-cns:v1.0,other,R
10705,11620,1,1,lLN1_bc,lLN1_bc_R,"lLN1_b,lLN1_c",ALLN,,cb_intrinsic,R,,target_to_SIFa,male-cns:v1.0,other,R
10705,11624,4,3,DC2_adPN,DC2_adPN_R,DC2_adPN,ALPN,,cb_intrinsic,R,,target_to_SIFa,male-cns:v1.0,other,R
10705,11677,2,1,PVLP151,PVLP151_R,PVLP151,,,cb_intrinsic,R,,target_to_SIFa,male-cns:v1.0,other,R
10705,11693,1,1,DNd03,DNd03_R,,,xn,descending_neuron,R,,target_to_SIFa,male-cns:v1.0,other,R
10705,11702,2,1,AMMC012,AMMC012_R,,,,cb_intrinsic,R,,target_to_SIFa,male-cns:v1.0,other,R
10705,11722,1,1,v2LN30,v2LN30_R,v2LN30,ALLN,,cb_intrinsic,R,,target_to_SIFa,male-cns:v1.0,other,R
10705,11736,1,1,lLN1_bc,lLN1_bc_R,"lLN1_b,lLN1_c",ALLN,,cb_intrinsic,R,,target_to_SIFa,male-cns:v1.0,other,R
10705,11837,2,1,lLN2X05,lLN2X05_L,lLN2T_a,ALLN,,cb_intrinsic,L,,target_to_SIFa,male-cns:v1.0,other,L
10705,11868,1,1,AMMC034_a,AMMC034_a_R,,,,cb_intrinsic,R,,target_to_SIFa,male-cns:v1.0,other,R
10705,11870,1,1,lLN1_bc,lLN1_bc_L,"lLN1_b,lLN1_c",ALLN,,cb_intrinsic,L,,target_to_SIFa,male-cns:v1.0,other,L
10705,11890,2,2,PRW058,PRW058_L,,,,cb_intrinsic,L,,target_to_SIFa,male-cns:v1.0,other,L
10705,11918,1,1,aMe4,aMe4_R,aMe4,,,visual_centrifugal,R,,target_to_SIFa,male-cns:v1.0,other,R
10705,11926,1,1,LoVP85,LoVP85_R,,,,visual_projection,R,,target_to_SIFa,male-cns:v1.0,other,R
10705,11952,1,1,lLN2X11,lLN2X11_L,,ALLN,,cb_intrinsic,L,,target_to_SIFa,male-cns:v1.0,other,L
10705,11960,1,1,AMMC012,AMMC012(hb2032849765)_L,(hb2032849765),,,cb_intrinsic,L,,target_to_SIFa,male-cns:v1.0,other,L
10705,11991,2,1,lLN2X05,lLN2X05_L,lLN2T_a,ALLN,,cb_intrinsic,L,,target_to_SIFa,male-cns:v1.0,other,L
10705,12031,1,1,DC4_adPN,DC4_adPN_L,DC4_adPN,ALPN,,cb_intrinsic,L,,target_to_SIFa,male-cns:v1.0,other,L
10705,12053,5,3,SAD106,SAD106_R,,,,cb_intrinsic,R,,target_to_SIFa,male-cns:v1.0,other,R
10705,12102,1,1,DNp38,DNp38_R,,,xn,descending_neuron,R,,target_to_SIFa,male-cns:v1.0,other,R
10705,12104,1,1,GLNO,GLNO(LAL-NO1)_L,GLNO,CX,,cb_intrinsic,L,,target_to_SIFa,male-cns:v1.0,other,L
10705,12109,2,2,OA-VUMa2,OA-VUMa2_M,OA-VUMa2,,,cb_intrinsic,M,,target_to_SIFa,male-cns:v1.0,other,unknown
10705,12171,1,1,DM2_lPN,DM2_lPN_R,DM2_lPN,ALPN,,cb_intrinsic,R,,target_to_SIFa,male-cns:v1.0,other,R
10705,12208,1,1,CL110,CL110_R,CL110,,,cb_intrinsic,R,,target_to_SIFa,male-cns:v1.0,other,R
10705,12396,7,6,AVLP533,AVLP533_R,AVLP533,,,cb_intrinsic,R,,target_to_SIFa,male-cns:v1.0,other,R
10705,12398,1,1,AN27X013,AN27X013_L,,,XA,ascending_neuron,L,,target_to_SIFa,male-cns:v1.0,other,L
10705,12401,5,5,GNG627,GNG627_L,,,,cb_intrinsic,L,,target_to_SIFa,male-cns:v1.0,other,L
10705,12405,1,1,DNge150,DNge150_M,,,xn,descending_neuron,M,,target_to_SIFa,male-cns:v1.0,other,unknown
10705,12459,1,1,WED109,WED109_L,WED109,,,cb_intrinsic,L,,target_to_SIFa,male-cns:v1.0,other,L
10705,12469,2,2,AN08B018,AN08B018_d_L,,,BA,ascending_neuron,L,,target_to_SIFa,male-cns:v1.0,other,L
10705,12519,7,7,AVLP023,AVLP023_R,AVLP023,,,cb_intrinsic,R,,target_to_SIFa,male-cns:v1.0,other,R
10705,12548,3,3,AN05B097,AN05B097_R,,,BA,ascending_neuron,R,,target_to_SIFa,male-cns:v1.0,other,R
10705,12589,2,2,GNG094,GNG094_R,,,,cb_intrinsic,R,,target_to_SIFa,male-cns:v1.0,other,R
10705,12630,2,2,Mi19,Mi19_R,,,,ol_intrinsic,R,,target_to_SIFa,male-cns:v1.0,other,R
10705,12675,2,1,DNg103,DNg103_L,,,xl,descending_neuron,L,,target_to_SIFa,male-cns:v1.0,other,L
10705,12789,2,2,AVLP314,AVLP314_R,AVLP314,,,cb_intrinsic,R,,target_to_SIFa,male-cns:v1.0,other,R
10705,12793,1,1,SMP162,SMP162_R,SMP162,,,cb_intrinsic,R,,target_to_SIFa,male-cns:v1.0,other,R
10705,12824,1,1,LC4,LC4_L,LC4,,,visual_projection,L,,target_to_SIFa,male-cns:v1.0,other,L
10705,12929,2,2,,,,ALLN,,cb_intrinsic,L,,target_to_SIFa,male-cns:v1.0,other,unknown
10705,12941,1,1,DNge137,DNge137_R,,,xn,descending_neuron,R,,target_to_SIFa,male-cns:v1.0,other,R
10705,12996,1,1,AN19B036,AN19B036(12996)_L,,,BA,ascending_neuron,L,,target_to_SIFa,male-cns:v1.0,other,L
10705,13038,1,1,AVLP720m,AVLP720m_R,,,,cb_intrinsic,R,,target_to_SIFa,male-cns:v1.0,other,R
10705,13148,2,1,AVLP200,AVLP200_R,AVLP200,,,cb_intrinsic,R,,target_to_SIFa,male-cns:v1.0,other,R
10705,13156,1,1,SAD052,SAD052_R,SAD052,,,cb_intrinsic,R,,target_to_SIFa,male-cns:v1.0,other,R
10705,13225,2,2,VM7d_adPN,VM7d_adPN_R,VM7d_adPN,ALPN,,cb_intrinsic,R,,target_to_SIFa,male-cns:v1.0,other,R
10705,13235,1,1,AVLP720m,AVLP720m_L,,,,cb_intrinsic,L,,target_to_SIFa,male-cns:v1.0,other,L
10705,13261,1,1,WED117,WED117_L,WED117,,,cb_intrinsic,L,,target_to_SIFa,male-cns:v1.0,other,L
10705,13315,2,1,lLN2P_b,lLN2P_b_R,lLN2P_b,ALLN,,cb_intrinsic,R,,target_to_SIFa,male-cns:v1.0,other,R
10705,13317,4,4,DNg33,DNg33_L,,,xn,descending_neuron,L,,target_to_SIFa,male-cns:v1.0,other,L
10705,13379,1,1,VA1v_adPN,VA1v_adPN_R,VA1v_adPN,ALPN,,cb_intrinsic,R,,target_to_SIFa,male-cns:v1.0,other,R
10705,13393,1,1,GNG131,GNG131_R,,,,cb_intrinsic,R,,target_to_SIFa,male-cns:v1.0,other,R
10705,13432,2,1,DNg66,DNg66_M,,,ad,descending_neuron,M,,target_to_SIFa,male-cns:v1.0,other,unknown
10705,13442,3,1,DNg33,DNg33_R,,,xn,descending_neuron,R,,target_to_SIFa,male-cns:v1.0,other,R
10705,13467,1,1,AVLP443,AVLP443_R,AVLP443,,,cb_intrinsic,R,,target_to_SIFa,male-cns:v1.0,other,R
10705,13654,3,3,AVLP547,AVLP547_R,AVLP547,,,cb_intrinsic,R,,target_to_SIFa,male-cns:v1.0,other,R
10705,13698,1,1,PAL01,PAL01_R,PAL01,,,cb_intrinsic,R,,target_to_SIFa,male-cns:v1.0,other,R
10705,13789,1,1,AVLP578,AVLP578_R,AVLP578,,,cb_intrinsic,R,,target_to_SIFa,male-cns:v1.0,other,R
10705,13790,2,2,AVLP761m,AVLP761m_L,,,,cb_intrinsic,L,,target_to_SIFa,male-cns:v1.0,other,L
10705,13797,3,2,Li29,Li29_R,,,,ol_intrinsic,R,,target_to_SIFa,male-cns:v1.0,other,R
10705,13838,1,1,Dm6,Dm6_R,,,,ol_intrinsic,R,,target_to_SIFa,male-cns:v1.0,other,R
10705,14016,7,5,AN08B020,AN08B020_R,,,BA,ascending_neuron,R,,target_to_SIFa,male-cns:v1.0,other,R
10705,14026,3,3,AN05B004,AN05B004_L,,,BA,ascending_neuron,L,,target_to_SIFa,male-cns:v1.0,other,L
10705,14055,2,1,CB4176,CB4176_L,,,,cb_intrinsic,L,,target_to_SIFa,male-cns:v1.0,other,L
10705,14161,1,1,lLN2X12,lLN2X12_L,,ALLN,,cb_intrinsic,L,,target_to_SIFa,male-cns:v1.0,other,L
10705,14207,1,1,aMe3,aMe3_R,aMe3,,,visual_projection,R,,target_to_SIFa,male-cns:v1.0,other,R
10705,14212,2,2,CSD,CSD_L,CSD,,,cb_intrinsic,L,,target_to_SIFa,male-cns:v1.0,other,L
10705,14386,1,1,vLN24,vLN24_L,vLN24,ALLN,,cb_intrinsic,L,,target_to_SIFa,male-cns:v1.0,other,L
10705,14387,2,1,DNge151,DNge151_M,,,ad,descending_neuron,M,,target_to_SIFa,male-cns:v1.0,other,unknown
10705,14489,54,50,GNG631,GNG631_R,,,,cb_intrinsic,R,,target_to_SIFa,male-cns:v1.0,other,R
10705,14581,1,1,TmY19a,TmY19a_R,,,,ol_intrinsic,R,,target_to_SIFa,male-cns:v1.0,other,R
10705,14639,2,1,PVLP002,PVLP002_L,PVLP002,,,cb_intrinsic,L,,target_to_SIFa,male-cns:v1.0,other,L
10705,14718,1,1,GNG159,GNG159_R,,,,cb_intrinsic,R,,target_to_SIFa,male-cns:v1.0,other,R
10705,14752,2,2,CB0630,CB0630_R,,,,cb_intrinsic,R,,target_to_SIFa,male-cns:v1.0,other,R
10705,14755,1,1,PVLP012,PVLP012_R,PVLP012,,,cb_intrinsic,R,,target_to_SIFa,male-cns:v1.0,other,R
10705,14762,2,2,AVLP323,AVLP323_R,AVLP323,,,cb_intrinsic,R,,target_to_SIFa,male-cns:v1.0,other,R
10705,14772,2,2,PRW065,PRW065_L,,,,cb_intrinsic,L,,target_to_SIFa,male-cns:v1.0,other,L
10705,14784,1,1,CB0431,CB0431_R,,,,cb_intrinsic,R,,target_to_SIFa,male-cns:v1.0,other,R
10705,14802,1,1,VA7m_lPN,VA7m_lPN_R,VA7m_lPN,ALPN,,cb_intrinsic,R,,target_to_SIFa,male-cns:v1.0,other,R
10705,14803,1,1,GNG211,GNG211_R,,,,cb_intrinsic,R,,target_to_SIFa,male-cns:v1.0,other,R
10705,14844,1,1,aPhM2a,aPhM2a_R,,mechanosensory,pharyngeal sensillum,cb_sensory,,R,target_to_SIFa,male-cns:v1.0,other,R
10705,14859,1,1,AVLP323,AVLP323_R,AVLP323,,,cb_intrinsic,R,,target_to_SIFa,male-cns:v1.0,other,R
10705,14895,1,1,VM7d_adPN,VM7d_adPN_L,VM7d_adPN,ALPN,,cb_intrinsic,L,,target_to_SIFa,male-cns:v1.0,other,L
10705,14927,1,1,Dm13,Dm13_R,,,,ol_intrinsic,R,,target_to_SIFa,male-cns:v1.0,other,R
10705,15062,1,1,OCG02b,OCG02b_R,OCG02,,,visual_projection,R,,target_to_SIFa,male-cns:v1.0,other,R
10705,15153,38,35,GNG631,GNG631_L,,,,cb_intrinsic,L,,target_to_SIFa,male-cns:v1.0,other,L
10705,15178,1,1,CB0259,CB0259_R,,,,cb_intrinsic,R,,target_to_SIFa,male-cns:v1.0,other,R
10705,15183,1,1,,,,ALLN,,cb_intrinsic,R,,target_to_SIFa,male-cns:v1.0,other,unknown
10705,15258,1,1,AVLP112,AVLP112_R,AVLP112,,,cb_intrinsic,R,,target_to_SIFa,male-cns:v1.0,other,R
10705,15514,1,1,AN27X013,AN27X013_R,,,XA,ascending_neuron,R,,target_to_SIFa,male-cns:v1.0,other,R
10705,15517,1,1,M_vPNml63,M_vPNml63_R,M_vPNml63,ALPN,,cb_intrinsic,R,,target_to_SIFa,male-cns:v1.0,other,R
10705,15536,1,1,AVLP400,AVLP400_R,AVLP400,,,cb_intrinsic,R,,target_to_SIFa,male-cns:v1.0,other,R
10705,15814,2,1,TmY19a,TmY19a_R,,,,ol_intrinsic,R,,target_to_SIFa,male-cns:v1.0,other,R
10705,15981,1,1,AN09B004,AN09B004_d_L,,,CA,ascending_neuron,L,,target_to_SIFa,male-cns:v1.0,other,L
10705,15985,1,1,aMe24,aMe24_L,aMe24,,,cb_intrinsic,L,,target_to_SIFa,male-cns:v1.0,other,L
10705,16024,1,1,AVLP112,AVLP112_R,AVLP112,,,cb_intrinsic,R,,target_to_SIFa,male-cns:v1.0,other,R
10705,16080,1,1,AVLP323,AVLP323_L,AVLP323,,,cb_intrinsic,L,,target_to_SIFa,male-cns:v1.0,other,L
10705,16135,2,2,AVLP317,AVLP317_R,AVLP317,,,cb_intrinsic,R,,target_to_SIFa,male-cns:v1.0,other,R
10705,16388,1,1,Pm3,Pm3_R,,,,ol_intrinsic,R,,target_to_SIFa,male-cns:v1.0,other,R
10705,16482,1,1,PVLP123,PVLP123_L,PVLP124,,,cb_intrinsic,L,,target_to_SIFa,male-cns:v1.0,other,L
10705,16508,1,1,M_lvPNm24,M_lvPNm24_R,M_lvPNm24,ALPN,,cb_intrinsic,R,,target_to_SIFa,male-cns:v1.0,other,R
10705,16572,1,1,Dm14,Dm14_R,,,,ol_intrinsic,R,,target_to_SIFa,male-cns:v1.0,other,R
10705,16743,1,1,Dm18,Dm18_R,,,,ol_intrinsic,R,,target_to_SIFa,male-cns:v1.0,other,R
10705,16945,1,1,GNG252,GNG252_L,,,,cb_intrinsic,L,,target_to_SIFa,male-cns:v1.0,other,L
10705,17012,1,1,CB0440,CB0440_L,,,,cb_intrinsic,L,,target_to_SIFa,male-cns:v1.0,other,L
10705,17027,1,1,DL2v_adPN,DL2v_adPN_L,DL2v_adPN,ALPN,,cb_intrinsic,L,,target_to_SIFa,male-cns:v1.0,other,L
10705,17065,3,1,CB3513,CB3513_R,,,,cb_intrinsic,R,,target_to_SIFa,male-cns:v1.0,other,R
10705,17099,1,1,GNG219,GNG219_L,,,,cb_intrinsic,L,,target_to_SIFa,male-cns:v1.0,other,L
10705,17107,2,1,,,,ALLN,,cb_intrinsic,R,,target_to_SIFa,male-cns:v1.0,other,unknown
10705,17143,1,1,Delta7,Delta7(PB15)_L2R7_R,Delta7,CX,,cb_intrinsic,R,,target_to_SIFa,male-cns:v1.0,other,R
10705,17233,1,1,GNG139,GNG139_L,,,,cb_intrinsic,L,,target_to_SIFa,male-cns:v1.0,other,L
10705,17277,2,2,CB3545,CB3545_L,,,,cb_intrinsic,L,,target_to_SIFa,male-cns:v1.0,other,L
10705,17484,2,1,DC2_adPN,DC2_adPN_R,DC2_adPN,ALPN,,cb_intrinsic,R,,target_to_SIFa,male-cns:v1.0,other,R
10705,17699,1,1,TmY19a,TmY19a_R,,,,ol_intrinsic,R,,target_to_SIFa,male-cns:v1.0,other,R
10705,17709,1,1,GNG175,GNG175_L,,,,cb_intrinsic,L,,target_to_SIFa,male-cns:v1.0,other,L
10705,17743,1,1,AVLP161,AVLP161_R,AVLP161,,,cb_intrinsic,R,,target_to_SIFa,male-cns:v1.0,other,R
10705,17834,1,1,MeLo9,MeLo9_R,,,,ol_intrinsic,R,,target_to_SIFa,male-cns:v1.0,other,R
10705,17839,1,1,AVLP722m,AVLP722m_R,,,,cb_intrinsic,R,,target_to_SIFa,male-cns:v1.0,other,R
10705,17855,1,1,SLP365,SLP365_R,SLP365,,,cb_intrinsic,R,,target_to_SIFa,male-cns:v1.0,other,R
10705,18016,2,2,lLN2P_c,lLN2T_a(Tortuous)_R,lLN2P_c,ALLN,,cb_intrinsic,R,,target_to_SIFa,male-cns:v1.0,other,R
10705,18165,2,2,lLN2P_b,lLN2P_b_L,lLN2P_b,ALLN,,cb_intrinsic,L,,target_to_SIFa,male-cns:v1.0,other,L
10705,18264,1,1,SMP586,SMP586_L,SMP586,,,cb_intrinsic,L,,target_to_SIFa,male-cns:v1.0,other,L
10705,18416,1,1,DA2_lPN,DA2_lPN_R,DA2_lPN,ALPN,,cb_intrinsic,R,,target_to_SIFa,male-cns:v1.0,other,R
10705,18568,1,1,AN27X003,AN27X003_R,,,BA,ascending_neuron,R,,target_to_SIFa,male-cns:v1.0,other,R
10705,18590,1,1,GNG229,GNG229_R,,,,cb_intrinsic,R,,target_to_SIFa,male-cns:v1.0,other,R
10705,18607,1,1,DNpe037,DNpe037(CL338)_R,CL338,,xn,descending_neuron,R,,target_to_SIFa,male-cns:v1.0,other,R
10705,18730,1,1,lLN2P_b,lLN2P_b_L,lLN2P_b,ALLN,,cb_intrinsic,L,,target_to_SIFa,male-cns:v1.0,other,L
10705,18743,1,1,Dm18,Dm18_R,,,,ol_intrinsic,R,,target_to_SIFa,male-cns:v1.0,other,R
10705,18779,1,1,PEN_a(PEN1),PEN_a(PB06a)_R8,PEN_a(PEN1),CX,,cb_intrinsic,R,,target_to_SIFa,male-cns:v1.0,other,unknown
10705,18824,2,2,LHPD4d1,LHPD4d1_R,LHPD4d1,,,cb_intrinsic,R,,target_to_SIFa,male-cns:v1.0,other,R
10705,19251,1,1,CB3594,CB3594_R,,,,cb_intrinsic,R,,target_to_SIFa,male-cns:v1.0,other,R
10705,19480,1,1,ANXXX462a,ANXXX462a_R,,,XA,ascending_neuron,R,,target_to_SIFa,male-cns:v1.0,other,R
10705,19609,1,1,Pm2b,Pm2b_R,,,,ol_intrinsic,R,,target_to_SIFa,male-cns:v1.0,other,R
10705,19640,4,2,GNG172,GNG172_R,,,,cb_intrinsic,R,,target_to_SIFa,male-cns:v1.0,other,R
10705,19692,3,1,WED117,WED117_L,WED117,,,cb_intrinsic,L,,target_to_SIFa,male-cns:v1.0,other,L
10705,19831,1,1,CB3545,CB3545_R,,,,cb_intrinsic,R,,target_to_SIFa,male-cns:v1.0,other,R
10705,19950,1,1,Dm14,Dm14_R,,,,ol_intrinsic,R,,target_to_SIFa,male-cns:v1.0,other,R
10705,20072,1,1,Dm18,Dm18_R,,,,ol_intrinsic,R,,target_to_SIFa,male-cns:v1.0,other,R
10705,20097,1,1,AVLP744m,AVLP744m_R,,,,cb_intrinsic,R,,target_to_SIFa,male-cns:v1.0,other,R
10705,20114,1,1,Dm20,Dm20_R,,,,ol_intrinsic,R,,target_to_SIFa,male-cns:v1.0,other,R
10705,20130,3,1,WED117,WED117_R,WED117,,,cb_intrinsic,R,,target_to_SIFa,male-cns:v1.0,other,R
10705,20140,1,1,,,,,,cb_intrinsic,L,,target_to_SIFa,male-cns:v1.0,other,unknown
10705,20402,2,2,lLN2P_b,lLN2P_b_L,lLN2P_b,ALLN,,cb_intrinsic,L,,target_to_SIFa,male-cns:v1.0,other,L
10705,20435,2,1,WED117,WED117_R,WED117,,,cb_intrinsic,R,,target_to_SIFa,male-cns:v1.0,other,R
10705,20581,1,1,lLN2P_c,lLN2P_c_L,lLN2P_c,ALLN,,cb_intrinsic,L,,target_to_SIFa,male-cns:v1.0,other,L
10705,20620,1,1,lLN2P_b,lLN2P_b_L,lLN2P_b,ALLN,,cb_intrinsic,L,,target_to_SIFa,male-cns:v1.0,other,L
10705,21093,4,4,,21093_R,,,,cb_intrinsic,R,,target_to_SIFa,male-cns:v1.0,other,R
10705,21115,1,1,LHPV4l1,LHPV4l1_R,LHPV4l1,,,cb_intrinsic,R,,target_to_SIFa,male-cns:v1.0,other,R
10705,21519,1,1,FB2A,FB2A_R,FB2A,CX,,cb_intrinsic,R,,target_to_SIFa,male-cns:v1.0,other,R
10705,21545,2,2,CB3305,CB3305_R,,,,cb_intrinsic,R,,target_to_SIFa,male-cns:v1.0,other,R
10705,21868,1,1,MeVP17,MeVP17_R,,,,visual_projection,R,,target_to_SIFa,male-cns:v1.0,other,R
10705,22055,1,1,AVLP470_b,AVLP470_b_L,AVLP470,,,cb_intrinsic,L,,target_to_SIFa,male-cns:v1.0,other,L
10705,22166,1,1,lLN2P_c,lLN2P_c_L,lLN2P_c,ALLN,,cb_intrinsic,L,,target_to_SIFa,male-cns:v1.0,other,L
10705,22257,1,1,PVLP046,PVLP046_R,PVLP046,,,visual_centrifugal,R,,target_to_SIFa,male-cns:v1.0,other,R
10705,22342,1,1,Cm19,Cm19_R,,,,ol_intrinsic,R,,target_to_SIFa,male-cns:v1.0,other,R
10705,22354,2,1,aPhM2b,aPhM2b_R,,mechanosensory,pharyngeal sensillum,cb_sensory,,R,target_to_SIFa,male-cns:v1.0,other,R
10705,22361,1,1,AVLP325_b,AVLP325_b_R,AVLP325_b,,,cb_intrinsic,R,,target_to_SIFa,male-cns:v1.0,other,R
10705,22399,2,1,AVLP517,AVLP517_R,AVLP517,,,cb_intrinsic,R,,target_to_SIFa,male-cns:v1.0,other,R
10705,22531,2,1,Pm10,Pm10_R,,,,ol_intrinsic,R,,target_to_SIFa,male-cns:v1.0,other,R
10705,22575,1,1,CB1074,CB1074_R,,,,cb_intrinsic,R,,target_to_SIFa,male-cns:v1.0,other,R
10705,22884,2,1,ExR5,ExR5_L,ExR5,CX,,cb_intrinsic,L,,target_to_SIFa,male-cns:v1.0,other,L
10705,23029,1,1,AVLP104,AVLP104_R,AVLP104,,,cb_intrinsic,R,,target_to_SIFa,male-cns:v1.0,other,R
10705,23214,1,1,Pm2a,Pm2a_R,,,,ol_intrinsic,R,,target_to_SIFa,male-cns:v1.0,other,R
10705,23513,1,1,AN05B035,AN05B035_L,,,BA,ascending_neuron,L,,target_to_SIFa,male-cns:v1.0,other,L
10705,23519,1,1,TmY14,TmY14_R,,,,visual_projection,R,,target_to_SIFa,male-cns:v1.0,other,R
10705,23546,1,1,AVLP555,AVLP555_R,AVLP555,,,cb_intrinsic,R,,target_to_SIFa,male-cns:v1.0,other,R
10705,23850,2,2,OA-ASM2,OA-ASM2_R,OA-ASM2,,,cb_intrinsic,R,,target_to_SIFa,male-cns:v1.0,other,R
10705,23854,2,1,lLN2P_a,lLN2P_a_R,lLN2P_a,ALLN,,cb_intrinsic,R,,target_to_SIFa,male-cns:v1.0,other,R
10705,24463,1,1,Dm18,Dm18_R,,,,ol_intrinsic,R,,target_to_SIFa,male-cns:v1.0,other,R
10705,24504,1,1,CB3302,CB3302_L,,,,cb_intrinsic,L,,target_to_SIFa,male-cns:v1.0,other,L
10705,24828,2,2,lLN2P_b,lLN2P_b_R,lLN2P_b,ALLN,,cb_intrinsic,R,,target_to_SIFa,male-cns:v1.0,other,R
10705,24841,3,2,DL2v_adPN,DL2v_adPN_L,DL2v_adPN,ALPN,,cb_intrinsic,L,,target_to_SIFa,male-cns:v1.0,other,L
10705,25048,1,1,Cm17,Cm17_R,,,,ol_intrinsic,R,,target_to_SIFa,male-cns:v1.0,other,R
10705,26469,1,1,VES206m,VES206m_R,,,,cb_intrinsic,R,,target_to_SIFa,male-cns:v1.0,other,R
10705,26628,1,1,DL3_lPN,DL3_lPN_R,DL3_lPN,ALPN,,cb_intrinsic,R,,target_to_SIFa,male-cns:v1.0,other,R
10705,26638,1,1,Pm2a,Pm2a_R,,,,ol_intrinsic,R,,target_to_SIFa,male-cns:v1.0,other,R
10705,27265,1,1,Pm4,Pm4_R,,,,ol_intrinsic,R,,target_to_SIFa,male-cns:v1.0,other,R
10705,27283,1,1,Pm10,Pm10_R,,,,ol_intrinsic,R,,target_to_SIFa,male-cns:v1.0,other,R
10705,27416,2,2,lLN2P_b,lLN2P_b_R,lLN2P_b,ALLN,,cb_intrinsic,R,,target_to_SIFa,male-cns:v1.0,other,R
10705,27430,1,1,FB6U,FB6U_L,FB6U,CX,,cb_intrinsic,L,,target_to_SIFa,male-cns:v1.0,other,L
10705,27509,1,1,Dm1,Dm1_R,,,,ol_intrinsic,R,,target_to_SIFa,male-cns:v1.0,other,R
10705,27516,1,1,AVLP234,AVLP234_R,AVLP234,,,cb_intrinsic,R,,target_to_SIFa,male-cns:v1.0,other,R
10705,27614,3,2,lLN2P_b,lLN2P_b_R,lLN2P_b,ALLN,,cb_intrinsic,R,,target_to_SIFa,male-cns:v1.0,other,R
10705,27932,1,1,MeVP4,MeVP4_R,MC62,,,visual_projection,R,,target_to_SIFa,male-cns:v1.0,other,R
10705,28139,1,1,SMP501,SMP501(SMP502)_L,"SMP501,SMP502",,,cb_intrinsic,L,,target_to_SIFa,male-cns:v1.0,other,L
10705,28406,1,1,lLN2P_c,lLN2P_c_L,lLN2P_c,ALLN,,cb_intrinsic,L,,target_to_SIFa,male-cns:v1.0,other,L
10705,28522,1,1,ANXXX169,ANXXX169_R,,,BA,ascending_neuron,R,,target_to_SIFa,male-cns:v1.0,other,R
10705,28525,1,1,lLN2P_b,lLN2P_b_R,lLN2P_b,ALLN,,cb_intrinsic,R,,target_to_SIFa,male-cns:v1.0,other,R
10705,28927,1,1,CB1908,CB1908_R,,,,cb_intrinsic,R,,target_to_SIFa,male-cns:v1.0,other,R
10705,29169,2,2,CB3411,CB3411_R,,,,cb_intrinsic,R,,target_to_SIFa,male-cns:v1.0,other,R
10705,29217,1,1,DL2d_adPN,DL2d_adPN_L,DL2d_adPN,ALPN,,cb_intrinsic,L,,target_to_SIFa,male-cns:v1.0,other,L
10705,29221,1,1,TmY15,TmY15_R,,,,ol_intrinsic,R,,target_to_SIFa,male-cns:v1.0,other,R
10705,29234,1,1,ANXXX202,ANXXX202_L,,,BA,ascending_neuron,L,,target_to_SIFa,male-cns:v1.0,other,L
10705,29289,1,1,,,,,,cb_intrinsic,R,,target_to_SIFa,male-cns:v1.0,other,unknown
10705,29502,4,4,GNG070,GNG070_R,,,,cb_intrinsic,R,,target_to_SIFa,male-cns:v1.0,other,R
10705,29727,2,1,Cm11b,Cm11b_R,,,,ol_intrinsic,R,,target_to_SIFa,male-cns:v1.0,other,R
10705,29750,1,1,VM4_lvPN,VM4_lvPN_R,VC3m_lvPN,ALPN,,cb_intrinsic,R,,target_to_SIFa,male-cns:v1.0,other,R
10705,30021,1,1,M_lPNm11C,M_lPNm11C_L,M_lPNm11C,ALPN,,cb_intrinsic,L,,target_to_SIFa,male-cns:v1.0,other,L
10705,30088,1,1,AN13B002,AN13B002_L,,,CA,ascending_neuron,L,,target_to_SIFa,male-cns:v1.0,other,L
10705,30261,1,1,WED118,WED118_R,WED118,,,cb_intrinsic,R,,target_to_SIFa,male-cns:v1.0,other,R
10705,30810,1,1,Tm23,Tm23_R,,,,ol_intrinsic,R,,target_to_SIFa,male-cns:v1.0,other,R
10705,31054,1,1,AN10B027,AN10B027(31054)_L,,,CA,ascending_neuron,L,,target_to_SIFa,male-cns:v1.0,other,L
10705,31350,1,1,CB4106,CB4106_L,,,,cb_intrinsic,L,,target_to_SIFa,male-cns:v1.0,other,L
10705,31955,1,1,AVLP055,AVLP055_R,AVLP055,,,cb_intrinsic,R,,target_to_SIFa,male-cns:v1.0,other,R
10705,32032,1,1,CB2404,CB2404_R,,,,cb_intrinsic,R,,target_to_SIFa,male-cns:v1.0,other,R
10705,32247,2,1,CB2755,CB2755_R,,,,cb_intrinsic,R,,target_to_SIFa,male-cns:v1.0,other,R
10705,32276,1,1,LHAV2f2_b,LHAV2f2_b_R,LHAV2f2_b,,,cb_intrinsic,R,,target_to_SIFa,male-cns:v1.0,other,R
10705,32439,2,2,CB1927,CB1927_R,,,,cb_intrinsic,R,,target_to_SIFa,male-cns:v1.0,other,R
10705,33170,1,1,AVLP005,AVLP005_L,AVLP005,,,cb_intrinsic,L,,target_to_SIFa,male-cns:v1.0,other,L
10705,33192,1,1,MeLo12,MeLo12_R,,,,ol_intrinsic,R,,target_to_SIFa,male-cns:v1.0,other,R
10705,33471,1,1,PLP064_b,PLP064_b_R,PLP064_b,,,cb_intrinsic,R,,target_to_SIFa,male-cns:v1.0,other,R
10705,33867,2,1,CB2006,CB2006_R,,,,cb_intrinsic,R,,target_to_SIFa,male-cns:v1.0,other,R
10705,34073,1,1,,,,,,cb_intrinsic,L,,target_to_SIFa,male-cns:v1.0,other,unknown
10705,35196,2,2,lLN2P_a,lLN2P_a_L,lLN2P_a,ALLN,,cb_intrinsic,L,,target_to_SIFa,male-cns:v1.0,other,L
10705,35208,1,1,LHPV2b4,LHPV2b4_R,LHPV2b4,,,cb_intrinsic,R,,target_to_SIFa,male-cns:v1.0,other,R
10705,35702,1,1,CB2642,CB2642_R,,,,cb_intrinsic,R,,target_to_SIFa,male-cns:v1.0,other,R
10705,35957,1,1,Mi1,Mi1_R,,,,ol_intrinsic,R,,target_to_SIFa,male-cns:v1.0,other,R
10705,36312,1,1,Mi1,Mi1_R,,,,ol_intrinsic,R,,target_to_SIFa,male-cns:v1.0,other,R
10705,36419,3,2,MeLo1,MeLo1_R,,,,ol_intrinsic,R,,target_to_SIFa,male-cns:v1.0,other,R
10705,36529,1,1,,,,,,cb_intrinsic,R,,target_to_SIFa,male-cns:v1.0,other,unknown
10705,36849,1,1,AN08B074,AN08B074_R,,,BA,ascending_neuron,R,,target_to_SIFa,male-cns:v1.0,other,R
10705,37063,1,1,Mi1,Mi1_R,,,,ol_intrinsic,R,,target_to_SIFa,male-cns:v1.0,other,R
10705,37093,1,1,L1,L1_R,,,,ol_intrinsic,R,,target_to_SIFa,male-cns:v1.0,other,R
10705,37275,2,1,ALIN8,ALIN8_R,,ALIN,,cb_intrinsic,R,,target_to_SIFa,male-cns:v1.0,other,R
10705,37342,2,1,CB2133,CB2133_R,,,,cb_intrinsic,R,,target_to_SIFa,male-cns:v1.0,other,R
10705,37694,1,1,LHAV1d1,LHAV1d1_L,LHAV1d1,,,cb_intrinsic,L,,target_to_SIFa,male-cns:v1.0,other,L
10705,38018,1,1,Tm23,Tm23_R,,,,ol_intrinsic,R,,target_to_SIFa,male-cns:v1.0,other,R
10705,38150,1,1,Tm23,Tm23_R,,,,ol_intrinsic,R,,target_to_SIFa,male-cns:v1.0,other,R
10705,38415,1,1,AN08B099_f,AN08B099_f_L,,,BA,ascending_neuron,L,,target_to_SIFa,male-cns:v1.0,other,L
10705,38519,1,1,Mi1,Mi1_R,,,,ol_intrinsic,R,,target_to_SIFa,male-cns:v1.0,other,R
10705,38609,2,1,CB1560,CB1560_R,,,,cb_intrinsic,R,,target_to_SIFa,male-cns:v1.0,other,R
10705,38773,1,1,CB1322,CB1322_L,,,,cb_intrinsic,L,,target_to_SIFa,male-cns:v1.0,other,L
10705,39935,1,1,Mi1,Mi1_R,,,,ol_intrinsic,R,,target_to_SIFa,male-cns:v1.0,other,R
10705,40054,1,1,Mi1,Mi1_R,,,,ol_intrinsic,R,,target_to_SIFa,male-cns:v1.0,other,R
10705,40410,1,1,Tm1,Tm1_R,,,,ol_intrinsic,R,,target_to_SIFa,male-cns:v1.0,other,R
10705,42494,1,1,M_lvPNm33,M_lvPNm33_L,M_lvPNm33,ALPN,BI,cb_intrinsic,L,,target_to_SIFa,male-cns:v1.0,other,L
10705,42567,1,1,SCL002m,SCL002m_R,,,,cb_intrinsic,R,,target_to_SIFa,male-cns:v1.0,other,R
10705,42692,1,1,ANXXX202,ANXXX202_R,,,BA,ascending_neuron,R,,target_to_SIFa,male-cns:v1.0,other,R
10705,43497,1,1,SMP427,SMP427_L,SMP427,,,cb_intrinsic,L,,target_to_SIFa,male-cns:v1.0,other,L
10705,43738,1,1,Mi1,Mi1_R,,,,ol_intrinsic,R,,target_to_SIFa,male-cns:v1.0,other,R
10705,45024,1,1,FB1C,FB1C_R,FB1C,CX,,cb_intrinsic,R,,target_to_SIFa,male-cns:v1.0,other,R
10705,45691,1,1,Tm1,Tm1_R,,,,ol_intrinsic,R,,target_to_SIFa,male-cns:v1.0,other,R
10705,45957,1,1,SMP468,SMP468_R,SMP468,,,cb_intrinsic,R,,target_to_SIFa,male-cns:v1.0,other,R
10705,45965,1,1,Mi4,Mi4_R,,,,ol_intrinsic,R,,target_to_SIFa,male-cns:v1.0,other,R
10705,46123,1,1,Mi1,Mi1_R,,,,ol_intrinsic,R,,target_to_SIFa,male-cns:v1.0,other,R
10705,46299,1,1,LHAV2h1,LHAV2h1_R,LHAV2h1,,,cb_intrinsic,R,,target_to_SIFa,male-cns:v1.0,other,R
10705,46477,1,1,Y14,Y14_R,,,,ol_intrinsic,R,,target_to_SIFa,male-cns:v1.0,other,R
10705,46614,1,1,,,,,,cb_intrinsic,L,,target_to_SIFa,male-cns:v1.0,other,unknown
10705,46740,1,1,SMP427,SMP427_L,SMP427,,,cb_intrinsic,L,,target_to_SIFa,male-cns:v1.0,other,L
10705,46888,1,1,CB2880,CB2880_R,,,,cb_intrinsic,R,,target_to_SIFa,male-cns:v1.0,other,R
10705,47123,1,1,CB1731,CB1731_R,,,,cb_intrinsic,R,,target_to_SIFa,male-cns:v1.0,other,R
10705,48484,1,1,Tm1,Tm1_R,,,,ol_intrinsic,R,,target_to_SIFa,male-cns:v1.0,other,R
10705,48888,1,1,LHAV2h1,LHAV2h1_R,LHAV2h1,,,cb_intrinsic,R,,target_to_SIFa,male-cns:v1.0,other,R
10705,49287,1,1,Tm5Y,Tm5Y_R,,,,ol_intrinsic,R,,target_to_SIFa,male-cns:v1.0,other,R
10705,50199,1,1,CB1619,CB1619_R,,,,cb_intrinsic,R,,target_to_SIFa,male-cns:v1.0,other,R
10705,50596,1,1,TmY15,TmY15_R,,,,ol_intrinsic,R,,target_to_SIFa,male-cns:v1.0,other,R
10705,51217,1,1,Mi1,Mi1_R,,,,ol_intrinsic,R,,target_to_SIFa,male-cns:v1.0,other,R
10705,51750,3,3,CB1619,CB1619_R,,,,cb_intrinsic,R,,target_to_SIFa,male-cns:v1.0,other,R
10705,51956,1,1,Tm1,Tm1_R,,,,ol_intrinsic,R,,target_to_SIFa,male-cns:v1.0,other,R
10705,52161,1,1,SMP221,SMP221_R,SMP221,,,cb_intrinsic,R,,target_to_SIFa,male-cns:v1.0,other,R
10705,52296,1,1,Mi1,Mi1_R,,,,ol_intrinsic,R,,target_to_SIFa,male-cns:v1.0,other,R
10705,52572,1,1,CB2133,CB2133_R,,,,cb_intrinsic,R,,target_to_SIFa,male-cns:v1.0,other,R
10705,52675,1,1,Mi4,Mi4_R,,,,ol_intrinsic,R,,target_to_SIFa,male-cns:v1.0,other,R
10705,52888,1,1,Tm1,Tm1_R,,,,ol_intrinsic,R,,target_to_SIFa,male-cns:v1.0,other,R
10705,53337,1,1,Tm2,Tm2_R,,,,ol_intrinsic,R,,target_to_SIFa,male-cns:v1.0,other,R
10705,53363,1,1,Tm1,Tm1_R,,,,ol_intrinsic,R,,target_to_SIFa,male-cns:v1.0,other,R
10705,54365,1,1,CB1774,CB1774_R,,,,cb_intrinsic,R,,target_to_SIFa,male-cns:v1.0,other,R
10705,55883,2,2,PhG9,PhG9_L,,gustatory,pharyngeal sensillum,cb_sensory,,L,target_to_SIFa,male-cns:v1.0,other,L
10705,56649,1,1,Cm7,Cm7_R,,,,ol_intrinsic,R,,target_to_SIFa,male-cns:v1.0,other,R
10705,57052,2,1,CB0925,CB0925_R,,,,cb_intrinsic,R,,target_to_SIFa,male-cns:v1.0,other,R
10705,57519,1,1,TmY3,TmY3_R,,,,ol_intrinsic,R,,target_to_SIFa,male-cns:v1.0,other,R
10705,57722,1,1,CB2920,CB2920_R,,,,cb_intrinsic,R,,target_to_SIFa,male-cns:v1.0,other,R
10705,58448,1,1,C3,C3_R,,,,ol_intrinsic,R,,target_to_SIFa,male-cns:v1.0,other,R
10705,58464,1,1,Tm3,Tm3_R,,,,ol_intrinsic,R,,target_to_SIFa,male-cns:v1.0,other,R
10705,59180,1,1,Tm2,Tm2_R,,,,ol_intrinsic,R,,target_to_SIFa,male-cns:v1.0,other,R
10705,59274,1,1,Tm2,Tm2_R,,,,ol_intrinsic,R,,target_to_SIFa,male-cns:v1.0,other,R
10705,59800,1,1,Mi4,Mi4_R,,,,ol_intrinsic,R,,target_to_SIFa,male-cns:v1.0,other,R
10705,60565,1,1,VES105,VES105_L,,,,cb_intrinsic,L,,target_to_SIFa,male-cns:v1.0,other,L
10705,60637,1,1,Dm10,Dm10_R,,,,ol_intrinsic,R,,target_to_SIFa,male-cns:v1.0,other,R
10705,60969,2,1,Tm1,Tm1_R,,,,ol_intrinsic,R,,target_to_SIFa,male-cns:v1.0,other,R
10705,62765,1,1,TmY5a,TmY5a_R,,,,ol_intrinsic,R,,target_to_SIFa,male-cns:v1.0,other,R
10705,62864,5,5,SMP218,SMP218_L,SMP218,,,cb_intrinsic,L,,target_to_SIFa,male-cns:v1.0,other,L
10705,63233,1,1,Dm10,Dm10_R,,,,ol_intrinsic,R,,target_to_SIFa,male-cns:v1.0,other,R
10705,63845,1,1,Dm9,Dm9_R,,,,ol_intrinsic,R,,target_to_SIFa,male-cns:v1.0,other,R
10705,64095,1,1,Mi10,Mi10_R,,,,ol_intrinsic,R,,target_to_SIFa,male-cns:v1.0,other,R
10705,64448,2,2,Mi14,Mi14_R,,,,ol_intrinsic,R,,target_to_SIFa,male-cns:v1.0,other,R
10705,64588,2,2,T2,T2_R,,,,ol_intrinsic,R,,target_to_SIFa,male-cns:v1.0,other,R
10705,64710,2,1,"SNxx27,SNxx29","SNxx27,SNxx29_R",,unknown_sensory,leg,sensory_ascending,,R,target_to_SIFa,male-cns:v1.0,other,R
10705,65366,1,1,Tm4,Tm4_R,,,,ol_intrinsic,R,,target_to_SIFa,male-cns:v1.0,other,R
10705,65673,1,1,C3,C3_R,,,,ol_intrinsic,R,,target_to_SIFa,male-cns:v1.0,other,R
10705,65839,2,1,Cm7,Cm7_R,,,,ol_intrinsic,R,,target_to_SIFa,male-cns:v1.0,other,R
10705,65991,1,1,PVLP021,PVLP021_L,PVLP021,,,cb_intrinsic,L,,target_to_SIFa,male-cns:v1.0,other,L
10705,67052,1,1,lLN2T_b,lLN2T_b(Tortuous)_R,lLN2T_b,ALLN,,cb_intrinsic,R,,target_to_SIFa,male-cns:v1.0,other,R
10705,67663,1,1,,,,,,cb_intrinsic,R,,target_to_SIFa,male-cns:v1.0,other,unknown
10705,68368,3,3,Cm7,Cm7_R,,,,ol_intrinsic,R,,target_to_SIFa,male-cns:v1.0,other,R
10705,69821,1,1,CB1109,CB1109_R,,,,cb_intrinsic,R,,target_to_SIFa,male-cns:v1.0,other,R
10705,69851,1,1,Tm5c,Tm5c_R,,,,ol_intrinsic,R,,target_to_SIFa,male-cns:v1.0,other,R
10705,69900,1,1,CB3297,CB3297_L,,,,cb_intrinsic,L,,target_to_SIFa,male-cns:v1.0,other,L
10705,70636,1,1,ANXXX024,ANXXX024_L,,,BA,ascending_neuron,L,,target_to_SIFa,male-cns:v1.0,other,L
10705,70651,1,1,AN09A005,AN09A005_L,,,BA,ascending_neuron,L,,target_to_SIFa,male-cns:v1.0,other,L
10705,71996,1,1,L5,L5_R,,,,ol_intrinsic,R,,target_to_SIFa,male-cns:v1.0,other,R
10705,72059,1,1,LB3c,LB3c_R,,gustatory,labellar bristle,cb_sensory,,R,target_to_SIFa,male-cns:v1.0,other,R
10705,72708,2,1,ORN_DL2v,ORN_DL2v_R,ORN_DL2v,olfactory,,cb_sensory,,R,target_to_SIFa,male-cns:v1.0,other,R
10705,72839,1,1,Tm3,Tm3_R,,,,ol_intrinsic,R,,target_to_SIFa,male-cns:v1.0,other,R
10705,72893,1,1,T2,T2_R,,,,ol_intrinsic,R,,target_to_SIFa,male-cns:v1.0,other,R
10705,72959,1,1,AN08B099_b,AN08B099_b_L,,,,ascending_neuron,L,,target_to_SIFa,male-cns:v1.0,other,L
10705,73836,1,1,Mi1,Mi1_R,,,,ol_intrinsic,R,,target_to_SIFa,male-cns:v1.0,other,R
10705,75730,1,1,PhG9,PhG9_R,,gustatory,pharyngeal sensillum,cb_sensory,,R,target_to_SIFa,male-cns:v1.0,other,R
10705,76003,1,1,Tm3,Tm3_R,,,,ol_intrinsic,R,,target_to_SIFa,male-cns:v1.0,other,R
10705,76474,1,1,Tm1,Tm1_R,,,,ol_intrinsic,R,,target_to_SIFa,male-cns:v1.0,other,R
10705,76810,2,2,Tm3,Tm3_R,,,,ol_intrinsic,R,,target_to_SIFa,male-cns:v1.0,other,R
10705,76879,1,1,T2,T2_R,,,,ol_intrinsic,R,,target_to_SIFa,male-cns:v1.0,other,R
10705,77190,1,1,Tm3,Tm3_R,,,,ol_intrinsic,R,,target_to_SIFa,male-cns:v1.0,other,R
10705,77526,1,1,Tm4,Tm4_R,,,,ol_intrinsic,R,,target_to_SIFa,male-cns:v1.0,other,R
10705,77547,1,1,TmY5a,TmY5a_R,,,,ol_intrinsic,R,,target_to_SIFa,male-cns:v1.0,other,R
10705,82023,2,2,CB4126,CB4126_L,,,,cb_intrinsic,L,,target_to_SIFa,male-cns:v1.0,other,L
10705,82720,4,4,WED117,WED117_L,WED117,,,cb_intrinsic,L,,target_to_SIFa,male-cns:v1.0,other,L
10705,84116,1,1,Tm3,Tm3_R,,,,ol_intrinsic,R,,target_to_SIFa,male-cns:v1.0,other,R
10705,84290,1,1,,21093_L,,,,cb_intrinsic,L,,target_to_SIFa,male-cns:v1.0,other,L
10705,84477,1,1,Tm3,Tm3_R,,,,ol_intrinsic,R,,target_to_SIFa,male-cns:v1.0,other,R
10705,84656,2,2,Tm3,Tm3_R,,,,ol_intrinsic,R,,target_to_SIFa,male-cns:v1.0,other,R
10705,85444,1,1,Tm3,Tm3_R,,,,ol_intrinsic,R,,target_to_SIFa,male-cns:v1.0,other,R
10705,86574,1,1,Tm4,Tm4_R,,,,ol_intrinsic,R,,target_to_SIFa,male-cns:v1.0,other,R
10705,88343,1,1,Tm3,Tm3_R,,,,ol_intrinsic,R,,target_to_SIFa,male-cns:v1.0,other,R
10705,88924,1,1,M_vPNml87,M_vPNml87_R,M_vPNml87,ALPN,,cb_intrinsic,R,,target_to_SIFa,male-cns:v1.0,other,R
10705,89424,2,2,Tm3,Tm3_R,,,,ol_intrinsic,R,,target_to_SIFa,male-cns:v1.0,other,R
10705,91191,1,1,Tm6,Tm6_R,,,,ol_intrinsic,R,,target_to_SIFa,male-cns:v1.0,other,R
10705,91699,3,2,Mi4,Mi4_R,,,,ol_intrinsic,R,,target_to_SIFa,male-cns:v1.0,other,R
10705,92485,1,1,Tm4,Tm4_R,,,,ol_intrinsic,R,,target_to_SIFa,male-cns:v1.0,other,R
10705,96548,1,1,Tm3,Tm3_R,,,,ol_intrinsic,R,,target_to_SIFa,male-cns:v1.0,other,R
10705,96582,2,1,GNG420_a,GNG420_a_L,,,,cb_intrinsic,L,,target_to_SIFa,male-cns:v1.0,other,L
10705,96697,1,1,Mi10,Mi10_R,,,,ol_intrinsic,R,,target_to_SIFa,male-cns:v1.0,other,R
10705,98231,1,1,Dm16,Dm16_R,,,,ol_intrinsic,R,,target_to_SIFa,male-cns:v1.0,other,R
10705,99442,1,1,L5,L5_R,,,,ol_intrinsic,R,,target_to_SIFa,male-cns:v1.0,other,R
10705,102208,1,1,Mi9,Mi9_R,,,,ol_intrinsic,R,,target_to_SIFa,male-cns:v1.0,other,R
10705,102446,1,1,L5,L5_R,,,,ol_intrinsic,R,,target_to_SIFa,male-cns:v1.0,other,R
10705,103065,1,1,L5,L5_R,,,,ol_intrinsic,R,,target_to_SIFa,male-cns:v1.0,other,R
10705,104686,2,1,Tm3,Tm3_R,,,,ol_intrinsic,R,,target_to_SIFa,male-cns:v1.0,other,R
10705,104898,2,1,L5,L5_R,,,,ol_intrinsic,R,,target_to_SIFa,male-cns:v1.0,other,R
10705,105095,2,1,Tm3,Tm3_R,,,,ol_intrinsic,R,,target_to_SIFa,male-cns:v1.0,other,R
10705,108075,1,1,SMP723m,SMP723m_L,,,,cb_intrinsic,L,,target_to_SIFa,male-cns:v1.0,other,L
10705,108570,1,1,TmY18,TmY18_R,,,,ol_intrinsic,R,,target_to_SIFa,male-cns:v1.0,other,R
10705,109539,1,1,T4a,T4a_R,,,,ol_intrinsic,R,,target_to_SIFa,male-cns:v1.0,other,R
10705,109546,1,1,Tm3,Tm3_R,,,,ol_intrinsic,R,,target_to_SIFa,male-cns:v1.0,other,R
10705,109593,1,1,Tm3,Tm3_R,,,,ol_intrinsic,R,,target_to_SIFa,male-cns:v1.0,other,R
10705,111203,1,1,Mi15,Mi15_R,,,,ol_intrinsic,R,,target_to_SIFa,male-cns:v1.0,other,R
10705,113889,1,1,L5,L5_R,,,,ol_intrinsic,R,,target_to_SIFa,male-cns:v1.0,other,R
10705,115537,1,1,ORN_DP1l,ORN_DP1l_L,ORN_DP1l,olfactory,,cb_sensory,,L,target_to_SIFa,male-cns:v1.0,other,L
10705,115593,1,1,L5,L5_R,,,,ol_intrinsic,R,,target_to_SIFa,male-cns:v1.0,other,R
10705,115939,1,1,TmY18,TmY18_R,,,,ol_intrinsic,R,,target_to_SIFa,male-cns:v1.0,other,R
10705,120777,1,1,ORN_DP1l,ORN_DP1l_R,ORN_DP1l,olfactory,,cb_sensory,,R,target_to_SIFa,male-cns:v1.0,other,R
10705,121114,1,1,CB2993,CB2993_R,"SMP463,SMP464",,,cb_intrinsic,R,,target_to_SIFa,male-cns:v1.0,other,R
10705,121257,1,1,T5d,T5d_R,,,,ol_intrinsic,R,,target_to_SIFa,male-cns:v1.0,other,R
10705,122998,1,1,Tm9,Tm9_R,,,,ol_intrinsic,R,,target_to_SIFa,male-cns:v1.0,other,R
10705,123152,1,1,SIP080,SIP080_L,SIP080,,,cb_intrinsic,L,,target_to_SIFa,male-cns:v1.0,other,L
10705,123543,1,1,LHPD4a2,LHPD4a2_R,LHPD4a2,,,cb_intrinsic,R,,target_to_SIFa,male-cns:v1.0,other,R
10705,123750,1,1,T5a,T5a_R,,,,ol_intrinsic,R,,target_to_SIFa,male-cns:v1.0,other,R
10705,124575,2,1,L5,L5_R,,,,ol_intrinsic,R,,target_to_SIFa,male-cns:v1.0,other,R
10705,127116,2,1,ORN_DC4,ORN_DC4_L,ORN_DC4,olfactory,,cb_sensory,,L,target_to_SIFa,male-cns:v1.0,other,L
10705,128916,1,1,Tm3,Tm3_R,,,,ol_intrinsic,R,,target_to_SIFa,male-cns:v1.0,other,R
10705,129090,1,1,PVLP066,PVLP066_L,PVLP066,,,cb_intrinsic,L,,target_to_SIFa,male-cns:v1.0,other,L
10705,129676,1,1,SLP104,SLP104_L,SLP104,,,cb_intrinsic,L,,target_to_SIFa,male-cns:v1.0,other,L
10705,130055,1,1,T4a,T4a_R,,,,ol_intrinsic,R,,target_to_SIFa,male-cns:v1.0,other,R
10705,130669,1,1,Tm5b,Tm5b_R,,,,ol_intrinsic,R,,target_to_SIFa,male-cns:v1.0,other,R
10705,131506,1,1,SMP088,SMP088_L,SMP088,,,cb_intrinsic,L,,target_to_SIFa,male-cns:v1.0,other,L
10705,132765,2,1,Mi15,Mi15_R,,,,ol_intrinsic,R,,target_to_SIFa,male-cns:v1.0,other,R
10705,134209,1,1,Tm3,Tm3_R,,,,ol_intrinsic,R,,target_to_SIFa,male-cns:v1.0,other,R
10705,134607,1,1,L5,L5_R,,,,ol_intrinsic,R,,target_to_SIFa,male-cns:v1.0,other,R
10705,136276,1,1,LB2c,LB2c_R,,gustatory,labellar bristle,cb_sensory,,R,target_to_SIFa,male-cns:v1.0,other,R
10705,137038,2,1,ORN_DC4,ORN_DC4_R,ORN_DC4,olfactory,,cb_sensory,,R,target_to_SIFa,male-cns:v1.0,other,R
10705,137465,1,1,ORN_DC4,ORN_DC4_R,ORN_DC4,olfactory,,cb_sensory,,R,target_to_SIFa,male-cns:v1.0,other,R
10705,137851,1,1,L5,L5_R,,,,ol_intrinsic,R,,target_to_SIFa,male-cns:v1.0,other,R
10705,138017,2,2,Mi9,Mi9_R,,,,ol_intrinsic,R,,target_to_SIFa,male-cns:v1.0,other,R
10705,139273,5,5,SMP382,SMP382_L,SMP382,,,cb_intrinsic,L,,target_to_SIFa,male-cns:v1.0,other,L
10705,139937,2,2,ORN_DL2v,ORN_DL2v_R,ORN_DL2v,olfactory,,cb_sensory,,R,target_to_SIFa,male-cns:v1.0,other,R
10705,142502,1,1,T5b,T5b_R,,,,ol_intrinsic,R,,target_to_SIFa,male-cns:v1.0,other,R
10705,143038,1,1,Mi15,Mi15_R,,,,ol_intrinsic,R,,target_to_SIFa,male-cns:v1.0,other,R
10705,145910,1,1,Mi15,Mi15_R,,,,ol_intrinsic,R,,target_to_SIFa,male-cns:v1.0,other,R
10705,149045,1,1,Tm3,Tm3_R,,,,ol_intrinsic,R,,target_to_SIFa,male-cns:v1.0,other,R
10705,150548,2,2,,,,,,cb_intrinsic,L,,target_to_SIFa,male-cns:v1.0,other,unknown
10705,152003,3,3,SMP229,SMP229_L,SMP229,,,cb_intrinsic,L,,target_to_SIFa,male-cns:v1.0,other,L
10705,153554,1,1,ORN_DA1,ORN_DA1_R,ORN_DA1,olfactory,,cb_sensory,,R,target_to_SIFa,male-cns:v1.0,other,R
10705,154726,1,1,AN18B003,AN18B003_R,,,BA,ascending_neuron,R,,target_to_SIFa,male-cns:v1.0,other,R
10705,155687,1,1,CB4131,CB4131_R,,,,cb_intrinsic,R,,target_to_SIFa,male-cns:v1.0,other,R
10705,158537,1,1,LB3d,LB3d_R,,gustatory,labellar bristle,cb_sensory,,R,target_to_SIFa,male-cns:v1.0,other,R
10705,163129,6,4,ORN_DC4,ORN_DC4_L,ORN_DC4,olfactory,,cb_sensory,,L,target_to_SIFa,male-cns:v1.0,other,L
10705,163569,1,1,AN10B035,AN10B035_L,,,BA,ascending_neuron,L,,target_to_SIFa,male-cns:v1.0,other,L
10705,168415,1,1,ORN_DC4,ORN_DC4_R,ORN_DC4,olfactory,,cb_sensory,,R,target_to_SIFa,male-cns:v1.0,other,R
10705,174420,2,1,AN09A005,AN09A005_R,,,BA,ascending_neuron,R,,target_to_SIFa,male-cns:v1.0,other,R
10705,174815,3,3,ORN_DC4,ORN_DC4_R,ORN_DC4,olfactory,,cb_sensory,,R,target_to_SIFa,male-cns:v1.0,other,R
10705,174859,2,1,ORN_DC4,ORN_DC4_R,ORN_DC4,olfactory,,cb_sensory,,R,target_to_SIFa,male-cns:v1.0,other,R
10705,176556,1,1,,,,,,,,,target_to_SIFa,male-cns:v1.0,other,unknown
10705,179588,2,2,Mi15,Mi15_R,,,,ol_intrinsic,R,,target_to_SIFa,male-cns:v1.0,other,R
10705,180056,1,1,Mi2,Mi2_R,,,,ol_intrinsic,R,,target_to_SIFa,male-cns:v1.0,other,R
10705,183061,1,1,LB3a,LB3a_R,,gustatory,labellar bristle,cb_sensory,,R,target_to_SIFa,male-cns:v1.0,other,R
10705,183980,1,1,ORN_VA4,ORN_VA4_L,ORN_VA4,olfactory,,cb_sensory,,L,target_to_SIFa,male-cns:v1.0,other,L
10705,186592,1,1,PFNp_a,PFNp_a,PFNp_a,CX,,cb_intrinsic,R,,target_to_SIFa,male-cns:v1.0,other,unknown
10705,189921,1,1,ORN_VL2a,ORN_VL2a_L,ORN_VL2a,olfactory,,cb_sensory,,L,target_to_SIFa,male-cns:v1.0,other,L
10705,192555,1,1,ORN_VA2,ORN_VA2_R,ORN_VA2,olfactory,,cb_sensory,,R,target_to_SIFa,male-cns:v1.0,other,R
10705,193257,1,1,CB1812,CB1812_L,,,,cb_intrinsic,L,,target_to_SIFa,male-cns:v1.0,other,L
10705,195264,1,1,AN09A005,AN09A005_L,,,BA,ascending_neuron,L,,target_to_SIFa,male-cns:v1.0,other,L
10705,197321,1,1,PFNp_b,PFNp_b,PFNp_b,CX,,cb_intrinsic,L,,target_to_SIFa,male-cns:v1.0,other,unknown
10705,197993,2,2,ORN_DA1,ORN_DA1_L,ORN_DA1,olfactory,,cb_sensory,,L,target_to_SIFa,male-cns:v1.0,other,L
10705,198050,1,1,HRN_VP4,HRN_VP4_R,HRN_VP4,hygrosensory,,cb_sensory,,R,target_to_SIFa,male-cns:v1.0,other,R
10705,204631,1,1,Mi2,Mi2_R,,,,ol_intrinsic,R,,target_to_SIFa,male-cns:v1.0,other,R
10705,206176,1,1,AN10B035,AN10B035_L,,,,ascending_neuron,L,,target_to_SIFa,male-cns:v1.0,other,L
10705,215266,1,1,ORN_DL5,ORN_DL5_L,ORN_DL5,olfactory,,cb_sensory,,L,target_to_SIFa,male-cns:v1.0,other,L
10705,221763,1,1,ORN_VL1,ORN_VL1_R,ORN_VL1,olfactory,,cb_sensory,,R,target_to_SIFa,male-cns:v1.0,other,R
10705,235061,1,1,AN09A005,AN09A005_R,,,BA,ascending_neuron,R,,target_to_SIFa,male-cns:v1.0,other,R
10705,253648,3,3,LB2c,LB2c_R,,gustatory,labellar bristle,cb_sensory,,R,target_to_SIFa,male-cns:v1.0,other,R
10705,255895,1,1,ORN_VL2a,ORN_VL2a_unknown,ORN_VL2a,olfactory,,cb_sensory,,unknown,target_to_SIFa,male-cns:v1.0,other,unknown
10705,267437,2,2,lLN2P_c,lLN2P_c_R,lLN2P_c,ALLN,,cb_intrinsic,R,,target_to_SIFa,male-cns:v1.0,other,R
10705,276800,2,1,ORN_VL2a,ORN_VL2a_R,ORN_VL2a,olfactory,,cb_sensory,,R,target_to_SIFa,male-cns:v1.0,other,R
10705,280938,1,1,AN27X018,AN27X018_L,,,BA,ascending_neuron,L,,target_to_SIFa,male-cns:v1.0,other,L
10705,334351,1,1,ORN_DL5,ORN_DL5_L,ORN_DL5,olfactory,,cb_sensory,,L,target_to_SIFa,male-cns:v1.0,other,L
10705,354060,1,1,,,,,,,,,target_to_SIFa,male-cns:v1.0,other,unknown
10705,374701,1,1,LB3a,LB3a_R,,gustatory,labellar bristle,cb_sensory,,R,target_to_SIFa,male-cns:v1.0,other,R
10705,511810,64,56,ANXXX308,ANXXX308_R,,,BA,ascending_neuron,R,,target_to_SIFa,male-cns:v1.0,other,R
10705,511823,2,2,AN09A005,AN09A005_R,,,XA,ascending_neuron,R,,target_to_SIFa,male-cns:v1.0,other,R
10705,511828,1,1,AN09A005,AN09A005_L,,,XA,ascending_neuron,L,,target_to_SIFa,male-cns:v1.0,other,L
10705,512188,1,1,SMP092,SMP092_L,SMP092,,,cb_intrinsic,L,,target_to_SIFa,male-cns:v1.0,other,L
10705,512245,5,4,DNc01,DNc01_R,SIFa,,xn,descending_neuron,R,,target_to_SIFa,male-cns:v1.0,other,R
10705,512513,1,1,EPG,EPG(PB08)_R1,EPG,CX,,cb_intrinsic,R,,target_to_SIFa,male-cns:v1.0,other,unknown
10705,512530,1,1,AN17B002,AN17B002_R,,,BA,ascending_neuron,R,,target_to_SIFa,male-cns:v1.0,other,R
10705,512555,3,2,AN09B018,AN09B018_L,,,BA,ascending_neuron,L,,target_to_SIFa,male-cns:v1.0,other,L
10705,512903,2,1,AVLP545,AVLP545_R,AVLP545,,,cb_intrinsic,R,,target_to_SIFa,male-cns:v1.0,other,R
10705,513058,1,1,VES053,VES053_R,VES053,,,cb_intrinsic,R,,target_to_SIFa,male-cns:v1.0,other,R
10705,513079,1,1,DNp44,DNp44_R,DNp44,,xn,descending_neuron,R,,target_to_SIFa,male-cns:v1.0,other,R
10705,513601,2,2,LHCENT4,LHCENT4_R,LHCENT4,,,cb_intrinsic,R,,target_to_SIFa,male-cns:v1.0,other,R
10705,513741,1,1,ORN_VA4,ORN_VA4_R,ORN_VA4,olfactory,,cb_sensory,,R,target_to_SIFa,male-cns:v1.0,other,R
10705,513930,1,1,MeVPMe2,MeVPMe2_L,,,,visual_projection,L,,target_to_SIFa,male-cns:v1.0,other,L
10705,514289,2,1,CB1287_b,CB1287_b_R,,,,cb_intrinsic,R,,target_to_SIFa,male-cns:v1.0,other,R
10705,514441,3,2,AN00A006,AN00A006(514441)_M,,,BA,ascending_neuron,M,,target_to_SIFa,male-cns:v1.0,other,unknown
10705,514753,1,1,GNG568,GNG568_L,,,,cb_intrinsic,L,,target_to_SIFa,male-cns:v1.0,other,L
10705,515082,1,1,CB3545,CB3545_L,,,,cb_intrinsic,L,,target_to_SIFa,male-cns:v1.0,other,L
10705,516215,1,1,DNg67,DNg67_L,,,xl,descending_neuron,L,,target_to_SIFa,male-cns:v1.0,other,L
10705,516565,2,2,PS233,PS233_R,PS233,,,cb_intrinsic,R,,target_to_SIFa,male-cns:v1.0,other,R
10705,516954,1,1,WED118,WED118_L,WED118,,,cb_intrinsic,L,,target_to_SIFa,male-cns:v1.0,other,L
10705,517726,1,1,LCNOp,LCNOp_R,LCNOp,CX,,cb_intrinsic,R,,target_to_SIFa,male-cns:v1.0,other,R
10705,517835,1,1,CB2123,CB2123_R,"SMP463,SMP464",,,cb_intrinsic,R,,target_to_SIFa,male-cns:v1.0,other,R
10705,518078,2,1,CB3184,CB3184_R,,,,cb_intrinsic,R,,target_to_SIFa,male-cns:v1.0,other,R
10705,518194,1,1,PEN_b(PEN2),PEN_b(PB06b)_R9,PEN_b(PEN2),CX,,cb_intrinsic,R,,target_to_SIFa,male-cns:v1.0,other,unknown
10705,518493,1,1,AVLP344,AVLP344_R,AVLP344,,,cb_intrinsic,R,,target_to_SIFa,male-cns:v1.0,other,R
10705,518540,2,2,GNG175,GNG175_R,,,,cb_intrinsic,R,,target_to_SIFa,male-cns:v1.0,other,R
10705,518542,1,1,LB3a,LB3a_R,,gustatory,labellar bristle,cb_sensory,,R,target_to_SIFa,male-cns:v1.0,other,R
10705,518543,1,1,vMS16,vMS16_R,,,BA,ascending_neuron,R,,target_to_SIFa,male-cns:v1.0,other,R
10705,519539,1,1,CB0956,CB0956_L,,,,cb_intrinsic,L,,target_to_SIFa,male-cns:v1.0,other,L
10705,520791,1,1,CB2545,CB2545_R,,,,cb_intrinsic,R,,target_to_SIFa,male-cns:v1.0,other,R
10705,521099,1,1,AVLP111,AVLP111_L,AVLP111,,,cb_intrinsic,L,,target_to_SIFa,male-cns:v1.0,other,L
10705,521222,1,1,GNG021,GNG021_R,,,,cb_intrinsic,R,,target_to_SIFa,male-cns:v1.0,other,R
10705,521437,1,1,VA3_adPN,VA3_adPN_R,VA3_adPN,ALPN,,cb_intrinsic,R,,target_to_SIFa,male-cns:v1.0,other,R
10705,521814,1,1,PEN_a(PEN1),PEN_a(PB06a)_R9,PEN_a(PEN1),CX,,cb_intrinsic,R,,target_to_SIFa,male-cns:v1.0,other,unknown
10705,522815,2,2,PRW068,PRW068_R,,,,cb_intrinsic,R,,target_to_SIFa,male-cns:v1.0,other,R
10705,523591,2,1,il3LN6,il3LN6_L,il3LN6,ALLN,,cb_intrinsic,L,,target_to_SIFa,male-cns:v1.0,other,L
10705,523724,1,1,GNG258,GNG258_R,,,,cb_intrinsic,R,,target_to_SIFa,male-cns:v1.0,other,R
10705,524207,1,1,VA7m_lPN,VA7m_lPN_R,VA7m_lPN,ALPN,,cb_intrinsic,R,,target_to_SIFa,male-cns:v1.0,other,R
10705,524208,2,1,lLN2X12,lLN2X12_R,,ALLN,,cb_intrinsic,R,,target_to_SIFa,male-cns:v1.0,other,R
10705,524225,1,1,DNg14,DNg14_L,,,hl,descending_neuron,L,,target_to_SIFa,male-cns:v1.0,other,L
10705,524458,1,1,aSP10A_a,aSP10A_a_R,aSP10A,,,cb_intrinsic,R,,target_to_SIFa,male-cns:v1.0,other,R
10705,524503,1,1,OA-ASM2,OA-ASM2_L,OA-ASM2,,,cb_intrinsic,L,,target_to_SIFa,male-cns:v1.0,other,L
10705,524643,1,1,SMP501,SMP501(SMP502)_R,"SMP501,SMP502",,,cb_intrinsic,R,,target_to_SIFa,male-cns:v1.0,other,R
10705,525105,5,5,DL5_adPN,DL5_adPN_R,DL5_adPN,ALPN,,cb_intrinsic,R,,target_to_SIFa,male-cns:v1.0,other,R
10705,526505,91,85,ANXXX308,ANXXX308_L,,,BA,ascending_neuron,L,,target_to_SIFa,male-cns:v1.0,other,L
10705,526576,1,1,AN27X004,AN27X004_L,,,BA,ascending_neuron,L,,target_to_SIFa,male-cns:v1.0,other,L
10705,526697,2,1,AVLP005,AVLP005_L,AVLP005,,,cb_intrinsic,L,,target_to_SIFa,male-cns:v1.0,other,L
10705,526836,1,1,PVLP028,PVLP028_L,PVLP028,,,cb_intrinsic,L,,target_to_SIFa,male-cns:v1.0,other,L
10705,527470,2,1,lLN2T_c,lLN2T_c(Tortuous)_L,lLN2T_c,ALLN,,cb_intrinsic,L,,target_to_SIFa,male-cns:v1.0,other,L
10705,529456,1,1,AVLP323,AVLP323_L,AVLP323,,,cb_intrinsic,L,,target_to_SIFa,male-cns:v1.0,other,L
10705,530836,1,1,SAD114,SAD114_R,,,,cb_intrinsic,R,,target_to_SIFa,male-cns:v1.0,other,R
10705,530850,1,1,AVLP176_d,AVLP176_d_R,AVLP176_d,,,cb_intrinsic,R,,target_to_SIFa,male-cns:v1.0,other,R
10705,531133,1,1,OA-ASM3,OA-ASM3_R,OA-ASM3,,,cb_intrinsic,R,,target_to_SIFa,male-cns:v1.0,other,R
10705,532050,4,3,DNp23,DNp23_R,DNp23,,xn,descending_neuron,R,,target_to_SIFa,male-cns:v1.0,other,R
10705,532655,1,1,lLN2T_a,lLN2T_a(Tortuous)_L,lLN2T_a,ALLN,,cb_intrinsic,L,,target_to_SIFa,male-cns:v1.0,other,L
10705,533720,2,1,CB3411,CB3411_L,,,,cb_intrinsic,L,,target_to_SIFa,male-cns:v1.0,other,L
10705,533906,1,1,PRW005,PRW005_R,,,,cb_intrinsic,R,,target_to_SIFa,male-cns:v1.0,other,R
10705,537032,4,1,LT33,LT33_L,LT33,,,ol_intrinsic,L,,target_to_SIFa,male-cns:v1.0,other,L
10705,547715,1,1,Dm10,Dm10_R,,,,ol_intrinsic,R,,target_to_SIFa,male-cns:v1.0,other,R
10705,548337,2,2,WED167,WED167_L,WED167,,,cb_intrinsic,L,,target_to_SIFa,male-cns:v1.0,other,L
10705,550998,2,2,ORN_VA4,ORN_VA4_R,ORN_VA4,olfactory,,cb_sensory,,R,target_to_SIFa,male-cns:v1.0,other,R
10705,551294,4,4,lLN2P_c,lLN2P_c_R,lLN2P_c,ALLN,,cb_intrinsic,R,,target_to_SIFa,male-cns:v1.0,other,R
10705,564174,2,2,DL2d_adPN,DL2d_adPN_L,DL2d_adPN,ALPN,,cb_intrinsic,L,,target_to_SIFa,male-cns:v1.0,other,L
10705,579652,2,2,,,,,,,,,target_to_SIFa,male-cns:v1.0,other,unknown
10705,800281,3,3,INXXX004,INXXX004_R,,,II,vnc_intrinsic,R,,target_to_SIFa,male-cns:v1.0,other,R
10705,800477,1,1,IN00A002,IN00A002_M,,,BI,vnc_intrinsic,M,,target_to_SIFa,male-cns:v1.0,other,unknown
10705,800628,1,1,IN01A009,IN01A009_R,,,CI,vnc_intrinsic,R,,target_to_SIFa,male-cns:v1.0,other,R
10705,801096,3,3,IN09B008,IN09B008_L,,,BR,vnc_intrinsic,L,,target_to_SIFa,male-cns:v1.0,other,L
10705,801118,4,4,IN09B005,IN09B005_L,,,BR,vnc_intrinsic,L,,target_to_SIFa,male-cns:v1.0,other,L
10705,802021,1,1,IN21A014,IN21A014_R,,,IR,vnc_intrinsic,R,,target_to_SIFa,male-cns:v1.0,other,R
10705,802124,2,2,IN00A017,IN00A017_M,,,BI,vnc_intrinsic,M,,target_to_SIFa,male-cns:v1.0,other,unknown
10705,802148,1,1,IN19A021,IN19A021_R,,,IR,vnc_intrinsic,R,,target_to_SIFa,male-cns:v1.0,other,R
10705,802303,1,1,IN14A011,IN14A011_L,,,CR,vnc_intrinsic,L,,target_to_SIFa,male-cns:v1.0,other,L
10705,802387,1,1,IN02A030,IN02A030_R,,,IR,vnc_intrinsic,R,,target_to_SIFa,male-cns:v1.0,other,R
10705,802452,1,1,IN00A027,IN00A027_M,,,BR,vnc_intrinsic,M,,target_to_SIFa,male-cns:v1.0,other,unknown
10705,802463,1,1,IN01A032,IN01A032_L,,,CR,vnc_intrinsic,L,,target_to_SIFa,male-cns:v1.0,other,L
10705,802477,1,1,IN23B016,IN23B016_L,,,BI,vnc_intrinsic,L,,target_to_SIFa,male-cns:v1.0,other,L
10705,802955,1,1,EA27X006,EA27X006_L,,,,efferent_ascending,L,,target_to_SIFa,male-cns:v1.0,other,L
10705,803167,1,1,IN23B024,IN23B024_R,,,BR,vnc_intrinsic,R,,target_to_SIFa,male-cns:v1.0,other,R
10705,803252,1,1,INXXX261,INXXX261_L,,,BR,vnc_intrinsic,L,,target_to_SIFa,male-cns:v1.0,other,L
10705,803699,1,1,IN18B045_b,IN18B045_b_R,,,BI,vnc_intrinsic,R,,target_to_SIFa,male-cns:v1.0,other,R
10705,804427,1,1,IN14A024,IN14A024_L,,,CR,vnc_intrinsic,L,,target_to_SIFa,male-cns:v1.0,other,L
10705,804914,1,1,IN19A012,IN19A012_R,,,II,vnc_intrinsic,R,,target_to_SIFa,male-cns:v1.0,other,R
10705,805380,1,1,IN14A029,IN14A029_L,,,BR,vnc_intrinsic,L,,target_to_SIFa,male-cns:v1.0,other,L
10705,806198,1,1,IN19A042,IN19A042_R,,,BR,vnc_intrinsic,R,,target_to_SIFa,male-cns:v1.0,other,R
10705,806257,1,1,INXXX336,INXXX336_L,,,BR,vnc_intrinsic,L,,target_to_SIFa,male-cns:v1.0,other,L
10705,806433,1,1,INXXX412,INXXX412_L,,,BR,vnc_intrinsic,L,,target_to_SIFa,male-cns:v1.0,other,L
10705,807537,1,1,IN23B035,IN23B035_R,,,BI,vnc_intrinsic,R,,target_to_SIFa,male-cns:v1.0,other,R
10705,809056,1,1,SNppxx,,,mechanosensory_proprioceptive,leg,vnc_sensory,,R,target_to_SIFa,male-cns:v1.0,other,unknown
10705,809386,2,2,IN10B041,IN10B041_R,,,BI,vnc_intrinsic,R,,target_to_SIFa,male-cns:v1.0,other,R
10705,809917,1,1,IN10B040,IN10B040_L,,,,vnc_intrinsic,L,,target_to_SIFa,male-cns:v1.0,other,L
10705,810550,3,2,LgLG4,LgLG4_R,,gustatory,leg bristle,vnc_sensory,,R,target_to_SIFa,male-cns:v1.0,other,R
10705,810740,1,1,IN12B056,IN12B056_L,,,CR,vnc_intrinsic,L,,target_to_SIFa,male-cns:v1.0,other,L
10705,811693,1,1,IN10B059,IN10B059_L,,,,vnc_intrinsic,L,,target_to_SIFa,male-cns:v1.0,other,L
10705,812823,2,1,IN10B057,IN10B057_L,,,,vnc_intrinsic,L,,target_to_SIFa,male-cns:v1.0,other,L
10705,813076,3,3,IN09A005,IN09A005_L,,,BI,vnc_intrinsic,L,,target_to_SIFa,male-cns:v1.0,other,L
10705,814115,1,1,IN09A005,IN09A005_L,,,BI,vnc_intrinsic,L,,target_to_SIFa,male-cns:v1.0,other,L
10705,814297,1,1,SNpp60,,,mechanosensory_proprioceptive,chordotonal organ,vnc_sensory,,R,target_to_SIFa,male-cns:v1.0,other,unknown
10705,814323,1,1,INXXX295,INXXX295_R,,,BR,vnc_intrinsic,R,,target_to_SIFa,male-cns:v1.0,other,R
10705,814460,1,1,AN08B098,AN08B098_L,,,BA,ascending_neuron,L,,target_to_SIFa,male-cns:v1.0,other,L
10705,815054,1,1,INXXX295,INXXX295_L,,,BR,vnc_intrinsic,L,,target_to_SIFa,male-cns:v1.0,other,L
10705,815288,2,2,IN01A082,IN01A082_L,,,,vnc_intrinsic,L,,target_to_SIFa,male-cns:v1.0,other,L
10705,815429,1,1,INXXX293,INXXX293_R,,,BR,vnc_intrinsic,R,,target_to_SIFa,male-cns:v1.0,other,R
10705,816194,2,2,SNxx21,,,unknown_sensory,abdomen,vnc_sensory,,R,target_to_SIFa,male-cns:v1.0,other,unknown
10705,817375,2,2,IN10B041,IN10B041_R,,,,vnc_intrinsic,R,,target_to_SIFa,male-cns:v1.0,other,R
10705,817391,1,1,IN14A029,IN14A029_L,,,BR,vnc_intrinsic,L,,target_to_SIFa,male-cns:v1.0,other,L
10705,821905,1,1,,,,mechanosensory_proprioceptive,leg,vnc_sensory,,R,target_to_SIFa,male-cns:v1.0,other,unknown
10705,833079,1,1,,,,unknown_sensory,leg,vnc_sensory,,R,target_to_SIFa,male-cns:v1.0,other,unknown
10705,902728,1,1,INXXX209,INXXX209_R,,,BR,vnc_intrinsic,R,,target_to_SIFa,male-cns:v1.0,other,R
10705,902777,1,1,ORN_VA4,ORN_VA4_R,ORN_VA4,olfactory,,cb_sensory,,R,target_to_SIFa,male-cns:v1.0,other,R
10705,902879,1,1,IN14A052,IN14A052_L,,,CR,vnc_intrinsic,L,,target_to_SIFa,male-cns:v1.0,other,L
10705,903879,3,2,IN23B031,IN23B031_R,,,,vnc_intrinsic,R,,target_to_SIFa,male-cns:v1.0,other,R
10705,904624,1,1,IN00A017,IN00A017_M,,,BR,vnc_intrinsic,M,,target_to_SIFa,male-cns:v1.0,other,unknown
10705,906016,1,1,IN14A061,IN14A061_L,,,CR,vnc_intrinsic,L,,target_to_SIFa,male-cns:v1.0,other,L
10705,906686,1,1,INXXX045,INXXX045_L,,,BI,vnc_intrinsic,L,,target_to_SIFa,male-cns:v1.0,other,L
10705,907485,1,1,IN12A013,IN12A013_R,,,BI,vnc_intrinsic,R,,target_to_SIFa,male-cns:v1.0,other,R
10705,907758,1,1,IN23B044,IN23B044_R,,,BR,vnc_intrinsic,R,,target_to_SIFa,male-cns:v1.0,other,R
10705,909107,1,1,SNppxx,,,mechanosensory_proprioceptive,leg,vnc_sensory,,R,target_to_SIFa,male-cns:v1.0,other,unknown
10705,909139,1,1,IN00A017,IN00A017_M,,,BR,vnc_intrinsic,M,,target_to_SIFa,male-cns:v1.0,other,unknown
10705,909819,1,1,SNppxx,,,mechanosensory_proprioceptive,leg,vnc_sensory,,R,target_to_SIFa,male-cns:v1.0,other,unknown
10705,910015,1,1,SNpp40,,,mechanosensory_proprioceptive,chordotonal organ,vnc_sensory,,L,target_to_SIFa,male-cns:v1.0,other,unknown
10705,910051,1,1,IN23B063,IN23B063_R,,,BI,vnc_intrinsic,R,,target_to_SIFa,male-cns:v1.0,other,R
10705,910588,1,1,IN27X003,IN27X003_R,,,BI,vnc_intrinsic,R,,target_to_SIFa,male-cns:v1.0,other,R
10705,911780,2,1,SNpp48,,,mechanosensory_proprioceptive,chordotonal organ,vnc_sensory,,R,target_to_SIFa,male-cns:v1.0,other,unknown
10705,918582,3,3,lLN2P_a,lLN2P_a_R,lLN2P_a,ALLN,,cb_intrinsic,R,,target_to_SIFa,male-cns:v1.0,other,R
10705,927165,1,1,HRN_VP4,HRN_VP4_R,HRN_VP4,hygrosensory,,cb_sensory,,R,target_to_SIFa,male-cns:v1.0,other,R
10705,935670,1,1,IN12B056,IN12B056_R,,,CR,vnc_intrinsic,R,,target_to_SIFa,male-cns:v1.0,other,R
10705,183961510,1,1,,,,,,,,,target_to_SIFa,male-cns:v1.0,other,unknown
10705,213650853,1,1,LB3b,LB3b_R,,gustatory,labellar bristle,cb_sensory,,R,target_to_SIFa,male-cns:v1.0,other,R
10705,517253637,1,1,,,,,,,,,target_to_SIFa,male-cns:v1.0,other,unknown
10705,719581118,3,2,JO-unclear,JO-unclear_R,,mechanosensory,wind_gravity,cb_sensory,,R,target_to_SIFa,male-cns:v1.0,other,R
10705,760728171,2,2,ORN_DL5,ORN_DL5_L,ORN_DL5,olfactory,,cb_sensory,,L,target_to_SIFa,male-cns:v1.0,other,L
10705,952615574,1,1,,,,unknown_sensory,,cb_sensory,,R,target_to_SIFa,male-cns:v1.0,other,unknown
10705,1050687371,1,1,INXXX245,INXXX245_R,,,BI,vnc_intrinsic,R,,target_to_SIFa,male-cns:v1.0,other,R
11369,10038,1,1,pIP1,pIP1_R,,,xl,descending_neuron,R,,target_to_SIFa,male-cns:v1.0,other,R
11369,10039,1,1,VL2a_adPN,VL2a_adPN_R,VL2a_adPN,ALPN,,cb_intrinsic,R,,target_to_SIFa,male-cns:v1.0,other,R
11369,10069,2,1,AN07B004,AN07B004(PS299)_R,PS299,,BA,ascending_neuron,R,,target_to_SIFa,male-cns:v1.0,other,R
11369,10084,7,4,DP1m_adPN,DP1m_adPN_R,DP1m_adPN,ALPN,,cb_intrinsic,R,,target_to_SIFa,male-cns:v1.0,other,R
11369,10093,2,1,Am1,Am1_R,,,,ol_intrinsic,R,,target_to_SIFa,male-cns:v1.0,other,R
11369,10097,2,1,oviIN,oviIN_L,oviIN,,,cb_intrinsic,L,,target_to_SIFa,male-cns:v1.0,other,L
11369,10140,3,2,lLN1_bc,lLN1_bc_R,"lLN1_b,lLN1_c",ALLN,,cb_intrinsic,R,,target_to_SIFa,male-cns:v1.0,other,R
11369,10150,5,4,AN27X013,AN27X013_R,,,XA,ascending_neuron,R,,target_to_SIFa,male-cns:v1.0,other,R
11369,10169,5,4,lLN2F_b,lLN2F_b(Full)_R,lLN2F_b,ALLN,,cb_intrinsic,R,,target_to_SIFa,male-cns:v1.0,other,R
11369,10188,2,2,LoVC6,LoVC6_R,PLP014,,,visual_centrifugal,R,,target_to_SIFa,male-cns:v1.0,other,R
11369,10190,1,1,MeVPMe2,MeVPMe2_R,,,,visual_projection,R,,target_to_SIFa,male-cns:v1.0,other,R
11369,10201,16,13,lLN2T_c,lLN2T_c(Tortuous)_R,lLN2T_c,ALLN,,cb_intrinsic,R,,target_to_SIFa,male-cns:v1.0,other,R
11369,10254,4,3,lLN2F_a,lLN2F_a(Full)_R,lLN2F_a,ALLN,,cb_intrinsic,R,,target_to_SIFa,male-cns:v1.0,other,R
11369,10269,1,1,OA-AL2i2,OA-AL2i2_R,,,,visual_centrifugal,R,,target_to_SIFa,male-cns:v1.0,other,R
11369,10280,1,1,DNp47,DNp47(PS293)_R,PS293,,xn,descending_neuron,R,,target_to_SIFa,male-cns:v1.0,other,R
11369,10292,2,2,GNG702m,GNG702m_R,,,,cb_intrinsic,R,,target_to_SIFa,male-cns:v1.0,other,R
11369,10303,2,2,aMe17e,aMe17e_R,aMe17a,,,visual_centrifugal,R,,target_to_SIFa,male-cns:v1.0,other,R
11369,10312,5,3,MeVPMe2,MeVPMe2_R,,,,visual_projection,R,,target_to_SIFa,male-cns:v1.0,other,R
11369,10322,1,1,OA-AL2i2,OA-AL2i2_R,,,,visual_centrifugal,R,,target_to_SIFa,male-cns:v1.0,other,R
11369,10342,1,1,DNc02,DNc02(SIFa)_R,SIFa,,xn,descending_neuron,R,,target_to_SIFa,male-cns:v1.0,other,R
11369,10358,1,1,MeVPMe12,MeVPMe12_R,,ol_bilateral,,ol_intrinsic,R,,target_to_SIFa,male-cns:v1.0,other,R
11369,10378,3,3,AL-MBDL1,AL-MBDL1_R,AL-MBDL1,ALIN,,cb_intrinsic,R,,target_to_SIFa,male-cns:v1.0,other,R
11369,10390,8,4,VA2_adPN,VA2_adPN_R,VA2_adPN,ALPN,,cb_intrinsic,R,,target_to_SIFa,male-cns:v1.0,other,R
11369,10420,12,12,GNG667,GNG667_L,,,,cb_intrinsic,L,,target_to_SIFa,male-cns:v1.0,other,L
11369,10447,1,1,DNge138,DNge138_M,,,xn,descending_neuron,M,,target_to_SIFa,male-cns:v1.0,other,unknown
11369,10451,1,1,MeVPMe12,MeVPMe12_L,,ol_bilateral,,ol_intrinsic,L,,target_to_SIFa,male-cns:v1.0,other,L
11369,10456,4,2,lLN2F_a,lLN2F_a(Full)_R,lLN2F_a,ALLN,,cb_intrinsic,R,,target_to_SIFa,male-cns:v1.0,other,R
11369,10491,2,1,ALIN1,ALIN1_R,ALIN1,ALIN,,cb_intrinsic,R,,target_to_SIFa,male-cns:v1.0,other,R
11369,10515,4,2,lLN2F_b,lLN2F_b(Full)_R,lLN2F_b,ALLN,,cb_intrinsic,R,,target_to_SIFa,male-cns:v1.0,other,R
11369,10522,6,4,VL2p_adPN,VL2p_adPN_R,VL2p_adPN,ALPN,,cb_intrinsic,R,,target_to_SIFa,male-cns:v1.0,other,R
11369,10569,3,3,DC1_adPN,DC1_adPN_R,DC1_adPN,ALPN,,cb_intrinsic,R,,target_to_SIFa,male-cns:v1.0,other,R
11369,10613,1,1,DM4_adPN,DM4_adPN_R,DM4_adPN,ALPN,,cb_intrinsic,R,,target_to_SIFa,male-cns:v1.0,other,R
11369,10650,15,14,lLN2T_c,lLN2T_c(Tortuous)_R,lLN2T_c,ALLN,,cb_intrinsic,R,,target_to_SIFa,male-cns:v1.0,other,R
11369,10673,4,3,GNG002,GNG002_M,,,,cb_intrinsic,L,,target_to_SIFa,male-cns:v1.0,other,unknown
11369,10680,1,1,DNp48,DNp48(SMP462)_L,SMP462,,xn,descending_neuron,L,,target_to_SIFa,male-cns:v1.0,other,L
11369,10687,1,1,OA-AL2i3,OA-AL2i3_R,aMe14a,,,visual_centrifugal,R,,target_to_SIFa,male-cns:v1.0,other,R
11369,10692,2,1,AN05B101,AN05B101_R,,,BA,ascending_neuron,R,,target_to_SIFa,male-cns:v1.0,other,R
11369,10705,10,9,DNc02,DNc02(SIFa)_L,SIFa,,xn,descending_neuron,L,,target_to_SIFa,male-cns:v1.0,other,L
11369,10756,3,3,VC2_lPN,VC2_lPN_R,VC2_lPN,ALPN,,cb_intrinsic,R,,target_to_SIFa,male-cns:v1.0,other,R
11369,10770,5,4,DNp23,DNp23_L,DNp23,,xn,descending_neuron,L,,target_to_SIFa,male-cns:v1.0,other,L
11369,10786,1,1,VC5_lvPN,VC5_lvPN_R,VC3m_lvPN,ALPN,,cb_intrinsic,R,,target_to_SIFa,male-cns:v1.0,other,R
11369,10798,1,1,SMP543,SMP543_R,SMP543,,,cb_intrinsic,R,,target_to_SIFa,male-cns:v1.0,other,R
11369,10845,2,2,Dm17,Dm17_R,,,,ol_intrinsic,R,,target_to_SIFa,male-cns:v1.0,other,R
11369,10852,1,1,LoVC18,"LoVC18(PLP030,PLP031)_L",PLP030,,,visual_centrifugal,L,,target_to_SIFa,male-cns:v1.0,other,L
11369,10860,2,2,Cm31a,Cm31a_R,,,,ol_intrinsic,R,,target_to_SIFa,male-cns:v1.0,other,R
11369,10904,1,1,VC1_lPN,VC1_lPN_R,VC1_lPN,ALPN,,cb_intrinsic,R,,target_to_SIFa,male-cns:v1.0,other,R
11369,10929,5,2,lLN2T_a,lLN2T_a(Tortuous)_R,lLN2T_a,ALLN,,cb_intrinsic,R,,target_to_SIFa,male-cns:v1.0,other,R
11369,10950,1,1,Pm11,Pm11_R,,,,ol_intrinsic,R,,target_to_SIFa,male-cns:v1.0,other,R
11369,10999,3,3,GNG700m,GNG700m_L,,,,cb_intrinsic,L,,target_to_SIFa,male-cns:v1.0,other,L
11369,11021,2,1,GNG016,GNG016_L,,,,cb_intrinsic,L,,target_to_SIFa,male-cns:v1.0,other,L
11369,11023,1,1,GNG304,GNG304_L,,,,cb_intrinsic,L,,target_to_SIFa,male-cns:v1.0,other,L
11369,11025,1,1,GNG514,GNG514_R,,,,cb_intrinsic,R,,target_to_SIFa,male-cns:v1.0,other,R
11369,11035,2,2,LoVC6,LoVC6_L,PLP014,,,visual_centrifugal,L,,target_to_SIFa,male-cns:v1.0,other,L
11369,11058,1,1,M_smPN6t2,M_smPN6t2_L,M_smPN6t2,ALPN,BI,cb_intrinsic,L,,target_to_SIFa,male-cns:v1.0,other,L
11369,11081,1,1,aMe17c,aMe17c_R,aMe17c,,,visual_centrifugal,R,,target_to_SIFa,male-cns:v1.0,other,R
11369,11121,1,1,DNp52,DNp52(CRE101)_L,CRE101,,,descending_neuron,L,,target_to_SIFa,male-cns:v1.0,other,L
11369,11153,13,12,LC22,LC22_R,LC22,,,visual_projection,R,,target_to_SIFa,male-cns:v1.0,other,R
11369,11229,4,3,V_ilPN,V_ilPN_R,V_ilPN,ALPN,BI,cb_intrinsic,R,,target_to_SIFa,male-cns:v1.0,other,R
11369,11237,1,1,AVLP594,AVLP594_R,AVLP594,,,cb_intrinsic,R,,target_to_SIFa,male-cns:v1.0,other,R
11369,11244,1,1,lLN1_bc,lLN1_bc_R,"lLN1_b,lLN1_c",ALLN,,cb_intrinsic,R,,target_to_SIFa,male-cns:v1.0,other,R
11369,11266,1,1,PS359,PS359_R,,,,cb_intrinsic,R,,target_to_SIFa,male-cns:v1.0,other,R
11369,11342,1,1,lLN2X04,lLN2X04_R,,ALLN,,cb_intrinsic,R,,target_to_SIFa,male-cns:v1.0,other,R
11369,11343,4,4,SMP586,SMP586_R,SMP586,,,cb_intrinsic,R,,target_to_SIFa,male-cns:v1.0,other,R
11369,11350,2,2,DMS,DMS_L,"PI1,PI2,PI3",,,cb_endocrine,L,,target_to_SIFa,male-cns:v1.0,other,L
11369,11422,1,1,ANXXX127,ANXXX127_R,,,BA,ascending_neuron,R,,target_to_SIFa,male-cns:v1.0,other,R
11369,11456,1,1,AMMC013,AMMC013(hb1744966885)_R,(hb1744966885),,,cb_intrinsic,R,,target_to_SIFa,male-cns:v1.0,other,R
11369,11464,1,1,DMS,DMS_L,"PI1,PI2,PI3",,,cb_endocrine,L,,target_to_SIFa,male-cns:v1.0,other,L
11369,11469,12,11,DM3_adPN,DM3_adPN_R,DM3_adPN,ALPN,,cb_intrinsic,R,,target_to_SIFa,male-cns:v1.0,other,R
11369,11477,1,1,LHPV6q1,LHPV6q1_R,LHPV6q1,,,cb_intrinsic,R,,target_to_SIFa,male-cns:v1.0,other,R
11369,11478,2,1,lLN1_bc,lLN1_bc_R,"lLN1_b,lLN1_c",ALLN,,cb_intrinsic,R,,target_to_SIFa,male-cns:v1.0,other,R
11369,11513,1,1,DNp07,DNp07_R,DNp07,,xn,descending_neuron,R,,target_to_SIFa,male-cns:v1.0,other,R
11369,11521,10,5,VP1m_l2PN,VP1m_l2PN_R,VP1m_l2PN,ALPN,,cb_intrinsic,R,,target_to_SIFa,male-cns:v1.0,other,R
11369,11603,3,2,lLN2P_a,lLN2P_a_R,lLN2P_a,ALLN,,cb_intrinsic,R,,target_to_SIFa,male-cns:v1.0,other,R
11369,11604,2,2,AN05B004,AN05B004_R,,,BA,ascending_neuron,R,,target_to_SIFa,male-cns:v1.0,other,R
11369,11676,1,1,DNg26,DNg26_L,,,xn,descending_neuron,L,,target_to_SIFa,male-cns:v1.0,other,L
11369,11722,7,4,v2LN30,v2LN30_R,v2LN30,ALLN,,cb_intrinsic,R,,target_to_SIFa,male-cns:v1.0,other,R
11369,11725,2,1,lLN1_bc,lLN1_bc_R,"lLN1_b,lLN1_c",ALLN,,cb_intrinsic,R,,target_to_SIFa,male-cns:v1.0,other,R
11369,11734,1,1,DPM,DPM_L,DPM,,,cb_intrinsic,L,,target_to_SIFa,male-cns:v1.0,DPM,L
11369,11740,3,3,GNG540,GNG540_L,,,,cb_intrinsic,L,,target_to_SIFa,male-cns:v1.0,other,L
11369,11744,1,1,lLN1_bc,lLN1_bc_R,"lLN1_b,lLN1_c",ALLN,,cb_intrinsic,R,,target_to_SIFa,male-cns:v1.0,other,R
11369,11769,6,6,LoVP18,LoVP18_R,PS105,,,visual_projection,R,,target_to_SIFa,male-cns:v1.0,other,R
11369,11774,1,1,SLP031,SLP031_R,SLP031,,,cb_intrinsic,R,,target_to_SIFa,male-cns:v1.0,other,R
11369,11788,6,4,lLN2T_d,lLN2T_d(Tortuous)_R,lLN2T_d,ALLN,,cb_intrinsic,R,,target_to_SIFa,male-cns:v1.0,other,R
11369,11850,1,1,GNG525,GNG525_R,,,,cb_intrinsic,R,,target_to_SIFa,male-cns:v1.0,other,R
11369,11898,1,1,GNG324,GNG324(hb357599074)_R,(hb357599074),,,cb_intrinsic,R,,target_to_SIFa,male-cns:v1.0,other,R
11369,11914,5,2,lLN2X05,lLN2X05_R,lLN2T_a,ALLN,,cb_intrinsic,R,,target_to_SIFa,male-cns:v1.0,other,R
11369,11926,2,2,LoVP85,LoVP85_R,,,,visual_projection,R,,target_to_SIFa,male-cns:v1.0,other,R
11369,11941,1,1,GNG084,GNG084_R,,,,cb_intrinsic,R,,target_to_SIFa,male-cns:v1.0,other,R
11369,11968,1,1,GNG665,GNG665_L,,,,cb_intrinsic,L,,target_to_SIFa,male-cns:v1.0,other,L
11369,11993,2,1,lLN2X05,lLN2X05_R,lLN2T_a,ALLN,,cb_intrinsic,R,,target_to_SIFa,male-cns:v1.0,other,R
11369,12006,4,3,GNG051,GNG051_R,,,,cb_intrinsic,R,,target_to_SIFa,male-cns:v1.0,other,R
11369,12109,1,1,OA-VUMa2,OA-VUMa2_M,OA-VUMa2,,,cb_intrinsic,M,,target_to_SIFa,male-cns:v1.0,other,unknown
11369,12111,1,1,lLN1_bc,lLN1_bc_R,"lLN1_b,lLN1_c",ALLN,,cb_intrinsic,R,,target_to_SIFa,male-cns:v1.0,other,R
11369,12121,1,1,VC5_lvPN,VC5_lvPN_R,VC3m_lvPN,ALPN,,cb_intrinsic,R,,target_to_SIFa,male-cns:v1.0,other,R
11369,12134,1,1,DNp58,DNp58(hb1791391565)_R,hb1791391565,,ad,descending_neuron,R,,target_to_SIFa,male-cns:v1.0,other,R
11369,12151,2,2,DNge138,DNge138_M,,,xn,descending_neuron,M,,target_to_SIFa,male-cns:v1.0,other,unknown
11369,12164,6,4,VM3_adPN,VM3_adPN_R,VM3_adPN,ALPN,,cb_intrinsic,R,,target_to_SIFa,male-cns:v1.0,other,R
11369,12171,2,2,DM2_lPN,DM2_lPN_R,DM2_lPN,ALPN,,cb_intrinsic,R,,target_to_SIFa,male-cns:v1.0,other,R
11369,12230,1,1,GNG043,GNG043_L,,,,cb_intrinsic,L,,target_to_SIFa,male-cns:v1.0,other,L
11369,12428,1,1,MeVP9,MeVP9_R,MC66,,,visual_projection,R,,target_to_SIFa,male-cns:v1.0,other,R
11369,12450,3,3,CB3646,CB3646_R,,,,cb_intrinsic,R,,target_to_SIFa,male-cns:v1.0,other,R
11369,12508,6,6,PVLP149,PVLP149_R,PVLP149,,,cb_intrinsic,R,,target_to_SIFa,male-cns:v1.0,other,R
11369,12516,1,1,DNge047,DNge047_L,,,xn,descending_neuron,L,,target_to_SIFa,male-cns:v1.0,other,L
11369,12520,1,1,DNge028,DNge028_R,,,fl,descending_neuron,R,,target_to_SIFa,male-cns:v1.0,other,R
11369,12533,3,3,GNG046,GNG046_R,,,,cb_intrinsic,R,,target_to_SIFa,male-cns:v1.0,other,R
11369,12589,4,4,GNG094,GNG094_R,,,,cb_intrinsic,R,,target_to_SIFa,male-cns:v1.0,other,R
11369,12730,1,1,PS061,PS061_L,PS061,,,cb_intrinsic,L,,target_to_SIFa,male-cns:v1.0,other,L
11369,12757,4,2,GNG139,GNG139_R,,,,cb_intrinsic,R,,target_to_SIFa,male-cns:v1.0,other,R
11369,12777,1,1,GNG572,GNG572_L,,,,cb_intrinsic,L,,target_to_SIFa,male-cns:v1.0,other,L
11369,12808,1,1,GNG043,GNG043_R,,,,cb_intrinsic,R,,target_to_SIFa,male-cns:v1.0,other,R
11369,12861,1,1,Mi19,Mi19_R,,,,ol_intrinsic,R,,target_to_SIFa,male-cns:v1.0,other,R
11369,12865,1,1,AMMC034_a,AMMC034_a_R,,,,cb_intrinsic,R,,target_to_SIFa,male-cns:v1.0,other,R
11369,12896,1,1,OA-VUMa5,OA-VUMa5_M,OA-VUMa5,ALLN,,cb_intrinsic,M,,target_to_SIFa,male-cns:v1.0,other,unknown
11369,12933,3,2,AN08B014,AN08B014_L,,,IA,ascending_neuron,L,,target_to_SIFa,male-cns:v1.0,other,L
11369,13007,1,1,mALD4,mALD4_R,mALD4,,,cb_intrinsic,R,,target_to_SIFa,male-cns:v1.0,other,R
11369,13017,4,3,GNG544,GNG544_L,,,,cb_intrinsic,L,,target_to_SIFa,male-cns:v1.0,other,L
11369,13099,1,1,GNG292,GNG292_R,,,,cb_intrinsic,R,,target_to_SIFa,male-cns:v1.0,other,R
11369,13157,1,1,PS230,PS230(PLP242)_R,"PS230,PLP242",,,cb_intrinsic,R,,target_to_SIFa,male-cns:v1.0,other,R
11369,13303,1,1,OA-VUMa5,OA-VUMa5_M,OA-VUMa5,ALLN,,cb_intrinsic,M,,target_to_SIFa,male-cns:v1.0,other,unknown
11369,13315,5,3,lLN2P_b,lLN2P_b_R,lLN2P_b,ALLN,,cb_intrinsic,R,,target_to_SIFa,male-cns:v1.0,other,R
11369,13317,5,3,DNg33,DNg33_L,,,xn,descending_neuron,L,,target_to_SIFa,male-cns:v1.0,other,L
11369,13399,1,1,ANXXX093,ANXXX093_R,,,CA,ascending_neuron,R,,target_to_SIFa,male-cns:v1.0,other,R
11369,13411,1,1,FB8B,FB8B_L,FB8B,CX,,cb_intrinsic,L,,target_to_SIFa,male-cns:v1.0,other,L
11369,13432,2,2,DNg66,DNg66_M,,,ad,descending_neuron,M,,target_to_SIFa,male-cns:v1.0,other,unknown
11369,13442,6,5,DNg33,DNg33_R,,,xn,descending_neuron,R,,target_to_SIFa,male-cns:v1.0,other,R
11369,13542,1,1,SMP160,SMP160_L,SMP160,,,cb_intrinsic,L,,target_to_SIFa,male-cns:v1.0,other,L
11369,13621,2,1,,,,ALLN,,cb_intrinsic,R,,target_to_SIFa,male-cns:v1.0,other,unknown
11369,13698,3,2,PAL01,PAL01_R,PAL01,,,cb_intrinsic,R,,target_to_SIFa,male-cns:v1.0,other,R
11369,13716,3,2,,,,ALLN,,cb_intrinsic,R,,target_to_SIFa,male-cns:v1.0,other,unknown
11369,13821,1,1,lLN2X12,lLN2X12_R,,ALLN,,cb_intrinsic,R,,target_to_SIFa,male-cns:v1.0,other,R
11369,13944,1,1,lLN2X02,lLN2X02_R,,ALLN,,cb_intrinsic,R,,target_to_SIFa,male-cns:v1.0,other,R
11369,13982,1,1,Mi19,Mi19_R,,,,ol_intrinsic,R,,target_to_SIFa,male-cns:v1.0,other,R
11369,14194,8,8,PRW068,PRW068_L,,,,cb_intrinsic,L,,target_to_SIFa,male-cns:v1.0,other,L
11369,14212,3,3,CSD,CSD_L,CSD,,,cb_intrinsic,L,,target_to_SIFa,male-cns:v1.0,other,L
11369,14333,1,1,GNG137,GNG137_R,,,,cb_intrinsic,R,,target_to_SIFa,male-cns:v1.0,other,R
11369,14489,38,36,GNG631,GNG631_R,,,,cb_intrinsic,R,,target_to_SIFa,male-cns:v1.0,other,R
11369,14509,3,1,Delta7,Delta7(PB15)_L4R6_R,Delta7,CX,,cb_intrinsic,R,,target_to_SIFa,male-cns:v1.0,other,R
11369,14550,1,1,,,,,,cb_intrinsic,R,,target_to_SIFa,male-cns:v1.0,other,unknown
11369,14599,1,1,Pm7,Pm7_R,,,,ol_intrinsic,R,,target_to_SIFa,male-cns:v1.0,other,R
11369,14645,1,1,Dm6,Dm6_R,,,,ol_intrinsic,R,,target_to_SIFa,male-cns:v1.0,other,R
11369,14715,3,2,GNG191,GNG191_L,,,,cb_intrinsic,L,,target_to_SIFa,male-cns:v1.0,other,L
11369,14748,10,10,OCG02b,OCG02b_L,OCG02,,,visual_projection,L,,target_to_SIFa,male-cns:v1.0,other,L
11369,14802,2,1,VA7m_lPN,VA7m_lPN_R,VA7m_lPN,ALPN,,cb_intrinsic,R,,target_to_SIFa,male-cns:v1.0,other,R
11369,14912,1,1,GNG152,GNG152_R,,,,cb_intrinsic,R,,target_to_SIFa,male-cns:v1.0,other,R
11369,14962,1,1,VC5_lvPN,VC5_lvPN_R,VC3m_lvPN,ALPN,,cb_intrinsic,R,,target_to_SIFa,male-cns:v1.0,other,R
11369,15053,1,1,CL008,CL008(CL009)_L,"CL008,CL009",,,cb_intrinsic,L,,target_to_SIFa,male-cns:v1.0,other,L
11369,15153,37,33,GNG631,GNG631_L,,,,cb_intrinsic,L,,target_to_SIFa,male-cns:v1.0,other,L
11369,15183,2,2,,,,ALLN,,cb_intrinsic,R,,target_to_SIFa,male-cns:v1.0,other,unknown
11369,15348,1,1,LLPC4,LLPC4_R,,,,visual_projection,R,,target_to_SIFa,male-cns:v1.0,other,R
11369,15514,2,2,AN27X013,AN27X013_R,,,XA,ascending_neuron,R,,target_to_SIFa,male-cns:v1.0,other,R
11369,15657,1,1,GNG079,GNG079_L,,,,cb_intrinsic,L,,target_to_SIFa,male-cns:v1.0,other,L
11369,15693,1,1,PPL203,PPL203_R,PPL203,DAN,,cb_intrinsic,R,,target_to_SIFa,male-cns:v1.0,DAN,R
11369,15833,2,2,DNp52,DNp52(CRE101)_R,CRE101,,,descending_neuron,R,,target_to_SIFa,male-cns:v1.0,other,R
11369,15837,1,1,Delta7,Delta7(PB15)_L1L9R8_R,Delta7,CX,,cb_intrinsic,R,,target_to_SIFa,male-cns:v1.0,other,R
11369,15839,3,3,Delta7,Delta7(PB15)_L1L9R8_R,Delta7,CX,,cb_intrinsic,R,,target_to_SIFa,male-cns:v1.0,other,R
11369,15950,1,1,PS279,PS279(hb1499087543)_R,PS279(hb1499087543),,,cb_intrinsic,R,,target_to_SIFa,male-cns:v1.0,other,R
11369,16005,1,1,D_adPN,D_adPN_R,D_adPN,ALPN,,cb_intrinsic,R,,target_to_SIFa,male-cns:v1.0,other,R
11369,16514,1,1,Pm3,Pm3_R,,,,ol_intrinsic,R,,target_to_SIFa,male-cns:v1.0,other,R
11369,16794,2,2,GNG016,GNG016_R,,,,cb_intrinsic,R,,target_to_SIFa,male-cns:v1.0,other,R
11369,16885,1,1,AN27X009,AN27X009_R,,,BA,ascending_neuron,R,,target_to_SIFa,male-cns:v1.0,other,R
11369,16945,1,1,GNG252,GNG252_L,,,,cb_intrinsic,L,,target_to_SIFa,male-cns:v1.0,other,L
11369,17107,1,1,,,,ALLN,,cb_intrinsic,R,,target_to_SIFa,male-cns:v1.0,other,unknown
11369,17109,1,1,GNG079,GNG079_R,,,,cb_intrinsic,R,,target_to_SIFa,male-cns:v1.0,other,R
11369,17143,1,1,Delta7,Delta7(PB15)_L2R7_R,Delta7,CX,,cb_intrinsic,R,,target_to_SIFa,male-cns:v1.0,other,R
11369,17346,4,4,IB117,IB117_R,IB117,,,cb_intrinsic,R,,target_to_SIFa,male-cns:v1.0,other,R
11369,17378,1,1,AN27X017,AN27X017_R,,,BA,ascending_neuron,R,,target_to_SIFa,male-cns:v1.0,other,R
11369,17379,1,1,Delta7,Delta7(PB15)_L4R5_R,Delta7,CX,,cb_intrinsic,R,,target_to_SIFa,male-cns:v1.0,other,R
11369,17455,10,8,PS200,PS200_R,PS200,,,cb_intrinsic,R,,target_to_SIFa,male-cns:v1.0,other,R
11369,17545,3,3,PRW013,PRW013_R,,,,cb_intrinsic,R,,target_to_SIFa,male-cns:v1.0,other,R
11369,17610,2,2,LoVP18,LoVP18_R,PS105,,,visual_projection,R,,target_to_SIFa,male-cns:v1.0,other,R
11369,17764,1,1,SMP186,SMP186_R,SMP186,,,cb_intrinsic,R,,target_to_SIFa,male-cns:v1.0,other,R
11369,17870,5,4,Mi20,Mi20_R,,,,ol_intrinsic,R,,target_to_SIFa,male-cns:v1.0,other,R
11369,17992,1,1,SMP482,SMP482_L,SMP482,,,cb_intrinsic,L,,target_to_SIFa,male-cns:v1.0,other,L
11369,18016,8,6,lLN2P_c,lLN2T_a(Tortuous)_R,lLN2P_c,ALLN,,cb_intrinsic,R,,target_to_SIFa,male-cns:v1.0,other,R
11369,18079,1,1,LPLC4,LPLC4_R,LPLC4,,,visual_projection,R,,target_to_SIFa,male-cns:v1.0,other,R
11369,18084,1,1,VM7d_adPN,VM7d_adPN_R,VM7d_adPN,ALPN,,cb_intrinsic,R,,target_to_SIFa,male-cns:v1.0,other,R
11369,18100,1,1,CB3245,CB3245_R,,,,cb_intrinsic,R,,target_to_SIFa,male-cns:v1.0,other,R
11369,18203,1,1,CB3417,CB3417_R,,ALLN,,cb_intrinsic,R,,target_to_SIFa,male-cns:v1.0,other,R
11369,18241,5,4,PS188,PS188_R,PS188,,,cb_intrinsic,R,,target_to_SIFa,male-cns:v1.0,other,R
11369,18264,2,2,SMP586,SMP586_L,SMP586,,,cb_intrinsic,L,,target_to_SIFa,male-cns:v1.0,other,L
11369,18282,1,1,LPLC4,LPLC4_R,LPLC4,,,visual_projection,R,,target_to_SIFa,male-cns:v1.0,other,R
11369,18407,1,1,Dm14,Dm14_R,,,,ol_intrinsic,R,,target_to_SIFa,male-cns:v1.0,other,R
11369,18420,1,1,LoVP18,LoVP18_R,PS105,,,visual_projection,R,,target_to_SIFa,male-cns:v1.0,other,R
11369,18450,3,2,,,,,,cb_intrinsic,L,,target_to_SIFa,male-cns:v1.0,other,unknown
11369,18464,13,13,LoVP18,LoVP18_R,PS105,,,visual_projection,R,,target_to_SIFa,male-cns:v1.0,other,R
11369,18493,2,2,DM5_lPN,DM5_lPN_R,DM5_lPN,ALPN,,cb_intrinsic,R,,target_to_SIFa,male-cns:v1.0,other,R
11369,18566,2,2,PLP214,PLP214_R,PLP214,,,cb_intrinsic,R,,target_to_SIFa,male-cns:v1.0,other,R
11369,18700,1,1,Pm2a,Pm2a_R,,,,ol_intrinsic,R,,target_to_SIFa,male-cns:v1.0,other,R
11369,19091,1,1,GNG086,GNG086_L,,,,cb_intrinsic,L,,target_to_SIFa,male-cns:v1.0,other,L
11369,19642,2,2,Li17,Li17_R,Li17,,,ol_intrinsic,R,,target_to_SIFa,male-cns:v1.0,other,R
11369,19698,2,2,AMMC010,AMMC010_L,,,,cb_intrinsic,L,,target_to_SIFa,male-cns:v1.0,other,L
11369,19846,2,2,GNG210,GNG210_R,,,,cb_intrinsic,R,,target_to_SIFa,male-cns:v1.0,other,R
11369,19953,1,1,DM6_adPN,DM6_adPN_R,DM6_adPN,ALPN,,cb_intrinsic,R,,target_to_SIFa,male-cns:v1.0,other,R
11369,20175,1,1,LPLC4,LPLC4_R,LPLC4,,,visual_projection,R,,target_to_SIFa,male-cns:v1.0,other,R
11369,20227,1,1,ANXXX005,ANXXX005_R,,,BA,ascending_neuron,R,,target_to_SIFa,male-cns:v1.0,other,R
11369,20310,1,1,TmY19a,TmY19a_R,,,,ol_intrinsic,R,,target_to_SIFa,male-cns:v1.0,other,R
11369,20398,1,1,AN01A033,AN01A033_R,,,BA,ascending_neuron,R,,target_to_SIFa,male-cns:v1.0,other,R
11369,20784,3,3,AOTU048,AOTU048_R,AOTU048,,,cb_intrinsic,R,,target_to_SIFa,male-cns:v1.0,other,R
11369,20785,1,1,Pm2b,Pm2b_R,,,,ol_intrinsic,R,,target_to_SIFa,male-cns:v1.0,other,R
11369,20831,3,3,AN09A005,AN09A005_R,,,XA,ascending_neuron,R,,target_to_SIFa,male-cns:v1.0,other,R
11369,21229,1,1,hDeltaD,hDeltaD_14_C8,hDeltaD,CX,,cb_intrinsic,L,,target_to_SIFa,male-cns:v1.0,other,unknown
11369,21267,1,1,lLN2R_a,lLN2R_a_R,lLN2R_a,ALLN,,cb_intrinsic,R,,target_to_SIFa,male-cns:v1.0,other,R
11369,21557,2,2,DL3_lPN,DL3_lPN_R,DL3_lPN,ALPN,,cb_intrinsic,R,,target_to_SIFa,male-cns:v1.0,other,R
11369,21567,1,1,lLN2P_c,lLN2P_c_R,lLN2P_c,ALLN,,cb_intrinsic,R,,target_to_SIFa,male-cns:v1.0,other,R
11369,21720,1,1,Pm10,Pm10_R,,,,ol_intrinsic,R,,target_to_SIFa,male-cns:v1.0,other,R
11369,21770,1,1,AN09B034,AN09B034_R,,,CA,ascending_neuron,R,,target_to_SIFa,male-cns:v1.0,other,R
11369,22099,1,1,MeLo12,MeLo12_R,,,,ol_intrinsic,R,,target_to_SIFa,male-cns:v1.0,other,R
11369,22375,1,1,Dm1,Dm1_R,,,,ol_intrinsic,R,,target_to_SIFa,male-cns:v1.0,other,R
11369,22473,2,1,VM4_lvPN,VM4_lvPN_R,VM4_lvPN,ALPN,,cb_intrinsic,R,,target_to_SIFa,male-cns:v1.0,other,R
11369,22555,1,1,Pm2a,Pm2a_R,,,,ol_intrinsic,R,,target_to_SIFa,male-cns:v1.0,other,R
11369,22658,7,7,SMP083,SMP083_L,SMP083,,,cb_intrinsic,L,,target_to_SIFa,male-cns:v1.0,other,L
11369,22758,1,1,DNg67,DNg67_R,,,xl,descending_neuron,R,,target_to_SIFa,male-cns:v1.0,other,R
11369,22877,1,1,Pm9,Pm9_R,,,,ol_intrinsic,R,,target_to_SIFa,male-cns:v1.0,other,R
11369,23062,1,1,LC35b,LC35b_R,,,,visual_projection,R,,target_to_SIFa,male-cns:v1.0,other,R
11369,23200,1,1,DL2d_adPN,DL2d_adPN_R,DL2d_adPN,ALPN,,cb_intrinsic,R,,target_to_SIFa,male-cns:v1.0,other,R
11369,23244,1,1,SMP710m,SMP710m_L,,,,cb_intrinsic,L,,target_to_SIFa,male-cns:v1.0,other,L
11369,23509,4,3,AOTU007_b,AOTU007_b_R,AOTU007,,,cb_intrinsic,R,,target_to_SIFa,male-cns:v1.0,other,R
11369,23513,2,2,AN05B035,AN05B035_L,,,BA,ascending_neuron,L,,target_to_SIFa,male-cns:v1.0,other,L
11369,23666,1,1,CL183,CL183_L,CL183,,,cb_intrinsic,L,,target_to_SIFa,male-cns:v1.0,other,L
11369,23738,2,2,MeVPLo2,MeVPLo2_R,,,,visual_projection,R,,target_to_SIFa,male-cns:v1.0,other,R
11369,23854,7,6,lLN2P_a,lLN2P_a_R,lLN2P_a,ALLN,,cb_intrinsic,R,,target_to_SIFa,male-cns:v1.0,other,R
11369,23986,1,1,hDeltaD,hDeltaD_13_C7,hDeltaD,CX,,cb_intrinsic,L,,target_to_SIFa,male-cns:v1.0,other,unknown
11369,24160,4,3,,,,,,cb_intrinsic,R,,target_to_SIFa,male-cns:v1.0,other,unknown
11369,24686,3,1,PRW042,PRW042_R,,,,cb_intrinsic,R,,target_to_SIFa,male-cns:v1.0,other,R
11369,24808,3,3,MNx05,MNx05_R,,,pm,cb_motor,R,,target_to_SIFa,male-cns:v1.0,other,R
11369,24828,3,1,lLN2P_b,lLN2P_b_R,lLN2P_b,ALLN,,cb_intrinsic,R,,target_to_SIFa,male-cns:v1.0,other,R
11369,24837,1,1,PRW017,PRW017_L,,,,cb_intrinsic,L,,target_to_SIFa,male-cns:v1.0,other,L
11369,24908,1,1,CB2366,CB2366_R,,,,cb_intrinsic,R,,target_to_SIFa,male-cns:v1.0,other,R
11369,25129,4,4,AOTU051,AOTU051_R,AOTU051,,,cb_intrinsic,R,,target_to_SIFa,male-cns:v1.0,other,R
11369,25166,1,1,VC4_adPN,VC4_adPN_R,VC4_adPN,ALPN,,cb_intrinsic,R,,target_to_SIFa,male-cns:v1.0,other,R
11369,25196,1,1,PRW012,PRW012_L,,,,cb_intrinsic,L,,target_to_SIFa,male-cns:v1.0,other,L
11369,25657,4,4,AOTU049,AOTU049_R,AOTU049,,,cb_intrinsic,R,,target_to_SIFa,male-cns:v1.0,other,R
11369,25661,7,7,LC22,LC22_R,LC22,,,visual_projection,R,,target_to_SIFa,male-cns:v1.0,other,R
11369,26059,1,1,LPLC4,LPLC4_R,LPLC4,,,visual_projection,R,,target_to_SIFa,male-cns:v1.0,other,R
11369,26071,1,1,M_lPNm11D,M_lPNm11D_R,M_lPNm11D,ALPN,,cb_intrinsic,R,,target_to_SIFa,male-cns:v1.0,other,R
11369,26101,1,1,Tm1,Tm1_R,,,,ol_intrinsic,R,,target_to_SIFa,male-cns:v1.0,other,R
11369,26461,1,1,CL315,CL315_L,CL315,,,cb_intrinsic,L,,target_to_SIFa,male-cns:v1.0,other,L
11369,26628,1,1,DL3_lPN,DL3_lPN_R,DL3_lPN,ALPN,,cb_intrinsic,R,,target_to_SIFa,male-cns:v1.0,other,R
11369,26766,1,1,M_vPNml65,M_vPNml65_R,M_vPNml65,ALPN,,cb_intrinsic,R,,target_to_SIFa,male-cns:v1.0,other,R
11369,26879,1,1,Tm23,Tm23_R,,,,ol_intrinsic,R,,target_to_SIFa,male-cns:v1.0,other,R
11369,26945,1,1,IB033,IB033(IB039)_R,"IB033,IB039",,,cb_intrinsic,R,,target_to_SIFa,male-cns:v1.0,other,R
11369,27024,1,1,VM5d_adPN,VM5d_adPN_R,VM5d_adPN,ALPN,,cb_intrinsic,R,,target_to_SIFa,male-cns:v1.0,other,R
11369,27109,1,1,hDeltaB,hDeltaB_06_C6,hDeltaB,CX,,cb_intrinsic,R,,target_to_SIFa,male-cns:v1.0,other,unknown
11369,27166,1,1,PRW026,PRW026_L,,,,cb_intrinsic,L,,target_to_SIFa,male-cns:v1.0,other,L
11369,27356,1,1,AOTU049,AOTU049_R,AOTU049,,,cb_intrinsic,R,,target_to_SIFa,male-cns:v1.0,other,R
11369,27416,8,6,lLN2P_b,lLN2P_b_R,lLN2P_b,ALLN,,cb_intrinsic,R,,target_to_SIFa,male-cns:v1.0,other,R
11369,27449,2,2,LC22,LC22_R,LC22,,,visual_projection,R,,target_to_SIFa,male-cns:v1.0,other,R
11369,27614,4,2,lLN2P_b,lLN2P_b_R,lLN2P_b,ALLN,,cb_intrinsic,R,,target_to_SIFa,male-cns:v1.0,other,R
11369,27775,1,1,VM5d_adPN,VM5d_adPN_R,VM5d_adPN,ALPN,,cb_intrinsic,R,,target_to_SIFa,male-cns:v1.0,other,R
11369,28334,2,2,PRW005,PRW005_R,,,,cb_intrinsic,R,,target_to_SIFa,male-cns:v1.0,other,R
11369,28522,3,3,ANXXX169,ANXXX169_R,,,BA,ascending_neuron,R,,target_to_SIFa,male-cns:v1.0,other,R
11369,28525,6,5,lLN2P_b,lLN2P_b_R,lLN2P_b,ALLN,,cb_intrinsic,R,,target_to_SIFa,male-cns:v1.0,other,R
11369,28890,12,11,LoVP18,LoVP18_R,PS105,,,visual_projection,R,,target_to_SIFa,male-cns:v1.0,other,R
11369,28909,1,1,CL344_b,CL344_b_L,CL344,,,cb_intrinsic,L,,target_to_SIFa,male-cns:v1.0,other,L
11369,29176,2,1,DL2v_adPN,DL2v_adPN_R,DL2v_adPN,ALPN,,cb_intrinsic,R,,target_to_SIFa,male-cns:v1.0,other,R
11369,29502,9,8,GNG070,GNG070_R,,,,cb_intrinsic,R,,target_to_SIFa,male-cns:v1.0,other,R
11369,30043,1,1,PRW008,PRW008_L,,,,cb_intrinsic,L,,target_to_SIFa,male-cns:v1.0,other,L
11369,30410,1,1,Y3,Y3_R,,,,ol_intrinsic,R,,target_to_SIFa,male-cns:v1.0,other,R
11369,30421,4,1,lLN2P_b,lLN2P_b_R,lLN2P_b,ALLN,,cb_intrinsic,R,,target_to_SIFa,male-cns:v1.0,other,R
11369,30492,3,2,SAxx01,SAxx01_R,,unknown_sensory,abdomen,sensory_ascending,,R,target_to_SIFa,male-cns:v1.0,other,R
11369,30697,1,1,Cm19,Cm19_R,,,,ol_intrinsic,R,,target_to_SIFa,male-cns:v1.0,other,R
11369,30972,2,2,PS107,PS107_R,PS107,,,cb_intrinsic,R,,target_to_SIFa,male-cns:v1.0,other,R
11369,31054,1,1,AN10B027,AN10B027(31054)_L,,,CA,ascending_neuron,L,,target_to_SIFa,male-cns:v1.0,other,L
11369,32014,7,7,LC22,LC22_R,LC22,,,visual_projection,R,,target_to_SIFa,male-cns:v1.0,other,R
11369,32051,2,1,hDeltaD,hDeltaD_01_C1,hDeltaD,CX,,cb_intrinsic,R,,target_to_SIFa,male-cns:v1.0,other,unknown
11369,32382,1,1,SMP090,SMP090_R,SMP090,,,cb_intrinsic,R,,target_to_SIFa,male-cns:v1.0,other,R
11369,32428,2,2,GNG412,GNG412_R,,,,cb_intrinsic,R,,target_to_SIFa,male-cns:v1.0,other,R
11369,32875,1,1,MeLo1,MeLo1_R,,,,ol_intrinsic,R,,target_to_SIFa,male-cns:v1.0,other,R
11369,33210,1,1,LC22,LC22_R,LC22,,,visual_projection,R,,target_to_SIFa,male-cns:v1.0,other,R
11369,33350,1,1,Cm17,Cm17_R,,,,ol_intrinsic,R,,target_to_SIFa,male-cns:v1.0,other,R
11369,33438,7,6,SMP572,SMP572_R,SMP572,,,cb_intrinsic,R,,target_to_SIFa,male-cns:v1.0,other,R
11369,33451,3,3,PLP_TBD1,PLP_TBD1_R,,,,cb_intrinsic,R,,target_to_SIFa,male-cns:v1.0,other,R
11369,33665,2,1,Cm17,Cm17_R,,,,ol_intrinsic,R,,target_to_SIFa,male-cns:v1.0,other,R
11369,34385,3,2,VM5d_adPN,VM5d_adPN_R,VM5d_adPN,ALPN,,cb_intrinsic,R,,target_to_SIFa,male-cns:v1.0,other,R
11369,34443,1,1,LC22,LC22_R,LC22,,,visual_projection,R,,target_to_SIFa,male-cns:v1.0,other,R
11369,34972,2,2,FB8B,FB8B_R,FB8B,CX,,cb_intrinsic,R,,target_to_SIFa,male-cns:v1.0,other,R
11369,35392,1,1,Tm23,Tm23_R,,,,ol_intrinsic,R,,target_to_SIFa,male-cns:v1.0,other,R
11369,35615,2,2,CB1260,CB1260_R,"PS255,PS256,PS257,PS258",,,cb_intrinsic,R,,target_to_SIFa,male-cns:v1.0,other,R
11369,35621,1,1,AN17A062,AN17A062_R,,,IA,ascending_neuron,R,,target_to_SIFa,male-cns:v1.0,other,R
11369,35728,3,3,AOTU007_b,AOTU007_b_R,AOTU007,,,cb_intrinsic,R,,target_to_SIFa,male-cns:v1.0,other,R
11369,36146,1,1,M_lvPNm28,M_lvPNm28_R,M_lvPNm28,ALPN,,cb_intrinsic,R,,target_to_SIFa,male-cns:v1.0,other,R
11369,36373,5,5,LC22,LC22_R,LC22,,,visual_projection,R,,target_to_SIFa,male-cns:v1.0,other,R
11369,36397,2,1,LC22,LC22_R,LC22,,,visual_projection,R,,target_to_SIFa,male-cns:v1.0,other,R
11369,36584,1,1,LHPV4b3,LHPV4b3_R,LHPV4b3,,,cb_intrinsic,R,,target_to_SIFa,male-cns:v1.0,other,R
11369,37336,2,1,M_lvPNm35,M_lvPNm35_R,M_lvPNm35,ALPN,,cb_intrinsic,R,,target_to_SIFa,male-cns:v1.0,other,R
11369,37845,1,1,PAM04,PAM04(B2)_R,PAM04,DAN,,cb_intrinsic,R,,target_to_SIFa,male-cns:v1.0,DAN,R
11369,38485,1,1,TmY15,TmY15_R,,,,ol_intrinsic,R,,target_to_SIFa,male-cns:v1.0,other,R
11369,38583,6,6,PLP150,PLP150_R,PLP150,,,cb_intrinsic,R,,target_to_SIFa,male-cns:v1.0,other,R
11369,39082,1,1,ANXXX169,ANXXX169_L,,,BA,ascending_neuron,L,,target_to_SIFa,male-cns:v1.0,other,L
11369,39262,3,2,SMP082,SMP082_L,SMP082,,,cb_intrinsic,L,,target_to_SIFa,male-cns:v1.0,other,L
11369,39494,2,1,CB1981,CB1981_R,,,,cb_intrinsic,R,,target_to_SIFa,male-cns:v1.0,other,R
11369,39624,1,1,MeVPLo2,MeVPLo2_R,,,,visual_projection,R,,target_to_SIFa,male-cns:v1.0,other,R
11369,39719,2,2,M_lPNm11B,M_lPNm11B_R,M_lPNm11B,ALPN,,cb_intrinsic,R,,target_to_SIFa,male-cns:v1.0,other,R
11369,40183,2,2,LC22,LC22_R,LC22,,,visual_projection,R,,target_to_SIFa,male-cns:v1.0,other,R
11369,40232,3,3,PLP150,PLP150_R,PLP150,,,cb_intrinsic,R,,target_to_SIFa,male-cns:v1.0,other,R
11369,40241,1,1,CB1299,CB1299_R,"PS255,PS256,PS257,PS258",,,cb_intrinsic,R,,target_to_SIFa,male-cns:v1.0,other,R
11369,40506,1,1,Lawf1,Lawf1_R,,,,ol_intrinsic,R,,target_to_SIFa,male-cns:v1.0,other,R
11369,40877,1,1,ANXXX005,ANXXX005_L,,,BA,ascending_neuron,L,,target_to_SIFa,male-cns:v1.0,other,L
11369,42323,1,1,Tm1,Tm1_R,,,,ol_intrinsic,R,,target_to_SIFa,male-cns:v1.0,other,R
11369,42567,2,2,SCL002m,SCL002m_R,,,,cb_intrinsic,R,,target_to_SIFa,male-cns:v1.0,other,R
11369,42722,1,1,PRW024,PRW024_R,,,,cb_intrinsic,R,,target_to_SIFa,male-cns:v1.0,other,R
11369,43475,1,1,Cm17,Cm17_R,,,,ol_intrinsic,R,,target_to_SIFa,male-cns:v1.0,other,R
11369,44142,1,1,L5,L5_R,,,,ol_intrinsic,R,,target_to_SIFa,male-cns:v1.0,other,R
11369,44245,1,1,MeLo1,MeLo1_R,,,,ol_intrinsic,R,,target_to_SIFa,male-cns:v1.0,other,R
11369,44339,2,1,,,,,,cb_intrinsic,L,,target_to_SIFa,male-cns:v1.0,other,unknown
11369,44881,1,1,Mi1,Mi1_R,,,,ol_intrinsic,R,,target_to_SIFa,male-cns:v1.0,other,R
11369,45430,2,2,M_lPNm11C,M_lPNm11C_R,M_lPNm11C,ALPN,BI,cb_intrinsic,R,,target_to_SIFa,male-cns:v1.0,other,R
11369,45589,1,1,Tm1,Tm1_R,,,,ol_intrinsic,R,,target_to_SIFa,male-cns:v1.0,other,R
11369,45633,1,1,SMP493,SMP493_R,SMP493,,,cb_intrinsic,R,,target_to_SIFa,male-cns:v1.0,other,R
11369,45679,1,1,Tm1,Tm1_R,,,,ol_intrinsic,R,,target_to_SIFa,male-cns:v1.0,other,R
11369,45681,2,2,PS146,PS146_R,PS146,,,cb_intrinsic,R,,target_to_SIFa,male-cns:v1.0,other,R
11369,45747,1,1,Tm2,Tm2_R,,,,ol_intrinsic,R,,target_to_SIFa,male-cns:v1.0,other,R
11369,46625,1,1,L1,L1_R,,,,ol_intrinsic,R,,target_to_SIFa,male-cns:v1.0,other,R
11369,46943,1,1,FB7I,FB7I_R,FB7I,CX,,cb_intrinsic,R,,target_to_SIFa,male-cns:v1.0,other,R
11369,47205,1,1,Dm10,Dm10_R,,,,ol_intrinsic,R,,target_to_SIFa,male-cns:v1.0,other,R
11369,47257,3,3,PRW031,PRW031_R,,,,cb_intrinsic,R,,target_to_SIFa,male-cns:v1.0,other,R
11369,47693,1,1,DNpe036,DNpe036_R,,,xn,descending_neuron,R,,target_to_SIFa,male-cns:v1.0,other,R
11369,47711,2,2,Cm7,Cm7_R,,,,ol_intrinsic,R,,target_to_SIFa,male-cns:v1.0,other,R
11369,48827,1,1,Tm23,Tm23_R,,,,ol_intrinsic,R,,target_to_SIFa,male-cns:v1.0,other,R
11369,49243,2,2,ANXXX214,ANXXX214_R,,,BA,ascending_neuron,R,,target_to_SIFa,male-cns:v1.0,other,R
11369,49273,1,1,Tm2,Tm2_R,,,,ol_intrinsic,R,,target_to_SIFa,male-cns:v1.0,other,R
11369,49749,1,1,LC22,LC22_R,LC22,,,visual_projection,R,,target_to_SIFa,male-cns:v1.0,other,R
11369,50012,1,1,CB1094,CB1094_L,,,,cb_intrinsic,L,,target_to_SIFa,male-cns:v1.0,other,L
11369,50589,1,1,Mi1,Mi1_R,,,,ol_intrinsic,R,,target_to_SIFa,male-cns:v1.0,other,R
11369,51482,1,1,Tm1,Tm1_R,,,,ol_intrinsic,R,,target_to_SIFa,male-cns:v1.0,other,R
11369,51493,1,1,Tm2,Tm2_R,,,,ol_intrinsic,R,,target_to_SIFa,male-cns:v1.0,other,R
11369,52146,1,1,SMP421,SMP421_R,SMP421,,,cb_intrinsic,R,,target_to_SIFa,male-cns:v1.0,other,R
11369,52221,1,1,AN02A022,AN02A022_R,,,IA,ascending_neuron,R,,target_to_SIFa,male-cns:v1.0,other,R
11369,52310,1,1,Tm1,Tm1_R,,,,ol_intrinsic,R,,target_to_SIFa,male-cns:v1.0,other,R
11369,52891,1,1,MeVP10,MeVP10_R,,,,visual_projection,R,,target_to_SIFa,male-cns:v1.0,other,R
11369,53372,1,1,SMP721m,SMP721m_R,,,,cb_intrinsic,R,,target_to_SIFa,male-cns:v1.0,other,R
11369,53403,5,5,AOTU007_a,AOTU007_a_L,AOTU007,,,cb_intrinsic,L,,target_to_SIFa,male-cns:v1.0,other,L
11369,53412,1,1,Tm1,Tm1_R,,,,ol_intrinsic,R,,target_to_SIFa,male-cns:v1.0,other,R
11369,54011,4,4,SAxx01,SAxx01_R,,,,sensory_ascending,,R,target_to_SIFa,male-cns:v1.0,other,R
11369,54706,1,1,GNG384,GNG384_R,,,,cb_intrinsic,R,,target_to_SIFa,male-cns:v1.0,other,R
11369,54811,1,1,Tm2,Tm2_R,,,,ol_intrinsic,R,,target_to_SIFa,male-cns:v1.0,other,R
11369,55490,1,1,Tm1,Tm1_R,,,,ol_intrinsic,R,,target_to_SIFa,male-cns:v1.0,other,R
11369,55574,1,1,Cm7,Cm7_R,,,,ol_intrinsic,R,,target_to_SIFa,male-cns:v1.0,other,R
11369,58299,1,1,Mi14,Mi14_R,,,,ol_intrinsic,R,,target_to_SIFa,male-cns:v1.0,other,R
11369,58331,1,1,GNG406,GNG406_R,,,,cb_intrinsic,R,,target_to_SIFa,male-cns:v1.0,other,R
11369,58609,1,1,AN19B009,AN19B009_L,,,BA,ascending_neuron,L,,target_to_SIFa,male-cns:v1.0,other,L
11369,59985,1,1,CB2123,CB2123_L,"SMP463,SMP464",,,cb_intrinsic,L,,target_to_SIFa,male-cns:v1.0,other,L
11369,60330,3,3,SMP221,SMP221_R,SMP221,,,cb_intrinsic,R,,target_to_SIFa,male-cns:v1.0,other,R
11369,60613,1,1,Cm7,Cm7_R,,,,ol_intrinsic,R,,target_to_SIFa,male-cns:v1.0,other,R
11369,61047,1,1,Cm7,Cm7_R,,,,ol_intrinsic,R,,target_to_SIFa,male-cns:v1.0,other,R
11369,61120,1,1,KCab-s,KCab-s_L,"KCab-m,KCab-c,KCab-s",Kenyon_Cell,,cb_intrinsic,L,,target_to_SIFa,male-cns:v1.0,KC_alpha_beta,L
11369,61175,2,2,Cm7,Cm7_R,,,,ol_intrinsic,R,,target_to_SIFa,male-cns:v1.0,other,R
11369,61259,1,1,KCab-s,KCab-s_L,"KCab-m,KCab-c,KCab-s",Kenyon_Cell,,cb_intrinsic,L,,target_to_SIFa,male-cns:v1.0,KC_alpha_beta,L
11369,61276,4,4,,,,,,cb_intrinsic,R,,target_to_SIFa,male-cns:v1.0,other,unknown
11369,61517,1,1,KCab-s,KCab-s_L,"KCab-m,KCab-c,KCab-s",Kenyon_Cell,,cb_intrinsic,L,,target_to_SIFa,male-cns:v1.0,KC_alpha_beta,L
11369,61787,1,1,T2,T2_R,,,,ol_intrinsic,R,,target_to_SIFa,male-cns:v1.0,other,R
11369,63069,1,1,Cm7,Cm7_R,,,,ol_intrinsic,R,,target_to_SIFa,male-cns:v1.0,other,R
11369,63076,1,1,Mi4,Mi4_R,,,,ol_intrinsic,R,,target_to_SIFa,male-cns:v1.0,other,R
11369,63483,2,1,KCab-s,KCab-s_L,"KCab-m,KCab-c,KCab-s",Kenyon_Cell,,cb_intrinsic,L,,target_to_SIFa,male-cns:v1.0,KC_alpha_beta,L
11369,64162,1,1,MeVP10,MeVP10_R,,,,visual_projection,R,,target_to_SIFa,male-cns:v1.0,other,R
11369,64206,2,2,Dm8a,Dm8a_R,,,,ol_intrinsic,R,,target_to_SIFa,male-cns:v1.0,other,R
11369,66722,1,1,Mi4,Mi4_R,,,,ol_intrinsic,R,,target_to_SIFa,male-cns:v1.0,other,R
11369,66836,2,1,Tm4,Tm4_R,,,,ol_intrinsic,R,,target_to_SIFa,male-cns:v1.0,other,R
11369,66923,1,1,Cm7,Cm7_R,,,,ol_intrinsic,R,,target_to_SIFa,male-cns:v1.0,other,R
11369,67052,4,4,lLN2T_b,lLN2T_b(Tortuous)_R,lLN2T_b,ALLN,,cb_intrinsic,R,,target_to_SIFa,male-cns:v1.0,other,R
11369,67152,1,1,Tm3,Tm3_R,,,,ol_intrinsic,R,,target_to_SIFa,male-cns:v1.0,other,R
11369,68286,1,1,Mi1,Mi1_R,,,,ol_intrinsic,R,,target_to_SIFa,male-cns:v1.0,other,R
11369,68349,1,1,Dm10,Dm10_R,,,,ol_intrinsic,R,,target_to_SIFa,male-cns:v1.0,other,R
11369,68451,1,1,Mi10,Mi10_R,,,,ol_intrinsic,R,,target_to_SIFa,male-cns:v1.0,other,R
11369,69709,1,1,KCab-m,KCab-m_L,"KCab-m,KCab-c,KCab-s",Kenyon_Cell,,cb_intrinsic,L,,target_to_SIFa,male-cns:v1.0,KC_alpha_beta,L
11369,69926,1,1,Cm7,Cm7_R,,,,ol_intrinsic,R,,target_to_SIFa,male-cns:v1.0,other,R
11369,70371,1,1,Cm7,Cm7_R,,,,ol_intrinsic,R,,target_to_SIFa,male-cns:v1.0,other,R
11369,70418,1,1,Mi10,Mi10_R,,,,ol_intrinsic,R,,target_to_SIFa,male-cns:v1.0,other,R
11369,70426,1,1,Tm3,Tm3_R,,,,ol_intrinsic,R,,target_to_SIFa,male-cns:v1.0,other,R
11369,70649,1,1,Tm4,Tm4_R,,,,ol_intrinsic,R,,target_to_SIFa,male-cns:v1.0,other,R
11369,70764,1,1,aDT4,aDT4_L,aDT4,,,cb_intrinsic,L,,target_to_SIFa,male-cns:v1.0,other,L
11369,71187,1,1,Dm11,Dm11_R,,,,ol_intrinsic,R,,target_to_SIFa,male-cns:v1.0,other,R
11369,71360,4,3,PRW006,PRW006_R,,,,cb_intrinsic,R,,target_to_SIFa,male-cns:v1.0,other,R
11369,71529,1,1,Cm7,Cm7_R,,,,ol_intrinsic,R,,target_to_SIFa,male-cns:v1.0,other,R
11369,72297,2,1,L5,L5_R,,,,ol_intrinsic,R,,target_to_SIFa,male-cns:v1.0,other,R
11369,72893,1,1,T2,T2_R,,,,ol_intrinsic,R,,target_to_SIFa,male-cns:v1.0,other,R
11369,72920,1,1,Tm1,Tm1_R,,,,ol_intrinsic,R,,target_to_SIFa,male-cns:v1.0,other,R
11369,73263,1,1,Cm7,Cm7_R,,,,ol_intrinsic,R,,target_to_SIFa,male-cns:v1.0,other,R
11369,73606,1,1,ANXXX338,ANXXX338_R,,,BA,ascending_neuron,R,,target_to_SIFa,male-cns:v1.0,other,R
11369,74089,1,1,Tm4,Tm4_R,,,,ol_intrinsic,R,,target_to_SIFa,male-cns:v1.0,other,R
11369,74157,1,1,SMP266,SMP266_L,SMP266,,,cb_intrinsic,L,,target_to_SIFa,male-cns:v1.0,other,L
11369,74228,1,1,Tm3,Tm3_R,,,,ol_intrinsic,R,,target_to_SIFa,male-cns:v1.0,other,R
11369,74532,1,1,Tm1,Tm1_R,,,,ol_intrinsic,R,,target_to_SIFa,male-cns:v1.0,other,R
11369,74921,1,1,Dm10,Dm10_R,,,,ol_intrinsic,R,,target_to_SIFa,male-cns:v1.0,other,R
11369,75131,1,1,Cm7,Cm7_R,,,,ol_intrinsic,R,,target_to_SIFa,male-cns:v1.0,other,R
11369,75360,1,1,Cm7,Cm7_R,,,,ol_intrinsic,R,,target_to_SIFa,male-cns:v1.0,other,R
11369,75730,1,1,PhG9,PhG9_R,,gustatory,pharyngeal sensillum,cb_sensory,,R,target_to_SIFa,male-cns:v1.0,other,R
11369,75827,1,1,Mi1,Mi1_R,,,,ol_intrinsic,R,,target_to_SIFa,male-cns:v1.0,other,R
11369,75964,2,1,KCab-s,KCab-s_L,"KCab-m,KCab-c,KCab-s",Kenyon_Cell,,cb_intrinsic,L,,target_to_SIFa,male-cns:v1.0,KC_alpha_beta,L
11369,76055,1,1,Y14,Y14_R,,,,ol_intrinsic,R,,target_to_SIFa,male-cns:v1.0,other,R
11369,76167,1,1,Mi1,Mi1_R,,,,ol_intrinsic,R,,target_to_SIFa,male-cns:v1.0,other,R
11369,76349,1,1,Mi10,Mi10_R,,,,ol_intrinsic,R,,target_to_SIFa,male-cns:v1.0,other,R
11369,77601,1,1,Dm10,Dm10_R,,,,ol_intrinsic,R,,target_to_SIFa,male-cns:v1.0,other,R
11369,78410,1,1,CB2653,CB2653_R,,,,cb_intrinsic,R,,target_to_SIFa,male-cns:v1.0,other,R
11369,80727,1,1,AN01A021,AN01A021_L,,,BA,ascending_neuron,L,,target_to_SIFa,male-cns:v1.0,other,L
11369,80791,1,1,Cm7,Cm7_R,,,,ol_intrinsic,R,,target_to_SIFa,male-cns:v1.0,other,R
11369,81020,3,3,SMP220,SMP220_R,SMP220,,,cb_intrinsic,R,,target_to_SIFa,male-cns:v1.0,other,R
11369,81071,1,1,Tm20,Tm20_R,,,,ol_intrinsic,R,,target_to_SIFa,male-cns:v1.0,other,R
11369,81772,1,1,GNG609,GNG609_R,,,,cb_intrinsic,R,,target_to_SIFa,male-cns:v1.0,other,R
11369,82253,1,1,Cm9,Cm9_R,,,,ol_intrinsic,R,,target_to_SIFa,male-cns:v1.0,other,R
11369,82265,3,1,Tm3,Tm3_R,,,,ol_intrinsic,R,,target_to_SIFa,male-cns:v1.0,other,R
11369,83212,1,1,Mi10,Mi10_R,,,,ol_intrinsic,R,,target_to_SIFa,male-cns:v1.0,other,R
11369,83489,1,1,KCab-s,KCab-s_L,"KCab-m,KCab-c,KCab-s",Kenyon_Cell,,cb_intrinsic,L,,target_to_SIFa,male-cns:v1.0,KC_alpha_beta,L
11369,83880,2,2,ANXXX202,ANXXX202_L,,,BA,ascending_neuron,L,,target_to_SIFa,male-cns:v1.0,other,L
11369,85664,1,1,TmY3,TmY3_R,,,,ol_intrinsic,R,,target_to_SIFa,male-cns:v1.0,other,R
11369,86920,2,2,Cm7,Cm7_R,,,,ol_intrinsic,R,,target_to_SIFa,male-cns:v1.0,other,R
11369,86931,1,1,PhG1c,PhG1c_R,,gustatory,pharyngeal sensillum,cb_sensory,,R,target_to_SIFa,male-cns:v1.0,other,R
11369,87311,9,7,SMP228,SMP228_R,SMP228,,,cb_intrinsic,R,,target_to_SIFa,male-cns:v1.0,other,R
11369,88014,1,1,PFR_a,PFR_a(PB11a)_L4_C4,PFR_a,CX,,cb_intrinsic,L,,target_to_SIFa,male-cns:v1.0,other,unknown
11369,88553,1,1,TmY18,TmY18_R,,,,ol_intrinsic,R,,target_to_SIFa,male-cns:v1.0,other,R
11369,88766,1,1,MeLo2,MeLo2_R,,,,ol_intrinsic,R,,target_to_SIFa,male-cns:v1.0,other,R
11369,89652,2,1,Tm2,Tm2_R,,,,ol_intrinsic,R,,target_to_SIFa,male-cns:v1.0,other,R
11369,89859,1,1,Dm8a,Dm8a_R,,,,ol_intrinsic,R,,target_to_SIFa,male-cns:v1.0,other,R
11369,89917,1,1,Tm3,Tm3_R,,,,ol_intrinsic,R,,target_to_SIFa,male-cns:v1.0,other,R
11369,91598,2,2,PRW006,PRW006_L,,,,cb_intrinsic,L,,target_to_SIFa,male-cns:v1.0,other,L
11369,92600,2,2,Mi10,Mi10_R,,,,ol_intrinsic,R,,target_to_SIFa,male-cns:v1.0,other,R
11369,93710,3,2,Tm3,Tm3_R,,,,ol_intrinsic,R,,target_to_SIFa,male-cns:v1.0,other,R
11369,93788,1,1,T2,T2_R,,,,ol_intrinsic,R,,target_to_SIFa,male-cns:v1.0,other,R
11369,94422,3,3,PS149,PS149_R,PS149,,,cb_intrinsic,R,,target_to_SIFa,male-cns:v1.0,other,R
11369,96505,1,1,Dm8a,Dm8a_R,,,,ol_intrinsic,R,,target_to_SIFa,male-cns:v1.0,other,R
11369,96642,1,1,Dm11,Dm11_R,,,,ol_intrinsic,R,,target_to_SIFa,male-cns:v1.0,other,R
11369,97588,1,1,T5a,T5a_R,,,,ol_intrinsic,R,,target_to_SIFa,male-cns:v1.0,other,R
11369,98662,1,1,KCab-m,KCab-m_L,"KCab-m,KCab-c,KCab-s",Kenyon_Cell,,cb_intrinsic,L,,target_to_SIFa,male-cns:v1.0,KC_alpha_beta,L
11369,100660,2,2,,,,,,cb_intrinsic,R,,target_to_SIFa,male-cns:v1.0,other,unknown
11369,100834,1,1,L5,L5_R,,,,ol_intrinsic,R,,target_to_SIFa,male-cns:v1.0,other,R
11369,101596,1,1,KCab-m,KCab-m_L,"KCab-m,KCab-c,KCab-s",Kenyon_Cell,,cb_intrinsic,L,,target_to_SIFa,male-cns:v1.0,KC_alpha_beta,L
11369,102178,1,1,L5,L5_R,,,,ol_intrinsic,R,,target_to_SIFa,male-cns:v1.0,other,R
11369,104047,1,1,CB3132,CB3132_R,,,,cb_intrinsic,R,,target_to_SIFa,male-cns:v1.0,other,R
11369,104154,1,1,ORN_DC1,ORN_DC1_R,ORN_DC1,olfactory,,cb_sensory,,R,target_to_SIFa,male-cns:v1.0,other,R
11369,104366,8,7,PS188,PS188_R,PS188,,,cb_intrinsic,R,,target_to_SIFa,male-cns:v1.0,other,R
11369,106206,1,1,KCab-s,KCab-s_L,"KCab-m,KCab-c,KCab-s",Kenyon_Cell,,cb_intrinsic,L,,target_to_SIFa,male-cns:v1.0,KC_alpha_beta,L
11369,106862,1,1,CB2993,CB2993_L,"SMP463,SMP464",,,cb_intrinsic,L,,target_to_SIFa,male-cns:v1.0,other,L
11369,107896,1,1,L5,L5_R,,,,ol_intrinsic,R,,target_to_SIFa,male-cns:v1.0,other,R
11369,110448,1,1,MBON25-like,MBON25-like(y1y2)_L,,MBON,,cb_intrinsic,L,,target_to_SIFa,male-cns:v1.0,MBON,L
11369,111418,3,3,Mi16,Mi16_R,,,,ol_intrinsic,R,,target_to_SIFa,male-cns:v1.0,other,R
11369,112013,1,1,Cm4,Cm4_R,,,,ol_intrinsic,R,,target_to_SIFa,male-cns:v1.0,other,R
11369,114239,1,1,LB2b,LB2b_R,,gustatory,labellar bristle,cb_sensory,,R,target_to_SIFa,male-cns:v1.0,other,R
11369,114448,2,1,Mi15,Mi15_R,,,,ol_intrinsic,R,,target_to_SIFa,male-cns:v1.0,other,R
11369,115992,6,6,CB2408,CB2408_R,,,,cb_intrinsic,R,,target_to_SIFa,male-cns:v1.0,other,R
11369,117318,1,1,M_vPNml77,M_vPNml77_R,M_vPNml77,ALPN,,cb_intrinsic,R,,target_to_SIFa,male-cns:v1.0,other,R
11369,117725,2,2,ORN_DC4,ORN_DC4_R,ORN_DC4,olfactory,,cb_sensory,,R,target_to_SIFa,male-cns:v1.0,other,R
11369,118627,1,1,ORN_DC1,ORN_DC1_R,ORN_DC1,olfactory,,cb_sensory,,R,target_to_SIFa,male-cns:v1.0,other,R
11369,119029,1,1,ORN_DL2d,ORN_DL2d_L,ORN_DL2d,olfactory,,cb_sensory,,L,target_to_SIFa,male-cns:v1.0,other,L
11369,120356,1,1,GNG369,GNG369_R,,,,cb_intrinsic,R,,target_to_SIFa,male-cns:v1.0,other,R
11369,121755,1,1,AOTU007_b,AOTU007_b_L,AOTU007,,,cb_intrinsic,L,,target_to_SIFa,male-cns:v1.0,other,L
11369,122660,1,1,T3,T3_R,,,,ol_intrinsic,R,,target_to_SIFa,male-cns:v1.0,other,R
11369,126424,1,1,CB3043,CB3043_R,,,,cb_intrinsic,R,,target_to_SIFa,male-cns:v1.0,other,R
11369,126468,1,1,TmY18,TmY18_R,,,,ol_intrinsic,R,,target_to_SIFa,male-cns:v1.0,other,R
11369,129171,1,1,LB3d,LB3d_R,,gustatory,labellar bristle,cb_sensory,,R,target_to_SIFa,male-cns:v1.0,other,R
11369,130279,5,3,lLN2P_b,lLN2P_b_R,lLN2P_b,ALLN,,cb_intrinsic,R,,target_to_SIFa,male-cns:v1.0,other,R
11369,133001,1,1,TmY18,TmY18_R,,,,ol_intrinsic,R,,target_to_SIFa,male-cns:v1.0,other,R
11369,133376,1,1,T5b,T5b_R,,,,ol_intrinsic,R,,target_to_SIFa,male-cns:v1.0,other,R
11369,136985,1,1,Cm1,Cm1_R,,,,ol_intrinsic,R,,target_to_SIFa,male-cns:v1.0,other,R
11369,137428,1,1,ORN_DC1,ORN_DC1_R,ORN_DC1,olfactory,,cb_sensory,,R,target_to_SIFa,male-cns:v1.0,other,R
11369,138305,1,1,Cm2,Cm2_R,,,,ol_intrinsic,R,,target_to_SIFa,male-cns:v1.0,other,R
11369,139273,2,2,SMP382,SMP382_L,SMP382,,,cb_intrinsic,L,,target_to_SIFa,male-cns:v1.0,other,L
11369,139472,1,1,ORN_DL2d,ORN_DL2d_R,ORN_DL2d,olfactory,,cb_sensory,,R,target_to_SIFa,male-cns:v1.0,other,R
11369,140067,1,1,SMP415_b,SMP415_b_R,SMP415,,,cb_intrinsic,R,,target_to_SIFa,male-cns:v1.0,other,R
11369,140368,1,1,KCab-m,KCab-m_L,"KCab-m,KCab-c,KCab-s",Kenyon_Cell,,cb_intrinsic,L,,target_to_SIFa,male-cns:v1.0,KC_alpha_beta,L
11369,140747,1,1,CB1896,CB1896_R,,,,cb_intrinsic,R,,target_to_SIFa,male-cns:v1.0,other,R
11369,141892,2,1,AN10B034,AN10B034_L,,,BA,ascending_neuron,L,,target_to_SIFa,male-cns:v1.0,other,L
11369,142270,1,1,KCab-m,KCab-m_L,"KCab-m,KCab-c,KCab-s",Kenyon_Cell,,cb_intrinsic,L,,target_to_SIFa,male-cns:v1.0,KC_alpha_beta,L
11369,143077,2,1,ORN_VM7v,ORN_VM7v_L,ORN_VM7v,olfactory,,cb_sensory,,L,target_to_SIFa,male-cns:v1.0,other,L
11369,143895,1,1,KCab-m,KCab-m_L,"KCab-m,KCab-c,KCab-s",Kenyon_Cell,,cb_intrinsic,L,,target_to_SIFa,male-cns:v1.0,KC_alpha_beta,L
11369,145253,1,1,ORN_VA2,ORN_VA2_R,ORN_VA2,olfactory,,cb_sensory,,R,target_to_SIFa,male-cns:v1.0,other,R
11369,146958,1,1,KCab-s,KCab-s_L,"KCab-m,KCab-c,KCab-s",Kenyon_Cell,,cb_intrinsic,L,,target_to_SIFa,male-cns:v1.0,KC_alpha_beta,L
11369,148268,1,1,ORN_DC4,ORN_DC4_R,ORN_DC4,olfactory,,cb_sensory,,R,target_to_SIFa,male-cns:v1.0,other,R
11369,149929,1,1,L5,L5_R,,,,ol_intrinsic,R,,target_to_SIFa,male-cns:v1.0,other,R
11369,153979,1,1,ORN_DC4,ORN_DC4_L,ORN_DC4,olfactory,,cb_sensory,,L,target_to_SIFa,male-cns:v1.0,other,L
11369,154987,3,3,Mi2,Mi2_R,,,,ol_intrinsic,R,,target_to_SIFa,male-cns:v1.0,other,R
11369,157201,1,1,vDeltaA_b,vDeltaA_b_C3,vDeltaA_b,CX,,cb_intrinsic,L,,target_to_SIFa,male-cns:v1.0,other,unknown
11369,158196,1,1,PAM04,PAM04(B2)_L,PAM04,DAN,,cb_intrinsic,L,,target_to_SIFa,male-cns:v1.0,DAN,L
11369,159738,2,2,ORN_VA6,ORN_VA6_L,ORN_VA6,olfactory,,cb_sensory,,L,target_to_SIFa,male-cns:v1.0,other,L
11369,160681,1,1,KCab-m,KCab-m_L,"KCab-m,KCab-c,KCab-s",Kenyon_Cell,,cb_intrinsic,L,,target_to_SIFa,male-cns:v1.0,KC_alpha_beta,L
11369,163500,1,1,KCab-m,KCab-m_L,"KCab-m,KCab-c,KCab-s",Kenyon_Cell,,cb_intrinsic,L,,target_to_SIFa,male-cns:v1.0,KC_alpha_beta,L
11369,164818,1,1,ORN_VC2,ORN_VC2_L,ORN_VC2,olfactory,,cb_sensory,,L,target_to_SIFa,male-cns:v1.0,other,L
11369,165007,2,2,Tm5c,Tm5c_R,,,,ol_intrinsic,R,,target_to_SIFa,male-cns:v1.0,other,R
11369,168808,1,1,ORN_VM7v,ORN_VM7v_L,ORN_VM7v,olfactory,,cb_sensory,,L,target_to_SIFa,male-cns:v1.0,other,L
11369,168970,4,3,AN10B045,AN10B045_L,,,BA,ascending_neuron,L,,target_to_SIFa,male-cns:v1.0,other,L
11369,169034,1,1,KCab-s,KCab-s_L,"KCab-m,KCab-c,KCab-s",Kenyon_Cell,,cb_intrinsic,L,,target_to_SIFa,male-cns:v1.0,KC_alpha_beta,L
11369,169543,1,1,ORN_DA1,ORN_DA1_unknown,ORN_DA1,olfactory,,cb_sensory,,unknown,target_to_SIFa,male-cns:v1.0,other,unknown
11369,171388,1,1,AN05B100,AN05B100_L,,,BA,ascending_neuron,L,,target_to_SIFa,male-cns:v1.0,other,L
11369,171518,1,1,ORN_DM3,ORN_DM3_L,ORN_DM3,olfactory,,cb_sensory,,L,target_to_SIFa,male-cns:v1.0,other,L
11369,174172,1,1,ORN_DA1,ORN_DA1_unknown,ORN_DA1,olfactory,,cb_sensory,,unknown,target_to_SIFa,male-cns:v1.0,other,unknown
11369,174185,1,1,KCab-m,KCab-m_L,"KCab-m,KCab-c,KCab-s",Kenyon_Cell,,cb_intrinsic,L,,target_to_SIFa,male-cns:v1.0,KC_alpha_beta,L
11369,174273,1,1,Dm2,Dm2_R,,,,ol_intrinsic,R,,target_to_SIFa,male-cns:v1.0,other,R
11369,174420,1,1,AN09A005,AN09A005_R,,,BA,ascending_neuron,R,,target_to_SIFa,male-cns:v1.0,other,R
11369,175087,1,1,ORN_DL5,ORN_DL5_R,ORN_DL5,olfactory,,cb_sensory,,R,target_to_SIFa,male-cns:v1.0,other,R
11369,175290,1,1,ORN_DA1,ORN_DA1_L,ORN_DA1,olfactory,,cb_sensory,,L,target_to_SIFa,male-cns:v1.0,other,L
11369,177056,1,1,ORN_VA6,ORN_VA6_L,ORN_VA6,olfactory,,cb_sensory,,L,target_to_SIFa,male-cns:v1.0,other,L
11369,177204,1,1,ORN_VM3,ORN_VM3_R,ORN_VM3,olfactory,,cb_sensory,,R,target_to_SIFa,male-cns:v1.0,other,R
11369,177742,1,1,CB2152,CB2152_L,,,,cb_intrinsic,L,,target_to_SIFa,male-cns:v1.0,other,L
11369,178760,1,1,vDeltaA_b,vDeltaA_b_C3,vDeltaA_b,CX,,cb_intrinsic,L,,target_to_SIFa,male-cns:v1.0,other,unknown
11369,179084,1,1,KCab-s,KCab-s_L,"KCab-m,KCab-c,KCab-s",Kenyon_Cell,,cb_intrinsic,L,,target_to_SIFa,male-cns:v1.0,KC_alpha_beta,L
11369,181919,2,1,Mi2,Mi2_R,,,,ol_intrinsic,R,,target_to_SIFa,male-cns:v1.0,other,R
11369,182048,1,1,vDeltaA_a,vDeltaA_a(AB)_C5,vDeltaA_a,CX,,cb_intrinsic,L,,target_to_SIFa,male-cns:v1.0,other,unknown
11369,189518,1,1,ORN_DM1,ORN_DM1_L,ORN_DM1,olfactory,,cb_sensory,,L,target_to_SIFa,male-cns:v1.0,other,L
11369,190342,3,3,ORN_DM3,ORN_DM3_L,ORN_DM3,olfactory,,cb_sensory,,L,target_to_SIFa,male-cns:v1.0,other,L
11369,191158,1,1,ORN_DA1,ORN_DA1_unknown,ORN_DA1,olfactory,,cb_sensory,,unknown,target_to_SIFa,male-cns:v1.0,other,unknown
11369,192978,5,4,lLN2X12,lLN2X12_R,,ALLN,,cb_intrinsic,R,,target_to_SIFa,male-cns:v1.0,other,R
11369,193373,2,1,ORN_DL5,ORN_DL5_R,ORN_DL5,olfactory,,cb_sensory,,R,target_to_SIFa,male-cns:v1.0,other,R
11369,193957,1,1,ORN_DA1,ORN_DA1_R,ORN_DA1,olfactory,,cb_sensory,,R,target_to_SIFa,male-cns:v1.0,other,R
11369,194743,1,1,AN10B039,AN10B039_L,,,,ascending_neuron,L,,target_to_SIFa,male-cns:v1.0,other,L
11369,194882,1,1,ORN_DL1,ORN_DL1_L,ORN_DL1,olfactory,,cb_sensory,,L,target_to_SIFa,male-cns:v1.0,other,L
11369,195227,1,1,AN10B039,AN10B039_L,,,BA,ascending_neuron,L,,target_to_SIFa,male-cns:v1.0,other,L
11369,195264,2,2,AN09A005,AN09A005_L,,,BA,ascending_neuron,L,,target_to_SIFa,male-cns:v1.0,other,L
11369,195309,1,1,AN10B039,AN10B039_L,,,BA,ascending_neuron,L,,target_to_SIFa,male-cns:v1.0,other,L
11369,199226,1,1,ORN_DM3,ORN_DM3_R,ORN_DM3,olfactory,,cb_sensory,,R,target_to_SIFa,male-cns:v1.0,other,R
11369,200682,1,1,MNx04,MNx04_R,,,pm,cb_motor,R,,target_to_SIFa,male-cns:v1.0,other,R
11369,205491,1,1,AN10B039,AN10B039_L,,,,ascending_neuron,L,,target_to_SIFa,male-cns:v1.0,other,L
11369,207584,1,1,ORN_DM3,ORN_DM3_L,ORN_DM3,olfactory,,cb_sensory,,L,target_to_SIFa,male-cns:v1.0,other,L
11369,216660,1,1,L5,L5_R,,,,ol_intrinsic,R,,target_to_SIFa,male-cns:v1.0,other,R
11369,222777,1,1,AN09A005,AN09A005_R,,,BI,ascending_neuron,R,,target_to_SIFa,male-cns:v1.0,other,R
11369,224538,1,1,ORN_DM6,ORN_DM6_L,ORN_DM6,olfactory,,cb_sensory,,L,target_to_SIFa,male-cns:v1.0,other,L
11369,225286,1,1,ORN_DM5,ORN_DM5_R,ORN_DM5,olfactory,,cb_sensory,,R,target_to_SIFa,male-cns:v1.0,other,R
11369,225850,1,1,AN10B046,AN10B046_R,,,BA,ascending_neuron,R,,target_to_SIFa,male-cns:v1.0,other,R
11369,228766,1,1,ORN_DA1,ORN_DA1_unknown,ORN_DA1,olfactory,,cb_sensory,,unknown,target_to_SIFa,male-cns:v1.0,other,unknown
11369,229808,1,1,ORN_VL2p,ORN_VL2p_unknown,ORN_VL2p,olfactory,,cb_sensory,,unknown,target_to_SIFa,male-cns:v1.0,other,unknown
11369,230155,1,1,ORN_DC4,ORN_DC4_L,ORN_DC4,olfactory,,cb_sensory,,L,target_to_SIFa,male-cns:v1.0,other,L
11369,237740,1,1,ORN_DA1,ORN_DA1_L,ORN_DA1,olfactory,,cb_sensory,,L,target_to_SIFa,male-cns:v1.0,other,L
11369,238930,1,1,ORN_DA1,ORN_DA1_unknown,ORN_DA1,olfactory,,cb_sensory,,unknown,target_to_SIFa,male-cns:v1.0,other,unknown
11369,243595,1,1,ORN_DP1m,ORN_DP1m_L,ORN_DP1m,olfactory,,cb_sensory,,L,target_to_SIFa,male-cns:v1.0,other,L
11369,248081,4,3,ORN_DM3,ORN_DM3_R,ORN_DM3,olfactory,,cb_sensory,,R,target_to_SIFa,male-cns:v1.0,other,R
11369,262721,1,1,,,,,,,,,target_to_SIFa,male-cns:v1.0,other,unknown
11369,270872,1,1,ORN_VL2p,ORN_VL2p_R,ORN_VL2p,olfactory,,cb_sensory,,R,target_to_SIFa,male-cns:v1.0,other,R
11369,275267,1,1,ORN_DL1,ORN_DL1_R,ORN_DL1,olfactory,,cb_sensory,,R,target_to_SIFa,male-cns:v1.0,other,R
11369,279184,1,1,ORN_DM3,ORN_DM3_R,ORN_DM3,olfactory,,cb_sensory,,R,target_to_SIFa,male-cns:v1.0,other,R
11369,280052,1,1,AN27X024,AN27X024_L,,,BA,ascending_neuron,L,,target_to_SIFa,male-cns:v1.0,other,L
11369,282879,2,1,ORN_DM3,ORN_DM3_L,ORN_DM3,olfactory,,cb_sensory,,L,target_to_SIFa,male-cns:v1.0,other,L
11369,291638,2,2,ORN_DA1,ORN_DA1_R,ORN_DA1,olfactory,,cb_sensory,,R,target_to_SIFa,male-cns:v1.0,other,R
11369,297075,2,1,ORN_DM3,ORN_DM3_R,ORN_DM3,olfactory,,cb_sensory,,R,target_to_SIFa,male-cns:v1.0,other,R
11369,305537,1,1,GNG587,GNG587_R,,,,cb_intrinsic,R,,target_to_SIFa,male-cns:v1.0,other,R
11369,311114,2,2,ORN_VC4,ORN_VC4_L,ORN_VC4,olfactory,,cb_sensory,,L,target_to_SIFa,male-cns:v1.0,other,L
11369,341512,1,1,PAM04,PAM04(B2)_L,PAM04,DAN,,cb_intrinsic,L,,target_to_SIFa,male-cns:v1.0,DAN,L
11369,341776,5,2,ORN_VM6l,ORN_VM6l_R,ORN_VC5,olfactory,,cb_sensory,,R,target_to_SIFa,male-cns:v1.0,other,R
11369,383627,1,1,DNg28,DNg28_L,,,,efferent_descending,L,,target_to_SIFa,male-cns:v1.0,other,L
11369,426555,2,2,dorsal_tpGRN,dorsal_tpGRN_R,,gustatory,taste peg,cb_sensory,,R,target_to_SIFa,male-cns:v1.0,other,R
11369,464937,1,1,ORN_VC4,ORN_VC4_L,ORN_VC4,olfactory,,cb_sensory,,L,target_to_SIFa,male-cns:v1.0,other,L
11369,511807,2,1,VM7d_adPN,VM7d_adPN_R,VM7d_adPN,ALPN,,cb_intrinsic,R,,target_to_SIFa,male-cns:v1.0,other,R
11369,511810,45,40,ANXXX308,ANXXX308_R,,,BA,ascending_neuron,R,,target_to_SIFa,male-cns:v1.0,other,R
11369,511819,2,1,ORN_DA1,ORN_DA1_L,ORN_DA1,olfactory,,cb_sensory,,L,target_to_SIFa,male-cns:v1.0,other,L
11369,511823,6,6,AN09A005,AN09A005_R,,,XA,ascending_neuron,R,,target_to_SIFa,male-cns:v1.0,other,R
11369,511828,3,3,AN09A005,AN09A005_L,,,XA,ascending_neuron,L,,target_to_SIFa,male-cns:v1.0,other,L
11369,511976,1,1,ENS5,,,unknown_sensory,,cb_sensory,,R,target_to_SIFa,male-cns:v1.0,other,unknown
11369,512187,1,1,SMP056,SMP056_L,SMP056,,,cb_intrinsic,L,,target_to_SIFa,male-cns:v1.0,other,L
11369,512188,1,1,SMP092,SMP092_L,SMP092,,,cb_intrinsic,L,,target_to_SIFa,male-cns:v1.0,other,L
11369,512245,1,1,DNc01,DNc01_R,SIFa,,xn,descending_neuron,R,,target_to_SIFa,male-cns:v1.0,other,R
11369,512461,2,2,DNge172,DNge172_R,,,ad,descending_neuron,R,,target_to_SIFa,male-cns:v1.0,other,R
11369,512510,2,2,ANXXX084,ANXXX084_L,,,BA,ascending_neuron,L,,target_to_SIFa,male-cns:v1.0,other,L
11369,512514,1,1,EPG,EPG(PB08)_L1,EPG,CX,,cb_intrinsic,L,,target_to_SIFa,male-cns:v1.0,other,unknown
11369,512883,1,1,DL2d_adPN,DL2d_adPN_R,DL2d_adPN,ALPN,,cb_intrinsic,R,,target_to_SIFa,male-cns:v1.0,other,R
11369,512913,1,1,LB2a,LB2a_R,,gustatory,labellar bristle,cb_sensory,,R,target_to_SIFa,male-cns:v1.0,other,R
11369,513131,2,1,IB064,IB064_R,IB064,,,cb_intrinsic,R,,target_to_SIFa,male-cns:v1.0,other,R
11369,513158,4,3,AOTU007_b,AOTU007_b_L,AOTU007,,,cb_intrinsic,L,,target_to_SIFa,male-cns:v1.0,other,L
11369,513226,1,1,CB1330,CB1330_L,,,,cb_intrinsic,L,,target_to_SIFa,male-cns:v1.0,other,L
11369,513550,3,2,PS106,PS106_R,PS106,,,cb_intrinsic,R,,target_to_SIFa,male-cns:v1.0,other,R
11369,513646,2,2,PhG16,PhG16_R,,gustatory,pharyngeal sensillum,cb_sensory,,R,target_to_SIFa,male-cns:v1.0,other,R
11369,513734,1,1,ORN_VM7v,ORN_VM7v_R,ORN_VM7v,olfactory,,cb_sensory,,R,target_to_SIFa,male-cns:v1.0,other,R
11369,513930,2,1,MeVPMe2,MeVPMe2_L,,,,visual_projection,L,,target_to_SIFa,male-cns:v1.0,other,L
11369,514753,5,4,GNG568,GNG568_L,,,,cb_intrinsic,L,,target_to_SIFa,male-cns:v1.0,other,L
11369,516044,2,1,PAM04,PAM04(B2)_R,PAM04,DAN,,cb_intrinsic,R,,target_to_SIFa,male-cns:v1.0,DAN,R
11369,516285,1,1,GNG165,GNG165_R,,,,cb_intrinsic,R,,target_to_SIFa,male-cns:v1.0,other,R
11369,516418,2,2,SMP389_a,SMP389_a_R,SMP389,,,cb_intrinsic,R,,target_to_SIFa,male-cns:v1.0,other,R
11369,516976,8,8,GNG070,GNG070_L,,,,cb_intrinsic,L,,target_to_SIFa,male-cns:v1.0,other,L
11369,517352,1,1,ORN_DL2d,ORN_DL2d_L,ORN_DL2d,olfactory,,cb_sensory,,L,target_to_SIFa,male-cns:v1.0,other,L
11369,517481,1,1,SMP090,SMP090_L,SMP090,,,cb_intrinsic,L,,target_to_SIFa,male-cns:v1.0,other,L
11369,518020,1,1,TRN_VP1m,TRN_VP1m_R,TRN_VP1m,thermosensory,,cb_sensory,,R,target_to_SIFa,male-cns:v1.0,other,R
11369,518252,1,1,PRW054,PRW054_R,,,,cb_intrinsic,R,,target_to_SIFa,male-cns:v1.0,other,R
11369,518375,1,1,PFL2,PFL2(PB12b)_R3_C3,PFL2,CX,,cb_intrinsic,R,,target_to_SIFa,male-cns:v1.0,other,unknown
11369,519229,1,1,GNG290,GNG290_R,,,,cb_intrinsic,R,,target_to_SIFa,male-cns:v1.0,other,R
11369,519328,1,1,EPG,EPG(PB08)_L3,EPG,CX,,cb_intrinsic,L,,target_to_SIFa,male-cns:v1.0,other,unknown
11369,519658,2,2,MeVPMe2,MeVPMe2_L,,,,visual_projection,L,,target_to_SIFa,male-cns:v1.0,other,L
11369,519761,2,2,SMP082,SMP082_R,SMP082,,,cb_intrinsic,R,,target_to_SIFa,male-cns:v1.0,other,R
11369,519850,1,1,DA4m_adPN,DA4m_adPN_R,DA4m_adPN,ALPN,,cb_intrinsic,R,,target_to_SIFa,male-cns:v1.0,other,R
11369,520002,1,1,lLN1_bc,lLN1_bc_R,"lLN1_b,lLN1_c",ALLN,,cb_intrinsic,R,,target_to_SIFa,male-cns:v1.0,other,R
11369,520003,1,1,DL1_adPN,DL1_adPN_R,DL1_adPN,ALPN,,cb_intrinsic,R,,target_to_SIFa,male-cns:v1.0,other,R
11369,520178,5,3,AMMC010,AMMC010_R,,,,cb_intrinsic,R,,target_to_SIFa,male-cns:v1.0,other,R
11369,520232,1,1,PS003,PS003(PS006)_R,"PS003,PS006",,,cb_intrinsic,R,,target_to_SIFa,male-cns:v1.0,other,R
11369,520466,1,1,DM2_lPN,DM2_lPN_R,DM2_lPN,ALPN,,cb_intrinsic,R,,target_to_SIFa,male-cns:v1.0,other,R
11369,520475,3,2,DM5_lPN,DM5_lPN_R,DM5_lPN,ALPN,,cb_intrinsic,R,,target_to_SIFa,male-cns:v1.0,other,R
11369,520482,8,8,PS107,PS107_R,PS107,,,cb_intrinsic,R,,target_to_SIFa,male-cns:v1.0,other,R
11369,520646,1,1,PRW060,PRW060_R,,,,cb_intrinsic,R,,target_to_SIFa,male-cns:v1.0,other,R
11369,521028,7,7,IB018,IB018_R,IB018,,,cb_intrinsic,R,,target_to_SIFa,male-cns:v1.0,other,R
11369,521158,1,1,lLN2X12,lLN2X12_R,,ALLN,,cb_intrinsic,R,,target_to_SIFa,male-cns:v1.0,other,R
11369,521520,1,1,SMP083,SMP083_R,SMP083,,,cb_intrinsic,R,,target_to_SIFa,male-cns:v1.0,other,R
11369,521703,1,1,ORN_DP1m,ORN_DP1m_R,ORN_DP1m,olfactory,,cb_sensory,,R,target_to_SIFa,male-cns:v1.0,other,R
11369,521763,5,5,CL339,CL339_R,CL339,,,cb_intrinsic,R,,target_to_SIFa,male-cns:v1.0,other,R
11369,522477,1,1,PLP141,PLP141_R,PLP141,,,cb_intrinsic,R,,target_to_SIFa,male-cns:v1.0,other,R
11369,523329,2,2,DNa10,DNa10_L,DNa10,,xn,descending_neuron,L,,target_to_SIFa,male-cns:v1.0,other,L
11369,523351,3,3,DL2d_adPN,DL2d_adPN_R,DL2d_adPN,ALPN,,cb_intrinsic,R,,target_to_SIFa,male-cns:v1.0,other,R
11369,523591,4,1,il3LN6,il3LN6_L,il3LN6,ALLN,,cb_intrinsic,L,,target_to_SIFa,male-cns:v1.0,other,L
11369,523675,3,3,AN27X013,AN27X013_L,,,XA,ascending_neuron,L,,target_to_SIFa,male-cns:v1.0,other,L
11369,524073,2,1,EPG,EPG(PB08)_L2,EPG,CX,,cb_intrinsic,L,,target_to_SIFa,male-cns:v1.0,other,unknown
11369,524088,1,1,SMP461,SMP461_L,SMP461,,,cb_intrinsic,L,,target_to_SIFa,male-cns:v1.0,other,L
11369,524208,1,1,lLN2X12,lLN2X12_R,,ALLN,,cb_intrinsic,R,,target_to_SIFa,male-cns:v1.0,other,R
11369,524643,3,3,SMP501,SMP501(SMP502)_R,"SMP501,SMP502",,,cb_intrinsic,R,,target_to_SIFa,male-cns:v1.0,other,R
11369,524761,2,2,AN09A005,AN09A005_L,,,XA,ascending_neuron,L,,target_to_SIFa,male-cns:v1.0,other,L
11369,525105,10,9,DL5_adPN,DL5_adPN_R,DL5_adPN,ALPN,,cb_intrinsic,R,,target_to_SIFa,male-cns:v1.0,other,R
11369,525127,2,2,CB0221,CB0221_R,"PS255,PS256,PS257,PS258",,,cb_intrinsic,R,,target_to_SIFa,male-cns:v1.0,other,R
11369,525227,1,1,ORN_VC3,ORN_VC3_R,ORN_VC3l,olfactory,,cb_sensory,,R,target_to_SIFa,male-cns:v1.0,other,R
11369,526505,82,78,ANXXX308,ANXXX308_L,,,BA,ascending_neuron,L,,target_to_SIFa,male-cns:v1.0,other,L
11369,530083,1,1,WED166_d,WED166_d_L,"WED166_c,WED027",,,cb_intrinsic,L,,target_to_SIFa,male-cns:v1.0,other,L
11369,530283,2,2,PRW008,PRW008_R,,,,cb_intrinsic,R,,target_to_SIFa,male-cns:v1.0,other,R
11369,530777,2,1,lLN2X04,lLN2X04_R,,ALLN,,cb_intrinsic,R,,target_to_SIFa,male-cns:v1.0,other,R
11369,531299,1,1,GNG627,GNG627_R,,,,cb_intrinsic,R,,target_to_SIFa,male-cns:v1.0,other,R
11369,531310,1,1,SMP539,SMP539_R,SMP539,,,cb_intrinsic,R,,target_to_SIFa,male-cns:v1.0,other,R
11369,531334,1,1,,,,,,cb_intrinsic,R,,target_to_SIFa,male-cns:v1.0,other,unknown
11369,533368,2,1,AN10B005,AN10B005(IB113)_L,IB113,,BA,ascending_neuron,L,,target_to_SIFa,male-cns:v1.0,other,L
11369,535042,1,1,FB8A,FB8A_R,FB8A,CX,,cb_intrinsic,R,,target_to_SIFa,male-cns:v1.0,other,R
11369,536275,1,1,LN-DN2,LN-DN2_L,,unknown_sensory,,sensory_descending,,L,target_to_SIFa,male-cns:v1.0,other,L
11369,537032,5,3,LT33,LT33_L,LT33,,,ol_intrinsic,L,,target_to_SIFa,male-cns:v1.0,other,L
11369,538117,1,1,LB4b,LB4b_R,,gustatory,labellar bristle,cb_sensory,,R,target_to_SIFa,male-cns:v1.0,other,R
11369,541552,1,1,ORN_DM1,ORN_DM1_L,ORN_DM1,olfactory,,cb_sensory,,L,target_to_SIFa,male-cns:v1.0,other,L
11369,541572,11,10,PS108,PS108_R,PS108,,,cb_intrinsic,R,,target_to_SIFa,male-cns:v1.0,other,R
11369,545974,1,1,JO-EV3,JO-EV3_R,,mechanosensory,wind_gravity,cb_sensory,,R,target_to_SIFa,male-cns:v1.0,other,R
11369,548340,1,1,KCab-m,KCab-m_L,"KCab-m,KCab-c,KCab-s",Kenyon_Cell,,cb_intrinsic,L,,target_to_SIFa,male-cns:v1.0,KC_alpha_beta,L
11369,549229,2,1,EA27X006,EA27X006_R,,,,efferent_ascending,R,,target_to_SIFa,male-cns:v1.0,other,R
11369,551294,3,2,lLN2P_c,lLN2P_c_R,lLN2P_c,ALLN,,cb_intrinsic,R,,target_to_SIFa,male-cns:v1.0,other,R
11369,554231,3,2,ORN_VC3,ORN_VC3_unknown,ORN_VC3l,olfactory,,cb_sensory,,unknown,target_to_SIFa,male-cns:v1.0,other,unknown
11369,555261,1,1,SAxx01,SAxx01_R,,unknown_sensory,abdomen,sensory_ascending,,R,target_to_SIFa,male-cns:v1.0,other,R
11369,555727,1,1,LAL119,LAL119_L,LAL119,,,cb_intrinsic,L,,target_to_SIFa,male-cns:v1.0,other,L
11369,555769,1,1,SMP090,SMP090_L,SMP090,,,cb_intrinsic,L,,target_to_SIFa,male-cns:v1.0,other,L
11369,556347,1,1,EPG,EPG(PB08)_R4,EPG,CX,,cb_intrinsic,R,,target_to_SIFa,male-cns:v1.0,other,unknown
11369,556539,1,1,AN27X018,AN27X018_L,,,BA,ascending_neuron,L,,target_to_SIFa,male-cns:v1.0,other,L
11369,562992,6,6,PLP213,PLP213_R,PLP213,,,cb_intrinsic,R,,target_to_SIFa,male-cns:v1.0,other,R
11369,565132,1,1,ORN_DM2,ORN_DM2_R,ORN_DM2,olfactory,,cb_sensory,,R,target_to_SIFa,male-cns:v1.0,other,R
11369,568444,5,5,PRW006,PRW006_R,,,,cb_intrinsic,R,,target_to_SIFa,male-cns:v1.0,other,R
11369,590182,1,1,PLP241,PLP241_R,PLP241,,,cb_intrinsic,R,,target_to_SIFa,male-cns:v1.0,other,R
11369,800353,1,1,IN08A002,IN08A002_R,,,IR,vnc_intrinsic,R,,target_to_SIFa,male-cns:v1.0,other,R
11369,800555,1,1,IN05B094,IN05B094_L,,,BI,vnc_intrinsic,L,,target_to_SIFa,male-cns:v1.0,other,L
11369,800590,1,1,IN19A032,IN19A032_R,,,BI,vnc_intrinsic,R,,target_to_SIFa,male-cns:v1.0,other,R
11369,800784,1,1,IN12B007,IN12B007_R,,,CR,vnc_intrinsic,R,,target_to_SIFa,male-cns:v1.0,other,R
11369,801184,1,1,INXXX058,INXXX058_R,,,BI,vnc_intrinsic,R,,target_to_SIFa,male-cns:v1.0,other,R
11369,801691,1,1,IN23B043,IN23B043_L,,,BR,vnc_intrinsic,L,,target_to_SIFa,male-cns:v1.0,other,L
11369,802124,3,2,IN00A017,IN00A017_M,,,BI,vnc_intrinsic,M,,target_to_SIFa,male-cns:v1.0,other,unknown
11369,802127,1,1,IN13A008,IN13A008_L,,,IR,vnc_intrinsic,L,,target_to_SIFa,male-cns:v1.0,other,L
11369,802366,1,1,INXXX315,INXXX315_L,,,BI,vnc_intrinsic,L,,target_to_SIFa,male-cns:v1.0,other,L
11369,802420,2,1,IN23B024,IN23B024_L,,,BR,vnc_intrinsic,L,,target_to_SIFa,male-cns:v1.0,other,L
11369,802477,1,1,IN23B016,IN23B016_L,,,BI,vnc_intrinsic,L,,target_to_SIFa,male-cns:v1.0,other,L
11369,803339,1,1,INXXX243,INXXX243_R,,,,vnc_intrinsic,R,,target_to_SIFa,male-cns:v1.0,other,R
11369,803452,1,1,INXXX249,INXXX249_R,,,BR,vnc_intrinsic,R,,target_to_SIFa,male-cns:v1.0,other,R
11369,803968,1,1,IN10B055,IN10B055_R,,,,vnc_intrinsic,R,,target_to_SIFa,male-cns:v1.0,other,R
11369,804411,1,1,INXXX290,INXXX290_L,,,BR,vnc_intrinsic,L,,target_to_SIFa,male-cns:v1.0,other,L
11369,805099,1,1,IN23B074,IN23B074_R,,,BI,vnc_intrinsic,R,,target_to_SIFa,male-cns:v1.0,other,R
11369,805229,2,1,IN27X003,IN27X003_L,,,BI,vnc_intrinsic,L,,target_to_SIFa,male-cns:v1.0,other,L
11369,805244,1,1,IN19B040,IN19B040_L,,,BI,vnc_intrinsic,L,,target_to_SIFa,male-cns:v1.0,other,L
11369,805362,3,3,AN27X011,AN27X011_L,,,BA,ascending_neuron,L,,target_to_SIFa,male-cns:v1.0,other,L
11369,805380,1,1,IN14A029,IN14A029_L,,,BR,vnc_intrinsic,L,,target_to_SIFa,male-cns:v1.0,other,L
11369,805592,1,1,IN10B028,IN10B028_L,,,BI,vnc_intrinsic,L,,target_to_SIFa,male-cns:v1.0,other,L
11369,806653,1,1,IN23B044,IN23B044_L,,,BR,vnc_intrinsic,L,,target_to_SIFa,male-cns:v1.0,other,L
11369,806695,1,1,SNpp40,,,mechanosensory_proprioceptive,chordotonal organ,vnc_sensory,,R,target_to_SIFa,male-cns:v1.0,other,unknown
11369,807072,3,2,INXXX343,INXXX343_L,,,BR,vnc_intrinsic,L,,target_to_SIFa,male-cns:v1.0,other,L
11369,807101,1,1,IN09B045,IN09B045_L,,,BI,vnc_intrinsic,L,,target_to_SIFa,male-cns:v1.0,other,L
11369,807156,1,1,IN23B071,IN23B071_L,,,BI,vnc_intrinsic,L,,target_to_SIFa,male-cns:v1.0,other,L
11369,807409,1,1,IN23B074,IN23B074_R,,,BI,vnc_intrinsic,R,,target_to_SIFa,male-cns:v1.0,other,R
11369,807863,1,1,,,,unknown_sensory,abdomen,vnc_sensory,,L,target_to_SIFa,male-cns:v1.0,other,unknown
11369,808335,1,1,AN09B018,AN09B018_R,,,BA,ascending_neuron,R,,target_to_SIFa,male-cns:v1.0,other,R
11369,808417,1,1,SNpp40,,,mechanosensory_proprioceptive,chordotonal organ,vnc_sensory,,L,target_to_SIFa,male-cns:v1.0,other,unknown
11369,808963,4,3,SNpp23,,,mechanosensory_proprioceptive,haltere,vnc_sensory,,L,target_to_SIFa,male-cns:v1.0,other,unknown
11369,809056,3,3,SNppxx,,,mechanosensory_proprioceptive,leg,vnc_sensory,,R,target_to_SIFa,male-cns:v1.0,other,unknown
11369,809312,1,1,IN13B058,IN13B058_L,,,CR,vnc_intrinsic,L,,target_to_SIFa,male-cns:v1.0,other,L
11369,810009,4,4,SNpp23,,,mechanosensory_proprioceptive,haltere,vnc_sensory,,L,target_to_SIFa,male-cns:v1.0,other,unknown
11369,810117,2,2,INXXX295,INXXX295_L,,,BI,vnc_intrinsic,L,,target_to_SIFa,male-cns:v1.0,other,L
11369,810295,1,1,INXXX452,INXXX452_R,,,BR,vnc_intrinsic,R,,target_to_SIFa,male-cns:v1.0,other,R
11369,810811,2,2,LgLG4,LgLG4_L,,gustatory,leg bristle,vnc_sensory,,L,target_to_SIFa,male-cns:v1.0,other,L
11369,811060,1,1,IN14A029,IN14A029_L,,,BR,vnc_intrinsic,L,,target_to_SIFa,male-cns:v1.0,other,L
11369,811883,1,1,LgLG1a,LgLG1a_L,,gustatory,leg bristle,vnc_sensory,,L,target_to_SIFa,male-cns:v1.0,other,L
11369,812767,1,1,IN14A029,IN14A029_L,,,BR,vnc_intrinsic,L,,target_to_SIFa,male-cns:v1.0,other,L
11369,812970,1,1,SNta03,,,mechanosensory_tactile,mechanosensory bristle,vnc_sensory,,R,target_to_SIFa,male-cns:v1.0,other,unknown
11369,813076,3,3,IN09A005,IN09A005_L,,,BI,vnc_intrinsic,L,,target_to_SIFa,male-cns:v1.0,other,L
11369,813264,1,1,EN00B008,EN00B008_M,,,,vnc_efferent,M,,target_to_SIFa,male-cns:v1.0,other,unknown
11369,813348,3,2,SNxxxx,,,mechanosensory_proprioceptive,leg,vnc_sensory,,L,target_to_SIFa,male-cns:v1.0,other,unknown
11369,814115,1,1,IN09A005,IN09A005_L,,,BI,vnc_intrinsic,L,,target_to_SIFa,male-cns:v1.0,other,L
11369,814468,1,1,INXXX245,INXXX245_L,,,BI,vnc_intrinsic,L,,target_to_SIFa,male-cns:v1.0,other,L
11369,814676,1,1,SNxx25,,,unknown_sensory,haltere,vnc_sensory,,L,target_to_SIFa,male-cns:v1.0,other,unknown
11369,814854,1,1,IN10B057,IN10B057_L,,,,vnc_intrinsic,L,,target_to_SIFa,male-cns:v1.0,other,L
11369,815961,1,1,SNxx21,,,unknown_sensory,abdomen,vnc_sensory,,R,target_to_SIFa,male-cns:v1.0,other,unknown
11369,816463,1,1,SNxx29,,,unknown_sensory,leg,vnc_sensory,,L,target_to_SIFa,male-cns:v1.0,other,unknown
11369,816498,2,1,SNpp60,,,mechanosensory_proprioceptive,chordotonal organ,vnc_sensory,,L,target_to_SIFa,male-cns:v1.0,other,unknown
11369,817019,5,5,AN27X018,AN27X018_R,,,BA,ascending_neuron,R,,target_to_SIFa,male-cns:v1.0,other,R
11369,819096,3,3,IN09A005,IN09A005_R,,,BI,vnc_intrinsic,R,,target_to_SIFa,male-cns:v1.0,other,R
11369,819645,1,1,"SApp23,SNpp56",,,mechanosensory_proprioceptive,chordotonal organ,vnc_sensory,,L,target_to_SIFa,male-cns:v1.0,other,unknown
11369,823540,4,4,,,,mechanosensory_proprioceptive,leg,vnc_sensory,,R,target_to_SIFa,male-cns:v1.0,other,unknown
11369,826175,1,1,,,,unknown_sensory,abdomen,vnc_sensory,,L,target_to_SIFa,male-cns:v1.0,other,unknown
11369,828667,1,1,SNpp59,,,mechanosensory_proprioceptive,chordotonal organ,vnc_sensory,,L,target_to_SIFa,male-cns:v1.0,other,unknown
11369,832815,1,1,SNxxxx,,,unknown_sensory,leg,vnc_sensory,,R,target_to_SIFa,male-cns:v1.0,other,unknown
11369,855317,1,1,SNpp42,,,mechanosensory_proprioceptive,chordotonal organ,vnc_sensory,,R,target_to_SIFa,male-cns:v1.0,other,unknown
11369,901270,2,2,SLP324,SLP324_R,SLP324,,,cb_intrinsic,R,,target_to_SIFa,male-cns:v1.0,other,R
11369,903394,1,1,IN20A.22A059,IN20A.22A059_L,,,IR,vnc_intrinsic,L,,target_to_SIFa,male-cns:v1.0,other,L
11369,903887,1,1,IN23B074,IN23B074_L,,,BI,vnc_intrinsic,L,,target_to_SIFa,male-cns:v1.0,other,L
11369,904624,1,1,IN00A017,IN00A017_M,,,BR,vnc_intrinsic,M,,target_to_SIFa,male-cns:v1.0,other,unknown
11369,904821,3,3,INXXX295,INXXX295_R,,,BI,vnc_intrinsic,R,,target_to_SIFa,male-cns:v1.0,other,R
11369,906663,1,1,INXXX364,INXXX364_L,,,BR,vnc_intrinsic,L,,target_to_SIFa,male-cns:v1.0,other,L
11369,908533,2,2,SNpp40,,,mechanosensory_proprioceptive,chordotonal organ,vnc_sensory,,L,target_to_SIFa,male-cns:v1.0,other,unknown
11369,908622,2,1,IN10B028,IN10B028_L,,,BI,vnc_intrinsic,L,,target_to_SIFa,male-cns:v1.0,other,L
11369,908829,1,1,SNxx20,,,unknown_sensory,abdomen,vnc_sensory,,L,target_to_SIFa,male-cns:v1.0,other,unknown
11369,909818,1,1,PAM03,PAM03(B2B'2a)_R,PAM03,DAN,,cb_intrinsic,R,,target_to_SIFa,male-cns:v1.0,DAN,R
11369,909834,1,1,SNppxx,,,mechanosensory_proprioceptive,leg,vnc_sensory,,R,target_to_SIFa,male-cns:v1.0,other,unknown
11369,910588,2,2,IN27X003,IN27X003_R,,,BI,vnc_intrinsic,R,,target_to_SIFa,male-cns:v1.0,other,R
11369,911406,1,1,IN01B065,IN01B065_L,,,IR,vnc_intrinsic,L,,target_to_SIFa,male-cns:v1.0,other,L
11369,912223,1,1,IN10B059,IN10B059_L,,,,vnc_intrinsic,L,,target_to_SIFa,male-cns:v1.0,other,L
11369,912294,2,1,IN00A004,IN00A004_M,,,BI,vnc_intrinsic,M,,target_to_SIFa,male-cns:v1.0,other,unknown
11369,916953,1,1,LB3d,LB3d_R,,gustatory,labellar bristle,cb_sensory,,R,target_to_SIFa,male-cns:v1.0,other,R
11369,918582,1,1,lLN2P_a,lLN2P_a_R,lLN2P_a,ALLN,,cb_intrinsic,R,,target_to_SIFa,male-cns:v1.0,other,R
11369,919942,6,5,GNG191,GNG191_R,,,,cb_intrinsic,R,,target_to_SIFa,male-cns:v1.0,other,R
11369,921952,1,1,ORN_VA3,ORN_VA3_R,ORN_VA3,olfactory,,cb_sensory,,R,target_to_SIFa,male-cns:v1.0,other,R
11369,922015,2,1,,,,,,,,,target_to_SIFa,male-cns:v1.0,other,unknown
11369,925402,1,1,,,,,,,,,target_to_SIFa,male-cns:v1.0,other,unknown
11369,925421,2,2,ORN_DM3,ORN_DM3_L,ORN_DM3,olfactory,,cb_sensory,,L,target_to_SIFa,male-cns:v1.0,other,L
11369,925541,1,1,ORN_DL1,ORN_DL1_R,ORN_DL1,olfactory,,cb_sensory,,R,target_to_SIFa,male-cns:v1.0,other,R
11369,926058,2,2,ORN_VL2p,ORN_VL2p_unknown,ORN_VL2p,olfactory,,cb_sensory,,unknown,target_to_SIFa,male-cns:v1.0,other,unknown
11369,932849,1,1,IN23B074,IN23B074_L,,,BI,vnc_intrinsic,L,,target_to_SIFa,male-cns:v1.0,other,L
11369,933250,1,1,SNpp60,,,mechanosensory_proprioceptive,chordotonal organ,vnc_sensory,,L,target_to_SIFa,male-cns:v1.0,other,unknown
11369,936775,1,1,INXXX283,INXXX283_R,,,BR,vnc_intrinsic,R,,target_to_SIFa,male-cns:v1.0,other,R
11369,936810,1,1,IN09A005,IN09A005_R,,,BR,vnc_intrinsic,R,,target_to_SIFa,male-cns:v1.0,other,R
11369,940584,1,1,IN01A032,IN01A032_R,,,CR,vnc_intrinsic,R,,target_to_SIFa,male-cns:v1.0,other,R
11369,940697,1,1,INXXX370,INXXX370_R,,,BR,vnc_intrinsic,R,,target_to_SIFa,male-cns:v1.0,other,R
11369,943264,1,1,ORN_VL2a,ORN_VL2a_unknown,ORN_VL2a,olfactory,,cb_sensory,,unknown,target_to_SIFa,male-cns:v1.0,other,unknown
11369,946174,3,2,SNpp12,,,mechanosensory_proprioceptive,haltere,vnc_sensory,,R,target_to_SIFa,male-cns:v1.0,other,unknown
11369,102317324,1,1,MN1,MN1_R,,,pm,cb_motor,R,,target_to_SIFa,male-cns:v1.0,other,R
11369,273896622,1,1,ORN_DL3,ORN_DL3_unknown,ORN_DL3,olfactory,,cb_sensory,,unknown,target_to_SIFa,male-cns:v1.0,other,unknown
11369,388541892,1,1,LB3a,LB3a_R,,gustatory,labellar bristle,cb_sensory,,R,target_to_SIFa,male-cns:v1.0,other,R
11369,587865169,1,1,ORN_VC4,ORN_VC4_L,ORN_VC4,olfactory,,cb_sensory,,L,target_to_SIFa,male-cns:v1.0,other,L
11369,645072004,3,3,ORN_DM3,ORN_DM3_R,ORN_DM3,olfactory,,cb_sensory,,R,target_to_SIFa,male-cns:v1.0,other,R
11369,838317828,1,1,ORN_DM3,ORN_DM3_L,ORN_DM3,olfactory,,cb_sensory,,L,target_to_SIFa,male-cns:v1.0,other,L
11369,881104563,1,1,ORN_DM3,ORN_DM3_L,ORN_DM3,olfactory,,cb_sensory,,L,target_to_SIFa,male-cns:v1.0,other,L
11369,920123027,1,1,ORN_V,ORN_V_R,ORN_V,olfactory,,cb_sensory,,R,target_to_SIFa,male-cns:v1.0,other,R
11369,937123302,2,1,ORN_DM3,ORN_DM3_R,ORN_DM3,olfactory,,cb_sensory,,R,target_to_SIFa,male-cns:v1.0,other,R
11369,998332378,1,1,ORN_VL2p,ORN_VL2p_R,ORN_VL2p,olfactory,,cb_sensory,,R,target_to_SIFa,male-cns:v1.0,other,R
11369,1050350155,1,1,INXXX372,INXXX372_L,,,BR,vnc_intrinsic,L,,target_to_SIFa,male-cns:v1.0,other,L
11369,1054870177,2,1,IN10B041,IN10B041_L,,,,vnc_intrinsic,L,,target_to_SIFa,male-cns:v1.0,other,L
512245,10011,2,2,OA-AL2i1,OA-AL2i1_L,P1-9,,,visual_centrifugal,L,,target_to_SIFa,male-cns:v1.0,other,L
512245,10074,1,1,PVLP010,PVLP010_L,PVLP010,,,cb_intrinsic,L,,target_to_SIFa,male-cns:v1.0,other,L
512245,10082,1,1,AVLP016,AVLP016_R,AVLP016,,,cb_intrinsic,R,,target_to_SIFa,male-cns:v1.0,other,R
512245,10096,3,3,lLN2F_a,lLN2F_a(Full)_L,lLN2F_a,ALLN,,cb_intrinsic,L,,target_to_SIFa,male-cns:v1.0,other,L
512245,10111,2,1,DM3_adPN,DM3_adPN_L,DM3_adPN,ALPN,,cb_intrinsic,L,,target_to_SIFa,male-cns:v1.0,other,L
512245,10133,4,1,lLN2F_b,lLN2F_b(Full)_L,lLN2F_b,ALLN,,cb_intrinsic,L,,target_to_SIFa,male-cns:v1.0,other,L
512245,10143,2,2,DNp30,DNp30_L,DSKMP1A,,xn,descending_neuron,L,,target_to_SIFa,male-cns:v1.0,other,L
512245,10150,1,1,AN27X013,AN27X013_R,,,XA,ascending_neuron,R,,target_to_SIFa,male-cns:v1.0,other,R
512245,10169,2,2,lLN2F_b,lLN2F_b(Full)_R,lLN2F_b,ALLN,,cb_intrinsic,R,,target_to_SIFa,male-cns:v1.0,other,R
512245,10176,3,1,DM1_lPN,DM1_lPN_R,DM1_lPN,ALPN,,cb_intrinsic,R,,target_to_SIFa,male-cns:v1.0,other,R
512245,10190,1,1,MeVPMe2,MeVPMe2_R,,,,visual_projection,R,,target_to_SIFa,male-cns:v1.0,other,R
512245,10195,1,1,DNp29,DNp29(NPFP1)_R,NPFP1,,xn,descending_neuron,R,,target_to_SIFa,male-cns:v1.0,other,R
512245,10201,2,2,lLN2T_c,lLN2T_c(Tortuous)_R,lLN2T_c,ALLN,,cb_intrinsic,R,,target_to_SIFa,male-cns:v1.0,other,R
512245,10208,4,3,DM1_lPN,DM1_lPN_L,DM1_lPN,ALPN,,cb_intrinsic,L,,target_to_SIFa,male-cns:v1.0,other,L
512245,10226,2,2,OA-AL2i3,OA-AL2i3_L,aMe14a,,,visual_centrifugal,L,,target_to_SIFa,male-cns:v1.0,other,L
512245,10230,2,2,SIP136m,SIP136m_R,,,,cb_intrinsic,R,,target_to_SIFa,male-cns:v1.0,other,R
512245,10244,1,1,DNp55,DNp55(WED180)_L,WED180,,xn,descending_neuron,L,,target_to_SIFa,male-cns:v1.0,other,L
512245,10272,2,1,MeVPMe2,MeVPMe2_L,,,,visual_projection,L,,target_to_SIFa,male-cns:v1.0,other,L
512245,10282,1,1,Dm17,Dm17_L,,,,ol_intrinsic,L,,target_to_SIFa,male-cns:v1.0,other,L
512245,10306,2,2,aMe17e,aMe17e_L,aMe17a,,,visual_centrifugal,L,,target_to_SIFa,male-cns:v1.0,other,L
512245,10321,4,2,VL2p_adPN,VL2p_adPN_L,VL2p_adPN,ALPN,,cb_intrinsic,L,,target_to_SIFa,male-cns:v1.0,other,L
512245,10324,2,1,ExR1,ExR1_R,ExR1,CX,,cb_intrinsic,R,,target_to_SIFa,male-cns:v1.0,other,R
512245,10340,2,2,MeVPMe1,MeVPMe1_L,,,,visual_projection,L,,target_to_SIFa,male-cns:v1.0,other,L
512245,10342,13,12,DNc02,DNc02(SIFa)_R,SIFa,,xn,descending_neuron,R,,target_to_SIFa,male-cns:v1.0,other,R
512245,10347,2,2,LHPV6q1,LHPV6q1_L,LHPV6q1,,,cb_intrinsic,L,,target_to_SIFa,male-cns:v1.0,other,L
512245,10376,4,2,lLN2F_b,lLN2F_b(Full)_L,lLN2F_b,ALLN,,cb_intrinsic,L,,target_to_SIFa,male-cns:v1.0,other,L
512245,10397,1,1,lLN2T_a,lLN2T_a(Tortuous)_L,lLN2T_a,ALLN,,cb_intrinsic,L,,target_to_SIFa,male-cns:v1.0,other,L
512245,10408,2,2,VP1d+VP4_l2PN2,VP1d+VP4_l2PN2_R,VP1d+VP4_l2PN2,ALPN,,cb_intrinsic,R,,target_to_SIFa,male-cns:v1.0,other,R
512245,10414,1,1,LT33,LT33_R,LT33,,,ol_intrinsic,R,,target_to_SIFa,male-cns:v1.0,other,R
512245,10423,6,4,DP1l_adPN,DP1l_adPN_R,DP1l_adPN,ALPN,,cb_intrinsic,R,,target_to_SIFa,male-cns:v1.0,other,R
512245,10447,2,1,DNge138,DNge138_M,,,xn,descending_neuron,M,,target_to_SIFa,male-cns:v1.0,other,unknown
512245,10456,1,1,lLN2F_a,lLN2F_a(Full)_R,lLN2F_a,ALLN,,cb_intrinsic,R,,target_to_SIFa,male-cns:v1.0,other,R
512245,10463,1,1,lLN1_bc,lLN1_bc_L,"lLN1_b,lLN1_c",ALLN,,cb_intrinsic,L,,target_to_SIFa,male-cns:v1.0,other,L
512245,10470,2,2,DC1_adPN,DC1_adPN_L,DC1_adPN,ALPN,,cb_intrinsic,L,,target_to_SIFa,male-cns:v1.0,other,L
512245,10515,2,1,lLN2F_b,lLN2F_b(Full)_R,lLN2F_b,ALLN,,cb_intrinsic,R,,target_to_SIFa,male-cns:v1.0,other,R
512245,10524,2,1,DP1l_adPN,DP1l_adPN_L,DP1l_adPN,ALPN,,cb_intrinsic,L,,target_to_SIFa,male-cns:v1.0,other,L
512245,10530,4,3,VL1_ilPN,VL1_ilPN_L,VL1_ilPN,ALPN,BI,cb_intrinsic,L,,target_to_SIFa,male-cns:v1.0,other,L
512245,10551,2,2,aMe17c,aMe17c_L,aMe17c,,,visual_centrifugal,L,,target_to_SIFa,male-cns:v1.0,other,L
512245,10561,6,4,VA2_adPN,VA2_adPN_L,VA2_adPN,ALPN,,cb_intrinsic,L,,target_to_SIFa,male-cns:v1.0,other,L
512245,10572,1,1,Dm19,Dm19_L,,,,ol_intrinsic,L,,target_to_SIFa,male-cns:v1.0,other,L
512245,10593,5,3,AL-MBDL1,AL-MBDL1_L,AL-MBDL1,ALIN,,cb_intrinsic,L,,target_to_SIFa,male-cns:v1.0,other,L
512245,10613,8,5,DM4_adPN,DM4_adPN_R,DM4_adPN,ALPN,,cb_intrinsic,R,,target_to_SIFa,male-cns:v1.0,other,R
512245,10624,2,2,ExR5,ExR5_R,ExR5,CX,,cb_intrinsic,R,,target_to_SIFa,male-cns:v1.0,other,R
512245,10650,2,2,lLN2T_c,lLN2T_c(Tortuous)_R,lLN2T_c,ALLN,,cb_intrinsic,R,,target_to_SIFa,male-cns:v1.0,other,R
512245,10652,2,2,OA-AL2i4,OA-AL2i4_L,,,,visual_centrifugal,L,,target_to_SIFa,male-cns:v1.0,other,L
512245,10670,6,2,DM4_adPN,DM4_adPN_L,DM4_adPN,ALPN,,cb_intrinsic,L,,target_to_SIFa,male-cns:v1.0,other,L
512245,10673,1,1,GNG002,GNG002_M,,,,cb_intrinsic,L,,target_to_SIFa,male-cns:v1.0,other,unknown
512245,10705,2,1,DNc02,DNc02(SIFa)_L,SIFa,,xn,descending_neuron,L,,target_to_SIFa,male-cns:v1.0,other,L
512245,10736,2,1,VP2_adPN,VP2_adPN_L,VP2_adPN,ALPN,,cb_intrinsic,L,,target_to_SIFa,male-cns:v1.0,other,L
512245,10750,1,1,MeVC3,MeVC3_R,PS134,,,visual_centrifugal,R,,target_to_SIFa,male-cns:v1.0,other,R
512245,10767,4,2,DL5_adPN,DL5_adPN_L,DL5_adPN,ALPN,,cb_intrinsic,L,,target_to_SIFa,male-cns:v1.0,other,L
512245,10822,1,1,DNge047,DNge047_R,,,xn,descending_neuron,R,,target_to_SIFa,male-cns:v1.0,other,R
512245,10825,1,1,OA-AL2i3,OA-AL2i3_R,aMe14a,,,visual_centrifugal,R,,target_to_SIFa,male-cns:v1.0,other,R
512245,10843,3,3,Cm31a,Cm31a_R,,,,ol_intrinsic,R,,target_to_SIFa,male-cns:v1.0,other,R
512245,10847,1,1,AVLP532,AVLP532_R,AVLP532,,,cb_intrinsic,R,,target_to_SIFa,male-cns:v1.0,other,R
512245,10852,1,1,LoVC18,"LoVC18(PLP030,PLP031)_L",PLP030,,,visual_centrifugal,L,,target_to_SIFa,male-cns:v1.0,other,L
512245,10877,1,1,VA6_adPN,VA6_adPN_L,VA6_adPN,ALPN,,cb_intrinsic,L,,target_to_SIFa,male-cns:v1.0,other,L
512245,10904,2,2,VC1_lPN,VC1_lPN_R,VC1_lPN,ALPN,,cb_intrinsic,R,,target_to_SIFa,male-cns:v1.0,other,R
512245,10925,1,1,AVLP542,AVLP542_R,AVLP542,,,cb_intrinsic,R,,target_to_SIFa,male-cns:v1.0,other,R
512245,10942,3,3,lLN2T_a,lLN2T_a(Tortuous)_R,lLN2T_a,ALLN,,cb_intrinsic,R,,target_to_SIFa,male-cns:v1.0,other,R
512245,10953,1,1,Dm19,Dm19_L,,,,ol_intrinsic,L,,target_to_SIFa,male-cns:v1.0,other,L
512245,10966,4,3,Cm31a,Cm31a_L,,,,ol_intrinsic,L,,target_to_SIFa,male-cns:v1.0,other,L
512245,10992,1,1,PVLP122,PVLP122_L,PVLP122,,,cb_intrinsic,L,,target_to_SIFa,male-cns:v1.0,other,L
512245,11019,1,1,Dm19,Dm19_L,,,,ol_intrinsic,L,,target_to_SIFa,male-cns:v1.0,other,L
512245,11036,1,1,DNg80,DNg80_L,,,xn,descending_neuron,L,,target_to_SIFa,male-cns:v1.0,other,L
512245,11059,4,3,Cm31a,Cm31a_L,,,,ol_intrinsic,L,,target_to_SIFa,male-cns:v1.0,other,L
512245,11080,4,2,DM2_lPN,DM2_lPN_L,DM2_lPN,ALPN,,cb_intrinsic,L,,target_to_SIFa,male-cns:v1.0,other,L
512245,11086,1,1,Dm11,Dm11_L,,,,ol_intrinsic,L,,target_to_SIFa,male-cns:v1.0,other,L
512245,11091,3,2,AVLP542,AVLP542_L,AVLP542,,,cb_intrinsic,L,,target_to_SIFa,male-cns:v1.0,other,L
512245,11092,3,2,DM2_lPN,DM2_lPN_L,DM2_lPN,ALPN,,cb_intrinsic,L,,target_to_SIFa,male-cns:v1.0,other,L
512245,11095,2,2,Mi19,Mi19_L,,,,ol_intrinsic,L,,target_to_SIFa,male-cns:v1.0,other,L
512245,11099,1,1,lLN1_bc,lLN1_bc_L,"lLN1_b,lLN1_c",ALLN,,cb_intrinsic,L,,target_to_SIFa,male-cns:v1.0,other,L
512245,11125,2,2,AVLP610,AVLP610_R,,,,cb_intrinsic,R,,target_to_SIFa,male-cns:v1.0,other,R
512245,11135,1,1,DA4m_adPN,DA4m_adPN_L,DA4m_adPN,ALPN,,cb_intrinsic,L,,target_to_SIFa,male-cns:v1.0,other,L
512245,11143,1,1,VP1m_l2PN,VP1m_l2PN_L,VP1m_l2PN,ALPN,,cb_intrinsic,L,,target_to_SIFa,male-cns:v1.0,other,L
512245,11146,2,1,MeVPMe2,MeVPMe2_R,,,,visual_projection,R,,target_to_SIFa,male-cns:v1.0,other,R
512245,11184,1,1,Delta7,Delta7(PB15)_L1L9R8_R,Delta7,CX,,cb_intrinsic,R,,target_to_SIFa,male-cns:v1.0,other,R
512245,11189,1,1,PS116,PS116_R,PS116,,,cb_intrinsic,R,,target_to_SIFa,male-cns:v1.0,other,R
512245,11212,1,1,l-LNv,l-LNv_R,l-LNv,ol_bilateral,,ol_intrinsic,R,,target_to_SIFa,male-cns:v1.0,PDF_positive_LNv,R
512245,11218,1,1,AVLP039,AVLP039_L,AVLP039,,,cb_intrinsic,L,,target_to_SIFa,male-cns:v1.0,other,L
512245,11227,2,2,CSD,CSD_R,CSD,,,cb_intrinsic,R,,target_to_SIFa,male-cns:v1.0,other,R
512245,11265,2,2,PS349,PS349_L,,,rm,cb_motor,L,,target_to_SIFa,male-cns:v1.0,other,L
512245,11294,4,2,lLN2T_e,lLN2T_e(Tortuous)_L,lLN2T_e,ALLN,,cb_intrinsic,L,,target_to_SIFa,male-cns:v1.0,other,L
512245,11296,1,1,MeVC22,MeVC22_R,,,,visual_centrifugal,R,,target_to_SIFa,male-cns:v1.0,other,R
512245,11342,2,1,lLN2X04,lLN2X04_R,,ALLN,,cb_intrinsic,R,,target_to_SIFa,male-cns:v1.0,other,R
512245,11345,2,2,lLN2X11,lLN2X11_R,,ALLN,,cb_intrinsic,R,,target_to_SIFa,male-cns:v1.0,other,R
512245,11369,6,5,DNc01,DNc01_L,SIFa,,xn,descending_neuron,L,,target_to_SIFa,male-cns:v1.0,other,L
512245,11385,1,1,MeVC22,MeVC22_R,,,,visual_centrifugal,R,,target_to_SIFa,male-cns:v1.0,other,R
512245,11390,1,1,VL1_ilPN,VL1_ilPN_R,VL1_ilPN,ALPN,BI,cb_intrinsic,R,,target_to_SIFa,male-cns:v1.0,other,R
512245,11399,7,5,lLN2T_d,lLN2T_d(Tortuous)_L,lLN2T_d,ALLN,,cb_intrinsic,L,,target_to_SIFa,male-cns:v1.0,other,L
512245,11433,2,1,ExR1,ExR1_L,ExR1,CX,,cb_intrinsic,L,,target_to_SIFa,male-cns:v1.0,other,L
512245,11477,3,3,LHPV6q1,LHPV6q1_R,LHPV6q1,,,cb_intrinsic,R,,target_to_SIFa,male-cns:v1.0,other,R
512245,11496,1,1,GNG484,GNG484_L,,,,cb_intrinsic,L,,target_to_SIFa,male-cns:v1.0,other,L
512245,11501,1,1,lLN1_bc,lLN1_bc_R,"lLN1_b,lLN1_c",ALLN,,cb_intrinsic,R,,target_to_SIFa,male-cns:v1.0,other,R
512245,11514,1,1,DL4_adPN,DL4_adPN_R,DL4_adPN,ALPN,,cb_intrinsic,R,,target_to_SIFa,male-cns:v1.0,other,R
512245,11517,12,6,lLN2T_c,lLN2T_c(Tortuous)_L,lLN2T_c,ALLN,,cb_intrinsic,L,,target_to_SIFa,male-cns:v1.0,other,L
512245,11546,6,3,v2LN30,v2LN30_L,v2LN30,ALLN,,cb_intrinsic,L,,target_to_SIFa,male-cns:v1.0,other,L
512245,11556,6,6,lLN2T_d,lLN2T_d(Tortuous)_L,lLN2T_d,ALLN,,cb_intrinsic,L,,target_to_SIFa,male-cns:v1.0,other,L
512245,11558,1,1,ALIN5,ALIN5_R,,ALIN,,cb_intrinsic,R,,target_to_SIFa,male-cns:v1.0,other,R
512245,11594,1,1,lLN2X11,lLN2X11_L,,ALLN,,cb_intrinsic,L,,target_to_SIFa,male-cns:v1.0,other,L
512245,11603,4,4,lLN2P_a,lLN2P_a_R,lLN2P_a,ALLN,,cb_intrinsic,R,,target_to_SIFa,male-cns:v1.0,other,R
512245,11608,1,1,OA-VUMa2,OA-VUMa2_M,OA-VUMa2,,,cb_intrinsic,M,,target_to_SIFa,male-cns:v1.0,other,unknown
512245,11723,1,1,SMP163,SMP163_R,SMP163,,,cb_intrinsic,R,,target_to_SIFa,male-cns:v1.0,other,R
512245,11733,1,1,AN08B018,AN08B018_a_L,,,BA,ascending_neuron,L,,target_to_SIFa,male-cns:v1.0,other,L
512245,11740,2,1,GNG540,GNG540_L,,,,cb_intrinsic,L,,target_to_SIFa,male-cns:v1.0,other,L
512245,11783,1,1,lLN1_bc,lLN1_bc_L,"lLN1_b,lLN1_c",ALLN,,cb_intrinsic,L,,target_to_SIFa,male-cns:v1.0,other,L
512245,11788,1,1,lLN2T_d,lLN2T_d(Tortuous)_R,lLN2T_d,ALLN,,cb_intrinsic,R,,target_to_SIFa,male-cns:v1.0,other,R
512245,11822,1,1,AN08B018,AN08B018_d_R,,,BA,ascending_neuron,R,,target_to_SIFa,male-cns:v1.0,other,R
512245,11827,1,1,CB1076,CB1076_R,,,,cb_intrinsic,R,,target_to_SIFa,male-cns:v1.0,other,R
512245,11835,1,1,CB1076,CB1076_L,,,,cb_intrinsic,L,,target_to_SIFa,male-cns:v1.0,other,L
512245,11837,1,1,lLN2X05,lLN2X05_L,lLN2T_a,ALLN,,cb_intrinsic,L,,target_to_SIFa,male-cns:v1.0,other,L
512245,11853,2,2,MeVPMe1,MeVPMe1_L,,,,visual_projection,L,,target_to_SIFa,male-cns:v1.0,other,L
512245,11860,1,1,IB115,IB115_R,IB115,,,cb_intrinsic,R,,target_to_SIFa,male-cns:v1.0,other,R
512245,11877,1,1,PLP032,PLP032_L,PLP032,,,cb_intrinsic,L,,target_to_SIFa,male-cns:v1.0,other,L
512245,11924,1,1,LAL304m,LAL304m_R,,,,cb_intrinsic,R,,target_to_SIFa,male-cns:v1.0,other,R
512245,11952,2,1,lLN2X11,lLN2X11_L,,ALLN,,cb_intrinsic,L,,target_to_SIFa,male-cns:v1.0,other,L
512245,11989,1,1,EPG,EPG(PB08)_L5,EPG,CX,,cb_intrinsic,L,,target_to_SIFa,male-cns:v1.0,other,unknown
512245,11991,1,1,lLN2X05,lLN2X05_L,lLN2T_a,ALLN,,cb_intrinsic,L,,target_to_SIFa,male-cns:v1.0,other,L
512245,11993,2,2,lLN2X05,lLN2X05_R,lLN2T_a,ALLN,,cb_intrinsic,R,,target_to_SIFa,male-cns:v1.0,other,R
512245,11996,3,1,DA1_lPN,DA1_lPN_R,DA1_lPN,ALPN,,cb_intrinsic,R,,target_to_SIFa,male-cns:v1.0,other,R
512245,12031,1,1,DC4_adPN,DC4_adPN_L,DC4_adPN,ALPN,,cb_intrinsic,L,,target_to_SIFa,male-cns:v1.0,other,L
512245,12056,1,1,WED046,WED046_L,WED046,,,cb_intrinsic,L,,target_to_SIFa,male-cns:v1.0,other,L
512245,12151,2,2,DNge138,DNge138_M,,,xn,descending_neuron,M,,target_to_SIFa,male-cns:v1.0,other,unknown
512245,12208,2,2,CL110,CL110_R,CL110,,,cb_intrinsic,R,,target_to_SIFa,male-cns:v1.0,other,R
512245,12213,1,1,SAD052,SAD052_L,SAD052,,,cb_intrinsic,L,,target_to_SIFa,male-cns:v1.0,other,L
512245,12283,3,2,AVLP533,AVLP533_L,AVLP533,,,cb_intrinsic,L,,target_to_SIFa,male-cns:v1.0,other,L
512245,12309,1,1,DC3_adPN,DC3_adPN_R,DC3_adPN,ALPN,,cb_intrinsic,R,,target_to_SIFa,male-cns:v1.0,other,R
512245,12354,1,1,lLN2T_e,lLN2T_e(Tortuous)_R,lLN2T_e,ALLN,,cb_intrinsic,R,,target_to_SIFa,male-cns:v1.0,other,R
512245,12367,1,1,VM3_adPN,VM3_adPN_L,VM3_adPN,ALPN,,cb_intrinsic,L,,target_to_SIFa,male-cns:v1.0,other,L
512245,12395,1,1,IB114,IB114_L,IB114,,,cb_intrinsic,L,,target_to_SIFa,male-cns:v1.0,other,L
512245,12398,4,4,AN27X013,AN27X013_L,,,XA,ascending_neuron,L,,target_to_SIFa,male-cns:v1.0,other,L
512245,12449,2,1,EPG,EPG(PB08)_L5,EPG,CX,,cb_intrinsic,L,,target_to_SIFa,male-cns:v1.0,other,unknown
512245,12480,2,2,DNg26,DNg26_R,,,xn,descending_neuron,R,,target_to_SIFa,male-cns:v1.0,other,R
512245,12488,2,2,AVLP536,AVLP536_L,AVLP536,,,cb_intrinsic,L,,target_to_SIFa,male-cns:v1.0,other,L
512245,12516,1,1,DNge047,DNge047_L,,,xn,descending_neuron,L,,target_to_SIFa,male-cns:v1.0,other,L
512245,12519,5,3,AVLP023,AVLP023_R,AVLP023,,,cb_intrinsic,R,,target_to_SIFa,male-cns:v1.0,other,R
512245,12656,1,1,ExR1,ExR1_L,ExR1,CX,,cb_intrinsic,L,,target_to_SIFa,male-cns:v1.0,other,L
512245,12717,1,1,lLN2X12,lLN2X12_L,,ALLN,,cb_intrinsic,L,,target_to_SIFa,male-cns:v1.0,other,L
512245,12789,1,1,AVLP314,AVLP314_R,AVLP314,,,cb_intrinsic,R,,target_to_SIFa,male-cns:v1.0,other,R
512245,12896,1,1,OA-VUMa5,OA-VUMa5_M,OA-VUMa5,ALLN,,cb_intrinsic,M,,target_to_SIFa,male-cns:v1.0,other,unknown
512245,13207,2,2,IB115,IB115_L,IB115,,,cb_intrinsic,L,,target_to_SIFa,male-cns:v1.0,other,L
512245,13248,6,6,Mi20,Mi20_L,,,,ol_intrinsic,L,,target_to_SIFa,male-cns:v1.0,other,L
512245,13268,1,1,DNg52,DNg52_R,,,xl,descending_neuron,R,,target_to_SIFa,male-cns:v1.0,other,R
512245,13395,1,1,ER4m,ER4m_R,ER4m,CX,,cb_intrinsic,R,,target_to_SIFa,male-cns:v1.0,other,R
512245,13431,1,1,lLN2T_b,lLN2T_b(Tortuous)_L,lLN2T_b,ALLN,,cb_intrinsic,L,,target_to_SIFa,male-cns:v1.0,other,L
512245,13442,9,6,DNg33,DNg33_R,,,xn,descending_neuron,R,,target_to_SIFa,male-cns:v1.0,other,R
512245,13516,1,1,PLP071,PLP071_L,PLP071,,,cb_intrinsic,L,,target_to_SIFa,male-cns:v1.0,other,L
512245,13521,2,2,AVLP432,AVLP432_L,AVLP432,,,cb_intrinsic,L,,target_to_SIFa,male-cns:v1.0,other,L
512245,13522,1,1,SAD051_b,SAD051_b_L,SAD051_b,,,cb_intrinsic,L,,target_to_SIFa,male-cns:v1.0,other,L
512245,13550,1,1,lLN2X12,lLN2X12_L,,ALLN,,cb_intrinsic,L,,target_to_SIFa,male-cns:v1.0,other,L
512245,13555,1,1,MeVC21,MeVC21_L,,,,visual_centrifugal,L,,target_to_SIFa,male-cns:v1.0,other,L
512245,13559,1,1,FB4Y,FB4Y_L,FB4Y,CX,,cb_intrinsic,L,,target_to_SIFa,male-cns:v1.0,other,L
512245,13614,5,4,AVLP317,AVLP317_L,AVLP317,,,cb_intrinsic,L,,target_to_SIFa,male-cns:v1.0,other,L
512245,13652,1,1,DNge038,DNge038_R,,,xl,descending_neuron,R,,target_to_SIFa,male-cns:v1.0,other,R
512245,13654,2,2,AVLP547,AVLP547_R,AVLP547,,,cb_intrinsic,R,,target_to_SIFa,male-cns:v1.0,other,R
512245,13759,1,1,DNge010,DNge010_L,,,ml,descending_neuron,L,,target_to_SIFa,male-cns:v1.0,other,L
512245,13794,1,1,PVLP021,PVLP021_R,PVLP021,,,cb_intrinsic,R,,target_to_SIFa,male-cns:v1.0,other,R
512245,13921,1,1,IB021,IB021_L,IB021,,,cb_intrinsic,L,,target_to_SIFa,male-cns:v1.0,other,L
512245,13972,3,2,VM7v_adPN,VM7v_adPN_L,VM7v_adPN,ALPN,,cb_intrinsic,L,,target_to_SIFa,male-cns:v1.0,other,L
512245,14026,2,2,AN05B004,AN05B004_L,,,BA,ascending_neuron,L,,target_to_SIFa,male-cns:v1.0,other,L
512245,14143,2,2,GNG306,GNG306_L,,,,cb_intrinsic,L,,target_to_SIFa,male-cns:v1.0,other,L
512245,14194,2,1,PRW068,PRW068_L,,,,cb_intrinsic,L,,target_to_SIFa,male-cns:v1.0,other,L
512245,14212,2,1,CSD,CSD_L,CSD,,,cb_intrinsic,L,,target_to_SIFa,male-cns:v1.0,other,L
512245,14241,4,4,AVLP547,AVLP547_L,AVLP547,,,cb_intrinsic,L,,target_to_SIFa,male-cns:v1.0,other,L
512245,14243,1,1,lLN2T_b,lLN2T_b(Tortuous)_L,lLN2T_b,ALLN,,cb_intrinsic,L,,target_to_SIFa,male-cns:v1.0,other,L
512245,14489,49,45,GNG631,GNG631_R,,,,cb_intrinsic,R,,target_to_SIFa,male-cns:v1.0,other,R
512245,14665,1,1,VM2_adPN,VM2_adPN_L,VM2_adPN,ALPN,,cb_intrinsic,L,,target_to_SIFa,male-cns:v1.0,other,L
512245,14762,1,1,AVLP323,AVLP323_R,AVLP323,,,cb_intrinsic,R,,target_to_SIFa,male-cns:v1.0,other,R
512245,14806,2,2,Delta7,Delta7(PB15)_L8R1R9_L,Delta7,CX,,cb_intrinsic,L,,target_to_SIFa,male-cns:v1.0,other,L
512245,14895,1,1,VM7d_adPN,VM7d_adPN_L,VM7d_adPN,ALPN,,cb_intrinsic,L,,target_to_SIFa,male-cns:v1.0,other,L
512245,14929,2,2,MeVP8,MeVP8_R,MC66,,,visual_projection,R,,target_to_SIFa,male-cns:v1.0,other,R
512245,14949,2,1,PRW071,PRW071_L,,,,cb_intrinsic,L,,target_to_SIFa,male-cns:v1.0,other,L
512245,15000,1,1,PVLP046,PVLP046_L,PVLP046,,,visual_centrifugal,L,,target_to_SIFa,male-cns:v1.0,other,L
512245,15014,1,1,DNge121,DNge121_L,,,xl,descending_neuron,L,,target_to_SIFa,male-cns:v1.0,other,L
512245,15042,1,1,LoVC22,LoVC22_L,CL033,,,visual_centrifugal,L,,target_to_SIFa,male-cns:v1.0,other,L
512245,15153,29,26,GNG631,GNG631_L,,,,cb_intrinsic,L,,target_to_SIFa,male-cns:v1.0,other,L
512245,15183,2,1,,,,ALLN,,cb_intrinsic,R,,target_to_SIFa,male-cns:v1.0,other,unknown
512245,15258,1,1,AVLP112,AVLP112_R,AVLP112,,,cb_intrinsic,R,,target_to_SIFa,male-cns:v1.0,other,R
512245,15313,2,2,VA1d_adPN,VA1d_adPN_R,VA1d_adPN,ALPN,,cb_intrinsic,R,,target_to_SIFa,male-cns:v1.0,other,R
512245,15399,2,2,Delta7,Delta7(PB15)_L1L9R8_R,Delta7,CX,,cb_intrinsic,R,,target_to_SIFa,male-cns:v1.0,other,R
512245,15409,2,1,Delta7,Delta7(PB15)_L8R1R9_L,Delta7,CX,,cb_intrinsic,L,,target_to_SIFa,male-cns:v1.0,other,L
512245,15514,2,2,AN27X013,AN27X013_R,,,XA,ascending_neuron,R,,target_to_SIFa,male-cns:v1.0,other,R
512245,15654,3,1,Delta7,Delta7(PB15)_L8R1R9_L,Delta7,CX,,cb_intrinsic,L,,target_to_SIFa,male-cns:v1.0,other,L
512245,15683,1,1,aMe4,aMe4_L,aMe4,,,visual_centrifugal,L,,target_to_SIFa,male-cns:v1.0,other,L
512245,15684,2,1,LAL203,LAL203_L,LAL203,,,cb_intrinsic,L,,target_to_SIFa,male-cns:v1.0,other,L
512245,15754,1,1,GNG579,GNG579_L,,,,cb_intrinsic,L,,target_to_SIFa,male-cns:v1.0,other,L
512245,16070,1,1,Mi19,Mi19_L,,,,ol_intrinsic,L,,target_to_SIFa,male-cns:v1.0,other,L
512245,16116,1,1,Dm14,Dm14_L,,,,ol_intrinsic,L,,target_to_SIFa,male-cns:v1.0,other,L
512245,16234,1,1,Delta7,Delta7(PB15)_L1L9R8_R,Delta7,CX,,cb_intrinsic,R,,target_to_SIFa,male-cns:v1.0,other,R
512245,16252,1,1,Dm14,Dm14_L,,,,ol_intrinsic,L,,target_to_SIFa,male-cns:v1.0,other,L
512245,16440,1,1,ER4m,ER4m_L,ER4m,CX,,cb_intrinsic,L,,target_to_SIFa,male-cns:v1.0,other,L
512245,16472,2,2,AVLP260,AVLP260_R,AVLP260,,,cb_intrinsic,R,,target_to_SIFa,male-cns:v1.0,other,R
512245,16482,1,1,PVLP123,PVLP123_L,PVLP124,,,cb_intrinsic,L,,target_to_SIFa,male-cns:v1.0,other,L
512245,16697,1,1,AN08B025,AN08B025_R,,,BA,ascending_neuron,R,,target_to_SIFa,male-cns:v1.0,other,R
512245,17277,2,2,CB3545,CB3545_L,,,,cb_intrinsic,L,,target_to_SIFa,male-cns:v1.0,other,L
512245,17311,3,3,Dm14,Dm14_L,,,,ol_intrinsic,L,,target_to_SIFa,male-cns:v1.0,other,L
512245,17325,3,2,lLN2P_a,lLN2P_a_L,lLN2P_a,ALLN,,cb_intrinsic,L,,target_to_SIFa,male-cns:v1.0,other,L
512245,17540,3,1,DL2v_adPN,DL2v_adPN_L,DL2v_adPN,ALPN,,cb_intrinsic,L,,target_to_SIFa,male-cns:v1.0,other,L
512245,17570,1,1,VM5d_adPN,VM5d_adPN_L,VM5d_adPN,ALPN,,cb_intrinsic,L,,target_to_SIFa,male-cns:v1.0,other,L
512245,17830,2,2,SAD117,SAD117_L,,,,cb_intrinsic,L,,target_to_SIFa,male-cns:v1.0,other,L
512245,17956,2,2,SAD021_a,SAD021_a_R,SAD021_a,,,cb_intrinsic,R,,target_to_SIFa,male-cns:v1.0,other,R
512245,18016,3,2,lLN2P_c,lLN2T_a(Tortuous)_R,lLN2P_c,ALLN,,cb_intrinsic,R,,target_to_SIFa,male-cns:v1.0,other,R
512245,18100,1,1,CB3245,CB3245_R,,,,cb_intrinsic,R,,target_to_SIFa,male-cns:v1.0,other,R
512245,18165,3,2,lLN2P_b,lLN2P_b_L,lLN2P_b,ALLN,,cb_intrinsic,L,,target_to_SIFa,male-cns:v1.0,other,L
512245,18240,1,1,TmY15,TmY15_L,,,,ol_intrinsic,L,,target_to_SIFa,male-cns:v1.0,other,L
512245,18325,1,1,AN09B018,AN09B018_R,,,BA,ascending_neuron,R,,target_to_SIFa,male-cns:v1.0,other,R
512245,18705,1,1,AVLP040,AVLP040_R,AVLP040,,,cb_intrinsic,R,,target_to_SIFa,male-cns:v1.0,other,R
512245,18716,3,3,CB3245,CB3245_R,,,,cb_intrinsic,R,,target_to_SIFa,male-cns:v1.0,other,R
512245,18726,8,6,lLN2P_c,lLN2P_c_L,lLN2P_c,ALLN,,cb_intrinsic,L,,target_to_SIFa,male-cns:v1.0,other,L
512245,18730,9,5,lLN2P_b,lLN2P_b_L,lLN2P_b,ALLN,,cb_intrinsic,L,,target_to_SIFa,male-cns:v1.0,other,L
512245,19040,2,1,GNG165,GNG165_L,,,,cb_intrinsic,L,,target_to_SIFa,male-cns:v1.0,other,L
512245,19051,1,1,CB3364,CB3364_R,,,,cb_intrinsic,R,,target_to_SIFa,male-cns:v1.0,other,R
512245,19687,2,1,AVLP109,AVLP109_R,AVLP109,,,cb_intrinsic,R,,target_to_SIFa,male-cns:v1.0,other,R
512245,19767,1,1,lLN2P_b,lLN2P_b_L,lLN2P_b,ALLN,,cb_intrinsic,L,,target_to_SIFa,male-cns:v1.0,other,L
512245,19857,2,2,CB2684,CB2684_L,,,,cb_intrinsic,L,,target_to_SIFa,male-cns:v1.0,other,L
512245,19900,1,1,ER2_c,ER2_c_L,ER2_c,CX,,cb_intrinsic,L,,target_to_SIFa,male-cns:v1.0,other,L
512245,19921,4,3,lLN2P_a,lLN2P_a_L,lLN2P_a,ALLN,,cb_intrinsic,L,,target_to_SIFa,male-cns:v1.0,other,L
512245,20100,1,1,GNG560,GNG560_R,,,,cb_intrinsic,R,,target_to_SIFa,male-cns:v1.0,other,R
512245,20138,1,1,CB2254,CB2254_R,,,,cb_intrinsic,R,,target_to_SIFa,male-cns:v1.0,other,R
512245,20180,2,2,AVLP401,AVLP401_R,AVLP401,,,cb_intrinsic,R,,target_to_SIFa,male-cns:v1.0,other,R
512245,20200,1,1,v2LN3A,v2LN3A_L,v2LN3A,ALLN,,cb_intrinsic,L,,target_to_SIFa,male-cns:v1.0,other,L
512245,20332,1,1,CB4118,CB4118_R,,,,cb_intrinsic,R,,target_to_SIFa,male-cns:v1.0,other,R
512245,20402,9,7,lLN2P_b,lLN2P_b_L,lLN2P_b,ALLN,,cb_intrinsic,L,,target_to_SIFa,male-cns:v1.0,other,L
512245,20454,1,1,AVLP264,AVLP264_L,AVLP264,,,cb_intrinsic,L,,target_to_SIFa,male-cns:v1.0,other,L
512245,20558,1,1,AVLP120,AVLP120_L,AVLP120,,,cb_intrinsic,L,,target_to_SIFa,male-cns:v1.0,other,L
512245,20581,5,2,lLN2P_c,lLN2P_c_L,lLN2P_c,ALLN,,cb_intrinsic,L,,target_to_SIFa,male-cns:v1.0,other,L
512245,20620,2,1,lLN2P_b,lLN2P_b_L,lLN2P_b,ALLN,,cb_intrinsic,L,,target_to_SIFa,male-cns:v1.0,other,L
512245,20678,1,1,ER2_d,ER2_d_R,ER2_d,CX,,cb_intrinsic,R,,target_to_SIFa,male-cns:v1.0,other,R
512245,20984,2,2,CB3545,CB3545_R,,,,cb_intrinsic,R,,target_to_SIFa,male-cns:v1.0,other,R
512245,21020,3,3,ANXXX165,ANXXX165_R,,,BA,ascending_neuron,R,,target_to_SIFa,male-cns:v1.0,other,R
512245,21091,1,1,Cm26,Cm26_L,,,,ol_intrinsic,L,,target_to_SIFa,male-cns:v1.0,other,L
512245,21125,1,1,CB3661,CB3661_L,,,,cb_intrinsic,L,,target_to_SIFa,male-cns:v1.0,other,L
512245,21179,1,1,ER2_a,ER2_a_R,ER2_a,CX,,cb_intrinsic,R,,target_to_SIFa,male-cns:v1.0,other,R
512245,21567,4,3,lLN2P_c,lLN2P_c_R,lLN2P_c,ALLN,,cb_intrinsic,R,,target_to_SIFa,male-cns:v1.0,other,R
512245,21609,1,1,IB065,IB065_L,IB065,,,cb_intrinsic,L,,target_to_SIFa,male-cns:v1.0,other,L
512245,21706,1,1,Pm10,Pm10_L,,,,ol_intrinsic,L,,target_to_SIFa,male-cns:v1.0,other,L
512245,21746,1,1,GNG038,GNG038_L,,,,cb_intrinsic,L,,target_to_SIFa,male-cns:v1.0,other,L
512245,21752,2,2,ER2_c,ER2_c_L,ER2_c,CX,,cb_intrinsic,L,,target_to_SIFa,male-cns:v1.0,other,L
512245,22105,1,1,v2LN33,v2LN33_L,v2LN33,ALLN,,cb_intrinsic,L,,target_to_SIFa,male-cns:v1.0,other,L
512245,22166,4,4,lLN2P_c,lLN2P_c_L,lLN2P_c,ALLN,,cb_intrinsic,L,,target_to_SIFa,male-cns:v1.0,other,L
512245,22243,5,4,lLN2P_c,lLN2P_c_L,lLN2P_c,ALLN,,cb_intrinsic,L,,target_to_SIFa,male-cns:v1.0,other,L
512245,23097,1,1,ER2_a,ER2_a_L,ER2_a,CX,,cb_intrinsic,L,,target_to_SIFa,male-cns:v1.0,other,L
512245,23161,1,1,AVLP548_e,AVLP548_e_L,AVLP548_e,,,cb_intrinsic,L,,target_to_SIFa,male-cns:v1.0,other,L
512245,23303,2,1,L3,L3_L,,,,ol_intrinsic,L,,target_to_SIFa,male-cns:v1.0,other,L
512245,23339,3,2,VM5d_adPN,VM5d_adPN_L,VM5d_adPN,ALPN,,cb_intrinsic,L,,target_to_SIFa,male-cns:v1.0,other,L
512245,23450,1,1,Tm3,Tm3_L,,,,ol_intrinsic,L,,target_to_SIFa,male-cns:v1.0,other,L
512245,23477,3,2,lLN2X04,lLN2X04_L,,ALLN,,cb_intrinsic,L,,target_to_SIFa,male-cns:v1.0,other,L
512245,23624,22,20,L2,L2_L,,,,ol_intrinsic,L,,target_to_SIFa,male-cns:v1.0,other,L
512245,23874,1,1,ER4d,ER4d_R,ER4d,CX,,cb_intrinsic,R,,target_to_SIFa,male-cns:v1.0,other,R
512245,24459,1,1,ER4d,ER4d_L,ER4d,CX,,cb_intrinsic,L,,target_to_SIFa,male-cns:v1.0,other,L
512245,24828,1,1,lLN2P_b,lLN2P_b_R,lLN2P_b,ALLN,,cb_intrinsic,R,,target_to_SIFa,male-cns:v1.0,other,R
512245,24837,3,3,PRW017,PRW017_L,,,,cb_intrinsic,L,,target_to_SIFa,male-cns:v1.0,other,L
512245,25269,1,1,MeLo1,MeLo1_L,,,,ol_intrinsic,L,,target_to_SIFa,male-cns:v1.0,other,L
512245,25332,1,1,M_lPNm11B,M_lPNm11B_L,M_lPNm11B,ALPN,,cb_intrinsic,L,,target_to_SIFa,male-cns:v1.0,other,L
512245,25709,1,1,ER2_c,ER2_c_L,ER2_c,CX,,cb_intrinsic,L,,target_to_SIFa,male-cns:v1.0,other,L
512245,25732,1,1,TmY15,TmY15_R,,,,ol_intrinsic,R,,target_to_SIFa,male-cns:v1.0,other,R
512245,25783,1,1,GNG230,GNG230_L,,,,cb_intrinsic,L,,target_to_SIFa,male-cns:v1.0,other,L
512245,25805,1,1,AVLP377,AVLP377_R,AVLP377,,,cb_intrinsic,R,,target_to_SIFa,male-cns:v1.0,other,R
512245,26027,1,1,GNG197,GNG197_L,,,,cb_intrinsic,L,,target_to_SIFa,male-cns:v1.0,other,L
512245,26096,1,1,AVLP379,AVLP379_L,AVLP379,,,cb_intrinsic,L,,target_to_SIFa,male-cns:v1.0,other,L
512245,26440,1,1,AVLP377,AVLP377_R,AVLP377,,,cb_intrinsic,R,,target_to_SIFa,male-cns:v1.0,other,R
512245,26443,1,1,PEG,PEG(PB07)_R5,PEG,CX,,cb_intrinsic,R,,target_to_SIFa,male-cns:v1.0,other,unknown
512245,26977,1,1,M_adPNm7,M_adPNm7_L,M_adPNm7,ALPN,,cb_intrinsic,L,,target_to_SIFa,male-cns:v1.0,other,L
512245,27308,1,1,mAL4C,mAL4C_R,mAL4,,,cb_intrinsic,R,,target_to_SIFa,male-cns:v1.0,other,R
512245,27400,1,1,TmY15,TmY15_L,,,,ol_intrinsic,L,,target_to_SIFa,male-cns:v1.0,other,L
512245,27416,2,2,lLN2P_b,lLN2P_b_R,lLN2P_b,ALLN,,cb_intrinsic,R,,target_to_SIFa,male-cns:v1.0,other,R
512245,27920,1,1,Pm2a,Pm2a_L,,,,ol_intrinsic,L,,target_to_SIFa,male-cns:v1.0,other,L
512245,28139,2,2,SMP501,SMP501(SMP502)_L,"SMP501,SMP502",,,cb_intrinsic,L,,target_to_SIFa,male-cns:v1.0,other,L
512245,28406,6,4,lLN2P_c,lLN2P_c_L,lLN2P_c,ALLN,,cb_intrinsic,L,,target_to_SIFa,male-cns:v1.0,other,L
512245,28525,2,2,lLN2P_b,lLN2P_b_R,lLN2P_b,ALLN,,cb_intrinsic,R,,target_to_SIFa,male-cns:v1.0,other,R
512245,29371,3,3,CB1995,CB1995_L,,,,cb_intrinsic,L,,target_to_SIFa,male-cns:v1.0,other,L
512245,29502,4,4,GNG070,GNG070_R,,,,cb_intrinsic,R,,target_to_SIFa,male-cns:v1.0,other,R
512245,29547,1,1,CB1314,CB1314_R,,,,cb_intrinsic,R,,target_to_SIFa,male-cns:v1.0,other,R
512245,29740,1,1,Cm11b,Cm11b_L,,,,ol_intrinsic,L,,target_to_SIFa,male-cns:v1.0,other,L
512245,29915,2,1,TmY14,TmY14_L,,,,visual_projection,L,,target_to_SIFa,male-cns:v1.0,other,L
512245,30532,1,1,CB2558,CB2558_L,,,,cb_intrinsic,L,,target_to_SIFa,male-cns:v1.0,other,L
512245,32213,3,3,Li25,Li25_L,,,,ol_intrinsic,L,,target_to_SIFa,male-cns:v1.0,other,L
512245,32475,1,1,GNG628,GNG628_L,,,,cb_intrinsic,L,,target_to_SIFa,male-cns:v1.0,other,L
512245,32576,1,1,Lawf2,Lawf2_L,,,,ol_intrinsic,L,,target_to_SIFa,male-cns:v1.0,other,L
512245,32709,1,1,Mi1,Mi1_L,,,,ol_intrinsic,L,,target_to_SIFa,male-cns:v1.0,other,L
512245,32864,1,1,ORN_DP1m,ORN_DP1m_L,ORN_DP1m,olfactory,,cb_sensory,,L,target_to_SIFa,male-cns:v1.0,other,L
512245,32967,1,1,CB2228,CB2228_R,,,,cb_intrinsic,R,,target_to_SIFa,male-cns:v1.0,other,R
512245,33269,1,1,MeLo1,MeLo1_R,,,,ol_intrinsic,R,,target_to_SIFa,male-cns:v1.0,other,R
512245,33369,1,1,TmY3,TmY3_L,,,,ol_intrinsic,L,,target_to_SIFa,male-cns:v1.0,other,L
512245,33665,3,2,Cm17,Cm17_R,,,,ol_intrinsic,R,,target_to_SIFa,male-cns:v1.0,other,R
512245,35103,4,4,CB3748,CB3748_L,,,,cb_intrinsic,L,,target_to_SIFa,male-cns:v1.0,other,L
512245,35196,3,1,lLN2P_a,lLN2P_a_L,lLN2P_a,ALLN,,cb_intrinsic,L,,target_to_SIFa,male-cns:v1.0,other,L
512245,36158,1,1,Mi1,Mi1_R,,,,ol_intrinsic,R,,target_to_SIFa,male-cns:v1.0,other,R
512245,36422,1,1,PRW005,PRW005_L,,,,cb_intrinsic,L,,target_to_SIFa,male-cns:v1.0,other,L
512245,38706,1,1,ExR2,ExR2_R,ExR2,CX,,cb_intrinsic,R,,target_to_SIFa,male-cns:v1.0,other,R
512245,38864,1,1,Mi4,Mi4_L,,,,ol_intrinsic,L,,target_to_SIFa,male-cns:v1.0,other,L
512245,38977,1,1,Cm7,Cm7_L,,,,ol_intrinsic,L,,target_to_SIFa,male-cns:v1.0,other,L
512245,40989,1,1,MeLo3b,MeLo3b_R,,,,ol_intrinsic,R,,target_to_SIFa,male-cns:v1.0,other,R
512245,43310,1,1,Cm7,Cm7_L,,,,ol_intrinsic,L,,target_to_SIFa,male-cns:v1.0,other,L
512245,43820,2,2,,,,,,cb_intrinsic,L,,target_to_SIFa,male-cns:v1.0,other,unknown
512245,44132,2,1,Mi1,Mi1_L,,,,ol_intrinsic,L,,target_to_SIFa,male-cns:v1.0,other,L
512245,44216,1,1,GNG094,GNG094_L,,,,cb_intrinsic,L,,target_to_SIFa,male-cns:v1.0,other,L
512245,45700,1,1,GNG471,GNG471_L,,,,cb_intrinsic,L,,target_to_SIFa,male-cns:v1.0,other,L
512245,46221,1,1,CB1638,CB1638_R,,,,cb_intrinsic,R,,target_to_SIFa,male-cns:v1.0,other,R
512245,46329,3,3,Mi1,Mi1_L,,,,ol_intrinsic,L,,target_to_SIFa,male-cns:v1.0,other,L
512245,47623,1,1,Tm1,Tm1_L,,,,ol_intrinsic,L,,target_to_SIFa,male-cns:v1.0,other,L
512245,49197,1,1,L3,L3_L,,,,ol_intrinsic,L,,target_to_SIFa,male-cns:v1.0,other,L
512245,49243,1,1,ANXXX214,ANXXX214_R,,,BA,ascending_neuron,R,,target_to_SIFa,male-cns:v1.0,other,R
512245,50472,1,1,Tm2,Tm2_L,,,,ol_intrinsic,L,,target_to_SIFa,male-cns:v1.0,other,L
512245,51359,1,1,Tm3,Tm3_L,,,,ol_intrinsic,L,,target_to_SIFa,male-cns:v1.0,other,L
512245,51395,1,1,TmY3,TmY3_L,,,,ol_intrinsic,L,,target_to_SIFa,male-cns:v1.0,other,L
512245,51476,7,6,Tm1,Tm1_L,,,,ol_intrinsic,L,,target_to_SIFa,male-cns:v1.0,other,L
512245,52494,1,1,TmY3,TmY3_L,,,,ol_intrinsic,L,,target_to_SIFa,male-cns:v1.0,other,L
512245,53103,1,1,Mi1,Mi1_L,,,,ol_intrinsic,L,,target_to_SIFa,male-cns:v1.0,other,L
512245,54011,4,3,SAxx01,SAxx01_R,,,,sensory_ascending,,R,target_to_SIFa,male-cns:v1.0,other,R
512245,54078,3,1,JO-A2,JO-A2_L,,mechanosensory,auditory,cb_sensory,,L,target_to_SIFa,male-cns:v1.0,other,L
512245,54130,1,1,Dm19,Dm19_L,,,,ol_intrinsic,L,,target_to_SIFa,male-cns:v1.0,other,L
512245,54187,1,1,CB1447,CB1447_R,,,,cb_intrinsic,R,,target_to_SIFa,male-cns:v1.0,other,R
512245,54365,1,1,CB1774,CB1774_R,,,,cb_intrinsic,R,,target_to_SIFa,male-cns:v1.0,other,R
512245,54850,2,2,Tm3,Tm3_L,,,,ol_intrinsic,L,,target_to_SIFa,male-cns:v1.0,other,L
512245,56757,2,2,Mi1,Mi1_L,,,,ol_intrinsic,L,,target_to_SIFa,male-cns:v1.0,other,L
512245,56891,1,1,TmY3,TmY3_L,,,,ol_intrinsic,L,,target_to_SIFa,male-cns:v1.0,other,L
512245,57205,1,1,Mi1,Mi1_L,,,,ol_intrinsic,L,,target_to_SIFa,male-cns:v1.0,other,L
512245,57783,1,1,lLN12A,lLN12A_R,lLN12A,ALLN,,cb_intrinsic,R,,target_to_SIFa,male-cns:v1.0,other,R
512245,57989,1,1,Mi4,Mi4_L,,,,ol_intrinsic,L,,target_to_SIFa,male-cns:v1.0,other,L
512245,58156,1,1,AN01A049,AN01A049_L,,,IA,ascending_neuron,L,,target_to_SIFa,male-cns:v1.0,other,L
512245,58394,1,1,AN09A005,AN09A005_R,,,BA,ascending_neuron,R,,target_to_SIFa,male-cns:v1.0,other,R
512245,60991,1,1,Cm7,Cm7_L,,,,ol_intrinsic,L,,target_to_SIFa,male-cns:v1.0,other,L
512245,61594,1,1,MeTu3b,MeTu3b_L,"MC61,MC64",,,visual_projection,L,,target_to_SIFa,male-cns:v1.0,other,L
512245,62429,1,1,CB3417,CB3417_L,,ALLN,,cb_intrinsic,L,,target_to_SIFa,male-cns:v1.0,other,L
512245,64334,1,1,MeLo9,MeLo9_L,,,,ol_intrinsic,L,,target_to_SIFa,male-cns:v1.0,other,L
512245,65138,1,1,MeLo1,MeLo1_L,,,,ol_intrinsic,L,,target_to_SIFa,male-cns:v1.0,other,L
512245,65538,1,1,Dm10,Dm10_R,,,,ol_intrinsic,R,,target_to_SIFa,male-cns:v1.0,other,R
512245,67052,2,1,lLN2T_b,lLN2T_b(Tortuous)_R,lLN2T_b,ALLN,,cb_intrinsic,R,,target_to_SIFa,male-cns:v1.0,other,R
512245,67168,1,1,GNG183,GNG183_L,,,,cb_intrinsic,L,,target_to_SIFa,male-cns:v1.0,other,L
512245,67188,1,1,C3,C3_L,,,,ol_intrinsic,L,,target_to_SIFa,male-cns:v1.0,other,L
512245,68114,1,1,ORN_DP1m,ORN_DP1m_R,ORN_DP1m,olfactory,,cb_sensory,,R,target_to_SIFa,male-cns:v1.0,other,R
512245,68182,2,1,Tm2,Tm2_L,,,,ol_intrinsic,L,,target_to_SIFa,male-cns:v1.0,other,L
512245,69779,2,2,Cm7,Cm7_R,,,,ol_intrinsic,R,,target_to_SIFa,male-cns:v1.0,other,R
512245,70134,1,1,aMe5,aMe5_R,aMe5,,,visual_projection,R,,target_to_SIFa,male-cns:v1.0,other,R
512245,70616,1,1,Cm7,Cm7_L,,,,ol_intrinsic,L,,target_to_SIFa,male-cns:v1.0,other,L
512245,71092,2,2,Cm7,Cm7_L,,,,ol_intrinsic,L,,target_to_SIFa,male-cns:v1.0,other,L
512245,71157,3,2,CB3513,CB3513_L,,,,cb_intrinsic,L,,target_to_SIFa,male-cns:v1.0,other,L
512245,71579,2,1,Cm7,Cm7_L,,,,ol_intrinsic,L,,target_to_SIFa,male-cns:v1.0,other,L
512245,71701,1,1,MeLo3a,MeLo3a_R,,,,ol_intrinsic,R,,target_to_SIFa,male-cns:v1.0,other,R
512245,74025,1,1,Tm1,Tm1_L,,,,ol_intrinsic,L,,target_to_SIFa,male-cns:v1.0,other,L
512245,74373,1,1,Tm3,Tm3_R,,,,ol_intrinsic,R,,target_to_SIFa,male-cns:v1.0,other,R
512245,74810,1,1,Cm7,Cm7_R,,,,ol_intrinsic,R,,target_to_SIFa,male-cns:v1.0,other,R
512245,75214,1,1,Cm7,Cm7_L,,,,ol_intrinsic,L,,target_to_SIFa,male-cns:v1.0,other,L
512245,75272,1,1,Dm8a,Dm8a_L,,,,ol_intrinsic,L,,target_to_SIFa,male-cns:v1.0,other,L
512245,76066,1,1,,,,,,cb_intrinsic,L,,target_to_SIFa,male-cns:v1.0,other,unknown
512245,76274,1,1,TmY3,TmY3_L,,,,ol_intrinsic,L,,target_to_SIFa,male-cns:v1.0,other,L
512245,76356,1,1,Tm3,Tm3_L,,,,ol_intrinsic,L,,target_to_SIFa,male-cns:v1.0,other,L
512245,76461,5,3,Tm1,Tm1_L,,,,ol_intrinsic,L,,target_to_SIFa,male-cns:v1.0,other,L
512245,77396,1,1,L3,L3_L,,,,ol_intrinsic,L,,target_to_SIFa,male-cns:v1.0,other,L
512245,78064,1,1,Tm1,Tm1_L,,,,ol_intrinsic,L,,target_to_SIFa,male-cns:v1.0,other,L
512245,80278,2,2,Cm7,Cm7_R,,,,ol_intrinsic,R,,target_to_SIFa,male-cns:v1.0,other,R
512245,82009,1,1,v2LN3A1_b,v2LN3A1_b_R,,ALLN,,cb_intrinsic,R,,target_to_SIFa,male-cns:v1.0,other,R
512245,82248,1,1,MeLo9,MeLo9_L,,,,ol_intrinsic,L,,target_to_SIFa,male-cns:v1.0,other,L
512245,82519,1,1,L3,L3_L,,,,ol_intrinsic,L,,target_to_SIFa,male-cns:v1.0,other,L
512245,85402,1,1,Tm3,Tm3_L,,,,ol_intrinsic,L,,target_to_SIFa,male-cns:v1.0,other,L
512245,88205,4,3,Tm20,Tm20_L,,,,ol_intrinsic,L,,target_to_SIFa,male-cns:v1.0,other,L
512245,90669,1,1,AN10B045,AN10B045_L,,,,ascending_neuron,L,,target_to_SIFa,male-cns:v1.0,other,L
512245,91387,1,1,Cm17,Cm17_L,,,,ol_intrinsic,L,,target_to_SIFa,male-cns:v1.0,other,L
512245,92454,1,1,L5,L5_L,,,,ol_intrinsic,L,,target_to_SIFa,male-cns:v1.0,other,L
512245,93290,1,1,LB3d,LB3d_L,,gustatory,labellar bristle,cb_sensory,,L,target_to_SIFa,male-cns:v1.0,other,L
512245,94099,1,1,Tm3,Tm3_L,,,,ol_intrinsic,L,,target_to_SIFa,male-cns:v1.0,other,L
512245,97519,1,1,Tm3,Tm3_L,,,,ol_intrinsic,L,,target_to_SIFa,male-cns:v1.0,other,L
512245,100751,1,1,Dm9,Dm9_L,,,,ol_intrinsic,L,,target_to_SIFa,male-cns:v1.0,other,L
512245,101087,1,1,LB3c,LB3c_R,,gustatory,labellar bristle,cb_sensory,,R,target_to_SIFa,male-cns:v1.0,other,R
512245,101414,1,1,R7y,R7y_R,,visual,,ol_sensory,,R,target_to_SIFa,male-cns:v1.0,other,R
512245,101809,1,1,Cm7,Cm7_L,,,,ol_intrinsic,L,,target_to_SIFa,male-cns:v1.0,other,L
512245,101942,3,2,ORN_DP1l,ORN_DP1l_L,ORN_DP1l,olfactory,,cb_sensory,,L,target_to_SIFa,male-cns:v1.0,other,L
512245,101950,1,1,MeLo9,MeLo9_L,,,,ol_intrinsic,L,,target_to_SIFa,male-cns:v1.0,other,L
512245,102746,1,1,L5,L5_R,,,,ol_intrinsic,R,,target_to_SIFa,male-cns:v1.0,other,R
512245,103263,1,1,Cm7,Cm7_R,,,,ol_intrinsic,R,,target_to_SIFa,male-cns:v1.0,other,R
512245,103462,1,1,L5,L5_R,,,,ol_intrinsic,R,,target_to_SIFa,male-cns:v1.0,other,R
512245,104730,1,1,ORN_DL2v,ORN_DL2v_R,ORN_DL2v,olfactory,,cb_sensory,,R,target_to_SIFa,male-cns:v1.0,other,R
512245,106300,1,1,T5d,T5d_L,,,,ol_intrinsic,L,,target_to_SIFa,male-cns:v1.0,other,L
512245,107194,8,8,aSP10A_b,aSP10A_b_L,aSP10A,,,cb_intrinsic,L,,target_to_SIFa,male-cns:v1.0,other,L
512245,107251,1,1,Dm9,Dm9_L,,,,ol_intrinsic,L,,target_to_SIFa,male-cns:v1.0,other,L
512245,109505,1,1,L5,L5_L,,,,ol_intrinsic,L,,target_to_SIFa,male-cns:v1.0,other,L
512245,111734,1,1,Tm3,Tm3_L,,,,ol_intrinsic,L,,target_to_SIFa,male-cns:v1.0,other,L
512245,112370,2,2,Cm7,Cm7_R,,,,ol_intrinsic,R,,target_to_SIFa,male-cns:v1.0,other,R
512245,112674,1,1,L5,L5_L,,,,ol_intrinsic,L,,target_to_SIFa,male-cns:v1.0,other,L
512245,114796,1,1,T4d,T4d_L,,,,ol_intrinsic,L,,target_to_SIFa,male-cns:v1.0,other,L
512245,115144,1,1,Dm8a,Dm8a_R,,,,ol_intrinsic,R,,target_to_SIFa,male-cns:v1.0,other,R
512245,116618,1,1,ORN_DM1,ORN_DM1_R,ORN_DM1,olfactory,,cb_sensory,,R,target_to_SIFa,male-cns:v1.0,other,R
512245,117136,2,1,Cm7,Cm7_R,,,,ol_intrinsic,R,,target_to_SIFa,male-cns:v1.0,other,R
512245,117144,1,1,L5,L5_L,,,,ol_intrinsic,L,,target_to_SIFa,male-cns:v1.0,other,L
512245,117166,5,3,Mi1,Mi1_L,,,,ol_intrinsic,L,,target_to_SIFa,male-cns:v1.0,other,L
512245,117617,1,1,TmY18,TmY18_L,,,,ol_intrinsic,L,,target_to_SIFa,male-cns:v1.0,other,L
512245,119181,1,1,ORN_DM1,ORN_DM1_R,ORN_DM1,olfactory,,cb_sensory,,R,target_to_SIFa,male-cns:v1.0,other,R
512245,120005,1,1,T5d,T5d_L,,,,ol_intrinsic,L,,target_to_SIFa,male-cns:v1.0,other,L
512245,120777,1,1,ORN_DP1l,ORN_DP1l_R,ORN_DP1l,olfactory,,cb_sensory,,R,target_to_SIFa,male-cns:v1.0,other,R
512245,121728,2,1,Tm6,Tm6_L,,,,ol_intrinsic,L,,target_to_SIFa,male-cns:v1.0,other,L
512245,122597,1,1,AN10B045,AN10B045_L,,,BA,ascending_neuron,L,,target_to_SIFa,male-cns:v1.0,other,L
512245,126537,2,1,L5,L5_L,,,,ol_intrinsic,L,,target_to_SIFa,male-cns:v1.0,other,L
512245,126597,1,1,AN10B045,AN10B045_L,,,BA,ascending_neuron,L,,target_to_SIFa,male-cns:v1.0,other,L
512245,126705,1,1,T4b,T4b_L,,,,ol_intrinsic,L,,target_to_SIFa,male-cns:v1.0,other,L
512245,128527,1,1,Mi10,Mi10_L,,,,ol_intrinsic,L,,target_to_SIFa,male-cns:v1.0,other,L
512245,129943,1,1,T2,T2_L,,,,ol_intrinsic,L,,target_to_SIFa,male-cns:v1.0,other,L
512245,130279,2,2,lLN2P_b,lLN2P_b_R,lLN2P_b,ALLN,,cb_intrinsic,R,,target_to_SIFa,male-cns:v1.0,other,R
512245,130402,2,2,Tm20,Tm20_L,,,,ol_intrinsic,L,,target_to_SIFa,male-cns:v1.0,other,L
512245,131133,2,2,Cm7,Cm7_L,,,,ol_intrinsic,L,,target_to_SIFa,male-cns:v1.0,other,L
512245,132583,1,1,PhG1b,PhG1b_L,,gustatory,pharyngeal sensillum,cb_sensory,,L,target_to_SIFa,male-cns:v1.0,other,L
512245,135249,1,1,ORN_DC4,ORN_DC4_R,ORN_DC4,olfactory,,cb_sensory,,R,target_to_SIFa,male-cns:v1.0,other,R
512245,135594,1,1,ORN_DA1,ORN_DA1_R,ORN_DA1,olfactory,,cb_sensory,,R,target_to_SIFa,male-cns:v1.0,other,R
512245,137160,1,1,PS143,PS143_L,PS143,,,cb_intrinsic,L,,target_to_SIFa,male-cns:v1.0,other,L
512245,137402,1,1,Mi15,Mi15_L,,,,ol_intrinsic,L,,target_to_SIFa,male-cns:v1.0,other,L
512245,137636,2,2,Mi15,Mi15_R,,,,ol_intrinsic,R,,target_to_SIFa,male-cns:v1.0,other,R
512245,137770,2,2,PRW075,PRW075_L,,,,cb_intrinsic,L,,target_to_SIFa,male-cns:v1.0,other,L
512245,137847,1,1,ORN_VC1,ORN_VC1_L,ORN_VC1,olfactory,,cb_sensory,,L,target_to_SIFa,male-cns:v1.0,other,L
512245,138101,2,2,ORN_DP1m,ORN_DP1m_R,ORN_DP1m,olfactory,,cb_sensory,,R,target_to_SIFa,male-cns:v1.0,other,R
512245,139474,1,1,Dm2,Dm2_R,,,,ol_intrinsic,R,,target_to_SIFa,male-cns:v1.0,other,R
512245,141372,1,1,ORN_DM1,ORN_DM1_R,ORN_DM1,olfactory,,cb_sensory,,R,target_to_SIFa,male-cns:v1.0,other,R
512245,142555,1,1,Cm7,Cm7_L,,,,ol_intrinsic,L,,target_to_SIFa,male-cns:v1.0,other,L
512245,142772,1,1,Cm1,Cm1_R,,,,ol_intrinsic,R,,target_to_SIFa,male-cns:v1.0,other,R
512245,142962,1,1,ORN_VA2,ORN_VA2_L,ORN_VA2,olfactory,,cb_sensory,,L,target_to_SIFa,male-cns:v1.0,other,L
512245,143200,1,1,Mi1,Mi1_L,,,,ol_intrinsic,L,,target_to_SIFa,male-cns:v1.0,other,L
512245,149905,1,1,T5d,T5d_L,,,,ol_intrinsic,L,,target_to_SIFa,male-cns:v1.0,other,L
512245,150645,1,1,Dm8b,Dm8b_L,,,,ol_intrinsic,L,,target_to_SIFa,male-cns:v1.0,other,L
512245,150917,1,1,Cm2,Cm2_L,,,,ol_intrinsic,L,,target_to_SIFa,male-cns:v1.0,other,L
512245,152904,1,1,Dm8b,Dm8b_R,,,,ol_intrinsic,R,,target_to_SIFa,male-cns:v1.0,other,R
512245,154556,2,2,T4d,T4d_L,,,,ol_intrinsic,L,,target_to_SIFa,male-cns:v1.0,other,L
512245,155844,1,1,L5,L5_L,,,,ol_intrinsic,L,,target_to_SIFa,male-cns:v1.0,other,L
512245,155908,1,1,T4d,T4d_L,,,,ol_intrinsic,L,,target_to_SIFa,male-cns:v1.0,other,L
512245,156217,1,1,T4d,T4d_L,,,,ol_intrinsic,L,,target_to_SIFa,male-cns:v1.0,other,L
512245,156551,1,1,ORN_DA1,ORN_DA1_R,ORN_DA1,olfactory,,cb_sensory,,R,target_to_SIFa,male-cns:v1.0,other,R
512245,156787,1,1,GNG335,GNG335_L,,,,cb_intrinsic,L,,target_to_SIFa,male-cns:v1.0,other,L
512245,158137,1,1,ORN_DM4,ORN_DM4_R,ORN_DM4,olfactory,,cb_sensory,,R,target_to_SIFa,male-cns:v1.0,other,R
512245,160386,1,1,L5,L5_L,,,,ol_intrinsic,L,,target_to_SIFa,male-cns:v1.0,other,L
512245,163150,1,1,Mi4,Mi4_L,,,,ol_intrinsic,L,,target_to_SIFa,male-cns:v1.0,other,L
512245,165679,1,1,L5,L5_L,,,,ol_intrinsic,L,,target_to_SIFa,male-cns:v1.0,other,L
512245,166688,3,1,ORN_DM4,ORN_DM4_R,ORN_DM4,olfactory,,cb_sensory,,R,target_to_SIFa,male-cns:v1.0,other,R
512245,166991,2,2,Tm20,Tm20_L,,,,ol_intrinsic,L,,target_to_SIFa,male-cns:v1.0,other,L
512245,167209,1,1,SMP723m,SMP723m_R,,,,cb_intrinsic,R,,target_to_SIFa,male-cns:v1.0,other,R
512245,167682,1,1,Mi4,Mi4_L,,,,ol_intrinsic,L,,target_to_SIFa,male-cns:v1.0,other,L
512245,173387,1,1,ORN_DM1,ORN_DM1_R,ORN_DM1,olfactory,,cb_sensory,,R,target_to_SIFa,male-cns:v1.0,other,R
512245,175022,1,1,ORN_VM7v,ORN_VM7v_L,ORN_VM7v,olfactory,,cb_sensory,,L,target_to_SIFa,male-cns:v1.0,other,L
512245,176761,1,1,L5,L5_L,,,,ol_intrinsic,L,,target_to_SIFa,male-cns:v1.0,other,L
512245,178532,1,1,ORN_VA2,ORN_VA2_R,ORN_VA2,olfactory,,cb_sensory,,R,target_to_SIFa,male-cns:v1.0,other,R
512245,180771,2,1,ORN_VA2,ORN_VA2_unknown,ORN_VA2,olfactory,,cb_sensory,,unknown,target_to_SIFa,male-cns:v1.0,other,unknown
512245,183267,1,1,ORN_VA6,ORN_VA6_R,ORN_VA6,olfactory,,cb_sensory,,R,target_to_SIFa,male-cns:v1.0,other,R
512245,185571,1,1,Mi2,Mi2_L,,,,ol_intrinsic,L,,target_to_SIFa,male-cns:v1.0,other,L
512245,186894,1,1,ORN_VC4,ORN_VC4_R,ORN_VC4,olfactory,,cb_sensory,,R,target_to_SIFa,male-cns:v1.0,other,R
512245,187385,1,1,Dm2,Dm2_L,,,,ol_intrinsic,L,,target_to_SIFa,male-cns:v1.0,other,L
512245,187958,1,1,ORN_VA1d,ORN_VA1d_R,ORN_VA1d,olfactory,,cb_sensory,,R,target_to_SIFa,male-cns:v1.0,other,R
512245,191144,1,1,ORN_DM1,ORN_DM1_R,ORN_DM1,olfactory,,cb_sensory,,R,target_to_SIFa,male-cns:v1.0,other,R
512245,193295,1,1,ORN_VA6,ORN_VA6_unknown,ORN_VA6,olfactory,,cb_sensory,,unknown,target_to_SIFa,male-cns:v1.0,other,unknown
512245,195264,1,1,AN09A005,AN09A005_L,,,BA,ascending_neuron,L,,target_to_SIFa,male-cns:v1.0,other,L
512245,195309,1,1,AN10B039,AN10B039_L,,,BA,ascending_neuron,L,,target_to_SIFa,male-cns:v1.0,other,L
512245,195896,1,1,ORN_VC4,ORN_VC4_R,ORN_VC4,olfactory,,cb_sensory,,R,target_to_SIFa,male-cns:v1.0,other,R
512245,198393,1,1,,Dm9_fragment_L,,,,,,,target_to_SIFa,male-cns:v1.0,other,L
512245,204564,1,1,ORN_DM4,ORN_DM4_R,ORN_DM4,olfactory,,cb_sensory,,R,target_to_SIFa,male-cns:v1.0,other,R
512245,205471,2,1,Cm1,Cm1_L,,,,ol_intrinsic,L,,target_to_SIFa,male-cns:v1.0,other,L
512245,207784,1,1,ORN_DM2,ORN_DM2_R,ORN_DM2,olfactory,,cb_sensory,,R,target_to_SIFa,male-cns:v1.0,other,R
512245,209417,1,1,ORN_VL2p,ORN_VL2p_R,ORN_VL2p,olfactory,,cb_sensory,,R,target_to_SIFa,male-cns:v1.0,other,R
512245,215878,1,1,ORN_DA1,ORN_DA1_L,ORN_DA1,olfactory,,cb_sensory,,L,target_to_SIFa,male-cns:v1.0,other,L
512245,217529,2,1,ORN_DM2,ORN_DM2_R,ORN_DM2,olfactory,,cb_sensory,,R,target_to_SIFa,male-cns:v1.0,other,R
512245,222541,2,1,Cm2,Cm2_L,,,,ol_intrinsic,L,,target_to_SIFa,male-cns:v1.0,other,L
512245,222913,2,1,ORN_VC4,ORN_VC4_unknown,ORN_VC4,olfactory,,cb_sensory,,unknown,target_to_SIFa,male-cns:v1.0,other,unknown
512245,228766,3,1,ORN_DA1,ORN_DA1_unknown,ORN_DA1,olfactory,,cb_sensory,,unknown,target_to_SIFa,male-cns:v1.0,other,unknown
512245,230155,1,1,ORN_DC4,ORN_DC4_L,ORN_DC4,olfactory,,cb_sensory,,L,target_to_SIFa,male-cns:v1.0,other,L
512245,234846,1,1,ORN_VL2p,ORN_VL2p_unknown,ORN_VL2p,olfactory,,cb_sensory,,unknown,target_to_SIFa,male-cns:v1.0,other,unknown
512245,237740,1,1,ORN_DA1,ORN_DA1_L,ORN_DA1,olfactory,,cb_sensory,,L,target_to_SIFa,male-cns:v1.0,other,L
512245,240470,1,1,ORN_DM1,ORN_DM1_R,ORN_DM1,olfactory,,cb_sensory,,R,target_to_SIFa,male-cns:v1.0,other,R
512245,258551,1,1,ORN_DM1,ORN_DM1_L,ORN_DM1,olfactory,,cb_sensory,,L,target_to_SIFa,male-cns:v1.0,other,L
512245,258779,1,1,R7p,R7p_L,,visual,,ol_sensory,,L,target_to_SIFa,male-cns:v1.0,other,L
512245,261450,1,1,LB3c,LB3c_L,,gustatory,labellar bristle,cb_sensory,,L,target_to_SIFa,male-cns:v1.0,other,L
512245,267437,2,2,lLN2P_c,lLN2P_c_R,lLN2P_c,ALLN,,cb_intrinsic,R,,target_to_SIFa,male-cns:v1.0,other,R
512245,270710,1,1,Mi15,Mi15_L,,,,ol_intrinsic,L,,target_to_SIFa,male-cns:v1.0,other,L
512245,272208,2,1,,,,,,,,,target_to_SIFa,male-cns:v1.0,other,unknown
512245,275404,1,1,ORN_VA1d,ORN_VA1d_unknown,ORN_VA1d,olfactory,,cb_sensory,,unknown,target_to_SIFa,male-cns:v1.0,other,unknown
512245,279476,1,1,ORN_DM1,ORN_DM1_L,ORN_DM1,olfactory,,cb_sensory,,L,target_to_SIFa,male-cns:v1.0,other,L
512245,282834,2,2,ORN_DP1l,ORN_DP1l_R,ORN_DP1l,olfactory,,cb_sensory,,R,target_to_SIFa,male-cns:v1.0,other,R
512245,287529,5,5,AN10B035,AN10B035_R,,,BA,ascending_neuron,R,,target_to_SIFa,male-cns:v1.0,other,R
512245,296449,1,1,ORN_DM1,ORN_DM1_L,ORN_DM1,olfactory,,cb_sensory,,L,target_to_SIFa,male-cns:v1.0,other,L
512245,319525,2,1,ORN_DL5,ORN_DL5_L,ORN_DL5,olfactory,,cb_sensory,,L,target_to_SIFa,male-cns:v1.0,other,L
512245,331721,1,1,AN27X004,AN27X004_R,,,BA,ascending_neuron,R,,target_to_SIFa,male-cns:v1.0,other,R
512245,361729,1,1,ORN_DP1l,ORN_DP1l_L,ORN_DP1l,olfactory,,cb_sensory,,L,target_to_SIFa,male-cns:v1.0,other,L
512245,373875,1,1,ORN_DM4,ORN_DM4_L,ORN_DM4,olfactory,,cb_sensory,,L,target_to_SIFa,male-cns:v1.0,other,L
512245,406300,1,1,,,,,,,,,target_to_SIFa,male-cns:v1.0,other,unknown
512245,420021,2,2,,,,,,,,,target_to_SIFa,male-cns:v1.0,other,unknown
512245,424866,1,1,ORN_DM2,ORN_DM2_L,ORN_DM2,olfactory,,cb_sensory,,L,target_to_SIFa,male-cns:v1.0,other,L
512245,437025,2,1,ORN_DM4,ORN_DM4_L,ORN_DM4,olfactory,,cb_sensory,,L,target_to_SIFa,male-cns:v1.0,other,L
512245,457125,1,1,ORN_DL5,ORN_DL5_L,ORN_DL5,olfactory,,cb_sensory,,L,target_to_SIFa,male-cns:v1.0,other,L
512245,508381,1,1,ORN_DA3,ORN_DA3_unknown,ORN_DA3,olfactory,,cb_sensory,,unknown,target_to_SIFa,male-cns:v1.0,other,unknown
512245,511810,45,42,ANXXX308,ANXXX308_R,,,BA,ascending_neuron,R,,target_to_SIFa,male-cns:v1.0,other,R
512245,511828,2,2,AN09A005,AN09A005_L,,,XA,ascending_neuron,L,,target_to_SIFa,male-cns:v1.0,other,L
512245,512054,16,16,L2,L2_L,,,,ol_intrinsic,L,,target_to_SIFa,male-cns:v1.0,other,L
512245,512514,2,2,EPG,EPG(PB08)_L1,EPG,CX,,cb_intrinsic,L,,target_to_SIFa,male-cns:v1.0,other,unknown
512245,512541,1,1,CB3552,CB3552_L,,,,cb_intrinsic,L,,target_to_SIFa,male-cns:v1.0,other,L
512245,512864,1,1,AVLP230,AVLP230_L,AVLP230,,,cb_intrinsic,L,,target_to_SIFa,male-cns:v1.0,other,L
512245,513225,1,1,aMe4,aMe4_L,aMe4,,,visual_centrifugal,L,,target_to_SIFa,male-cns:v1.0,other,L
512245,513248,1,1,Tm3,Tm3_L,,,,ol_intrinsic,L,,target_to_SIFa,male-cns:v1.0,other,L
512245,513286,2,2,,22507_R,,,,cb_intrinsic,R,,target_to_SIFa,male-cns:v1.0,other,R
512245,513300,1,1,Mi1,Mi1_L,,,,ol_intrinsic,L,,target_to_SIFa,male-cns:v1.0,other,L
512245,513337,1,1,Dm14,Dm14_L,,,,ol_intrinsic,L,,target_to_SIFa,male-cns:v1.0,other,L
512245,513517,2,2,EPG,EPG(PB08)_L4,EPG,CX,,cb_intrinsic,L,,target_to_SIFa,male-cns:v1.0,other,unknown
512245,513616,1,1,T4d,T4d_L,,,,ol_intrinsic,L,,target_to_SIFa,male-cns:v1.0,other,L
512245,513734,1,1,ORN_VM7v,ORN_VM7v_R,ORN_VM7v,olfactory,,cb_sensory,,R,target_to_SIFa,male-cns:v1.0,other,R
512245,514022,1,1,AVLP601,AVLP601_L,,,,cb_intrinsic,L,,target_to_SIFa,male-cns:v1.0,other,L
512245,514115,1,1,T2,T2_L,,,,ol_intrinsic,L,,target_to_SIFa,male-cns:v1.0,other,L
512245,514126,3,3,EPG,EPG(PB08)_R5,EPG,CX,,cb_intrinsic,R,,target_to_SIFa,male-cns:v1.0,other,unknown
512245,514345,3,1,GNG135,GNG135_L,,,,cb_intrinsic,L,,target_to_SIFa,male-cns:v1.0,other,L
512245,514394,1,1,CL335,CL335_R,CL335,,,cb_intrinsic,R,,target_to_SIFa,male-cns:v1.0,other,R
512245,514566,2,1,CB2558,CB2558_R,,,,cb_intrinsic,R,,target_to_SIFa,male-cns:v1.0,other,R
512245,514910,1,1,CB3245,CB3245_L,,,,cb_intrinsic,L,,target_to_SIFa,male-cns:v1.0,other,L
512245,515082,1,1,CB3545,CB3545_L,,,,cb_intrinsic,L,,target_to_SIFa,male-cns:v1.0,other,L
512245,515091,2,2,PLP144,PLP144_L,PLP144,,,cb_intrinsic,L,,target_to_SIFa,male-cns:v1.0,other,L
512245,516280,1,1,Y3,Y3_L,,,,ol_intrinsic,L,,target_to_SIFa,male-cns:v1.0,other,L
512245,516294,3,2,AN10B022,AN10B022(21870)_R,,,BA,ascending_neuron,R,,target_to_SIFa,male-cns:v1.0,other,R
512245,516409,1,1,AVLP294,AVLP294_L,AVLP294,,,cb_intrinsic,L,,target_to_SIFa,male-cns:v1.0,other,L
512245,516469,1,1,TmY3,TmY3_L,,,,ol_intrinsic,L,,target_to_SIFa,male-cns:v1.0,other,L
512245,516661,1,1,TmY9a,TmY9a_L,,,,ol_intrinsic,L,,target_to_SIFa,male-cns:v1.0,other,L
512245,517319,1,1,Cm7,Cm7_L,,,,ol_intrinsic,L,,target_to_SIFa,male-cns:v1.0,other,L
512245,517410,1,1,,,,,,cb_intrinsic,R,,target_to_SIFa,male-cns:v1.0,other,unknown
512245,517631,1,1,,,,,,cb_intrinsic,R,,target_to_SIFa,male-cns:v1.0,other,unknown
512245,517915,1,1,AN09B033,AN09B033_R,,,CA,ascending_neuron,R,,target_to_SIFa,male-cns:v1.0,other,R
512245,518043,1,1,Tm20,Tm20_L,,,,ol_intrinsic,L,,target_to_SIFa,male-cns:v1.0,other,L
512245,518044,2,2,Tm5c,Tm5c_L,,,,ol_intrinsic,L,,target_to_SIFa,male-cns:v1.0,other,L
512245,518612,1,1,TmY3,TmY3_L,,,,ol_intrinsic,L,,target_to_SIFa,male-cns:v1.0,other,L
512245,518879,2,1,AVLP354,AVLP354_R,AVLP354,,,cb_intrinsic,R,,target_to_SIFa,male-cns:v1.0,other,R
512245,519242,4,2,lLN2T_d,lLN2T_d(Tortuous)_R,lLN2T_d,ALLN,,cb_intrinsic,R,,target_to_SIFa,male-cns:v1.0,other,R
512245,519347,1,1,ER4m,ER4m_R,ER4m,CX,,cb_intrinsic,R,,target_to_SIFa,male-cns:v1.0,other,R
512245,519395,3,3,CB3245,CB3245_L,,,,cb_intrinsic,L,,target_to_SIFa,male-cns:v1.0,other,L
512245,519732,1,1,L2,L2_L,,,,ol_intrinsic,L,,target_to_SIFa,male-cns:v1.0,other,L
512245,519792,1,1,CB1533,CB1533_L,,,,cb_intrinsic,L,,target_to_SIFa,male-cns:v1.0,other,L
512245,519970,1,1,VA3_adPN,VA3_adPN_R,VA3_adPN,ALPN,,cb_intrinsic,R,,target_to_SIFa,male-cns:v1.0,other,R
512245,520002,1,1,lLN1_bc,lLN1_bc_R,"lLN1_b,lLN1_c",ALLN,,cb_intrinsic,R,,target_to_SIFa,male-cns:v1.0,other,R
512245,520034,3,1,AVLP082,AVLP082_L,AVLP082,,,cb_intrinsic,L,,target_to_SIFa,male-cns:v1.0,other,L
512245,520188,1,1,AVLP610,AVLP610(hb1416796844)_L,(hb1416796844),,,cb_intrinsic,L,,target_to_SIFa,male-cns:v1.0,other,L
512245,520560,1,1,Dm18,Dm18_L,,,,ol_intrinsic,L,,target_to_SIFa,male-cns:v1.0,other,L
512245,520581,2,2,EPG,EPG(PB08)_R4,EPG,CX,,cb_intrinsic,R,,target_to_SIFa,male-cns:v1.0,other,unknown
512245,520787,3,2,lLN2T_a,lLN2T_a(Tortuous)_L,lLN2T_a,ALLN,,cb_intrinsic,L,,target_to_SIFa,male-cns:v1.0,other,L
512245,521258,1,1,GNG361,GNG361_L,,,,cb_intrinsic,L,,target_to_SIFa,male-cns:v1.0,other,L
512245,521456,3,3,AVLP401,AVLP401_L,AVLP401,,,cb_intrinsic,L,,target_to_SIFa,male-cns:v1.0,other,L
512245,521550,1,1,AN27X024,AN27X024_R,,,BA,ascending_neuron,R,,target_to_SIFa,male-cns:v1.0,other,R
512245,521575,1,1,DL2v_adPN,DL2v_adPN_R,DL2v_adPN,ALPN,,cb_intrinsic,R,,target_to_SIFa,male-cns:v1.0,other,R
512245,522325,1,1,CL264,CL264_R,CL264,,,cb_intrinsic,R,,target_to_SIFa,male-cns:v1.0,other,R
512245,522410,3,2,AVLP532,AVLP532_L,AVLP532,,,cb_intrinsic,L,,target_to_SIFa,male-cns:v1.0,other,L
512245,522702,1,1,GNG182,GNG182_L,,,,cb_intrinsic,L,,target_to_SIFa,male-cns:v1.0,other,L
512245,522922,1,1,Tm3,Tm3_L,,,,ol_intrinsic,L,,target_to_SIFa,male-cns:v1.0,other,L
512245,523560,1,1,CB3879,CB3879_L,,,,cb_intrinsic,L,,target_to_SIFa,male-cns:v1.0,other,L
512245,523655,1,1,Mi1,Mi1_L,,,,ol_intrinsic,L,,target_to_SIFa,male-cns:v1.0,other,L
512245,523675,4,3,AN27X013,AN27X013_L,,,XA,ascending_neuron,L,,target_to_SIFa,male-cns:v1.0,other,L
512245,523921,1,1,PVLP122,PVLP122_R,PVLP122,,,cb_intrinsic,R,,target_to_SIFa,male-cns:v1.0,other,R
512245,524613,1,1,GNG463,GNG463_L,,,,cb_intrinsic,L,,target_to_SIFa,male-cns:v1.0,other,L
512245,524668,1,1,PLP256,PLP256_L,,,,cb_intrinsic,L,,target_to_SIFa,male-cns:v1.0,other,L
512245,525026,1,1,v2LN3A1_b,v2LN3A1_b_R,,ALLN,,cb_intrinsic,R,,target_to_SIFa,male-cns:v1.0,other,R
512245,525170,4,2,ORN_VC1,ORN_VC1_R,ORN_VC1,olfactory,,cb_sensory,,R,target_to_SIFa,male-cns:v1.0,other,R
512245,525441,1,1,ANXXX169,ANXXX169_R,,,BA,ascending_neuron,R,,target_to_SIFa,male-cns:v1.0,other,R
512245,525505,1,1,Cm7,Cm7_L,,,,ol_intrinsic,L,,target_to_SIFa,male-cns:v1.0,other,L
512245,525812,1,1,DNge091,DNge091_R,,,ut,descending_neuron,R,,target_to_SIFa,male-cns:v1.0,other,R
512245,526076,1,1,Cm7,Cm7_L,,,,ol_intrinsic,L,,target_to_SIFa,male-cns:v1.0,other,L
512245,526505,69,60,ANXXX308,ANXXX308_L,,,BA,ascending_neuron,L,,target_to_SIFa,male-cns:v1.0,other,L
512245,526548,2,1,EL,EL_R,EL,CX,,cb_intrinsic,R,,target_to_SIFa,male-cns:v1.0,other,R
512245,527470,3,3,lLN2T_c,lLN2T_c(Tortuous)_L,lLN2T_c,ALLN,,cb_intrinsic,L,,target_to_SIFa,male-cns:v1.0,other,L
512245,527557,1,1,ORN_DL2d,ORN_DL2d_R,ORN_DL2d,olfactory,,cb_sensory,,R,target_to_SIFa,male-cns:v1.0,other,R
512245,527577,2,2,VA6_adPN,VA6_adPN_R,VA6_adPN,ALPN,,cb_intrinsic,R,,target_to_SIFa,male-cns:v1.0,other,R
512245,529229,1,1,PhG15,PhG15_L,,gustatory,pharyngeal sensillum,cb_sensory,,L,target_to_SIFa,male-cns:v1.0,other,L
512245,529811,4,4,AVLP476,AVLP476_L,AVLP476,,,cb_intrinsic,L,,target_to_SIFa,male-cns:v1.0,other,L
512245,530488,1,1,Dm20,Dm20_L,,,,ol_intrinsic,L,,target_to_SIFa,male-cns:v1.0,other,L
512245,530777,3,3,lLN2X04,lLN2X04_R,,ALLN,,cb_intrinsic,R,,target_to_SIFa,male-cns:v1.0,other,R
512245,531231,1,1,Mi1,Mi1_L,,,,ol_intrinsic,L,,target_to_SIFa,male-cns:v1.0,other,L
512245,531237,1,1,LB3c,LB3c_L,,gustatory,labellar bristle,cb_sensory,,L,target_to_SIFa,male-cns:v1.0,other,L
512245,531701,1,1,ORN_DC4,ORN_DC4_L,ORN_DC4,olfactory,,cb_sensory,,L,target_to_SIFa,male-cns:v1.0,other,L
512245,531710,4,1,Mi1,Mi1_L,,,,ol_intrinsic,L,,target_to_SIFa,male-cns:v1.0,other,L
512245,531787,1,1,CL214,CL214_R,CL214,,,cb_intrinsic,R,,target_to_SIFa,male-cns:v1.0,other,R
512245,532356,1,1,MeVPLo2,MeVPLo2_L,,,,visual_projection,L,,target_to_SIFa,male-cns:v1.0,other,L
512245,532655,3,2,lLN2T_a,lLN2T_a(Tortuous)_L,lLN2T_a,ALLN,,cb_intrinsic,L,,target_to_SIFa,male-cns:v1.0,other,L
512245,532695,1,1,Tm4,Tm4_L,,,,ol_intrinsic,L,,target_to_SIFa,male-cns:v1.0,other,L
512245,532698,1,1,L3,L3_L,,,,ol_intrinsic,L,,target_to_SIFa,male-cns:v1.0,other,L
512245,532927,1,1,Dm11,Dm11_L,,,,ol_intrinsic,L,,target_to_SIFa,male-cns:v1.0,other,L
512245,533448,2,2,Mi1,Mi1_L,,,,ol_intrinsic,L,,target_to_SIFa,male-cns:v1.0,other,L
512245,533529,1,1,PS124,PS124_R,PS124,,,cb_intrinsic,R,,target_to_SIFa,male-cns:v1.0,other,R
512245,533725,4,4,Delta7,Delta7(PB15)_L8R1R9_L,Delta7,CX,,cb_intrinsic,L,,target_to_SIFa,male-cns:v1.0,other,L
512245,535101,1,1,MeLo1,MeLo1_L,,,,ol_intrinsic,L,,target_to_SIFa,male-cns:v1.0,other,L
512245,536007,2,2,Cm7,Cm7_L,,,,ol_intrinsic,L,,target_to_SIFa,male-cns:v1.0,other,L
512245,539960,1,1,T5b,T5b_L,,,,ol_intrinsic,L,,target_to_SIFa,male-cns:v1.0,other,L
512245,540392,2,2,MeLo1,MeLo1_L,,,,ol_intrinsic,L,,target_to_SIFa,male-cns:v1.0,other,L
512245,541515,1,1,Cm9,Cm9_L,,,,ol_intrinsic,L,,target_to_SIFa,male-cns:v1.0,other,L
512245,544604,1,1,Tm3,Tm3_L,,,,ol_intrinsic,L,,target_to_SIFa,male-cns:v1.0,other,L
512245,546760,1,1,L5,L5_L,,,,ol_intrinsic,L,,target_to_SIFa,male-cns:v1.0,other,L
512245,547655,1,1,DL2d_adPN,DL2d_adPN_L,DL2d_adPN,ALPN,,cb_intrinsic,L,,target_to_SIFa,male-cns:v1.0,other,L
512245,551294,4,4,lLN2P_c,lLN2P_c_R,lLN2P_c,ALLN,,cb_intrinsic,R,,target_to_SIFa,male-cns:v1.0,other,R
512245,552278,1,1,ORN_DM4,ORN_DM4_L,ORN_DM4,olfactory,,cb_sensory,,L,target_to_SIFa,male-cns:v1.0,other,L
512245,552498,1,1,T4b,T4b_L,,,,ol_intrinsic,L,,target_to_SIFa,male-cns:v1.0,other,L
512245,554568,1,1,Dm10,Dm10_R,,,,ol_intrinsic,R,,target_to_SIFa,male-cns:v1.0,other,R
512245,555921,12,12,L2,L2_L,,,,ol_intrinsic,L,,target_to_SIFa,male-cns:v1.0,other,L
512245,555938,1,1,Tm20,Tm20_L,,,,ol_intrinsic,L,,target_to_SIFa,male-cns:v1.0,other,L
512245,555949,3,2,Tm5c,Tm5c_L,,,,ol_intrinsic,L,,target_to_SIFa,male-cns:v1.0,other,L
512245,556286,1,1,DNp32,DNp32_L,DNp32,,xl,descending_neuron,L,,target_to_SIFa,male-cns:v1.0,other,L
512245,556681,1,1,AMMC015,AMMC015_L,,,,cb_intrinsic,L,,target_to_SIFa,male-cns:v1.0,other,L
512245,563826,1,1,ORN_DM2,ORN_DM2_R,ORN_DM2,olfactory,,cb_sensory,,R,target_to_SIFa,male-cns:v1.0,other,R
512245,564174,1,1,DL2d_adPN,DL2d_adPN_L,DL2d_adPN,ALPN,,cb_intrinsic,L,,target_to_SIFa,male-cns:v1.0,other,L
512245,564474,2,2,,,,,,,,,target_to_SIFa,male-cns:v1.0,other,unknown
512245,564824,1,1,lLN2R_a,lLN2R_a_R,lLN2R_a,ALLN,,cb_intrinsic,R,,target_to_SIFa,male-cns:v1.0,other,R
512245,567127,1,1,Dm1,Dm1_L,,,,ol_intrinsic,L,,target_to_SIFa,male-cns:v1.0,other,L
512245,568155,1,1,Delta7,Delta7(PB15)_L8R1R9_L,Delta7,CX,,cb_intrinsic,L,,target_to_SIFa,male-cns:v1.0,other,L
512245,570199,1,1,PRW013,PRW013_L,,,,cb_intrinsic,L,,target_to_SIFa,male-cns:v1.0,other,L
512245,571446,2,2,ORN_VC1,ORN_VC1_R,ORN_VC1,olfactory,,cb_sensory,,R,target_to_SIFa,male-cns:v1.0,other,R
512245,574357,1,1,AN09A005,AN09A005_L,,,BA,ascending_neuron,L,,target_to_SIFa,male-cns:v1.0,other,L
512245,578432,1,1,AVLP401,AVLP401_L,AVLP401,,,cb_intrinsic,L,,target_to_SIFa,male-cns:v1.0,other,L
512245,580623,2,1,Mi15,Mi15_L,,,,ol_intrinsic,L,,target_to_SIFa,male-cns:v1.0,other,L
512245,800132,1,1,IN13A003,IN13A003_L,,,IR,vnc_intrinsic,L,,target_to_SIFa,male-cns:v1.0,other,L
512245,800166,1,1,INXXX149,INXXX149_R,,,BR,vnc_intrinsic,R,,target_to_SIFa,male-cns:v1.0,other,R
512245,800439,1,1,INXXX137,INXXX137_L,,,BR,vnc_intrinsic,L,,target_to_SIFa,male-cns:v1.0,other,L
512245,800675,1,1,IN21A003,IN21A003_L,,,IR,vnc_intrinsic,L,,target_to_SIFa,male-cns:v1.0,other,L
512245,800809,1,1,IN00A001,IN00A001_M,,,BI,vnc_intrinsic,M,,target_to_SIFa,male-cns:v1.0,other,unknown
512245,801547,1,1,IN21A018,IN21A018_L,,,IR,vnc_intrinsic,L,,target_to_SIFa,male-cns:v1.0,other,L
512245,802049,1,1,IN19B050,IN19B050_R,,,BI,vnc_intrinsic,R,,target_to_SIFa,male-cns:v1.0,other,R
512245,802096,1,1,INXXX149,INXXX149_R,,,BR,vnc_intrinsic,R,,target_to_SIFa,male-cns:v1.0,other,R
512245,802140,1,1,INXXX288,INXXX288_L,,,BR,vnc_intrinsic,L,,target_to_SIFa,male-cns:v1.0,other,L
512245,802145,1,1,INXXX045,INXXX045_L,,,BI,vnc_intrinsic,L,,target_to_SIFa,male-cns:v1.0,other,L
512245,802955,1,1,EA27X006,EA27X006_L,,,,efferent_ascending,L,,target_to_SIFa,male-cns:v1.0,other,L
512245,803488,1,1,IN23B024,IN23B024_L,,,BR,vnc_intrinsic,L,,target_to_SIFa,male-cns:v1.0,other,L
512245,804005,1,1,INXXX260,INXXX260_L,,,BR,vnc_intrinsic,L,,target_to_SIFa,male-cns:v1.0,other,L
512245,804761,3,3,INXXX249,INXXX249_L,,,BR,vnc_intrinsic,L,,target_to_SIFa,male-cns:v1.0,other,L
512245,806257,2,1,INXXX336,INXXX336_L,,,BR,vnc_intrinsic,L,,target_to_SIFa,male-cns:v1.0,other,L
512245,806592,1,1,IN23B063,IN23B063_L,,,BI,vnc_intrinsic,L,,target_to_SIFa,male-cns:v1.0,other,L
512245,807214,1,1,IN20A.22A053,IN20A.22A053_L,,,,vnc_intrinsic,L,,target_to_SIFa,male-cns:v1.0,other,L
512245,807274,1,1,SNppxx,,,mechanosensory_proprioceptive,leg,vnc_sensory,,L,target_to_SIFa,male-cns:v1.0,other,unknown
512245,807560,1,1,EN00B015,EN00B015_M,,,,vnc_efferent,M,,target_to_SIFa,male-cns:v1.0,other,unknown
512245,807611,1,1,IN23B074,IN23B074_L,,,BR,vnc_intrinsic,L,,target_to_SIFa,male-cns:v1.0,other,L
512245,808705,1,1,IN10B041,IN10B041_R,,,BI,vnc_intrinsic,R,,target_to_SIFa,male-cns:v1.0,other,R
512245,808944,1,1,SNxx20,,,unknown_sensory,abdomen,vnc_sensory,,L,target_to_SIFa,male-cns:v1.0,other,unknown
512245,808963,1,1,SNpp23,,,mechanosensory_proprioceptive,haltere,vnc_sensory,,L,target_to_SIFa,male-cns:v1.0,other,unknown
512245,809878,1,1,IN09A043,IN09A043_L,,,BI,vnc_intrinsic,L,,target_to_SIFa,male-cns:v1.0,other,L
512245,810009,2,1,SNpp23,,,mechanosensory_proprioceptive,haltere,vnc_sensory,,L,target_to_SIFa,male-cns:v1.0,other,unknown
512245,810117,1,1,INXXX295,INXXX295_L,,,BI,vnc_intrinsic,L,,target_to_SIFa,male-cns:v1.0,other,L
512245,810131,1,1,IN23B062,IN23B062_R,,,BI,vnc_intrinsic,R,,target_to_SIFa,male-cns:v1.0,other,R
512245,810870,1,1,IN14A086,IN14A086_R,,,CR,vnc_intrinsic,R,,target_to_SIFa,male-cns:v1.0,other,R
512245,811310,2,1,IN10B041,IN10B041_R,,,,vnc_intrinsic,R,,target_to_SIFa,male-cns:v1.0,other,R
512245,811397,1,1,SNxx21,,,unknown_sensory,abdomen,vnc_sensory,,L,target_to_SIFa,male-cns:v1.0,other,unknown
512245,812098,2,2,IN10B059,IN10B059_R,,,,vnc_intrinsic,R,,target_to_SIFa,male-cns:v1.0,other,R
512245,812099,2,1,INXXX448,INXXX448_R,,,,vnc_intrinsic,R,,target_to_SIFa,male-cns:v1.0,other,R
512245,814115,2,1,IN09A005,IN09A005_L,,,BI,vnc_intrinsic,L,,target_to_SIFa,male-cns:v1.0,other,L
512245,814231,1,1,INXXX295,INXXX295_R,,,BR,vnc_intrinsic,R,,target_to_SIFa,male-cns:v1.0,other,R
512245,815403,1,1,INXXX295,INXXX295_L,,,BR,vnc_intrinsic,L,,target_to_SIFa,male-cns:v1.0,other,L
512245,826175,1,1,,,,unknown_sensory,abdomen,vnc_sensory,,L,target_to_SIFa,male-cns:v1.0,other,unknown
512245,826689,1,1,,,,unknown_sensory,leg,vnc_sensory,,L,target_to_SIFa,male-cns:v1.0,other,unknown
512245,903381,2,1,IN19A059,IN19A059_L,,,,vnc_intrinsic,L,,target_to_SIFa,male-cns:v1.0,other,L
512245,904868,1,1,IN05B016,IN05B016_L,,,BI,vnc_intrinsic,L,,target_to_SIFa,male-cns:v1.0,other,L
512245,905918,1,1,IN23B024,IN23B024_L,,,BR,vnc_intrinsic,L,,target_to_SIFa,male-cns:v1.0,other,L
512245,907728,1,1,IN19B038,IN19B038_R,,,BR,vnc_intrinsic,R,,target_to_SIFa,male-cns:v1.0,other,R
512245,907835,1,1,EN00B010,EN00B010_M,,,,vnc_efferent,M,,target_to_SIFa,male-cns:v1.0,other,unknown
512245,909420,1,1,IN10B059,IN10B059_R,,,,vnc_intrinsic,R,,target_to_SIFa,male-cns:v1.0,other,R
512245,909557,1,1,IN09A064,IN09A064_L,,,,vnc_intrinsic,L,,target_to_SIFa,male-cns:v1.0,other,L
512245,909797,1,1,"IN20A.22A070,IN20A.22A080","IN20A.22A070,IN20A.22A080_L",,,,vnc_intrinsic,L,,target_to_SIFa,male-cns:v1.0,other,L
512245,910015,1,1,SNpp40,,,mechanosensory_proprioceptive,chordotonal organ,vnc_sensory,,L,target_to_SIFa,male-cns:v1.0,other,unknown
512245,918582,3,2,lLN2P_a,lLN2P_a_R,lLN2P_a,ALLN,,cb_intrinsic,R,,target_to_SIFa,male-cns:v1.0,other,R
512245,920090,1,1,ORN_DA1,ORN_DA1_unknown,ORN_DA1,olfactory,,cb_sensory,,unknown,target_to_SIFa,male-cns:v1.0,other,unknown
512245,939895,1,1,L5,L5_L,,,,ol_intrinsic,L,,target_to_SIFa,male-cns:v1.0,other,L
512245,955281,1,1,ORN_DA1,ORN_DA1_unknown,ORN_DA1,olfactory,,cb_sensory,,unknown,target_to_SIFa,male-cns:v1.0,other,unknown
512245,957167,1,1,ORN_VL2p,ORN_VL2p_unknown,ORN_VL2p,olfactory,,cb_sensory,,unknown,target_to_SIFa,male-cns:v1.0,other,unknown
512245,115236900,1,1,,,,,,,,,target_to_SIFa,male-cns:v1.0,other,unknown
512245,158893964,1,1,LB3c,LB3c_L,,gustatory,labellar bristle,cb_sensory,,L,target_to_SIFa,male-cns:v1.0,other,L
512245,206905642,1,1,,,,,,,,,target_to_SIFa,male-cns:v1.0,other,unknown
512245,315605779,2,2,Tm5c,Tm5c_L,,,,ol_intrinsic,L,,target_to_SIFa,male-cns:v1.0,other,L
512245,336352672,2,1,,,,,,,,,target_to_SIFa,male-cns:v1.0,other,unknown
512245,347730401,1,1,,,,,,,,,target_to_SIFa,male-cns:v1.0,other,unknown
512245,350401853,1,1,ORN_VC3,ORN_VC3_L,ORN_VC3l,olfactory,,cb_sensory,,L,target_to_SIFa,male-cns:v1.0,other,L
512245,397041555,1,1,AN19B051,AN19B051_R,,,BA,ascending_neuron,R,,target_to_SIFa,male-cns:v1.0,other,R
512245,587865169,1,1,ORN_VC4,ORN_VC4_L,ORN_VC4,olfactory,,cb_sensory,,L,target_to_SIFa,male-cns:v1.0,other,L
512245,675082042,2,1,HRN_VP4,HRN_VP4_L,HRN_VP4,hygrosensory,,cb_sensory,,L,target_to_SIFa,male-cns:v1.0,other,L
512245,680173759,1,1,,,,,,,,,target_to_SIFa,male-cns:v1.0,other,unknown
512245,773033873,1,1,,,,,,,,,target_to_SIFa,male-cns:v1.0,other,unknown
512245,804098197,1,1,,,,,,,,,target_to_SIFa,male-cns:v1.0,other,unknown
512245,806836876,2,1,AN10B062,AN10B062_R,,,,ascending_neuron,R,,target_to_SIFa,male-cns:v1.0,other,R
512245,846271510,2,2,JO-A2,JO-A2_L,,mechanosensory,auditory,cb_sensory,,L,target_to_SIFa,male-cns:v1.0,other,L
